sale_id,date,organization_id,product_id,location_id,quantity_sold,unit,unit_price,promotion_flag
40adf0b0-286e-4a73-b1c6-d1ee0fc5c547,2025-09-08,4303b39e-474b-4805-8d74-0ef96edd0b2f,f2c23359-e6fb-4d50-ba94-d24146bd6e00,f6c42a41-eae5-4023-8f36-18ff8fc5c68f,6.0,kg,103.0,False
bafb5da4-3205-4e38-b1f5-5d5816d16b90,2025-09-09,4303b39e-474b-4805-8d74-0ef96edd0b2f,f2c23359-e6fb-4d50-ba94-d24146bd6e00,f6c42a41-eae5-4023-8f36-18ff8fc5c68f,5.0,kg,121.46,False
656acf95-097c-46e4-9c5e-11472e805883,2025-09-10,4303b39e-474b-4805-8d74-0ef96edd0b2f,f2c23359-e6fb-4d50-ba94-d24146bd6e00,f6c42a41-eae5-4023-8f36-18ff8fc5c68f,6.0,kg,127.69,False
62b66d0f-1b56-4077-949c-3263ba12d92b,2025-09-11,4303b39e-474b-4805-8d74-0ef96edd0b2f,f2c23359-e6fb-4d50-ba94-d24146bd6e00,f6c42a41-eae5-4023-8f36-18ff8fc5c68f,7.0,kg,108.88,False
43b4270f-a983-4cbe-9e3e-b921e77d9330,2025-09-12,4303b39e-474b-4805-8d74-0ef96edd0b2f,f2c23359-e6fb-4d50-ba94-d24146bd6e00,f6c42a41-eae5-4023-8f36-18ff8fc5c68f,6.0,kg,112.21,True
03979e8d-b492-4ac0-9a6b-2e8e6c9e3673,2025-09-13,4303b39e-474b-4805-8d74-0ef96edd0b2f,f2c23359-e6fb-4d50-ba94-d24146bd6e00,f6c42a41-eae5-4023-8f36-18ff8fc5c68f,8.0,kg,99.95,True
0408ac76-fd43-49d5-b4b3-73d5181e2e46,2025-09-14,4303b39e-474b-4805-8d74-0ef96edd0b2f,f2c23359-e6fb-4d50-ba94-d24146bd6e00,f6c42a41-eae5-4023-8f36-18ff8fc5c68f,9.0,kg,113.8,False
872db19d-fd81-472c-be48-331e7fcc4ad6,2025-09-15,4303b39e-474b-4805-8d74-0ef96edd0b2f,f2c23359-e6fb-4d50-ba94-d24146bd6e00,f6c42a41-eae5-4023-8f36-18ff8fc5c68f,6.0,kg,115.57,False
743f5e40-135c-4cd4-ae5c-b67e6c6af342,2025-09-16,4303b39e-474b-4805-8d74-0ef96edd0b2f,f2c23359-e6fb-4d50-ba94-d24146bd6e00,f6c42a41-eae5-4023-8f36-18ff8fc5c68f,5.0,kg,124.23,False
3802319c-397b-4452-98e1-fdb6ef0d6e91,2025-09-17,4303b39e-474b-4805-8d74-0ef96edd0b2f,f2c23359-e6fb-4d50-ba94-d24146bd6e00,f6c42a41-eae5-4023-8f36-18ff8fc5c68f,6.0,kg,105.61,False
bf6210db-05f2-4c27-9367-ff37b64c00ec,2025-09-18,4303b39e-474b-4805-8d74-0ef96edd0b2f,f2c23359-e6fb-4d50-ba94-d24146bd6e00,f6c42a41-eae5-4023-8f36-18ff8fc5c68f,5.0,kg,130.29,False
5113f966-0b48-4f0c-a007-e681242b66f4,2025-09-19,4303b39e-474b-4805-8d74-0ef96edd0b2f,f2c23359-e6fb-4d50-ba94-d24146bd6e00,f6c42a41-eae5-4023-8f36-18ff8fc5c68f,5.0,kg,95.71,False
dd862a12-85bd-4294-8dc6-9a53aa79886b,2025-09-20,4303b39e-474b-4805-8d74-0ef96edd0b2f,f2c23359-e6fb-4d50-ba94-d24146bd6e00,f6c42a41-eae5-4023-8f36-18ff8fc5c68f,7.0,kg,116.15,False
28017c84-5b07-45db-9b67-768a53fa8f41,2025-09-21,4303b39e-474b-4805-8d74-0ef96edd0b2f,f2c23359-e6fb-4d50-ba94-d24146bd6e00,f6c42a41-eae5-4023-8f36-18ff8fc5c68f,5.0,kg,121.19,False
7854a2e1-758a-4594-9d07-86a666441b91,2025-09-22,4303b39e-474b-4805-8d74-0ef96edd0b2f,f2c23359-e6fb-4d50-ba94-d24146bd6e00,f6c42a41-eae5-4023-8f36-18ff8fc5c68f,4.0,kg,130.92,False
2f39e31a-438b-4e6e-bf78-dd60e3a5308d,2025-09-23,4303b39e-474b-4805-8d74-0ef96edd0b2f,f2c23359-e6fb-4d50-ba94-d24146bd6e00,f6c42a41-eae5-4023-8f36-18ff8fc5c68f,5.0,kg,114.08,False
dbdce63e-ac0b-473c-8955-f4540695145c,2025-09-24,4303b39e-474b-4805-8d74-0ef96edd0b2f,f2c23359-e6fb-4d50-ba94-d24146bd6e00,f6c42a41-eae5-4023-8f36-18ff8fc5c68f,5.0,kg,116.74,False
d952f94f-e366-40a9-96ec-45bafb97003e,2025-09-25,4303b39e-474b-4805-8d74-0ef96edd0b2f,f2c23359-e6fb-4d50-ba94-d24146bd6e00,f6c42a41-eae5-4023-8f36-18ff8fc5c68f,6.0,kg,115.09,False
21fe8f42-772e-4147-bf7d-c32f7143a21f,2025-09-26,4303b39e-474b-4805-8d74-0ef96edd0b2f,f2c23359-e6fb-4d50-ba94-d24146bd6e00,f6c42a41-eae5-4023-8f36-18ff8fc5c68f,5.0,kg,93.83,False
491379a7-1ab8-4fba-9868-9108eec3a05b,2025-09-27,4303b39e-474b-4805-8d74-0ef96edd0b2f,f2c23359-e6fb-4d50-ba94-d24146bd6e00,f6c42a41-eae5-4023-8f36-18ff8fc5c68f,5.0,kg,103.58,False
7a6a47ae-bb0a-4c0b-a47a-6a6a534f8a19,2025-09-28,4303b39e-474b-4805-8d74-0ef96edd0b2f,f2c23359-e6fb-4d50-ba94-d24146bd6e00,f6c42a41-eae5-4023-8f36-18ff8fc5c68f,10.0,kg,96.04,True
3c31e332-f2ad-4fff-8151-aa9af61671a3,2025-09-29,4303b39e-474b-4805-8d74-0ef96edd0b2f,f2c23359-e6fb-4d50-ba94-d24146bd6e00,f6c42a41-eae5-4023-8f36-18ff8fc5c68f,5.0,kg,117.43,False
2d838c77-3d51-43a7-8c52-9309073feb7c,2025-09-30,4303b39e-474b-4805-8d74-0ef96edd0b2f,f2c23359-e6fb-4d50-ba94-d24146bd6e00,f6c42a41-eae5-4023-8f36-18ff8fc5c68f,6.0,kg,106.81,False
3e2cbe47-85ed-4497-a42a-889854723715,2025-10-01,4303b39e-474b-4805-8d74-0ef96edd0b2f,f2c23359-e6fb-4d50-ba94-d24146bd6e00,f6c42a41-eae5-4023-8f36-18ff8fc5c68f,4.0,kg,102.68,False
20c7acad-e491-4dc7-a8b7-809285da0912,2025-10-02,4303b39e-474b-4805-8d74-0ef96edd0b2f,f2c23359-e6fb-4d50-ba94-d24146bd6e00,f6c42a41-eae5-4023-8f36-18ff8fc5c68f,5.0,kg,117.92,False
fd054247-9f33-4e4d-9236-c7cd5937a18c,2025-10-03,4303b39e-474b-4805-8d74-0ef96edd0b2f,f2c23359-e6fb-4d50-ba94-d24146bd6e00,f6c42a41-eae5-4023-8f36-18ff8fc5c68f,6.0,kg,121.17,False
5b65cc5e-b3ac-44a0-8ec7-35121568e0fb,2025-10-04,4303b39e-474b-4805-8d74-0ef96edd0b2f,f2c23359-e6fb-4d50-ba94-d24146bd6e00,f6c42a41-eae5-4023-8f36-18ff8fc5c68f,6.0,kg,107.18,False
ce8e1fc8-707d-480d-962e-2472aab48799,2025-10-05,4303b39e-474b-4805-8d74-0ef96edd0b2f,f2c23359-e6fb-4d50-ba94-d24146bd6e00,f6c42a41-eae5-4023-8f36-18ff8fc5c68f,7.0,kg,117.6,False
70ae3043-541f-4118-af81-55324434890f,2025-10-06,4303b39e-474b-4805-8d74-0ef96edd0b2f,f2c23359-e6fb-4d50-ba94-d24146bd6e00,f6c42a41-eae5-4023-8f36-18ff8fc5c68f,5.0,kg,119.38,False
219f46a7-5df3-4061-8009-5c4227ac169c,2025-10-07,4303b39e-474b-4805-8d74-0ef96edd0b2f,f2c23359-e6fb-4d50-ba94-d24146bd6e00,f6c42a41-eae5-4023-8f36-18ff8fc5c68f,5.0,kg,123.04,False
06580546-6684-4b4f-a9ff-ea66ce05877e,2025-10-08,4303b39e-474b-4805-8d74-0ef96edd0b2f,f2c23359-e6fb-4d50-ba94-d24146bd6e00,f6c42a41-eae5-4023-8f36-18ff8fc5c68f,5.0,kg,104.62,False
c47b2610-45c0-46e6-80c7-1481c7616d67,2025-10-09,4303b39e-474b-4805-8d74-0ef96edd0b2f,f2c23359-e6fb-4d50-ba94-d24146bd6e00,f6c42a41-eae5-4023-8f36-18ff8fc5c68f,7.0,kg,100.44,False
7cdbc61e-891b-46e6-87ab-88668d424406,2025-10-10,4303b39e-474b-4805-8d74-0ef96edd0b2f,f2c23359-e6fb-4d50-ba94-d24146bd6e00,f6c42a41-eae5-4023-8f36-18ff8fc5c68f,5.0,kg,127.05,False
37e92322-c7be-405b-956f-06cc6cfd7df8,2025-10-11,4303b39e-474b-4805-8d74-0ef96edd0b2f,f2c23359-e6fb-4d50-ba94-d24146bd6e00,f6c42a41-eae5-4023-8f36-18ff8fc5c68f,6.0,kg,118.22,False
c057a39e-01ab-49f9-b2cb-50cb3c217cda,2025-10-12,4303b39e-474b-4805-8d74-0ef96edd0b2f,f2c23359-e6fb-4d50-ba94-d24146bd6e00,f6c42a41-eae5-4023-8f36-18ff8fc5c68f,8.0,kg,110.35,False
0b3abbf5-ba3b-4736-a6a5-da3d6fc6326a,2025-10-13,4303b39e-474b-4805-8d74-0ef96edd0b2f,f2c23359-e6fb-4d50-ba94-d24146bd6e00,f6c42a41-eae5-4023-8f36-18ff8fc5c68f,4.0,kg,101.87,False
0a0d2ba7-242a-4820-9cb6-9ea000a9652e,2025-10-14,4303b39e-474b-4805-8d74-0ef96edd0b2f,f2c23359-e6fb-4d50-ba94-d24146bd6e00,f6c42a41-eae5-4023-8f36-18ff8fc5c68f,6.0,kg,102.51,False
5d45881a-b2c1-4ee5-a461-10f848dea3ff,2025-10-15,4303b39e-474b-4805-8d74-0ef96edd0b2f,f2c23359-e6fb-4d50-ba94-d24146bd6e00,f6c42a41-eae5-4023-8f36-18ff8fc5c68f,4.0,kg,127.91,False
b8f2b280-f553-442c-80c9-70f0f67728ce,2025-10-16,4303b39e-474b-4805-8d74-0ef96edd0b2f,f2c23359-e6fb-4d50-ba94-d24146bd6e00,f6c42a41-eae5-4023-8f36-18ff8fc5c68f,4.0,kg,100.77,False
02b02129-669b-4d6e-bb9b-80a760617031,2025-10-17,4303b39e-474b-4805-8d74-0ef96edd0b2f,f2c23359-e6fb-4d50-ba94-d24146bd6e00,f6c42a41-eae5-4023-8f36-18ff8fc5c68f,6.0,kg,112.38,False
a9e3d498-8dde-4faf-a1fc-f4e84f02700b,2025-10-18,4303b39e-474b-4805-8d74-0ef96edd0b2f,f2c23359-e6fb-4d50-ba94-d24146bd6e00,f6c42a41-eae5-4023-8f36-18ff8fc5c68f,8.0,kg,93.88,False
585e04c0-9cf8-40a7-bbcc-61f78975d03d,2025-10-19,4303b39e-474b-4805-8d74-0ef96edd0b2f,f2c23359-e6fb-4d50-ba94-d24146bd6e00,f6c42a41-eae5-4023-8f36-18ff8fc5c68f,7.0,kg,117.1,False
801fe499-7db9-4c98-a291-7a8947334ef8,2025-10-20,4303b39e-474b-4805-8d74-0ef96edd0b2f,f2c23359-e6fb-4d50-ba94-d24146bd6e00,f6c42a41-eae5-4023-8f36-18ff8fc5c68f,5.0,kg,94.54,False
9894e965-8577-4fc3-9014-7947f306f965,2025-10-21,4303b39e-474b-4805-8d74-0ef96edd0b2f,f2c23359-e6fb-4d50-ba94-d24146bd6e00,f6c42a41-eae5-4023-8f36-18ff8fc5c68f,5.0,kg,131.84,False
09504d10-93b1-4d59-900d-48e6370441c4,2025-10-22,4303b39e-474b-4805-8d74-0ef96edd0b2f,f2c23359-e6fb-4d50-ba94-d24146bd6e00,f6c42a41-eae5-4023-8f36-18ff8fc5c68f,4.0,kg,130.84,False
9fd750d8-5f3e-43e7-91ec-6f9a72a12058,2025-10-23,4303b39e-474b-4805-8d74-0ef96edd0b2f,f2c23359-e6fb-4d50-ba94-d24146bd6e00,f6c42a41-eae5-4023-8f36-18ff8fc5c68f,5.0,kg,92.46,False
6881edba-3596-4b2a-aecc-7c23c4dbfd4b,2025-10-24,4303b39e-474b-4805-8d74-0ef96edd0b2f,f2c23359-e6fb-4d50-ba94-d24146bd6e00,f6c42a41-eae5-4023-8f36-18ff8fc5c68f,5.0,kg,119.27,False
62868672-f530-4774-b015-05a5ec00a17b,2025-10-25,4303b39e-474b-4805-8d74-0ef96edd0b2f,f2c23359-e6fb-4d50-ba94-d24146bd6e00,f6c42a41-eae5-4023-8f36-18ff8fc5c68f,8.0,kg,102.67,False
a6949283-021b-4a2f-b3c0-5ab3fc0c7e90,2025-10-26,4303b39e-474b-4805-8d74-0ef96edd0b2f,f2c23359-e6fb-4d50-ba94-d24146bd6e00,f6c42a41-eae5-4023-8f36-18ff8fc5c68f,7.0,kg,109.39,False
7b8f07fe-32fe-4a82-a0fe-7cfe1af6e55a,2025-10-27,4303b39e-474b-4805-8d74-0ef96edd0b2f,f2c23359-e6fb-4d50-ba94-d24146bd6e00,f6c42a41-eae5-4023-8f36-18ff8fc5c68f,4.0,kg,130.15,False
ccf93d2d-def7-47f6-a7b3-0a9e82c8fb11,2025-10-28,4303b39e-474b-4805-8d74-0ef96edd0b2f,f2c23359-e6fb-4d50-ba94-d24146bd6e00,f6c42a41-eae5-4023-8f36-18ff8fc5c68f,6.0,kg,102.54,False
16255f9c-6418-4457-922b-91db0fc8a7b4,2025-10-29,4303b39e-474b-4805-8d74-0ef96edd0b2f,f2c23359-e6fb-4d50-ba94-d24146bd6e00,f6c42a41-eae5-4023-8f36-18ff8fc5c68f,5.0,kg,99.15,False
57515283-5e6e-4fdc-a8eb-757ff412f0da,2025-10-30,4303b39e-474b-4805-8d74-0ef96edd0b2f,f2c23359-e6fb-4d50-ba94-d24146bd6e00,f6c42a41-eae5-4023-8f36-18ff8fc5c68f,5.0,kg,126.82,False
3482e856-a046-4ada-b587-f27463ccdec3,2025-10-31,4303b39e-474b-4805-8d74-0ef96edd0b2f,f2c23359-e6fb-4d50-ba94-d24146bd6e00,f6c42a41-eae5-4023-8f36-18ff8fc5c68f,6.0,kg,116.36,False
8a484623-bf48-4330-896f-8859e868c1ac,2025-11-01,4303b39e-474b-4805-8d74-0ef96edd0b2f,f2c23359-e6fb-4d50-ba94-d24146bd6e00,f6c42a41-eae5-4023-8f36-18ff8fc5c68f,8.0,kg,122.5,False
1af9b79b-a4ce-4a3c-9310-3d95d6bddbe2,2025-11-02,4303b39e-474b-4805-8d74-0ef96edd0b2f,f2c23359-e6fb-4d50-ba94-d24146bd6e00,f6c42a41-eae5-4023-8f36-18ff8fc5c68f,8.0,kg,123.15,False
e7bbf32f-730f-4007-bf38-2f12738e826e,2025-11-03,4303b39e-474b-4805-8d74-0ef96edd0b2f,f2c23359-e6fb-4d50-ba94-d24146bd6e00,f6c42a41-eae5-4023-8f36-18ff8fc5c68f,5.0,kg,92.02,False
0fa4fb00-e419-46ee-93d4-5bc9b2872a20,2025-11-04,4303b39e-474b-4805-8d74-0ef96edd0b2f,f2c23359-e6fb-4d50-ba94-d24146bd6e00,f6c42a41-eae5-4023-8f36-18ff8fc5c68f,5.0,kg,92.78,False
2071afe7-2b25-4bb4-8f3e-83e83afca745,2025-11-05,4303b39e-474b-4805-8d74-0ef96edd0b2f,f2c23359-e6fb-4d50-ba94-d24146bd6e00,f6c42a41-eae5-4023-8f36-18ff8fc5c68f,6.0,kg,127.15,False
68b679c7-df91-406b-bf72-505b666abf1c,2025-11-06,4303b39e-474b-4805-8d74-0ef96edd0b2f,f2c23359-e6fb-4d50-ba94-d24146bd6e00,f6c42a41-eae5-4023-8f36-18ff8fc5c68f,7.0,kg,94.32,False
ec9ff745-79dc-4d04-b0a2-0acd738d2a49,2025-11-07,4303b39e-474b-4805-8d74-0ef96edd0b2f,f2c23359-e6fb-4d50-ba94-d24146bd6e00,f6c42a41-eae5-4023-8f36-18ff8fc5c68f,5.0,kg,129.88,False
5f57c177-6649-40e1-9470-d6f29d3028d0,2025-11-08,4303b39e-474b-4805-8d74-0ef96edd0b2f,f2c23359-e6fb-4d50-ba94-d24146bd6e00,f6c42a41-eae5-4023-8f36-18ff8fc5c68f,7.0,kg,111.44,False
7d9b3580-9580-4e58-91c8-15c21bf2a826,2025-11-09,4303b39e-474b-4805-8d74-0ef96edd0b2f,f2c23359-e6fb-4d50-ba94-d24146bd6e00,f6c42a41-eae5-4023-8f36-18ff8fc5c68f,7.0,kg,122.42,True
065bf464-ac18-4fda-8de3-269ff38a002f,2025-11-10,4303b39e-474b-4805-8d74-0ef96edd0b2f,f2c23359-e6fb-4d50-ba94-d24146bd6e00,f6c42a41-eae5-4023-8f36-18ff8fc5c68f,5.0,kg,97.14,False
2c57a703-6630-417c-a2ee-4256d45192ec,2025-11-11,4303b39e-474b-4805-8d74-0ef96edd0b2f,f2c23359-e6fb-4d50-ba94-d24146bd6e00,f6c42a41-eae5-4023-8f36-18ff8fc5c68f,6.0,kg,102.6,False
668c2ce2-984e-426f-acd2-f89f9d99a360,2025-11-12,4303b39e-474b-4805-8d74-0ef96edd0b2f,f2c23359-e6fb-4d50-ba94-d24146bd6e00,f6c42a41-eae5-4023-8f36-18ff8fc5c68f,7.0,kg,108.93,False
c2d2a10a-b13b-4e7a-97ad-d41efd732a55,2025-11-13,4303b39e-474b-4805-8d74-0ef96edd0b2f,f2c23359-e6fb-4d50-ba94-d24146bd6e00,f6c42a41-eae5-4023-8f36-18ff8fc5c68f,6.0,kg,113.57,False
d1c383d2-39e0-480e-b3a7-9eedd3597bbd,2025-11-14,4303b39e-474b-4805-8d74-0ef96edd0b2f,f2c23359-e6fb-4d50-ba94-d24146bd6e00,f6c42a41-eae5-4023-8f36-18ff8fc5c68f,7.0,kg,100.05,False
f73697b7-d901-4d55-aeea-531972127159,2025-11-15,4303b39e-474b-4805-8d74-0ef96edd0b2f,f2c23359-e6fb-4d50-ba94-d24146bd6e00,f6c42a41-eae5-4023-8f36-18ff8fc5c68f,8.0,kg,131.81,False
7b10f173-f8a5-4264-aaaa-ea41e4b03b03,2025-11-16,4303b39e-474b-4805-8d74-0ef96edd0b2f,f2c23359-e6fb-4d50-ba94-d24146bd6e00,f6c42a41-eae5-4023-8f36-18ff8fc5c68f,6.0,kg,109.52,False
00f96661-0629-4396-9c5d-771124797d2e,2025-11-17,4303b39e-474b-4805-8d74-0ef96edd0b2f,f2c23359-e6fb-4d50-ba94-d24146bd6e00,f6c42a41-eae5-4023-8f36-18ff8fc5c68f,6.0,kg,100.99,False
11e512ce-192f-4e9e-a9f8-d4b433a25960,2025-11-18,4303b39e-474b-4805-8d74-0ef96edd0b2f,f2c23359-e6fb-4d50-ba94-d24146bd6e00,f6c42a41-eae5-4023-8f36-18ff8fc5c68f,7.0,kg,115.53,False
d5d8934d-6337-4099-8e20-7ec3a8bf7e63,2025-11-19,4303b39e-474b-4805-8d74-0ef96edd0b2f,f2c23359-e6fb-4d50-ba94-d24146bd6e00,f6c42a41-eae5-4023-8f36-18ff8fc5c68f,6.0,kg,100.81,False
dd0b70d4-812e-4b56-8acb-47707cabc6af,2025-11-20,4303b39e-474b-4805-8d74-0ef96edd0b2f,f2c23359-e6fb-4d50-ba94-d24146bd6e00,f6c42a41-eae5-4023-8f36-18ff8fc5c68f,9.0,kg,117.24,True
43bb8d47-b72d-4490-9cd9-bf241a91202e,2025-11-21,4303b39e-474b-4805-8d74-0ef96edd0b2f,f2c23359-e6fb-4d50-ba94-d24146bd6e00,f6c42a41-eae5-4023-8f36-18ff8fc5c68f,3.0,kg,126.39,False
e0cd5714-6212-4854-a936-ab685ec3368c,2025-11-22,4303b39e-474b-4805-8d74-0ef96edd0b2f,f2c23359-e6fb-4d50-ba94-d24146bd6e00,f6c42a41-eae5-4023-8f36-18ff8fc5c68f,10.0,kg,101.52,True
2865540c-ac4b-4335-959c-16920883e6ae,2025-11-23,4303b39e-474b-4805-8d74-0ef96edd0b2f,f2c23359-e6fb-4d50-ba94-d24146bd6e00,f6c42a41-eae5-4023-8f36-18ff8fc5c68f,7.0,kg,100.57,False
8035b17f-e2e7-4976-94ae-671192f17357,2025-11-24,4303b39e-474b-4805-8d74-0ef96edd0b2f,f2c23359-e6fb-4d50-ba94-d24146bd6e00,f6c42a41-eae5-4023-8f36-18ff8fc5c68f,6.0,kg,129.42,False
843049aa-330b-4949-962e-150ceef4270f,2025-11-25,4303b39e-474b-4805-8d74-0ef96edd0b2f,f2c23359-e6fb-4d50-ba94-d24146bd6e00,f6c42a41-eae5-4023-8f36-18ff8fc5c68f,6.0,kg,110.91,False
7bf50a50-93a8-4fb5-98be-8e095e181733,2025-11-26,4303b39e-474b-4805-8d74-0ef96edd0b2f,f2c23359-e6fb-4d50-ba94-d24146bd6e00,f6c42a41-eae5-4023-8f36-18ff8fc5c68f,4.0,kg,124.3,False
c49291e1-1a1c-46a0-a9ec-3d260d424671,2025-11-27,4303b39e-474b-4805-8d74-0ef96edd0b2f,f2c23359-e6fb-4d50-ba94-d24146bd6e00,f6c42a41-eae5-4023-8f36-18ff8fc5c68f,6.0,kg,95.88,False
804dd5d7-92c9-4e2e-a28f-3e124395d3a7,2025-11-28,4303b39e-474b-4805-8d74-0ef96edd0b2f,f2c23359-e6fb-4d50-ba94-d24146bd6e00,f6c42a41-eae5-4023-8f36-18ff8fc5c68f,6.0,kg,110.68,False
01e30b5c-deb1-48a1-815e-9f2a8b00b876,2025-11-29,4303b39e-474b-4805-8d74-0ef96edd0b2f,f2c23359-e6fb-4d50-ba94-d24146bd6e00,f6c42a41-eae5-4023-8f36-18ff8fc5c68f,9.0,kg,118.93,False
5f56c0ac-b5b0-423a-9e8b-eaaa0ea2f8e6,2025-11-30,4303b39e-474b-4805-8d74-0ef96edd0b2f,f2c23359-e6fb-4d50-ba94-d24146bd6e00,f6c42a41-eae5-4023-8f36-18ff8fc5c68f,7.0,kg,95.94,False
09dc682b-4db1-4413-9c6e-b0282fc3a464,2025-12-01,4303b39e-474b-4805-8d74-0ef96edd0b2f,f2c23359-e6fb-4d50-ba94-d24146bd6e00,f6c42a41-eae5-4023-8f36-18ff8fc5c68f,5.0,kg,105.57,False
e93e71e7-557b-4062-bf4b-e7beb92907bd,2025-12-02,4303b39e-474b-4805-8d74-0ef96edd0b2f,f2c23359-e6fb-4d50-ba94-d24146bd6e00,f6c42a41-eae5-4023-8f36-18ff8fc5c68f,5.0,kg,101.95,False
483a09b9-8bf5-4e85-ace3-cd598cf8e8c2,2025-12-03,4303b39e-474b-4805-8d74-0ef96edd0b2f,f2c23359-e6fb-4d50-ba94-d24146bd6e00,f6c42a41-eae5-4023-8f36-18ff8fc5c68f,7.0,kg,108.88,False
59e6a3f1-533b-497e-ac19-d5b09e4fff67,2025-12-04,4303b39e-474b-4805-8d74-0ef96edd0b2f,f2c23359-e6fb-4d50-ba94-d24146bd6e00,f6c42a41-eae5-4023-8f36-18ff8fc5c68f,6.0,kg,101.99,False
5bc3f568-2c3c-4cff-9646-face004c4303,2025-12-05,4303b39e-474b-4805-8d74-0ef96edd0b2f,f2c23359-e6fb-4d50-ba94-d24146bd6e00,f6c42a41-eae5-4023-8f36-18ff8fc5c68f,5.0,kg,109.73,False
62602ab5-50c1-4583-97c2-c0fe2caac1c1,2025-12-06,4303b39e-474b-4805-8d74-0ef96edd0b2f,f2c23359-e6fb-4d50-ba94-d24146bd6e00,f6c42a41-eae5-4023-8f36-18ff8fc5c68f,8.0,kg,114.01,False
d85b3d44-060e-43ec-b54c-863401124012,2025-12-07,4303b39e-474b-4805-8d74-0ef96edd0b2f,f2c23359-e6fb-4d50-ba94-d24146bd6e00,f6c42a41-eae5-4023-8f36-18ff8fc5c68f,9.0,kg,131.97,True
59c190ee-240f-4797-8a53-a82a0a1273cb,2025-12-08,4303b39e-474b-4805-8d74-0ef96edd0b2f,f2c23359-e6fb-4d50-ba94-d24146bd6e00,f6c42a41-eae5-4023-8f36-18ff8fc5c68f,7.0,kg,129.05,False
79e71927-9add-4787-be53-f96c08bff88a,2025-12-09,4303b39e-474b-4805-8d74-0ef96edd0b2f,f2c23359-e6fb-4d50-ba94-d24146bd6e00,f6c42a41-eae5-4023-8f36-18ff8fc5c68f,5.0,kg,98.65,False
a067d9b3-70cb-4fd1-9334-09c27c1d26a0,2025-12-10,4303b39e-474b-4805-8d74-0ef96edd0b2f,f2c23359-e6fb-4d50-ba94-d24146bd6e00,f6c42a41-eae5-4023-8f36-18ff8fc5c68f,6.0,kg,100.55,False
198eff5a-da2b-4c52-b58d-b3052c2fb867,2025-12-11,4303b39e-474b-4805-8d74-0ef96edd0b2f,f2c23359-e6fb-4d50-ba94-d24146bd6e00,f6c42a41-eae5-4023-8f36-18ff8fc5c68f,6.0,kg,94.35,False
48c8a5ff-a189-43fc-9114-f064a2c01402,2025-12-12,4303b39e-474b-4805-8d74-0ef96edd0b2f,f2c23359-e6fb-4d50-ba94-d24146bd6e00,f6c42a41-eae5-4023-8f36-18ff8fc5c68f,5.0,kg,131.41,False
c42b426a-fa63-4db1-b18b-f35ead5381ab,2025-12-13,4303b39e-474b-4805-8d74-0ef96edd0b2f,f2c23359-e6fb-4d50-ba94-d24146bd6e00,f6c42a41-eae5-4023-8f36-18ff8fc5c68f,8.0,kg,123.36,False
19a5caeb-cc29-46aa-894d-7ae88f2cc4c2,2025-12-14,4303b39e-474b-4805-8d74-0ef96edd0b2f,f2c23359-e6fb-4d50-ba94-d24146bd6e00,f6c42a41-eae5-4023-8f36-18ff8fc5c68f,8.0,kg,108.92,False
d4c22b37-da49-459b-897b-9e7ae4c7bb88,2025-12-15,4303b39e-474b-4805-8d74-0ef96edd0b2f,f2c23359-e6fb-4d50-ba94-d24146bd6e00,f6c42a41-eae5-4023-8f36-18ff8fc5c68f,6.0,kg,114.23,False
119f163f-5e72-4253-8634-8bc6353a1f74,2025-12-16,4303b39e-474b-4805-8d74-0ef96edd0b2f,f2c23359-e6fb-4d50-ba94-d24146bd6e00,f6c42a41-eae5-4023-8f36-18ff8fc5c68f,6.0,kg,98.19,False
dcfc6d3d-1dab-49e8-aef3-6f151fc03794,2025-12-17,4303b39e-474b-4805-8d74-0ef96edd0b2f,f2c23359-e6fb-4d50-ba94-d24146bd6e00,f6c42a41-eae5-4023-8f36-18ff8fc5c68f,5.0,kg,130.75,False
19759f0d-143e-4a8d-a9c5-91734c9806d8,2025-12-18,4303b39e-474b-4805-8d74-0ef96edd0b2f,f2c23359-e6fb-4d50-ba94-d24146bd6e00,f6c42a41-eae5-4023-8f36-18ff8fc5c68f,6.0,kg,113.69,False
0e287201-a51a-49a8-bddc-c8c88394f405,2025-12-19,4303b39e-474b-4805-8d74-0ef96edd0b2f,f2c23359-e6fb-4d50-ba94-d24146bd6e00,f6c42a41-eae5-4023-8f36-18ff8fc5c68f,6.0,kg,94.29,False
a02aa497-2ed4-4a22-8f78-47f45549bb97,2025-12-20,4303b39e-474b-4805-8d74-0ef96edd0b2f,f2c23359-e6fb-4d50-ba94-d24146bd6e00,f6c42a41-eae5-4023-8f36-18ff8fc5c68f,7.0,kg,112.11,False
46f4487a-9ca0-4602-b8ed-dee4c063b630,2025-12-21,4303b39e-474b-4805-8d74-0ef96edd0b2f,f2c23359-e6fb-4d50-ba94-d24146bd6e00,f6c42a41-eae5-4023-8f36-18ff8fc5c68f,7.0,kg,98.3,False
7cc7db99-7fa3-4431-afb5-e7c00ac5fd64,2025-12-22,4303b39e-474b-4805-8d74-0ef96edd0b2f,f2c23359-e6fb-4d50-ba94-d24146bd6e00,f6c42a41-eae5-4023-8f36-18ff8fc5c68f,7.0,kg,99.43,False
75387035-d1c9-4f80-b6e8-542c72f500fd,2025-12-23,4303b39e-474b-4805-8d74-0ef96edd0b2f,f2c23359-e6fb-4d50-ba94-d24146bd6e00,f6c42a41-eae5-4023-8f36-18ff8fc5c68f,8.0,kg,119.01,False
5e26fb86-2d33-41eb-a9ae-d6147bc48487,2025-12-24,4303b39e-474b-4805-8d74-0ef96edd0b2f,f2c23359-e6fb-4d50-ba94-d24146bd6e00,f6c42a41-eae5-4023-8f36-18ff8fc5c68f,6.0,kg,96.8,False
d8d10604-d780-4a84-93df-46647840a579,2025-12-25,4303b39e-474b-4805-8d74-0ef96edd0b2f,f2c23359-e6fb-4d50-ba94-d24146bd6e00,f6c42a41-eae5-4023-8f36-18ff8fc5c68f,6.0,kg,101.85,False
e867c9ed-5f12-4181-93d9-358b582004d3,2025-12-26,4303b39e-474b-4805-8d74-0ef96edd0b2f,f2c23359-e6fb-4d50-ba94-d24146bd6e00,f6c42a41-eae5-4023-8f36-18ff8fc5c68f,6.0,kg,108.77,False
93700bab-c917-4841-8210-082c17dcc397,2025-12-27,4303b39e-474b-4805-8d74-0ef96edd0b2f,f2c23359-e6fb-4d50-ba94-d24146bd6e00,f6c42a41-eae5-4023-8f36-18ff8fc5c68f,5.0,kg,112.91,False
ae02d237-1220-41c2-a3d9-62aeafff0ab9,2025-12-28,4303b39e-474b-4805-8d74-0ef96edd0b2f,f2c23359-e6fb-4d50-ba94-d24146bd6e00,f6c42a41-eae5-4023-8f36-18ff8fc5c68f,8.0,kg,100.17,False
0785fdc5-9d35-47d5-9621-830d90894e88,2025-12-29,4303b39e-474b-4805-8d74-0ef96edd0b2f,f2c23359-e6fb-4d50-ba94-d24146bd6e00,f6c42a41-eae5-4023-8f36-18ff8fc5c68f,6.0,kg,101.55,False
69fde0cb-0ea6-4a5e-aec3-8d8efd1f13e7,2025-12-30,4303b39e-474b-4805-8d74-0ef96edd0b2f,f2c23359-e6fb-4d50-ba94-d24146bd6e00,f6c42a41-eae5-4023-8f36-18ff8fc5c68f,9.0,kg,118.87,False
4073aa3b-d8b3-4ab6-a0ac-3e8aff447c23,2025-12-31,4303b39e-474b-4805-8d74-0ef96edd0b2f,f2c23359-e6fb-4d50-ba94-d24146bd6e00,f6c42a41-eae5-4023-8f36-18ff8fc5c68f,6.0,kg,104.65,False
ec9ab710-edbd-44dd-b2ad-4a1010503530,2026-01-01,4303b39e-474b-4805-8d74-0ef96edd0b2f,f2c23359-e6fb-4d50-ba94-d24146bd6e00,f6c42a41-eae5-4023-8f36-18ff8fc5c68f,7.0,kg,110.33,False
7acce8b0-6354-4e31-b57d-f0dccb7e9df7,2026-01-02,4303b39e-474b-4805-8d74-0ef96edd0b2f,f2c23359-e6fb-4d50-ba94-d24146bd6e00,f6c42a41-eae5-4023-8f36-18ff8fc5c68f,6.0,kg,131.84,False
bac4a341-7264-4f24-8056-7db2f1c66291,2026-01-03,4303b39e-474b-4805-8d74-0ef96edd0b2f,f2c23359-e6fb-4d50-ba94-d24146bd6e00,f6c42a41-eae5-4023-8f36-18ff8fc5c68f,8.0,kg,100.53,True
389d8843-4a24-42f7-88a8-7b696cd0b5e5,2026-01-04,4303b39e-474b-4805-8d74-0ef96edd0b2f,f2c23359-e6fb-4d50-ba94-d24146bd6e00,f6c42a41-eae5-4023-8f36-18ff8fc5c68f,9.0,kg,127.23,False
5e3f6ed3-2c3c-46fc-a27c-86b0fa826cc1,2026-01-05,4303b39e-474b-4805-8d74-0ef96edd0b2f,f2c23359-e6fb-4d50-ba94-d24146bd6e00,f6c42a41-eae5-4023-8f36-18ff8fc5c68f,7.0,kg,106.78,False
641f16e0-d934-48a5-86d0-1ecbcf1019be,2026-01-06,4303b39e-474b-4805-8d74-0ef96edd0b2f,f2c23359-e6fb-4d50-ba94-d24146bd6e00,f6c42a41-eae5-4023-8f36-18ff8fc5c68f,7.0,kg,125.35,False
221e98d5-df40-4a9d-a140-ccc6f7ffbc7f,2026-01-07,4303b39e-474b-4805-8d74-0ef96edd0b2f,f2c23359-e6fb-4d50-ba94-d24146bd6e00,f6c42a41-eae5-4023-8f36-18ff8fc5c68f,5.0,kg,116.47,False
98cbdf70-dd4b-4a8a-a2e9-d72c038dc1b1,2026-01-08,4303b39e-474b-4805-8d74-0ef96edd0b2f,f2c23359-e6fb-4d50-ba94-d24146bd6e00,f6c42a41-eae5-4023-8f36-18ff8fc5c68f,8.0,kg,118.16,False
6ea8a85f-6030-4689-97bf-abe0124f52f2,2026-01-09,4303b39e-474b-4805-8d74-0ef96edd0b2f,f2c23359-e6fb-4d50-ba94-d24146bd6e00,f6c42a41-eae5-4023-8f36-18ff8fc5c68f,6.0,kg,124.68,True
05909961-e19f-4329-a74a-2a2ae6c8ae83,2026-01-10,4303b39e-474b-4805-8d74-0ef96edd0b2f,f2c23359-e6fb-4d50-ba94-d24146bd6e00,f6c42a41-eae5-4023-8f36-18ff8fc5c68f,9.0,kg,129.56,False
025c342f-0463-4d41-a5ca-b4f113702b01,2026-01-11,4303b39e-474b-4805-8d74-0ef96edd0b2f,f2c23359-e6fb-4d50-ba94-d24146bd6e00,f6c42a41-eae5-4023-8f36-18ff8fc5c68f,11.0,kg,96.62,False
2657800f-332c-4330-85b7-8c8bbac92876,2026-01-12,4303b39e-474b-4805-8d74-0ef96edd0b2f,f2c23359-e6fb-4d50-ba94-d24146bd6e00,f6c42a41-eae5-4023-8f36-18ff8fc5c68f,5.0,kg,114.13,False
f88df251-fbdb-4336-b97d-41c17d8821d7,2026-01-13,4303b39e-474b-4805-8d74-0ef96edd0b2f,f2c23359-e6fb-4d50-ba94-d24146bd6e00,f6c42a41-eae5-4023-8f36-18ff8fc5c68f,6.0,kg,116.19,False
72848fc4-0f21-4ba0-8330-1b96e9a8ea62,2026-01-14,4303b39e-474b-4805-8d74-0ef96edd0b2f,f2c23359-e6fb-4d50-ba94-d24146bd6e00,f6c42a41-eae5-4023-8f36-18ff8fc5c68f,7.0,kg,100.14,False
e2a0fc95-aa7c-4718-82fa-2d2a4c65708b,2026-01-15,4303b39e-474b-4805-8d74-0ef96edd0b2f,f2c23359-e6fb-4d50-ba94-d24146bd6e00,f6c42a41-eae5-4023-8f36-18ff8fc5c68f,6.0,kg,102.56,False
25971001-cbc6-4c3e-a825-981cd5f05525,2026-01-16,4303b39e-474b-4805-8d74-0ef96edd0b2f,f2c23359-e6fb-4d50-ba94-d24146bd6e00,f6c42a41-eae5-4023-8f36-18ff8fc5c68f,5.0,kg,125.84,False
9eac01d6-ad2b-4ac5-8579-40c38a0d8580,2026-01-17,4303b39e-474b-4805-8d74-0ef96edd0b2f,f2c23359-e6fb-4d50-ba94-d24146bd6e00,f6c42a41-eae5-4023-8f36-18ff8fc5c68f,8.0,kg,108.94,False
9bdb056f-26d5-4345-b2ad-8f977df36b45,2026-01-18,4303b39e-474b-4805-8d74-0ef96edd0b2f,f2c23359-e6fb-4d50-ba94-d24146bd6e00,f6c42a41-eae5-4023-8f36-18ff8fc5c68f,7.0,kg,92.14,False
0b5d341d-f83e-41ad-a26a-c37c1fde221d,2026-01-19,4303b39e-474b-4805-8d74-0ef96edd0b2f,f2c23359-e6fb-4d50-ba94-d24146bd6e00,f6c42a41-eae5-4023-8f36-18ff8fc5c68f,7.0,kg,117.48,False
b7bf63cd-8512-4d8a-b204-a860c9c6a238,2026-01-20,4303b39e-474b-4805-8d74-0ef96edd0b2f,f2c23359-e6fb-4d50-ba94-d24146bd6e00,f6c42a41-eae5-4023-8f36-18ff8fc5c68f,6.0,kg,121.65,False
d3635010-7567-409f-8fff-acfb3a02aeb8,2026-01-21,4303b39e-474b-4805-8d74-0ef96edd0b2f,f2c23359-e6fb-4d50-ba94-d24146bd6e00,f6c42a41-eae5-4023-8f36-18ff8fc5c68f,8.0,kg,109.11,False
f12e01ba-7ad8-4ce3-8d13-3dd2591793e7,2026-01-22,4303b39e-474b-4805-8d74-0ef96edd0b2f,f2c23359-e6fb-4d50-ba94-d24146bd6e00,f6c42a41-eae5-4023-8f36-18ff8fc5c68f,7.0,kg,127.32,True
c90dcf37-b58b-4099-a1ec-e8792d20235f,2026-01-23,4303b39e-474b-4805-8d74-0ef96edd0b2f,f2c23359-e6fb-4d50-ba94-d24146bd6e00,f6c42a41-eae5-4023-8f36-18ff8fc5c68f,6.0,kg,113.82,False
4ea3a63d-4464-45ef-a5e2-2dee3747b97c,2026-01-24,4303b39e-474b-4805-8d74-0ef96edd0b2f,f2c23359-e6fb-4d50-ba94-d24146bd6e00,f6c42a41-eae5-4023-8f36-18ff8fc5c68f,9.0,kg,115.3,False
04024211-d959-498e-9c49-93a804d4dd4e,2026-01-25,4303b39e-474b-4805-8d74-0ef96edd0b2f,f2c23359-e6fb-4d50-ba94-d24146bd6e00,f6c42a41-eae5-4023-8f36-18ff8fc5c68f,7.0,kg,97.1,False
04974c1e-c5bf-4c31-8e63-f5adab98ffc0,2026-01-26,4303b39e-474b-4805-8d74-0ef96edd0b2f,f2c23359-e6fb-4d50-ba94-d24146bd6e00,f6c42a41-eae5-4023-8f36-18ff8fc5c68f,7.0,kg,123.84,False
b231e28a-ef9f-4b61-9dca-ddea92a0809e,2026-01-27,4303b39e-474b-4805-8d74-0ef96edd0b2f,f2c23359-e6fb-4d50-ba94-d24146bd6e00,f6c42a41-eae5-4023-8f36-18ff8fc5c68f,8.0,kg,127.96,False
00ee8081-2a2a-415e-8d23-64fdb042ad02,2026-01-28,4303b39e-474b-4805-8d74-0ef96edd0b2f,f2c23359-e6fb-4d50-ba94-d24146bd6e00,f6c42a41-eae5-4023-8f36-18ff8fc5c68f,5.0,kg,101.98,False
547de46d-aeb1-4bd3-8daf-215c96dd7027,2026-01-29,4303b39e-474b-4805-8d74-0ef96edd0b2f,f2c23359-e6fb-4d50-ba94-d24146bd6e00,f6c42a41-eae5-4023-8f36-18ff8fc5c68f,7.0,kg,123.2,False
9324b16e-6d73-4944-9b78-8ab47378a21e,2026-01-30,4303b39e-474b-4805-8d74-0ef96edd0b2f,f2c23359-e6fb-4d50-ba94-d24146bd6e00,f6c42a41-eae5-4023-8f36-18ff8fc5c68f,7.0,kg,108.26,False
fd23b564-fe88-4fa1-af07-635231237f5b,2026-01-31,4303b39e-474b-4805-8d74-0ef96edd0b2f,f2c23359-e6fb-4d50-ba94-d24146bd6e00,f6c42a41-eae5-4023-8f36-18ff8fc5c68f,9.0,kg,98.18,False
b28cbae0-d230-4ea0-9397-01f463cee352,2026-02-01,4303b39e-474b-4805-8d74-0ef96edd0b2f,f2c23359-e6fb-4d50-ba94-d24146bd6e00,f6c42a41-eae5-4023-8f36-18ff8fc5c68f,7.0,kg,131.05,False
e538bc81-ca10-48b2-b4ff-14a152c0de19,2026-02-02,4303b39e-474b-4805-8d74-0ef96edd0b2f,f2c23359-e6fb-4d50-ba94-d24146bd6e00,f6c42a41-eae5-4023-8f36-18ff8fc5c68f,5.0,kg,127.26,False
322e44ea-6252-4d7c-9bbc-fb2ed08ab437,2026-02-03,4303b39e-474b-4805-8d74-0ef96edd0b2f,f2c23359-e6fb-4d50-ba94-d24146bd6e00,f6c42a41-eae5-4023-8f36-18ff8fc5c68f,9.0,kg,121.46,True
308b05b4-8ace-4fe4-a371-109115e1fcd1,2026-02-04,4303b39e-474b-4805-8d74-0ef96edd0b2f,f2c23359-e6fb-4d50-ba94-d24146bd6e00,f6c42a41-eae5-4023-8f36-18ff8fc5c68f,7.0,kg,129.23,False
0b5ea946-230e-4380-8cbc-769c07685d19,2026-02-05,4303b39e-474b-4805-8d74-0ef96edd0b2f,f2c23359-e6fb-4d50-ba94-d24146bd6e00,f6c42a41-eae5-4023-8f36-18ff8fc5c68f,7.0,kg,126.56,False
cbff7c15-e15c-4c52-a915-1f60b3f030fa,2026-02-06,4303b39e-474b-4805-8d74-0ef96edd0b2f,f2c23359-e6fb-4d50-ba94-d24146bd6e00,f6c42a41-eae5-4023-8f36-18ff8fc5c68f,7.0,kg,102.67,False
42159eb0-0be6-4522-9181-6490e4e25ee3,2026-02-07,4303b39e-474b-4805-8d74-0ef96edd0b2f,f2c23359-e6fb-4d50-ba94-d24146bd6e00,f6c42a41-eae5-4023-8f36-18ff8fc5c68f,7.0,kg,126.89,False
873d8e46-23e2-40fb-9d47-220798f6b5ea,2026-02-08,4303b39e-474b-4805-8d74-0ef96edd0b2f,f2c23359-e6fb-4d50-ba94-d24146bd6e00,f6c42a41-eae5-4023-8f36-18ff8fc5c68f,9.0,kg,100.9,False
a90cb6b2-1378-4e0b-a432-8c75c3004ad1,2026-02-09,4303b39e-474b-4805-8d74-0ef96edd0b2f,f2c23359-e6fb-4d50-ba94-d24146bd6e00,f6c42a41-eae5-4023-8f36-18ff8fc5c68f,7.0,kg,110.41,False
da2dfc99-b3fa-4ce3-8ad7-44ac4dfeea5c,2026-02-10,4303b39e-474b-4805-8d74-0ef96edd0b2f,f2c23359-e6fb-4d50-ba94-d24146bd6e00,f6c42a41-eae5-4023-8f36-18ff8fc5c68f,6.0,kg,123.81,False
b2fdccd7-7c33-43f7-bb79-c2bcd68ee092,2026-02-11,4303b39e-474b-4805-8d74-0ef96edd0b2f,f2c23359-e6fb-4d50-ba94-d24146bd6e00,f6c42a41-eae5-4023-8f36-18ff8fc5c68f,9.0,kg,99.73,False
dc044868-f67a-41e5-8e92-8d35e4fe963a,2026-02-12,4303b39e-474b-4805-8d74-0ef96edd0b2f,f2c23359-e6fb-4d50-ba94-d24146bd6e00,f6c42a41-eae5-4023-8f36-18ff8fc5c68f,7.0,kg,126.57,False
6fc11202-d2d5-4424-819c-bb9f7197b4fb,2026-02-13,4303b39e-474b-4805-8d74-0ef96edd0b2f,f2c23359-e6fb-4d50-ba94-d24146bd6e00,f6c42a41-eae5-4023-8f36-18ff8fc5c68f,5.0,kg,103.16,False
a10226ef-e75e-4c99-85e4-46b4a53aebcb,2026-02-14,4303b39e-474b-4805-8d74-0ef96edd0b2f,f2c23359-e6fb-4d50-ba94-d24146bd6e00,f6c42a41-eae5-4023-8f36-18ff8fc5c68f,9.0,kg,131.25,False
dc29f517-b0fb-456e-a9f1-dcbf574a7293,2026-02-15,4303b39e-474b-4805-8d74-0ef96edd0b2f,f2c23359-e6fb-4d50-ba94-d24146bd6e00,f6c42a41-eae5-4023-8f36-18ff8fc5c68f,7.0,kg,129.57,False
42445327-2c77-44c2-bf3e-879ef8d02c65,2026-02-16,4303b39e-474b-4805-8d74-0ef96edd0b2f,f2c23359-e6fb-4d50-ba94-d24146bd6e00,f6c42a41-eae5-4023-8f36-18ff8fc5c68f,8.0,kg,130.82,False
d1e32fd5-3363-4d6e-aa07-05ffca677a65,2026-02-17,4303b39e-474b-4805-8d74-0ef96edd0b2f,f2c23359-e6fb-4d50-ba94-d24146bd6e00,f6c42a41-eae5-4023-8f36-18ff8fc5c68f,8.0,kg,130.5,False
dd23f51d-83b0-48b6-ad98-bd3be792ac11,2026-02-18,4303b39e-474b-4805-8d74-0ef96edd0b2f,f2c23359-e6fb-4d50-ba94-d24146bd6e00,f6c42a41-eae5-4023-8f36-18ff8fc5c68f,6.0,kg,96.34,False
a90f2291-bb50-47fb-9a18-e6b08a0188c2,2026-02-19,4303b39e-474b-4805-8d74-0ef96edd0b2f,f2c23359-e6fb-4d50-ba94-d24146bd6e00,f6c42a41-eae5-4023-8f36-18ff8fc5c68f,8.0,kg,104.55,False
3f80a34b-19e6-406a-89df-b7025a847aca,2026-02-20,4303b39e-474b-4805-8d74-0ef96edd0b2f,f2c23359-e6fb-4d50-ba94-d24146bd6e00,f6c42a41-eae5-4023-8f36-18ff8fc5c68f,7.0,kg,112.46,False
6e35af05-ef21-4063-8ec1-6daf90f43ea0,2026-02-21,4303b39e-474b-4805-8d74-0ef96edd0b2f,f2c23359-e6fb-4d50-ba94-d24146bd6e00,f6c42a41-eae5-4023-8f36-18ff8fc5c68f,10.0,kg,115.06,False
19cc8090-4194-4a2c-811d-678ab784efc5,2026-02-22,4303b39e-474b-4805-8d74-0ef96edd0b2f,f2c23359-e6fb-4d50-ba94-d24146bd6e00,f6c42a41-eae5-4023-8f36-18ff8fc5c68f,11.0,kg,120.35,False
5ad0c095-0c17-4f80-b61a-05184efd2110,2026-02-23,4303b39e-474b-4805-8d74-0ef96edd0b2f,f2c23359-e6fb-4d50-ba94-d24146bd6e00,f6c42a41-eae5-4023-8f36-18ff8fc5c68f,8.0,kg,113.54,True
5ea7d7d1-e03e-4bbd-be8e-1dfcaac1fc35,2026-02-24,4303b39e-474b-4805-8d74-0ef96edd0b2f,f2c23359-e6fb-4d50-ba94-d24146bd6e00,f6c42a41-eae5-4023-8f36-18ff8fc5c68f,6.0,kg,121.68,False
a58a73c5-215d-433c-8eb1-e6b726577343,2026-02-25,4303b39e-474b-4805-8d74-0ef96edd0b2f,f2c23359-e6fb-4d50-ba94-d24146bd6e00,f6c42a41-eae5-4023-8f36-18ff8fc5c68f,6.0,kg,106.57,False
53a533d0-7a77-4ead-8f37-615ed8f60c50,2026-02-26,4303b39e-474b-4805-8d74-0ef96edd0b2f,f2c23359-e6fb-4d50-ba94-d24146bd6e00,f6c42a41-eae5-4023-8f36-18ff8fc5c68f,7.0,kg,118.57,True
321dedce-fdc9-4f7f-b357-315e61c5a83f,2026-02-27,4303b39e-474b-4805-8d74-0ef96edd0b2f,f2c23359-e6fb-4d50-ba94-d24146bd6e00,f6c42a41-eae5-4023-8f36-18ff8fc5c68f,7.0,kg,104.56,False
6886cc8e-5303-41cc-9255-1d9892183b04,2026-02-28,4303b39e-474b-4805-8d74-0ef96edd0b2f,f2c23359-e6fb-4d50-ba94-d24146bd6e00,f6c42a41-eae5-4023-8f36-18ff8fc5c68f,9.0,kg,120.79,False
17cb228e-d8f3-48f3-82a2-4946c5d7c161,2026-03-01,4303b39e-474b-4805-8d74-0ef96edd0b2f,f2c23359-e6fb-4d50-ba94-d24146bd6e00,f6c42a41-eae5-4023-8f36-18ff8fc5c68f,9.0,kg,108.34,False
46766d04-00e6-4b92-ab2c-fa06f8a929d1,2026-03-02,4303b39e-474b-4805-8d74-0ef96edd0b2f,f2c23359-e6fb-4d50-ba94-d24146bd6e00,f6c42a41-eae5-4023-8f36-18ff8fc5c68f,8.0,kg,103.83,False
df1636e0-16e4-4b4e-8ae2-b9416a8c4474,2026-03-03,4303b39e-474b-4805-8d74-0ef96edd0b2f,f2c23359-e6fb-4d50-ba94-d24146bd6e00,f6c42a41-eae5-4023-8f36-18ff8fc5c68f,7.0,kg,108.82,False
03d2043c-abda-445d-86bd-3ab7c6c08dff,2026-03-04,4303b39e-474b-4805-8d74-0ef96edd0b2f,f2c23359-e6fb-4d50-ba94-d24146bd6e00,f6c42a41-eae5-4023-8f36-18ff8fc5c68f,9.0,kg,119.09,False
3451165d-dda5-4264-a5cd-5107802410e8,2026-03-05,4303b39e-474b-4805-8d74-0ef96edd0b2f,f2c23359-e6fb-4d50-ba94-d24146bd6e00,f6c42a41-eae5-4023-8f36-18ff8fc5c68f,7.0,kg,104.04,False
035fe18e-8c37-4572-8a7c-7ad92fae4385,2026-03-06,4303b39e-474b-4805-8d74-0ef96edd0b2f,f2c23359-e6fb-4d50-ba94-d24146bd6e00,f6c42a41-eae5-4023-8f36-18ff8fc5c68f,10.0,kg,92.02,False
77ad425c-6e1b-4d04-895e-96464f7a64f0,2026-03-07,4303b39e-474b-4805-8d74-0ef96edd0b2f,f2c23359-e6fb-4d50-ba94-d24146bd6e00,f6c42a41-eae5-4023-8f36-18ff8fc5c68f,10.0,kg,109.2,False
dd5be958-ab98-4ad2-8f08-2d040ec19341,2026-03-08,4303b39e-474b-4805-8d74-0ef96edd0b2f,f2c23359-e6fb-4d50-ba94-d24146bd6e00,f6c42a41-eae5-4023-8f36-18ff8fc5c68f,7.0,kg,118.19,False
95bbf4d5-8850-4780-858a-8a4ad8f34ea2,2026-03-09,4303b39e-474b-4805-8d74-0ef96edd0b2f,f2c23359-e6fb-4d50-ba94-d24146bd6e00,f6c42a41-eae5-4023-8f36-18ff8fc5c68f,6.0,kg,109.69,False
abed5906-858f-4d70-85d8-439b082afbc8,2026-03-10,4303b39e-474b-4805-8d74-0ef96edd0b2f,f2c23359-e6fb-4d50-ba94-d24146bd6e00,f6c42a41-eae5-4023-8f36-18ff8fc5c68f,7.0,kg,128.05,False
03d30431-79c8-4219-a765-323992859f51,2026-03-11,4303b39e-474b-4805-8d74-0ef96edd0b2f,f2c23359-e6fb-4d50-ba94-d24146bd6e00,f6c42a41-eae5-4023-8f36-18ff8fc5c68f,7.0,kg,98.79,False
75adcb23-0e62-4272-989e-986586034366,2026-03-12,4303b39e-474b-4805-8d74-0ef96edd0b2f,f2c23359-e6fb-4d50-ba94-d24146bd6e00,f6c42a41-eae5-4023-8f36-18ff8fc5c68f,8.0,kg,112.62,False
2c1e34a4-fd54-4bbf-8c8b-db3c8e0a6c8a,2026-03-13,4303b39e-474b-4805-8d74-0ef96edd0b2f,f2c23359-e6fb-4d50-ba94-d24146bd6e00,f6c42a41-eae5-4023-8f36-18ff8fc5c68f,7.0,kg,105.41,False
cbffe233-6fdb-426a-9436-1e290d4f930e,2026-03-14,4303b39e-474b-4805-8d74-0ef96edd0b2f,f2c23359-e6fb-4d50-ba94-d24146bd6e00,f6c42a41-eae5-4023-8f36-18ff8fc5c68f,9.0,kg,122.05,False
3edc205b-766e-4a04-87eb-480f30b7334c,2026-03-15,4303b39e-474b-4805-8d74-0ef96edd0b2f,f2c23359-e6fb-4d50-ba94-d24146bd6e00,f6c42a41-eae5-4023-8f36-18ff8fc5c68f,8.0,kg,99.97,False
0db2609c-1e6b-4403-9bc9-559ad687ecfa,2026-03-16,4303b39e-474b-4805-8d74-0ef96edd0b2f,f2c23359-e6fb-4d50-ba94-d24146bd6e00,f6c42a41-eae5-4023-8f36-18ff8fc5c68f,6.0,kg,101.79,True
63288d3a-ed28-4fc5-80bd-3b2a650b1768,2026-03-17,4303b39e-474b-4805-8d74-0ef96edd0b2f,f2c23359-e6fb-4d50-ba94-d24146bd6e00,f6c42a41-eae5-4023-8f36-18ff8fc5c68f,6.0,kg,125.99,False
08e5efc4-062c-4bcb-9283-83fad291a49c,2026-03-18,4303b39e-474b-4805-8d74-0ef96edd0b2f,f2c23359-e6fb-4d50-ba94-d24146bd6e00,f6c42a41-eae5-4023-8f36-18ff8fc5c68f,10.0,kg,108.58,True
187eb84c-ede1-4d1e-9380-0f65f84e44b4,2026-03-19,4303b39e-474b-4805-8d74-0ef96edd0b2f,f2c23359-e6fb-4d50-ba94-d24146bd6e00,f6c42a41-eae5-4023-8f36-18ff8fc5c68f,7.0,kg,119.85,False
265279c8-15b2-408b-a84c-7e7fa1288003,2026-03-20,4303b39e-474b-4805-8d74-0ef96edd0b2f,f2c23359-e6fb-4d50-ba94-d24146bd6e00,f6c42a41-eae5-4023-8f36-18ff8fc5c68f,6.0,kg,101.76,False
cdec9be9-a546-42f9-98e2-5094de31917e,2026-03-21,4303b39e-474b-4805-8d74-0ef96edd0b2f,f2c23359-e6fb-4d50-ba94-d24146bd6e00,f6c42a41-eae5-4023-8f36-18ff8fc5c68f,9.0,kg,92.22,False
49150a44-413b-457a-938b-a08654133795,2026-03-22,4303b39e-474b-4805-8d74-0ef96edd0b2f,f2c23359-e6fb-4d50-ba94-d24146bd6e00,f6c42a41-eae5-4023-8f36-18ff8fc5c68f,9.0,kg,96.26,False
fac77fa5-cc2c-4f49-9167-debfd2b1672e,2026-03-23,4303b39e-474b-4805-8d74-0ef96edd0b2f,f2c23359-e6fb-4d50-ba94-d24146bd6e00,f6c42a41-eae5-4023-8f36-18ff8fc5c68f,6.0,kg,99.04,False
994d494b-1f68-4aab-91eb-c899c36f887b,2026-03-24,4303b39e-474b-4805-8d74-0ef96edd0b2f,f2c23359-e6fb-4d50-ba94-d24146bd6e00,f6c42a41-eae5-4023-8f36-18ff8fc5c68f,7.0,kg,112.72,False
7e665a47-bc9d-4f95-9ee1-4897a03f8885,2026-03-25,4303b39e-474b-4805-8d74-0ef96edd0b2f,f2c23359-e6fb-4d50-ba94-d24146bd6e00,f6c42a41-eae5-4023-8f36-18ff8fc5c68f,8.0,kg,101.97,True
b2e18246-872b-4b80-aba7-8857158114da,2026-03-26,4303b39e-474b-4805-8d74-0ef96edd0b2f,f2c23359-e6fb-4d50-ba94-d24146bd6e00,f6c42a41-eae5-4023-8f36-18ff8fc5c68f,6.0,kg,110.26,False
0db08506-83cb-4220-b698-341faea7d88e,2026-03-27,4303b39e-474b-4805-8d74-0ef96edd0b2f,f2c23359-e6fb-4d50-ba94-d24146bd6e00,f6c42a41-eae5-4023-8f36-18ff8fc5c68f,7.0,kg,118.7,False
1bb31ccc-2555-42f8-bc43-2bd154db8c7c,2026-03-28,4303b39e-474b-4805-8d74-0ef96edd0b2f,f2c23359-e6fb-4d50-ba94-d24146bd6e00,f6c42a41-eae5-4023-8f36-18ff8fc5c68f,10.0,kg,130.0,False
ee92de7c-5db4-4fd2-8843-1781e3512939,2026-03-29,4303b39e-474b-4805-8d74-0ef96edd0b2f,f2c23359-e6fb-4d50-ba94-d24146bd6e00,f6c42a41-eae5-4023-8f36-18ff8fc5c68f,10.0,kg,116.51,False
b3a8bf96-04fc-48b0-b032-90d4a0d7d9c4,2026-03-30,4303b39e-474b-4805-8d74-0ef96edd0b2f,f2c23359-e6fb-4d50-ba94-d24146bd6e00,f6c42a41-eae5-4023-8f36-18ff8fc5c68f,8.0,kg,112.19,False
48dba324-a8ba-4270-8a8d-91982d52ffd9,2026-03-31,4303b39e-474b-4805-8d74-0ef96edd0b2f,f2c23359-e6fb-4d50-ba94-d24146bd6e00,f6c42a41-eae5-4023-8f36-18ff8fc5c68f,5.0,kg,113.91,False
a8609d25-d967-4322-88eb-91ab1ac09f03,2026-04-01,4303b39e-474b-4805-8d74-0ef96edd0b2f,f2c23359-e6fb-4d50-ba94-d24146bd6e00,f6c42a41-eae5-4023-8f36-18ff8fc5c68f,6.0,kg,121.75,False
c862e114-ff2a-4dcb-bf7a-00b60ecde2b5,2026-04-02,4303b39e-474b-4805-8d74-0ef96edd0b2f,f2c23359-e6fb-4d50-ba94-d24146bd6e00,f6c42a41-eae5-4023-8f36-18ff8fc5c68f,8.0,kg,101.89,False
01a3cbf4-ce55-475d-b370-02d27b81cb38,2026-04-03,4303b39e-474b-4805-8d74-0ef96edd0b2f,f2c23359-e6fb-4d50-ba94-d24146bd6e00,f6c42a41-eae5-4023-8f36-18ff8fc5c68f,8.0,kg,122.63,False
e02a5baa-4125-42da-913b-23a7c1e3c8f2,2026-04-04,4303b39e-474b-4805-8d74-0ef96edd0b2f,f2c23359-e6fb-4d50-ba94-d24146bd6e00,f6c42a41-eae5-4023-8f36-18ff8fc5c68f,9.0,kg,117.07,False
8c755ee8-c8b8-4696-b36e-088c23c01c5d,2026-04-05,4303b39e-474b-4805-8d74-0ef96edd0b2f,f2c23359-e6fb-4d50-ba94-d24146bd6e00,f6c42a41-eae5-4023-8f36-18ff8fc5c68f,14.0,kg,103.43,False
1a72eccd-d0d0-4592-b388-4dc43dce9244,2026-04-06,4303b39e-474b-4805-8d74-0ef96edd0b2f,f2c23359-e6fb-4d50-ba94-d24146bd6e00,f6c42a41-eae5-4023-8f36-18ff8fc5c68f,8.0,kg,104.79,False
40ef2234-f573-436a-b36d-b8c399c4050a,2026-04-07,4303b39e-474b-4805-8d74-0ef96edd0b2f,f2c23359-e6fb-4d50-ba94-d24146bd6e00,f6c42a41-eae5-4023-8f36-18ff8fc5c68f,8.0,kg,97.53,False
3151a3eb-c0af-4cf6-a902-2bc7bcb493bd,2026-04-08,4303b39e-474b-4805-8d74-0ef96edd0b2f,f2c23359-e6fb-4d50-ba94-d24146bd6e00,f6c42a41-eae5-4023-8f36-18ff8fc5c68f,8.0,kg,120.26,False
4da246c5-ac8b-4ce3-b3f8-f90dad3c978c,2026-04-09,4303b39e-474b-4805-8d74-0ef96edd0b2f,f2c23359-e6fb-4d50-ba94-d24146bd6e00,f6c42a41-eae5-4023-8f36-18ff8fc5c68f,9.0,kg,108.3,True
ad925daf-9f0c-4f2f-ac71-273a66a95379,2026-04-10,4303b39e-474b-4805-8d74-0ef96edd0b2f,f2c23359-e6fb-4d50-ba94-d24146bd6e00,f6c42a41-eae5-4023-8f36-18ff8fc5c68f,7.0,kg,108.63,False
b14198f7-3426-4ba3-8eff-8ac9d54b9ed5,2026-04-11,4303b39e-474b-4805-8d74-0ef96edd0b2f,f2c23359-e6fb-4d50-ba94-d24146bd6e00,f6c42a41-eae5-4023-8f36-18ff8fc5c68f,10.0,kg,108.81,False
5f96d54e-bbc9-42b1-becf-294cc188b2b5,2026-04-12,4303b39e-474b-4805-8d74-0ef96edd0b2f,f2c23359-e6fb-4d50-ba94-d24146bd6e00,f6c42a41-eae5-4023-8f36-18ff8fc5c68f,8.0,kg,115.36,False
558b6320-2c97-4ed9-ab2f-9f5a71b9097d,2026-04-13,4303b39e-474b-4805-8d74-0ef96edd0b2f,f2c23359-e6fb-4d50-ba94-d24146bd6e00,f6c42a41-eae5-4023-8f36-18ff8fc5c68f,7.0,kg,122.62,False
12331369-0beb-4ee5-94ce-0678b3c9986f,2026-04-14,4303b39e-474b-4805-8d74-0ef96edd0b2f,f2c23359-e6fb-4d50-ba94-d24146bd6e00,f6c42a41-eae5-4023-8f36-18ff8fc5c68f,6.0,kg,92.24,False
a4ef3504-5801-4ac1-9b3e-61762837559b,2026-04-15,4303b39e-474b-4805-8d74-0ef96edd0b2f,f2c23359-e6fb-4d50-ba94-d24146bd6e00,f6c42a41-eae5-4023-8f36-18ff8fc5c68f,7.0,kg,122.14,False
59417f97-467f-4c30-9046-4723fd28d3ec,2026-04-16,4303b39e-474b-4805-8d74-0ef96edd0b2f,f2c23359-e6fb-4d50-ba94-d24146bd6e00,f6c42a41-eae5-4023-8f36-18ff8fc5c68f,10.0,kg,130.14,False
54048c82-b15b-4e57-b71f-994fc1ac9190,2026-04-17,4303b39e-474b-4805-8d74-0ef96edd0b2f,f2c23359-e6fb-4d50-ba94-d24146bd6e00,f6c42a41-eae5-4023-8f36-18ff8fc5c68f,5.0,kg,121.9,False
8de4ef45-c19d-48f7-988d-06e27b40884d,2026-04-18,4303b39e-474b-4805-8d74-0ef96edd0b2f,f2c23359-e6fb-4d50-ba94-d24146bd6e00,f6c42a41-eae5-4023-8f36-18ff8fc5c68f,10.0,kg,116.13,False
f6f7eb7c-a472-425c-9455-da1d2f8c0504,2026-04-19,4303b39e-474b-4805-8d74-0ef96edd0b2f,f2c23359-e6fb-4d50-ba94-d24146bd6e00,f6c42a41-eae5-4023-8f36-18ff8fc5c68f,6.0,kg,109.43,False
cb9ca9d7-50b6-4244-9d70-5ce35d7e0fcb,2026-04-20,4303b39e-474b-4805-8d74-0ef96edd0b2f,f2c23359-e6fb-4d50-ba94-d24146bd6e00,f6c42a41-eae5-4023-8f36-18ff8fc5c68f,8.0,kg,105.45,True
e51e4ca1-52ab-4893-b873-c6ebc8316f1e,2026-04-21,4303b39e-474b-4805-8d74-0ef96edd0b2f,f2c23359-e6fb-4d50-ba94-d24146bd6e00,f6c42a41-eae5-4023-8f36-18ff8fc5c68f,8.0,kg,108.17,False
a5ffd151-ffba-4184-8374-6f4a854f5ad2,2026-04-22,4303b39e-474b-4805-8d74-0ef96edd0b2f,f2c23359-e6fb-4d50-ba94-d24146bd6e00,f6c42a41-eae5-4023-8f36-18ff8fc5c68f,7.0,kg,110.7,False
2d33d8ba-1313-468a-abb1-20fa6553858b,2026-04-23,4303b39e-474b-4805-8d74-0ef96edd0b2f,f2c23359-e6fb-4d50-ba94-d24146bd6e00,f6c42a41-eae5-4023-8f36-18ff8fc5c68f,6.0,kg,93.08,False
79febb0b-d47e-4ed1-be83-f46c1679e23e,2026-04-24,4303b39e-474b-4805-8d74-0ef96edd0b2f,f2c23359-e6fb-4d50-ba94-d24146bd6e00,f6c42a41-eae5-4023-8f36-18ff8fc5c68f,6.0,kg,114.58,False
ad321736-34a9-412f-ae68-3c76160c771d,2026-04-25,4303b39e-474b-4805-8d74-0ef96edd0b2f,f2c23359-e6fb-4d50-ba94-d24146bd6e00,f6c42a41-eae5-4023-8f36-18ff8fc5c68f,12.0,kg,117.71,True
d74633f0-9f47-470c-af43-85ad8581d126,2026-04-26,4303b39e-474b-4805-8d74-0ef96edd0b2f,f2c23359-e6fb-4d50-ba94-d24146bd6e00,f6c42a41-eae5-4023-8f36-18ff8fc5c68f,8.0,kg,110.47,False
0073755f-be31-45bd-a121-cf941de527dd,2026-04-27,4303b39e-474b-4805-8d74-0ef96edd0b2f,f2c23359-e6fb-4d50-ba94-d24146bd6e00,f6c42a41-eae5-4023-8f36-18ff8fc5c68f,9.0,kg,100.47,True
53fe3c32-6bde-4d02-9580-459875178d03,2026-04-28,4303b39e-474b-4805-8d74-0ef96edd0b2f,f2c23359-e6fb-4d50-ba94-d24146bd6e00,f6c42a41-eae5-4023-8f36-18ff8fc5c68f,7.0,kg,122.45,False
6fcdb41f-012a-4d27-9932-7ab260eca723,2026-04-29,4303b39e-474b-4805-8d74-0ef96edd0b2f,f2c23359-e6fb-4d50-ba94-d24146bd6e00,f6c42a41-eae5-4023-8f36-18ff8fc5c68f,6.0,kg,122.08,False
d0f56e6f-a9eb-4f5d-a5c8-345a123f26a6,2026-04-30,4303b39e-474b-4805-8d74-0ef96edd0b2f,f2c23359-e6fb-4d50-ba94-d24146bd6e00,f6c42a41-eae5-4023-8f36-18ff8fc5c68f,9.0,kg,102.09,False
6d1905da-fbde-4303-b12a-f86e2c9068d9,2026-05-01,4303b39e-474b-4805-8d74-0ef96edd0b2f,f2c23359-e6fb-4d50-ba94-d24146bd6e00,f6c42a41-eae5-4023-8f36-18ff8fc5c68f,8.0,kg,92.78,False
fc4a39ac-3bc1-43bc-b304-7e41581ff37b,2026-05-02,4303b39e-474b-4805-8d74-0ef96edd0b2f,f2c23359-e6fb-4d50-ba94-d24146bd6e00,f6c42a41-eae5-4023-8f36-18ff8fc5c68f,6.0,kg,106.0,False
80965575-5da8-44b2-9495-41b16ba44665,2026-05-03,4303b39e-474b-4805-8d74-0ef96edd0b2f,f2c23359-e6fb-4d50-ba94-d24146bd6e00,f6c42a41-eae5-4023-8f36-18ff8fc5c68f,9.0,kg,123.25,False
7e2dc53b-d7ff-4b89-af2e-2d8d91771e3e,2026-05-04,4303b39e-474b-4805-8d74-0ef96edd0b2f,f2c23359-e6fb-4d50-ba94-d24146bd6e00,f6c42a41-eae5-4023-8f36-18ff8fc5c68f,6.0,kg,122.17,False
7a787ab2-e262-48ee-a5a1-44b5fc1f7b49,2026-05-05,4303b39e-474b-4805-8d74-0ef96edd0b2f,f2c23359-e6fb-4d50-ba94-d24146bd6e00,f6c42a41-eae5-4023-8f36-18ff8fc5c68f,8.0,kg,99.97,False
09aed418-88ef-4d54-93ba-778e7cc8d337,2026-05-06,4303b39e-474b-4805-8d74-0ef96edd0b2f,f2c23359-e6fb-4d50-ba94-d24146bd6e00,f6c42a41-eae5-4023-8f36-18ff8fc5c68f,7.0,kg,98.1,True
8b5c5eb3-65fa-41d7-942c-9821df5f8de6,2026-05-07,4303b39e-474b-4805-8d74-0ef96edd0b2f,f2c23359-e6fb-4d50-ba94-d24146bd6e00,f6c42a41-eae5-4023-8f36-18ff8fc5c68f,7.0,kg,118.78,False
dc09fd6c-e52e-4ca7-8604-b4a933ab7964,2026-05-08,4303b39e-474b-4805-8d74-0ef96edd0b2f,f2c23359-e6fb-4d50-ba94-d24146bd6e00,f6c42a41-eae5-4023-8f36-18ff8fc5c68f,7.0,kg,119.98,False
c8971b14-3408-4156-ad34-107c15c2cd3b,2026-05-09,4303b39e-474b-4805-8d74-0ef96edd0b2f,f2c23359-e6fb-4d50-ba94-d24146bd6e00,f6c42a41-eae5-4023-8f36-18ff8fc5c68f,10.0,kg,98.71,False
fa5e45bc-ed59-4d3e-9949-850f747c50a3,2026-05-10,4303b39e-474b-4805-8d74-0ef96edd0b2f,f2c23359-e6fb-4d50-ba94-d24146bd6e00,f6c42a41-eae5-4023-8f36-18ff8fc5c68f,7.0,kg,121.92,False
546f78dc-d3ef-4817-bf0a-c294e1fbb6a3,2026-05-11,4303b39e-474b-4805-8d74-0ef96edd0b2f,f2c23359-e6fb-4d50-ba94-d24146bd6e00,f6c42a41-eae5-4023-8f36-18ff8fc5c68f,6.0,kg,124.77,False
5a5a249f-e979-40cb-92f3-8fc5d2f8ca00,2026-05-12,4303b39e-474b-4805-8d74-0ef96edd0b2f,f2c23359-e6fb-4d50-ba94-d24146bd6e00,f6c42a41-eae5-4023-8f36-18ff8fc5c68f,6.0,kg,93.03,False
a54abfee-6854-47fc-b42b-b37d7c398ab6,2026-05-13,4303b39e-474b-4805-8d74-0ef96edd0b2f,f2c23359-e6fb-4d50-ba94-d24146bd6e00,f6c42a41-eae5-4023-8f36-18ff8fc5c68f,6.0,kg,119.09,False
c5be1e97-7714-455a-b6f8-1405648a161d,2026-05-14,4303b39e-474b-4805-8d74-0ef96edd0b2f,f2c23359-e6fb-4d50-ba94-d24146bd6e00,f6c42a41-eae5-4023-8f36-18ff8fc5c68f,9.0,kg,107.87,False
14ff116d-324d-4f13-8e13-bfdce912ac9b,2026-05-15,4303b39e-474b-4805-8d74-0ef96edd0b2f,f2c23359-e6fb-4d50-ba94-d24146bd6e00,f6c42a41-eae5-4023-8f36-18ff8fc5c68f,7.0,kg,95.04,False
a7e0344a-4485-4f0d-b063-e652b1aa28a3,2026-05-16,4303b39e-474b-4805-8d74-0ef96edd0b2f,f2c23359-e6fb-4d50-ba94-d24146bd6e00,f6c42a41-eae5-4023-8f36-18ff8fc5c68f,7.0,kg,96.08,False
fd13be55-788f-4164-a113-dd8728b99555,2026-05-17,4303b39e-474b-4805-8d74-0ef96edd0b2f,f2c23359-e6fb-4d50-ba94-d24146bd6e00,f6c42a41-eae5-4023-8f36-18ff8fc5c68f,10.0,kg,126.01,False
863c470c-30fa-4802-a9d8-8a12e846764c,2026-05-18,4303b39e-474b-4805-8d74-0ef96edd0b2f,f2c23359-e6fb-4d50-ba94-d24146bd6e00,f6c42a41-eae5-4023-8f36-18ff8fc5c68f,9.0,kg,96.84,False
a3f6d055-e7b5-49dc-b4c2-b5a6d07eddbe,2026-05-19,4303b39e-474b-4805-8d74-0ef96edd0b2f,f2c23359-e6fb-4d50-ba94-d24146bd6e00,f6c42a41-eae5-4023-8f36-18ff8fc5c68f,8.0,kg,123.31,False
4991a206-579e-4e25-8d7c-1b04c7a4388f,2026-05-20,4303b39e-474b-4805-8d74-0ef96edd0b2f,f2c23359-e6fb-4d50-ba94-d24146bd6e00,f6c42a41-eae5-4023-8f36-18ff8fc5c68f,5.0,kg,109.14,False
3233e751-7b32-4401-91ec-4e1f07f718d0,2026-05-21,4303b39e-474b-4805-8d74-0ef96edd0b2f,f2c23359-e6fb-4d50-ba94-d24146bd6e00,f6c42a41-eae5-4023-8f36-18ff8fc5c68f,6.0,kg,105.65,False
2a4e511c-5685-49bc-b429-978892847414,2026-05-22,4303b39e-474b-4805-8d74-0ef96edd0b2f,f2c23359-e6fb-4d50-ba94-d24146bd6e00,f6c42a41-eae5-4023-8f36-18ff8fc5c68f,8.0,kg,124.89,False
b719707d-a2be-4425-923a-72609daee8f9,2026-05-23,4303b39e-474b-4805-8d74-0ef96edd0b2f,f2c23359-e6fb-4d50-ba94-d24146bd6e00,f6c42a41-eae5-4023-8f36-18ff8fc5c68f,7.0,kg,130.43,False
73c39f4e-7139-41c0-b802-8f4ed1881583,2026-05-24,4303b39e-474b-4805-8d74-0ef96edd0b2f,f2c23359-e6fb-4d50-ba94-d24146bd6e00,f6c42a41-eae5-4023-8f36-18ff8fc5c68f,9.0,kg,125.15,False
fedfdf33-ca7b-45d5-9c74-1ce2b46eccf5,2026-05-25,4303b39e-474b-4805-8d74-0ef96edd0b2f,f2c23359-e6fb-4d50-ba94-d24146bd6e00,f6c42a41-eae5-4023-8f36-18ff8fc5c68f,8.0,kg,109.42,False
6c66e915-d02a-4373-bda3-40f9d5dc1dc8,2026-05-26,4303b39e-474b-4805-8d74-0ef96edd0b2f,f2c23359-e6fb-4d50-ba94-d24146bd6e00,f6c42a41-eae5-4023-8f36-18ff8fc5c68f,6.0,kg,102.8,False
7c6dd172-1908-4461-87e7-00f44eae274f,2026-05-27,4303b39e-474b-4805-8d74-0ef96edd0b2f,f2c23359-e6fb-4d50-ba94-d24146bd6e00,f6c42a41-eae5-4023-8f36-18ff8fc5c68f,7.0,kg,113.53,False
bc165bd9-5749-4bf4-8e6a-e2c9c85d5339,2026-05-28,4303b39e-474b-4805-8d74-0ef96edd0b2f,f2c23359-e6fb-4d50-ba94-d24146bd6e00,f6c42a41-eae5-4023-8f36-18ff8fc5c68f,3.0,kg,109.42,False
98c3bcb8-3074-4ef1-9275-08c89be50517,2026-05-29,4303b39e-474b-4805-8d74-0ef96edd0b2f,f2c23359-e6fb-4d50-ba94-d24146bd6e00,f6c42a41-eae5-4023-8f36-18ff8fc5c68f,6.0,kg,102.74,False
8399d931-62ea-4ea8-8349-2b23caa8ba79,2026-05-30,4303b39e-474b-4805-8d74-0ef96edd0b2f,f2c23359-e6fb-4d50-ba94-d24146bd6e00,f6c42a41-eae5-4023-8f36-18ff8fc5c68f,8.0,kg,125.23,False
0f255194-7372-48d9-a677-0c7321e08db4,2026-05-31,4303b39e-474b-4805-8d74-0ef96edd0b2f,f2c23359-e6fb-4d50-ba94-d24146bd6e00,f6c42a41-eae5-4023-8f36-18ff8fc5c68f,7.0,kg,127.27,False
7a83284e-1a63-4526-b58a-8ed50039f17a,2026-06-01,4303b39e-474b-4805-8d74-0ef96edd0b2f,f2c23359-e6fb-4d50-ba94-d24146bd6e00,f6c42a41-eae5-4023-8f36-18ff8fc5c68f,8.0,kg,110.59,False
11a65708-3b2a-47ff-9628-a24183bbd02a,2026-06-02,4303b39e-474b-4805-8d74-0ef96edd0b2f,f2c23359-e6fb-4d50-ba94-d24146bd6e00,f6c42a41-eae5-4023-8f36-18ff8fc5c68f,5.0,kg,93.15,False
a7faf7e2-46ad-4151-a455-4a401e2ef51e,2026-06-03,4303b39e-474b-4805-8d74-0ef96edd0b2f,f2c23359-e6fb-4d50-ba94-d24146bd6e00,f6c42a41-eae5-4023-8f36-18ff8fc5c68f,6.0,kg,99.27,False
ec0ab7de-2f5f-4e90-95d8-a15c00f02ad6,2026-06-04,4303b39e-474b-4805-8d74-0ef96edd0b2f,f2c23359-e6fb-4d50-ba94-d24146bd6e00,f6c42a41-eae5-4023-8f36-18ff8fc5c68f,7.0,kg,123.91,False
2c5cd649-e6d3-40af-a781-e658b7f45c80,2026-06-05,4303b39e-474b-4805-8d74-0ef96edd0b2f,f2c23359-e6fb-4d50-ba94-d24146bd6e00,f6c42a41-eae5-4023-8f36-18ff8fc5c68f,8.0,kg,127.21,False
d3f5c3e1-f5df-4449-a3e3-94b650d523b5,2026-06-06,4303b39e-474b-4805-8d74-0ef96edd0b2f,f2c23359-e6fb-4d50-ba94-d24146bd6e00,f6c42a41-eae5-4023-8f36-18ff8fc5c68f,6.0,kg,103.05,False
27b61b63-48b4-47e2-8c50-347720f57b60,2026-06-07,4303b39e-474b-4805-8d74-0ef96edd0b2f,f2c23359-e6fb-4d50-ba94-d24146bd6e00,f6c42a41-eae5-4023-8f36-18ff8fc5c68f,12.0,kg,95.42,True
0210af9d-e66c-4e68-90a5-29bf81ea0cdb,2026-06-08,4303b39e-474b-4805-8d74-0ef96edd0b2f,f2c23359-e6fb-4d50-ba94-d24146bd6e00,f6c42a41-eae5-4023-8f36-18ff8fc5c68f,7.0,kg,111.54,False
0fe6e225-74e0-4a57-a5d6-7de95c6be45f,2026-06-09,4303b39e-474b-4805-8d74-0ef96edd0b2f,f2c23359-e6fb-4d50-ba94-d24146bd6e00,f6c42a41-eae5-4023-8f36-18ff8fc5c68f,6.0,kg,119.62,False
e9a45d56-aa70-46f4-aae4-6c27471a240e,2026-06-10,4303b39e-474b-4805-8d74-0ef96edd0b2f,f2c23359-e6fb-4d50-ba94-d24146bd6e00,f6c42a41-eae5-4023-8f36-18ff8fc5c68f,7.0,kg,111.63,False
d433089a-256c-4846-9db8-f6e894d473ab,2026-06-11,4303b39e-474b-4805-8d74-0ef96edd0b2f,f2c23359-e6fb-4d50-ba94-d24146bd6e00,f6c42a41-eae5-4023-8f36-18ff8fc5c68f,7.0,kg,95.72,False
0f51aa21-1917-4999-b26f-a4173008b24b,2026-06-12,4303b39e-474b-4805-8d74-0ef96edd0b2f,f2c23359-e6fb-4d50-ba94-d24146bd6e00,f6c42a41-eae5-4023-8f36-18ff8fc5c68f,6.0,kg,119.67,False
cac29281-bd14-47c6-a982-ccc5d205d8f3,2026-06-13,4303b39e-474b-4805-8d74-0ef96edd0b2f,f2c23359-e6fb-4d50-ba94-d24146bd6e00,f6c42a41-eae5-4023-8f36-18ff8fc5c68f,8.0,kg,110.93,False
89c94b2e-423e-43df-bf39-bdf007f1f6e7,2026-06-14,4303b39e-474b-4805-8d74-0ef96edd0b2f,f2c23359-e6fb-4d50-ba94-d24146bd6e00,f6c42a41-eae5-4023-8f36-18ff8fc5c68f,8.0,kg,109.02,False
97bd1480-8ac4-4c67-8779-bc7bfab969ed,2026-06-15,4303b39e-474b-4805-8d74-0ef96edd0b2f,f2c23359-e6fb-4d50-ba94-d24146bd6e00,f6c42a41-eae5-4023-8f36-18ff8fc5c68f,7.0,kg,105.23,False
a0163dbe-f53c-48f9-9212-4cab7bd1fb74,2026-06-16,4303b39e-474b-4805-8d74-0ef96edd0b2f,f2c23359-e6fb-4d50-ba94-d24146bd6e00,f6c42a41-eae5-4023-8f36-18ff8fc5c68f,7.0,kg,102.84,False
c4004c80-fc5e-4113-af30-6083b0d077f0,2026-06-17,4303b39e-474b-4805-8d74-0ef96edd0b2f,f2c23359-e6fb-4d50-ba94-d24146bd6e00,f6c42a41-eae5-4023-8f36-18ff8fc5c68f,8.0,kg,96.83,False
1a524bab-0fcb-4d61-806e-93b743875d13,2026-06-18,4303b39e-474b-4805-8d74-0ef96edd0b2f,f2c23359-e6fb-4d50-ba94-d24146bd6e00,f6c42a41-eae5-4023-8f36-18ff8fc5c68f,5.0,kg,113.43,False
39abfb33-da73-44ea-873b-f04e3aa16dd0,2026-06-19,4303b39e-474b-4805-8d74-0ef96edd0b2f,f2c23359-e6fb-4d50-ba94-d24146bd6e00,f6c42a41-eae5-4023-8f36-18ff8fc5c68f,9.0,kg,99.41,False
83b28401-a603-4d41-97d5-2056fae47d61,2026-06-20,4303b39e-474b-4805-8d74-0ef96edd0b2f,f2c23359-e6fb-4d50-ba94-d24146bd6e00,f6c42a41-eae5-4023-8f36-18ff8fc5c68f,5.0,kg,111.37,False
1fa99524-4459-474e-bce1-04f2912e3e38,2026-06-21,4303b39e-474b-4805-8d74-0ef96edd0b2f,f2c23359-e6fb-4d50-ba94-d24146bd6e00,f6c42a41-eae5-4023-8f36-18ff8fc5c68f,8.0,kg,131.06,False
450c07c2-7fdb-4b52-99c1-f0f2f5441abc,2026-06-22,4303b39e-474b-4805-8d74-0ef96edd0b2f,f2c23359-e6fb-4d50-ba94-d24146bd6e00,f6c42a41-eae5-4023-8f36-18ff8fc5c68f,7.0,kg,96.02,False
76513d87-874c-47b3-9236-7bb601008e86,2026-06-23,4303b39e-474b-4805-8d74-0ef96edd0b2f,f2c23359-e6fb-4d50-ba94-d24146bd6e00,f6c42a41-eae5-4023-8f36-18ff8fc5c68f,7.0,kg,101.1,False
10fa4f37-d014-423a-8e1c-b9ba4e77faf0,2026-06-24,4303b39e-474b-4805-8d74-0ef96edd0b2f,f2c23359-e6fb-4d50-ba94-d24146bd6e00,f6c42a41-eae5-4023-8f36-18ff8fc5c68f,6.0,kg,92.57,False
2da07940-4034-489d-a71c-72481e5777ba,2026-06-25,4303b39e-474b-4805-8d74-0ef96edd0b2f,f2c23359-e6fb-4d50-ba94-d24146bd6e00,f6c42a41-eae5-4023-8f36-18ff8fc5c68f,6.0,kg,102.97,False
1191aa3d-3e20-4498-a087-430efe62224c,2026-06-26,4303b39e-474b-4805-8d74-0ef96edd0b2f,f2c23359-e6fb-4d50-ba94-d24146bd6e00,f6c42a41-eae5-4023-8f36-18ff8fc5c68f,6.0,kg,114.13,False
d3d0d37f-919f-4c2d-91fb-d6a4d7bac4d0,2026-06-27,4303b39e-474b-4805-8d74-0ef96edd0b2f,f2c23359-e6fb-4d50-ba94-d24146bd6e00,f6c42a41-eae5-4023-8f36-18ff8fc5c68f,7.0,kg,126.74,False
46b1c9e8-64ef-4488-8b0f-0b22e5bd1bbb,2026-06-28,4303b39e-474b-4805-8d74-0ef96edd0b2f,f2c23359-e6fb-4d50-ba94-d24146bd6e00,f6c42a41-eae5-4023-8f36-18ff8fc5c68f,9.0,kg,126.91,False
fe86b363-2cb9-4967-bfa0-68867a1dabec,2026-06-29,4303b39e-474b-4805-8d74-0ef96edd0b2f,f2c23359-e6fb-4d50-ba94-d24146bd6e00,f6c42a41-eae5-4023-8f36-18ff8fc5c68f,7.0,kg,110.78,False
ed88b200-5ca6-4ea9-ab41-5d092a8b6eb9,2026-06-30,4303b39e-474b-4805-8d74-0ef96edd0b2f,f2c23359-e6fb-4d50-ba94-d24146bd6e00,f6c42a41-eae5-4023-8f36-18ff8fc5c68f,6.0,kg,99.37,False
87ce095f-76d4-4be2-b37d-07b4c3e36295,2026-07-01,4303b39e-474b-4805-8d74-0ef96edd0b2f,f2c23359-e6fb-4d50-ba94-d24146bd6e00,f6c42a41-eae5-4023-8f36-18ff8fc5c68f,9.0,kg,111.11,True
f9c52666-d92a-476f-b4dc-43c7918345f3,2026-07-02,4303b39e-474b-4805-8d74-0ef96edd0b2f,f2c23359-e6fb-4d50-ba94-d24146bd6e00,f6c42a41-eae5-4023-8f36-18ff8fc5c68f,7.0,kg,108.03,False
11125c88-6c6c-4454-bb00-8de853c2e6ad,2026-07-03,4303b39e-474b-4805-8d74-0ef96edd0b2f,f2c23359-e6fb-4d50-ba94-d24146bd6e00,f6c42a41-eae5-4023-8f36-18ff8fc5c68f,8.0,kg,117.18,True
8497dee6-26a8-453f-ad10-917e59d9fccf,2026-07-04,4303b39e-474b-4805-8d74-0ef96edd0b2f,f2c23359-e6fb-4d50-ba94-d24146bd6e00,f6c42a41-eae5-4023-8f36-18ff8fc5c68f,10.0,kg,97.97,True
eda49b1a-2d6e-4e67-86e5-b3705ba9ae9f,2026-07-05,4303b39e-474b-4805-8d74-0ef96edd0b2f,f2c23359-e6fb-4d50-ba94-d24146bd6e00,f6c42a41-eae5-4023-8f36-18ff8fc5c68f,7.0,kg,104.15,False
b4d1dbab-ce76-4168-bf33-4431cefdf7e0,2026-07-06,4303b39e-474b-4805-8d74-0ef96edd0b2f,f2c23359-e6fb-4d50-ba94-d24146bd6e00,f6c42a41-eae5-4023-8f36-18ff8fc5c68f,6.0,kg,122.58,False
82f09476-cd9b-4405-add2-e88bfc97b70e,2026-07-07,4303b39e-474b-4805-8d74-0ef96edd0b2f,f2c23359-e6fb-4d50-ba94-d24146bd6e00,f6c42a41-eae5-4023-8f36-18ff8fc5c68f,7.0,kg,123.63,False
836c4376-13cd-42d8-81d0-2d7eabad236d,2026-07-08,4303b39e-474b-4805-8d74-0ef96edd0b2f,f2c23359-e6fb-4d50-ba94-d24146bd6e00,f6c42a41-eae5-4023-8f36-18ff8fc5c68f,7.0,kg,112.9,False
4613216d-0505-405f-ac8a-3c4247180645,2026-07-09,4303b39e-474b-4805-8d74-0ef96edd0b2f,f2c23359-e6fb-4d50-ba94-d24146bd6e00,f6c42a41-eae5-4023-8f36-18ff8fc5c68f,6.0,kg,109.71,False
378cd431-a8b1-43d6-95e4-ed40c86c00d5,2026-07-10,4303b39e-474b-4805-8d74-0ef96edd0b2f,f2c23359-e6fb-4d50-ba94-d24146bd6e00,f6c42a41-eae5-4023-8f36-18ff8fc5c68f,6.0,kg,131.6,False
0c007e45-6ff2-40e2-9627-d46342de56b0,2026-07-11,4303b39e-474b-4805-8d74-0ef96edd0b2f,f2c23359-e6fb-4d50-ba94-d24146bd6e00,f6c42a41-eae5-4023-8f36-18ff8fc5c68f,9.0,kg,116.39,False
dbf29655-2bca-4165-9a8a-a85d7fefc50b,2026-07-12,4303b39e-474b-4805-8d74-0ef96edd0b2f,f2c23359-e6fb-4d50-ba94-d24146bd6e00,f6c42a41-eae5-4023-8f36-18ff8fc5c68f,7.0,kg,129.9,False
9aac69fa-251d-44f7-8739-ce9aaa27ea91,2026-07-13,4303b39e-474b-4805-8d74-0ef96edd0b2f,f2c23359-e6fb-4d50-ba94-d24146bd6e00,f6c42a41-eae5-4023-8f36-18ff8fc5c68f,7.0,kg,100.44,False
c30b8650-f2cd-4581-834a-4c136c36117f,2026-07-14,4303b39e-474b-4805-8d74-0ef96edd0b2f,f2c23359-e6fb-4d50-ba94-d24146bd6e00,f6c42a41-eae5-4023-8f36-18ff8fc5c68f,6.0,kg,98.28,False
5b941443-3b23-4950-84c8-e2aa04f2498b,2026-07-15,4303b39e-474b-4805-8d74-0ef96edd0b2f,f2c23359-e6fb-4d50-ba94-d24146bd6e00,f6c42a41-eae5-4023-8f36-18ff8fc5c68f,6.0,kg,95.0,False
42134174-2647-4424-b79e-59f3501760c0,2026-07-16,4303b39e-474b-4805-8d74-0ef96edd0b2f,f2c23359-e6fb-4d50-ba94-d24146bd6e00,f6c42a41-eae5-4023-8f36-18ff8fc5c68f,9.0,kg,115.75,True
cea368c6-1b37-4b21-89c9-13e4c338001a,2026-07-17,4303b39e-474b-4805-8d74-0ef96edd0b2f,f2c23359-e6fb-4d50-ba94-d24146bd6e00,f6c42a41-eae5-4023-8f36-18ff8fc5c68f,7.0,kg,101.26,False
e17b42ef-f610-4e53-9dc6-fce7cb50c6e9,2026-07-18,4303b39e-474b-4805-8d74-0ef96edd0b2f,f2c23359-e6fb-4d50-ba94-d24146bd6e00,f6c42a41-eae5-4023-8f36-18ff8fc5c68f,9.0,kg,120.12,False
0d6343e6-85e8-4394-89db-228b04a70c1c,2026-07-19,4303b39e-474b-4805-8d74-0ef96edd0b2f,f2c23359-e6fb-4d50-ba94-d24146bd6e00,f6c42a41-eae5-4023-8f36-18ff8fc5c68f,9.0,kg,119.5,False
185dc410-74d8-4f01-9147-d05dc537565b,2026-07-20,4303b39e-474b-4805-8d74-0ef96edd0b2f,f2c23359-e6fb-4d50-ba94-d24146bd6e00,f6c42a41-eae5-4023-8f36-18ff8fc5c68f,6.0,kg,117.0,False
1ef0fe79-c2d9-4774-99dd-8c8fb61870af,2026-07-21,4303b39e-474b-4805-8d74-0ef96edd0b2f,f2c23359-e6fb-4d50-ba94-d24146bd6e00,f6c42a41-eae5-4023-8f36-18ff8fc5c68f,7.0,kg,129.35,False
db9c0c69-561c-47f5-a3d2-91a162e5e803,2026-07-22,4303b39e-474b-4805-8d74-0ef96edd0b2f,f2c23359-e6fb-4d50-ba94-d24146bd6e00,f6c42a41-eae5-4023-8f36-18ff8fc5c68f,6.0,kg,113.78,False
b9b4fe71-7201-438f-949e-2e4f58904450,2026-07-23,4303b39e-474b-4805-8d74-0ef96edd0b2f,f2c23359-e6fb-4d50-ba94-d24146bd6e00,f6c42a41-eae5-4023-8f36-18ff8fc5c68f,6.0,kg,128.34,False
2698aec6-e9fe-4355-9190-bff66c93a6e3,2026-07-24,4303b39e-474b-4805-8d74-0ef96edd0b2f,f2c23359-e6fb-4d50-ba94-d24146bd6e00,f6c42a41-eae5-4023-8f36-18ff8fc5c68f,6.0,kg,94.86,False
5ff382fd-ab6d-4e7a-9136-0bfb2287afea,2026-07-25,4303b39e-474b-4805-8d74-0ef96edd0b2f,f2c23359-e6fb-4d50-ba94-d24146bd6e00,f6c42a41-eae5-4023-8f36-18ff8fc5c68f,8.0,kg,104.3,False
16e56c05-b119-43b0-8d23-b6439afb4176,2026-07-26,4303b39e-474b-4805-8d74-0ef96edd0b2f,f2c23359-e6fb-4d50-ba94-d24146bd6e00,f6c42a41-eae5-4023-8f36-18ff8fc5c68f,8.0,kg,103.54,False
5d09885b-7ee9-45e0-9706-09a8af8e94c0,2026-07-27,4303b39e-474b-4805-8d74-0ef96edd0b2f,f2c23359-e6fb-4d50-ba94-d24146bd6e00,f6c42a41-eae5-4023-8f36-18ff8fc5c68f,5.0,kg,119.55,False
9681ee99-b144-4a57-8596-a6d9af63745a,2026-07-28,4303b39e-474b-4805-8d74-0ef96edd0b2f,f2c23359-e6fb-4d50-ba94-d24146bd6e00,f6c42a41-eae5-4023-8f36-18ff8fc5c68f,8.0,kg,129.71,False
5c7ebfb8-fd32-456c-99b2-b5f79b825554,2026-07-29,4303b39e-474b-4805-8d74-0ef96edd0b2f,f2c23359-e6fb-4d50-ba94-d24146bd6e00,f6c42a41-eae5-4023-8f36-18ff8fc5c68f,5.0,kg,111.75,False
4390d843-6f7c-46bf-8ca3-2fbbdb6a8493,2026-07-30,4303b39e-474b-4805-8d74-0ef96edd0b2f,f2c23359-e6fb-4d50-ba94-d24146bd6e00,f6c42a41-eae5-4023-8f36-18ff8fc5c68f,5.0,kg,93.59,False
2bc12478-abdc-4a51-b64c-21477b9d3cc7,2026-07-31,4303b39e-474b-4805-8d74-0ef96edd0b2f,f2c23359-e6fb-4d50-ba94-d24146bd6e00,f6c42a41-eae5-4023-8f36-18ff8fc5c68f,7.0,kg,104.89,False
1b2ac767-ca34-4bd1-ae75-d019e288f897,2026-08-01,4303b39e-474b-4805-8d74-0ef96edd0b2f,f2c23359-e6fb-4d50-ba94-d24146bd6e00,f6c42a41-eae5-4023-8f36-18ff8fc5c68f,8.0,kg,130.48,False
ce223a50-321d-4611-8653-e54a46588d15,2026-08-02,4303b39e-474b-4805-8d74-0ef96edd0b2f,f2c23359-e6fb-4d50-ba94-d24146bd6e00,f6c42a41-eae5-4023-8f36-18ff8fc5c68f,8.0,kg,115.01,False
a8de6d1c-dd6d-4f4e-a771-39d44ceefd93,2026-08-03,4303b39e-474b-4805-8d74-0ef96edd0b2f,f2c23359-e6fb-4d50-ba94-d24146bd6e00,f6c42a41-eae5-4023-8f36-18ff8fc5c68f,6.0,kg,131.98,False
ff917445-ce53-4baa-aeff-047da11d4799,2026-08-04,4303b39e-474b-4805-8d74-0ef96edd0b2f,f2c23359-e6fb-4d50-ba94-d24146bd6e00,f6c42a41-eae5-4023-8f36-18ff8fc5c68f,6.0,kg,102.78,False
255a6f11-bcb1-4e72-915f-a4f4c1110f9e,2026-08-05,4303b39e-474b-4805-8d74-0ef96edd0b2f,f2c23359-e6fb-4d50-ba94-d24146bd6e00,f6c42a41-eae5-4023-8f36-18ff8fc5c68f,6.0,kg,110.82,True
2c91b860-c420-48ae-8aa1-710c67490c97,2026-08-06,4303b39e-474b-4805-8d74-0ef96edd0b2f,f2c23359-e6fb-4d50-ba94-d24146bd6e00,f6c42a41-eae5-4023-8f36-18ff8fc5c68f,6.0,kg,128.64,False
e769d8f6-3cde-4fb5-ae75-53f0717798d2,2026-08-07,4303b39e-474b-4805-8d74-0ef96edd0b2f,f2c23359-e6fb-4d50-ba94-d24146bd6e00,f6c42a41-eae5-4023-8f36-18ff8fc5c68f,5.0,kg,115.41,False
017c6306-dd34-4179-bc74-7a4441560237,2026-08-08,4303b39e-474b-4805-8d74-0ef96edd0b2f,f2c23359-e6fb-4d50-ba94-d24146bd6e00,f6c42a41-eae5-4023-8f36-18ff8fc5c68f,8.0,kg,111.67,False
d0d8df6c-9eb4-4408-aead-d898e273ddc6,2026-08-09,4303b39e-474b-4805-8d74-0ef96edd0b2f,f2c23359-e6fb-4d50-ba94-d24146bd6e00,f6c42a41-eae5-4023-8f36-18ff8fc5c68f,7.0,kg,105.92,False
9d2fb929-cc11-4c5e-9d27-b4eaa221af2c,2026-08-10,4303b39e-474b-4805-8d74-0ef96edd0b2f,f2c23359-e6fb-4d50-ba94-d24146bd6e00,f6c42a41-eae5-4023-8f36-18ff8fc5c68f,5.0,kg,118.81,False
03b2ec86-92e1-406e-bb78-6e6bae56f666,2026-08-11,4303b39e-474b-4805-8d74-0ef96edd0b2f,f2c23359-e6fb-4d50-ba94-d24146bd6e00,f6c42a41-eae5-4023-8f36-18ff8fc5c68f,5.0,kg,105.19,False
aa53d1da-973d-446b-9e54-250bacd3ef62,2026-08-12,4303b39e-474b-4805-8d74-0ef96edd0b2f,f2c23359-e6fb-4d50-ba94-d24146bd6e00,f6c42a41-eae5-4023-8f36-18ff8fc5c68f,6.0,kg,129.81,False
a75105c5-d876-446d-9977-a6c4a5814877,2026-08-13,4303b39e-474b-4805-8d74-0ef96edd0b2f,f2c23359-e6fb-4d50-ba94-d24146bd6e00,f6c42a41-eae5-4023-8f36-18ff8fc5c68f,5.0,kg,114.0,False
9265ce4c-6a7f-4aa7-bee3-5a2d46f98494,2026-08-14,4303b39e-474b-4805-8d74-0ef96edd0b2f,f2c23359-e6fb-4d50-ba94-d24146bd6e00,f6c42a41-eae5-4023-8f36-18ff8fc5c68f,5.0,kg,104.58,False
3cea450c-a859-4407-9ebc-8145b7606efd,2026-08-15,4303b39e-474b-4805-8d74-0ef96edd0b2f,f2c23359-e6fb-4d50-ba94-d24146bd6e00,f6c42a41-eae5-4023-8f36-18ff8fc5c68f,7.0,kg,130.81,False
0ace6851-e227-45de-89cc-40806d663523,2026-08-16,4303b39e-474b-4805-8d74-0ef96edd0b2f,f2c23359-e6fb-4d50-ba94-d24146bd6e00,f6c42a41-eae5-4023-8f36-18ff8fc5c68f,7.0,kg,112.58,False
a7a396d3-aba1-4cd6-bdcf-22b5a72697af,2026-08-17,4303b39e-474b-4805-8d74-0ef96edd0b2f,f2c23359-e6fb-4d50-ba94-d24146bd6e00,f6c42a41-eae5-4023-8f36-18ff8fc5c68f,5.0,kg,113.7,False
243c49eb-c454-453e-acd6-08cc765e6081,2026-08-18,4303b39e-474b-4805-8d74-0ef96edd0b2f,f2c23359-e6fb-4d50-ba94-d24146bd6e00,f6c42a41-eae5-4023-8f36-18ff8fc5c68f,5.0,kg,99.5,False
4fb01561-44f5-4794-aec3-89c6c52bf40c,2026-08-19,4303b39e-474b-4805-8d74-0ef96edd0b2f,f2c23359-e6fb-4d50-ba94-d24146bd6e00,f6c42a41-eae5-4023-8f36-18ff8fc5c68f,6.0,kg,122.26,False
b88e64af-8013-4ec5-9f64-8cf7a2696a05,2026-08-20,4303b39e-474b-4805-8d74-0ef96edd0b2f,f2c23359-e6fb-4d50-ba94-d24146bd6e00,f6c42a41-eae5-4023-8f36-18ff8fc5c68f,4.0,kg,122.4,False
176c6ea8-2c4e-4ad0-a742-2ee37c935a49,2026-08-21,4303b39e-474b-4805-8d74-0ef96edd0b2f,f2c23359-e6fb-4d50-ba94-d24146bd6e00,f6c42a41-eae5-4023-8f36-18ff8fc5c68f,4.0,kg,113.97,False
a6bef1fa-0656-4be4-8720-60c96845c6a0,2026-08-22,4303b39e-474b-4805-8d74-0ef96edd0b2f,f2c23359-e6fb-4d50-ba94-d24146bd6e00,f6c42a41-eae5-4023-8f36-18ff8fc5c68f,6.0,kg,109.52,False
404ea860-8310-453b-a8a8-2711c2c08ccd,2026-08-23,4303b39e-474b-4805-8d74-0ef96edd0b2f,f2c23359-e6fb-4d50-ba94-d24146bd6e00,f6c42a41-eae5-4023-8f36-18ff8fc5c68f,7.0,kg,96.86,False
e4ff3f2f-6996-4bd2-a04a-adaf39b76838,2026-08-24,4303b39e-474b-4805-8d74-0ef96edd0b2f,f2c23359-e6fb-4d50-ba94-d24146bd6e00,f6c42a41-eae5-4023-8f36-18ff8fc5c68f,6.0,kg,101.57,False
3a4cc11a-76d0-4ad4-aa04-fb64acfbbb17,2026-08-25,4303b39e-474b-4805-8d74-0ef96edd0b2f,f2c23359-e6fb-4d50-ba94-d24146bd6e00,f6c42a41-eae5-4023-8f36-18ff8fc5c68f,7.0,kg,114.03,False
ca13f655-5969-452c-954b-041d45b0d754,2026-08-26,4303b39e-474b-4805-8d74-0ef96edd0b2f,f2c23359-e6fb-4d50-ba94-d24146bd6e00,f6c42a41-eae5-4023-8f36-18ff8fc5c68f,6.0,kg,95.73,False
ae60d3e1-9e08-4d04-b8f7-7b3623fef252,2026-08-27,4303b39e-474b-4805-8d74-0ef96edd0b2f,f2c23359-e6fb-4d50-ba94-d24146bd6e00,f6c42a41-eae5-4023-8f36-18ff8fc5c68f,5.0,kg,128.52,False
e0dbb134-738f-4fd2-be3d-39b1dc60ccef,2026-08-28,4303b39e-474b-4805-8d74-0ef96edd0b2f,f2c23359-e6fb-4d50-ba94-d24146bd6e00,f6c42a41-eae5-4023-8f36-18ff8fc5c68f,6.0,kg,96.7,False
592f802d-b559-4c06-9ac7-7e7c98035713,2026-08-29,4303b39e-474b-4805-8d74-0ef96edd0b2f,f2c23359-e6fb-4d50-ba94-d24146bd6e00,f6c42a41-eae5-4023-8f36-18ff8fc5c68f,6.0,kg,111.94,False
9a9ca562-6c81-4b4e-b309-0c762f2789eb,2026-08-30,4303b39e-474b-4805-8d74-0ef96edd0b2f,f2c23359-e6fb-4d50-ba94-d24146bd6e00,f6c42a41-eae5-4023-8f36-18ff8fc5c68f,7.0,kg,102.94,False
8de7655a-d9db-4209-8362-cdd95d4a3983,2026-08-31,4303b39e-474b-4805-8d74-0ef96edd0b2f,f2c23359-e6fb-4d50-ba94-d24146bd6e00,f6c42a41-eae5-4023-8f36-18ff8fc5c68f,5.0,kg,131.21,False
b0fbc174-3ecb-4d3e-8018-488466159c73,2026-09-01,4303b39e-474b-4805-8d74-0ef96edd0b2f,f2c23359-e6fb-4d50-ba94-d24146bd6e00,f6c42a41-eae5-4023-8f36-18ff8fc5c68f,6.0,kg,114.05,False
e915b591-a74f-43f2-9a4e-9aa1bad6b606,2026-09-02,4303b39e-474b-4805-8d74-0ef96edd0b2f,f2c23359-e6fb-4d50-ba94-d24146bd6e00,f6c42a41-eae5-4023-8f36-18ff8fc5c68f,5.0,kg,128.87,False
df0ebbfe-b80a-4150-a9ef-bcec11fa9c04,2026-09-03,4303b39e-474b-4805-8d74-0ef96edd0b2f,f2c23359-e6fb-4d50-ba94-d24146bd6e00,f6c42a41-eae5-4023-8f36-18ff8fc5c68f,6.0,kg,127.17,False
8186ca2f-668e-451a-b8b1-8e025899ef62,2026-09-04,4303b39e-474b-4805-8d74-0ef96edd0b2f,f2c23359-e6fb-4d50-ba94-d24146bd6e00,f6c42a41-eae5-4023-8f36-18ff8fc5c68f,7.0,kg,103.05,False
dd596fd0-d497-4d58-9eb8-8fe6165404b3,2026-09-05,4303b39e-474b-4805-8d74-0ef96edd0b2f,f2c23359-e6fb-4d50-ba94-d24146bd6e00,f6c42a41-eae5-4023-8f36-18ff8fc5c68f,7.0,kg,129.37,False
9282cb8c-0170-4d80-bb55-14e9a1d9c910,2026-09-06,4303b39e-474b-4805-8d74-0ef96edd0b2f,f2c23359-e6fb-4d50-ba94-d24146bd6e00,f6c42a41-eae5-4023-8f36-18ff8fc5c68f,7.0,kg,124.82,False
f8040bc0-b732-4f24-988f-e1c41d9ecb32,2026-09-07,4303b39e-474b-4805-8d74-0ef96edd0b2f,f2c23359-e6fb-4d50-ba94-d24146bd6e00,f6c42a41-eae5-4023-8f36-18ff8fc5c68f,6.0,kg,103.94,False
6a0a306c-54de-4953-bf92-e1dd8038efcc,2025-09-08,4303b39e-474b-4805-8d74-0ef96edd0b2f,9810d51c-eb53-4bfb-9a67-5c0a5d1fa1ba,2d5452e8-599f-44b2-a05e-fc5f22fee653,3.0,kg,83.69,False
44358e5b-5f77-4404-b721-758f5442e1c4,2025-09-09,4303b39e-474b-4805-8d74-0ef96edd0b2f,9810d51c-eb53-4bfb-9a67-5c0a5d1fa1ba,2d5452e8-599f-44b2-a05e-fc5f22fee653,4.0,kg,85.16,False
54921eb2-cb31-4801-b07b-348e4cf3f611,2025-09-10,4303b39e-474b-4805-8d74-0ef96edd0b2f,9810d51c-eb53-4bfb-9a67-5c0a5d1fa1ba,2d5452e8-599f-44b2-a05e-fc5f22fee653,4.0,kg,85.56,False
2028610c-0a14-4d6d-8ad6-1215efbc0493,2025-09-11,4303b39e-474b-4805-8d74-0ef96edd0b2f,9810d51c-eb53-4bfb-9a67-5c0a5d1fa1ba,2d5452e8-599f-44b2-a05e-fc5f22fee653,4.0,kg,82.66,False
2c1a6b26-41b7-436d-925a-b84a24ff9870,2025-09-12,4303b39e-474b-4805-8d74-0ef96edd0b2f,9810d51c-eb53-4bfb-9a67-5c0a5d1fa1ba,2d5452e8-599f-44b2-a05e-fc5f22fee653,3.0,kg,74.66,False
7fb1df10-5a3e-4c4b-a96e-6d20ae85fba6,2025-09-13,4303b39e-474b-4805-8d74-0ef96edd0b2f,9810d51c-eb53-4bfb-9a67-5c0a5d1fa1ba,2d5452e8-599f-44b2-a05e-fc5f22fee653,4.0,kg,86.15,False
5645a3be-4e39-4277-b6c2-d39c489b5594,2025-09-14,4303b39e-474b-4805-8d74-0ef96edd0b2f,9810d51c-eb53-4bfb-9a67-5c0a5d1fa1ba,2d5452e8-599f-44b2-a05e-fc5f22fee653,5.0,kg,92.27,False
e0006727-e59a-4f9e-96db-d9a6ae3a5866,2025-09-15,4303b39e-474b-4805-8d74-0ef96edd0b2f,9810d51c-eb53-4bfb-9a67-5c0a5d1fa1ba,2d5452e8-599f-44b2-a05e-fc5f22fee653,5.0,kg,90.16,True
424d5fc9-77e2-4153-b5af-fa02a86f3694,2025-09-16,4303b39e-474b-4805-8d74-0ef96edd0b2f,9810d51c-eb53-4bfb-9a67-5c0a5d1fa1ba,2d5452e8-599f-44b2-a05e-fc5f22fee653,4.0,kg,80.58,False
3e9e449f-dc58-425d-b7e2-bffe0148403e,2025-09-17,4303b39e-474b-4805-8d74-0ef96edd0b2f,9810d51c-eb53-4bfb-9a67-5c0a5d1fa1ba,2d5452e8-599f-44b2-a05e-fc5f22fee653,5.0,kg,93.62,False
7d52c4c2-085b-4363-b57d-00eb22123cf1,2025-09-18,4303b39e-474b-4805-8d74-0ef96edd0b2f,9810d51c-eb53-4bfb-9a67-5c0a5d1fa1ba,2d5452e8-599f-44b2-a05e-fc5f22fee653,3.0,kg,83.86,False
956d7f07-a6f8-48da-ad92-62c873289789,2025-09-19,4303b39e-474b-4805-8d74-0ef96edd0b2f,9810d51c-eb53-4bfb-9a67-5c0a5d1fa1ba,2d5452e8-599f-44b2-a05e-fc5f22fee653,5.0,kg,84.07,True
2dcf8ada-da75-45d1-9ff6-039d4b527395,2025-09-20,4303b39e-474b-4805-8d74-0ef96edd0b2f,9810d51c-eb53-4bfb-9a67-5c0a5d1fa1ba,2d5452e8-599f-44b2-a05e-fc5f22fee653,5.0,kg,95.09,False
d9c9a1fa-a2ad-4201-88f3-4243a13deee8,2025-09-21,4303b39e-474b-4805-8d74-0ef96edd0b2f,9810d51c-eb53-4bfb-9a67-5c0a5d1fa1ba,2d5452e8-599f-44b2-a05e-fc5f22fee653,6.0,kg,84.78,False
1a2f1495-cf2a-48f8-9f44-f1e5ac970d5d,2025-09-22,4303b39e-474b-4805-8d74-0ef96edd0b2f,9810d51c-eb53-4bfb-9a67-5c0a5d1fa1ba,2d5452e8-599f-44b2-a05e-fc5f22fee653,3.0,kg,90.67,False
97d24e9e-eb50-4c7f-bc83-f0ee6b6517a1,2025-09-23,4303b39e-474b-4805-8d74-0ef96edd0b2f,9810d51c-eb53-4bfb-9a67-5c0a5d1fa1ba,2d5452e8-599f-44b2-a05e-fc5f22fee653,3.0,kg,88.64,False
71716371-996e-4c52-866a-385d54d63790,2025-09-24,4303b39e-474b-4805-8d74-0ef96edd0b2f,9810d51c-eb53-4bfb-9a67-5c0a5d1fa1ba,2d5452e8-599f-44b2-a05e-fc5f22fee653,3.0,kg,83.08,False
aac42475-fb52-4e89-a821-ffff2aacb5e8,2025-09-25,4303b39e-474b-4805-8d74-0ef96edd0b2f,9810d51c-eb53-4bfb-9a67-5c0a5d1fa1ba,2d5452e8-599f-44b2-a05e-fc5f22fee653,2.0,kg,79.16,False
e216318a-5a78-4c5b-8f38-0a568c8c798a,2025-09-26,4303b39e-474b-4805-8d74-0ef96edd0b2f,9810d51c-eb53-4bfb-9a67-5c0a5d1fa1ba,2d5452e8-599f-44b2-a05e-fc5f22fee653,3.0,kg,88.5,False
903e0715-8e18-4ecf-aef5-b01479484e30,2025-09-27,4303b39e-474b-4805-8d74-0ef96edd0b2f,9810d51c-eb53-4bfb-9a67-5c0a5d1fa1ba,2d5452e8-599f-44b2-a05e-fc5f22fee653,4.0,kg,94.78,False
3e86205b-e2e4-4c75-872d-e368df5f637b,2025-09-28,4303b39e-474b-4805-8d74-0ef96edd0b2f,9810d51c-eb53-4bfb-9a67-5c0a5d1fa1ba,2d5452e8-599f-44b2-a05e-fc5f22fee653,5.0,kg,78.5,False
a04bd5c9-b57e-495d-b404-f62cbca24070,2025-09-29,4303b39e-474b-4805-8d74-0ef96edd0b2f,9810d51c-eb53-4bfb-9a67-5c0a5d1fa1ba,2d5452e8-599f-44b2-a05e-fc5f22fee653,4.0,kg,91.78,False
95f34b17-e42d-4145-a8c0-524f9517fd3b,2025-09-30,4303b39e-474b-4805-8d74-0ef96edd0b2f,9810d51c-eb53-4bfb-9a67-5c0a5d1fa1ba,2d5452e8-599f-44b2-a05e-fc5f22fee653,5.0,kg,70.08,False
fb5ba7dd-fa97-427f-ab94-1bac8517ee2f,2025-10-01,4303b39e-474b-4805-8d74-0ef96edd0b2f,9810d51c-eb53-4bfb-9a67-5c0a5d1fa1ba,2d5452e8-599f-44b2-a05e-fc5f22fee653,5.0,kg,87.93,True
dacf1940-f0a0-4138-8129-20a928e1e5fc,2025-10-02,4303b39e-474b-4805-8d74-0ef96edd0b2f,9810d51c-eb53-4bfb-9a67-5c0a5d1fa1ba,2d5452e8-599f-44b2-a05e-fc5f22fee653,3.0,kg,98.92,False
bc973f80-c3dd-4671-9cf9-9fefe1b35f67,2025-10-03,4303b39e-474b-4805-8d74-0ef96edd0b2f,9810d51c-eb53-4bfb-9a67-5c0a5d1fa1ba,2d5452e8-599f-44b2-a05e-fc5f22fee653,3.0,kg,82.02,False
9bd2da60-57a8-486f-9f46-0cf78e2616d3,2025-10-04,4303b39e-474b-4805-8d74-0ef96edd0b2f,9810d51c-eb53-4bfb-9a67-5c0a5d1fa1ba,2d5452e8-599f-44b2-a05e-fc5f22fee653,5.0,kg,95.18,False
e5592e8b-2708-4f4c-b319-f9975bade72a,2025-10-05,4303b39e-474b-4805-8d74-0ef96edd0b2f,9810d51c-eb53-4bfb-9a67-5c0a5d1fa1ba,2d5452e8-599f-44b2-a05e-fc5f22fee653,3.0,kg,89.82,False
e5d1c8a9-9e91-4e6b-8066-16784c46b494,2025-10-06,4303b39e-474b-4805-8d74-0ef96edd0b2f,9810d51c-eb53-4bfb-9a67-5c0a5d1fa1ba,2d5452e8-599f-44b2-a05e-fc5f22fee653,5.0,kg,70.38,False
4473d159-6051-4230-954c-36b6eb7a774d,2025-10-07,4303b39e-474b-4805-8d74-0ef96edd0b2f,9810d51c-eb53-4bfb-9a67-5c0a5d1fa1ba,2d5452e8-599f-44b2-a05e-fc5f22fee653,4.0,kg,77.8,False
a168e602-3344-497c-bb48-c5505f0599d9,2025-10-08,4303b39e-474b-4805-8d74-0ef96edd0b2f,9810d51c-eb53-4bfb-9a67-5c0a5d1fa1ba,2d5452e8-599f-44b2-a05e-fc5f22fee653,3.0,kg,73.37,False
c6b9447a-a9d6-4566-bd72-bdb2fdb21a3f,2025-10-09,4303b39e-474b-4805-8d74-0ef96edd0b2f,9810d51c-eb53-4bfb-9a67-5c0a5d1fa1ba,2d5452e8-599f-44b2-a05e-fc5f22fee653,3.0,kg,85.98,False
aff4e425-152a-4b24-b925-29b211de6a68,2025-10-10,4303b39e-474b-4805-8d74-0ef96edd0b2f,9810d51c-eb53-4bfb-9a67-5c0a5d1fa1ba,2d5452e8-599f-44b2-a05e-fc5f22fee653,4.0,kg,71.37,False
cb3457ce-f089-47cb-a1f1-2627cde1cb17,2025-10-11,4303b39e-474b-4805-8d74-0ef96edd0b2f,9810d51c-eb53-4bfb-9a67-5c0a5d1fa1ba,2d5452e8-599f-44b2-a05e-fc5f22fee653,4.0,kg,87.59,False
a3a28c9a-17f6-4d83-b4d1-2b73a45c6f1a,2025-10-12,4303b39e-474b-4805-8d74-0ef96edd0b2f,9810d51c-eb53-4bfb-9a67-5c0a5d1fa1ba,2d5452e8-599f-44b2-a05e-fc5f22fee653,5.0,kg,96.38,False
d2e5e327-c69c-42cb-9bc3-b1ae7d9988ca,2025-10-13,4303b39e-474b-4805-8d74-0ef96edd0b2f,9810d51c-eb53-4bfb-9a67-5c0a5d1fa1ba,2d5452e8-599f-44b2-a05e-fc5f22fee653,3.0,kg,82.83,False
6b51af16-1174-4582-b91c-bad2c61e9306,2025-10-14,4303b39e-474b-4805-8d74-0ef96edd0b2f,9810d51c-eb53-4bfb-9a67-5c0a5d1fa1ba,2d5452e8-599f-44b2-a05e-fc5f22fee653,3.0,kg,76.66,False
0aaa1d41-d1b9-450d-9f94-787eced65dc4,2025-10-15,4303b39e-474b-4805-8d74-0ef96edd0b2f,9810d51c-eb53-4bfb-9a67-5c0a5d1fa1ba,2d5452e8-599f-44b2-a05e-fc5f22fee653,4.0,kg,96.04,True
62da564a-eb1f-430f-a558-c8ad9ca09aed,2025-10-16,4303b39e-474b-4805-8d74-0ef96edd0b2f,9810d51c-eb53-4bfb-9a67-5c0a5d1fa1ba,2d5452e8-599f-44b2-a05e-fc5f22fee653,4.0,kg,73.74,False
8059025d-d979-490b-ad1e-18f1adef9c24,2025-10-17,4303b39e-474b-4805-8d74-0ef96edd0b2f,9810d51c-eb53-4bfb-9a67-5c0a5d1fa1ba,2d5452e8-599f-44b2-a05e-fc5f22fee653,3.0,kg,79.37,False
c196dde8-a70c-4821-b9f5-a9741cfcac5e,2025-10-18,4303b39e-474b-4805-8d74-0ef96edd0b2f,9810d51c-eb53-4bfb-9a67-5c0a5d1fa1ba,2d5452e8-599f-44b2-a05e-fc5f22fee653,5.0,kg,88.17,False
39d56230-de0b-45f4-a152-7dee6a2c71ab,2025-10-19,4303b39e-474b-4805-8d74-0ef96edd0b2f,9810d51c-eb53-4bfb-9a67-5c0a5d1fa1ba,2d5452e8-599f-44b2-a05e-fc5f22fee653,4.0,kg,76.5,False
efc2c3a4-9caa-4702-8d05-6b66f506f9eb,2025-10-20,4303b39e-474b-4805-8d74-0ef96edd0b2f,9810d51c-eb53-4bfb-9a67-5c0a5d1fa1ba,2d5452e8-599f-44b2-a05e-fc5f22fee653,3.0,kg,74.98,False
090df03a-4ef5-42d9-a836-72747a2eefa3,2025-10-21,4303b39e-474b-4805-8d74-0ef96edd0b2f,9810d51c-eb53-4bfb-9a67-5c0a5d1fa1ba,2d5452e8-599f-44b2-a05e-fc5f22fee653,4.0,kg,83.5,False
c3085e95-9790-4418-a421-0ab823f346b7,2025-10-22,4303b39e-474b-4805-8d74-0ef96edd0b2f,9810d51c-eb53-4bfb-9a67-5c0a5d1fa1ba,2d5452e8-599f-44b2-a05e-fc5f22fee653,4.0,kg,86.24,False
96185354-c2b6-44f6-b1ce-b4da1feb3972,2025-10-23,4303b39e-474b-4805-8d74-0ef96edd0b2f,9810d51c-eb53-4bfb-9a67-5c0a5d1fa1ba,2d5452e8-599f-44b2-a05e-fc5f22fee653,4.0,kg,77.86,False
d0f23b4b-5ef0-47ae-9ce2-b860d46326ed,2025-10-24,4303b39e-474b-4805-8d74-0ef96edd0b2f,9810d51c-eb53-4bfb-9a67-5c0a5d1fa1ba,2d5452e8-599f-44b2-a05e-fc5f22fee653,3.0,kg,88.75,False
8bc07433-2f9d-4350-ad23-6e44793bab34,2025-10-25,4303b39e-474b-4805-8d74-0ef96edd0b2f,9810d51c-eb53-4bfb-9a67-5c0a5d1fa1ba,2d5452e8-599f-44b2-a05e-fc5f22fee653,3.0,kg,85.98,False
df57b747-247c-472d-aa60-9fe3975c2146,2025-10-26,4303b39e-474b-4805-8d74-0ef96edd0b2f,9810d51c-eb53-4bfb-9a67-5c0a5d1fa1ba,2d5452e8-599f-44b2-a05e-fc5f22fee653,5.0,kg,91.34,False
a6803d2e-1431-44b4-a07c-684ec3c77463,2025-10-27,4303b39e-474b-4805-8d74-0ef96edd0b2f,9810d51c-eb53-4bfb-9a67-5c0a5d1fa1ba,2d5452e8-599f-44b2-a05e-fc5f22fee653,5.0,kg,87.19,True
a04175c2-bf22-4f40-b6f4-0e23e989f371,2025-10-28,4303b39e-474b-4805-8d74-0ef96edd0b2f,9810d51c-eb53-4bfb-9a67-5c0a5d1fa1ba,2d5452e8-599f-44b2-a05e-fc5f22fee653,3.0,kg,77.59,False
2bec0e25-5dd3-4eff-b9c5-8c82c7e3be15,2025-10-29,4303b39e-474b-4805-8d74-0ef96edd0b2f,9810d51c-eb53-4bfb-9a67-5c0a5d1fa1ba,2d5452e8-599f-44b2-a05e-fc5f22fee653,4.0,kg,87.21,False
5d0b4da9-7599-4c63-b9b4-06c366803718,2025-10-30,4303b39e-474b-4805-8d74-0ef96edd0b2f,9810d51c-eb53-4bfb-9a67-5c0a5d1fa1ba,2d5452e8-599f-44b2-a05e-fc5f22fee653,4.0,kg,88.1,False
d2fcba92-559a-4eb2-b96d-781fa4c95f9b,2025-10-31,4303b39e-474b-4805-8d74-0ef96edd0b2f,9810d51c-eb53-4bfb-9a67-5c0a5d1fa1ba,2d5452e8-599f-44b2-a05e-fc5f22fee653,4.0,kg,89.33,False
dff330be-36be-4e48-beb3-dbc65995bb87,2025-11-01,4303b39e-474b-4805-8d74-0ef96edd0b2f,9810d51c-eb53-4bfb-9a67-5c0a5d1fa1ba,2d5452e8-599f-44b2-a05e-fc5f22fee653,5.0,kg,88.78,False
f121d1b1-a20e-4e29-9b63-157fb5afc53f,2025-11-02,4303b39e-474b-4805-8d74-0ef96edd0b2f,9810d51c-eb53-4bfb-9a67-5c0a5d1fa1ba,2d5452e8-599f-44b2-a05e-fc5f22fee653,6.0,kg,87.85,False
02b89f75-ca6f-4c14-9e88-c20dae56d0f8,2025-11-03,4303b39e-474b-4805-8d74-0ef96edd0b2f,9810d51c-eb53-4bfb-9a67-5c0a5d1fa1ba,2d5452e8-599f-44b2-a05e-fc5f22fee653,5.0,kg,78.27,False
4e9900d5-e6ac-4328-8266-6bf21ddd0f33,2025-11-04,4303b39e-474b-4805-8d74-0ef96edd0b2f,9810d51c-eb53-4bfb-9a67-5c0a5d1fa1ba,2d5452e8-599f-44b2-a05e-fc5f22fee653,3.0,kg,86.39,False
0da77786-1ded-487e-b25c-fb5d0d3e16e9,2025-11-05,4303b39e-474b-4805-8d74-0ef96edd0b2f,9810d51c-eb53-4bfb-9a67-5c0a5d1fa1ba,2d5452e8-599f-44b2-a05e-fc5f22fee653,4.0,kg,71.7,False
005a41c9-ca09-4bbd-9065-70e7c03ee37e,2025-11-06,4303b39e-474b-4805-8d74-0ef96edd0b2f,9810d51c-eb53-4bfb-9a67-5c0a5d1fa1ba,2d5452e8-599f-44b2-a05e-fc5f22fee653,4.0,kg,91.42,False
a4390ce3-934f-4b26-8039-f14a921454fa,2025-11-07,4303b39e-474b-4805-8d74-0ef96edd0b2f,9810d51c-eb53-4bfb-9a67-5c0a5d1fa1ba,2d5452e8-599f-44b2-a05e-fc5f22fee653,4.0,kg,72.96,False
063939c7-1278-4768-b83b-1327babd6fb0,2025-11-08,4303b39e-474b-4805-8d74-0ef96edd0b2f,9810d51c-eb53-4bfb-9a67-5c0a5d1fa1ba,2d5452e8-599f-44b2-a05e-fc5f22fee653,4.0,kg,98.14,False
7f396aab-e9f4-4f2f-97be-262034af112f,2025-11-09,4303b39e-474b-4805-8d74-0ef96edd0b2f,9810d51c-eb53-4bfb-9a67-5c0a5d1fa1ba,2d5452e8-599f-44b2-a05e-fc5f22fee653,5.0,kg,93.91,False
a677ffe7-8232-4236-84fc-08d085c9fd12,2025-11-10,4303b39e-474b-4805-8d74-0ef96edd0b2f,9810d51c-eb53-4bfb-9a67-5c0a5d1fa1ba,2d5452e8-599f-44b2-a05e-fc5f22fee653,4.0,kg,93.74,False
bcafb9d8-7882-462f-9829-c0c7e478262e,2025-11-11,4303b39e-474b-4805-8d74-0ef96edd0b2f,9810d51c-eb53-4bfb-9a67-5c0a5d1fa1ba,2d5452e8-599f-44b2-a05e-fc5f22fee653,3.0,kg,93.19,False
5e61037f-156d-4ce1-a703-1ab1e70d6e18,2025-11-12,4303b39e-474b-4805-8d74-0ef96edd0b2f,9810d51c-eb53-4bfb-9a67-5c0a5d1fa1ba,2d5452e8-599f-44b2-a05e-fc5f22fee653,3.0,kg,79.16,False
16de486b-3508-407c-81be-b2411ce784ad,2025-11-13,4303b39e-474b-4805-8d74-0ef96edd0b2f,9810d51c-eb53-4bfb-9a67-5c0a5d1fa1ba,2d5452e8-599f-44b2-a05e-fc5f22fee653,2.0,kg,97.89,False
c527fbdc-62f4-48c7-bd57-bff7684ca53d,2025-11-14,4303b39e-474b-4805-8d74-0ef96edd0b2f,9810d51c-eb53-4bfb-9a67-5c0a5d1fa1ba,2d5452e8-599f-44b2-a05e-fc5f22fee653,3.0,kg,98.0,False
b986480f-5b44-4aaf-9ead-0fbf40bb7af2,2025-11-15,4303b39e-474b-4805-8d74-0ef96edd0b2f,9810d51c-eb53-4bfb-9a67-5c0a5d1fa1ba,2d5452e8-599f-44b2-a05e-fc5f22fee653,5.0,kg,90.73,False
18b0b60a-ac6e-49dc-bf86-31b89237f8c9,2025-11-16,4303b39e-474b-4805-8d74-0ef96edd0b2f,9810d51c-eb53-4bfb-9a67-5c0a5d1fa1ba,2d5452e8-599f-44b2-a05e-fc5f22fee653,6.0,kg,93.14,False
cd7243db-871a-4b12-bcaa-5c6a90ff4d92,2025-11-17,4303b39e-474b-4805-8d74-0ef96edd0b2f,9810d51c-eb53-4bfb-9a67-5c0a5d1fa1ba,2d5452e8-599f-44b2-a05e-fc5f22fee653,4.0,kg,92.72,False
fe32234a-a691-44ec-a118-b87507311404,2025-11-18,4303b39e-474b-4805-8d74-0ef96edd0b2f,9810d51c-eb53-4bfb-9a67-5c0a5d1fa1ba,2d5452e8-599f-44b2-a05e-fc5f22fee653,6.0,kg,85.1,True
c3b78c15-873f-4a2b-84f3-d48886ef367b,2025-11-19,4303b39e-474b-4805-8d74-0ef96edd0b2f,9810d51c-eb53-4bfb-9a67-5c0a5d1fa1ba,2d5452e8-599f-44b2-a05e-fc5f22fee653,3.0,kg,89.18,False
d6fff8b3-b357-4216-b14a-52a9e01316e2,2025-11-20,4303b39e-474b-4805-8d74-0ef96edd0b2f,9810d51c-eb53-4bfb-9a67-5c0a5d1fa1ba,2d5452e8-599f-44b2-a05e-fc5f22fee653,3.0,kg,86.54,False
fa6e92de-8ab7-4833-bd6f-c18ec8b06441,2025-11-21,4303b39e-474b-4805-8d74-0ef96edd0b2f,9810d51c-eb53-4bfb-9a67-5c0a5d1fa1ba,2d5452e8-599f-44b2-a05e-fc5f22fee653,4.0,kg,97.21,False
578e1f57-a9c2-4ba0-8e1d-c03a38b94577,2025-11-22,4303b39e-474b-4805-8d74-0ef96edd0b2f,9810d51c-eb53-4bfb-9a67-5c0a5d1fa1ba,2d5452e8-599f-44b2-a05e-fc5f22fee653,5.0,kg,76.01,False
1fcae204-12e2-4449-aa81-b8da385d40dd,2025-11-23,4303b39e-474b-4805-8d74-0ef96edd0b2f,9810d51c-eb53-4bfb-9a67-5c0a5d1fa1ba,2d5452e8-599f-44b2-a05e-fc5f22fee653,6.0,kg,85.84,True
93a847dc-41e5-492b-b876-9dfb9a74f4a1,2025-11-24,4303b39e-474b-4805-8d74-0ef96edd0b2f,9810d51c-eb53-4bfb-9a67-5c0a5d1fa1ba,2d5452e8-599f-44b2-a05e-fc5f22fee653,2.0,kg,75.64,False
57e45ad8-6b91-415a-af80-c1c37acb999d,2025-11-25,4303b39e-474b-4805-8d74-0ef96edd0b2f,9810d51c-eb53-4bfb-9a67-5c0a5d1fa1ba,2d5452e8-599f-44b2-a05e-fc5f22fee653,4.0,kg,93.72,True
1a3060ab-8bde-4cdd-9c80-2dbb6fe9743c,2025-11-26,4303b39e-474b-4805-8d74-0ef96edd0b2f,9810d51c-eb53-4bfb-9a67-5c0a5d1fa1ba,2d5452e8-599f-44b2-a05e-fc5f22fee653,3.0,kg,78.07,False
0f338751-851e-4ce8-b18a-1d1995ec2397,2025-11-27,4303b39e-474b-4805-8d74-0ef96edd0b2f,9810d51c-eb53-4bfb-9a67-5c0a5d1fa1ba,2d5452e8-599f-44b2-a05e-fc5f22fee653,4.0,kg,73.19,False
df175bd9-e52e-45ea-ac80-194cb6855add,2025-11-28,4303b39e-474b-4805-8d74-0ef96edd0b2f,9810d51c-eb53-4bfb-9a67-5c0a5d1fa1ba,2d5452e8-599f-44b2-a05e-fc5f22fee653,4.0,kg,78.13,False
0e61574e-7116-40f6-8169-5adcfd4fda5c,2025-11-29,4303b39e-474b-4805-8d74-0ef96edd0b2f,9810d51c-eb53-4bfb-9a67-5c0a5d1fa1ba,2d5452e8-599f-44b2-a05e-fc5f22fee653,4.0,kg,71.92,False
32367e58-85d9-4587-a117-a59798219922,2025-11-30,4303b39e-474b-4805-8d74-0ef96edd0b2f,9810d51c-eb53-4bfb-9a67-5c0a5d1fa1ba,2d5452e8-599f-44b2-a05e-fc5f22fee653,4.0,kg,82.61,False
02a114af-b55c-4d06-9049-b2a0d461565d,2025-12-01,4303b39e-474b-4805-8d74-0ef96edd0b2f,9810d51c-eb53-4bfb-9a67-5c0a5d1fa1ba,2d5452e8-599f-44b2-a05e-fc5f22fee653,3.0,kg,91.29,False
f6065324-a31f-4d82-a4fc-0fcd2eb71bf5,2025-12-02,4303b39e-474b-4805-8d74-0ef96edd0b2f,9810d51c-eb53-4bfb-9a67-5c0a5d1fa1ba,2d5452e8-599f-44b2-a05e-fc5f22fee653,4.0,kg,81.57,False
0c2a465d-a5cf-4a4c-9157-e33eba26f4d0,2025-12-03,4303b39e-474b-4805-8d74-0ef96edd0b2f,9810d51c-eb53-4bfb-9a67-5c0a5d1fa1ba,2d5452e8-599f-44b2-a05e-fc5f22fee653,4.0,kg,73.64,False
0a4be5d2-35f7-4b2d-b158-af2b13692a50,2025-12-04,4303b39e-474b-4805-8d74-0ef96edd0b2f,9810d51c-eb53-4bfb-9a67-5c0a5d1fa1ba,2d5452e8-599f-44b2-a05e-fc5f22fee653,3.0,kg,71.97,False
e4008ca4-d0e1-432b-b156-2b7c1d1fb5fd,2025-12-05,4303b39e-474b-4805-8d74-0ef96edd0b2f,9810d51c-eb53-4bfb-9a67-5c0a5d1fa1ba,2d5452e8-599f-44b2-a05e-fc5f22fee653,4.0,kg,97.55,False
15236363-5c6f-465e-bdd4-d053815161d2,2025-12-06,4303b39e-474b-4805-8d74-0ef96edd0b2f,9810d51c-eb53-4bfb-9a67-5c0a5d1fa1ba,2d5452e8-599f-44b2-a05e-fc5f22fee653,5.0,kg,80.12,True
a41b8f91-b8d0-4777-97d1-fdd1c12e3ef2,2025-12-07,4303b39e-474b-4805-8d74-0ef96edd0b2f,9810d51c-eb53-4bfb-9a67-5c0a5d1fa1ba,2d5452e8-599f-44b2-a05e-fc5f22fee653,4.0,kg,97.52,False
ba8fe3b7-bad6-4575-8c5b-1fb459c73b9a,2025-12-08,4303b39e-474b-4805-8d74-0ef96edd0b2f,9810d51c-eb53-4bfb-9a67-5c0a5d1fa1ba,2d5452e8-599f-44b2-a05e-fc5f22fee653,4.0,kg,71.98,False
ae10782a-b519-4ffd-9873-933883d5d72e,2025-12-09,4303b39e-474b-4805-8d74-0ef96edd0b2f,9810d51c-eb53-4bfb-9a67-5c0a5d1fa1ba,2d5452e8-599f-44b2-a05e-fc5f22fee653,3.0,kg,85.33,False
9626b5e7-97b1-459a-8e1d-5e6839f200c3,2025-12-10,4303b39e-474b-4805-8d74-0ef96edd0b2f,9810d51c-eb53-4bfb-9a67-5c0a5d1fa1ba,2d5452e8-599f-44b2-a05e-fc5f22fee653,3.0,kg,79.76,False
e3d36039-a59b-4221-b5f5-1e994d0cfbe7,2025-12-11,4303b39e-474b-4805-8d74-0ef96edd0b2f,9810d51c-eb53-4bfb-9a67-5c0a5d1fa1ba,2d5452e8-599f-44b2-a05e-fc5f22fee653,3.0,kg,72.66,False
cac9d584-14d9-4461-962d-f98fad854d4e,2025-12-12,4303b39e-474b-4805-8d74-0ef96edd0b2f,9810d51c-eb53-4bfb-9a67-5c0a5d1fa1ba,2d5452e8-599f-44b2-a05e-fc5f22fee653,5.0,kg,82.64,False
9dbd75be-82fb-4ec5-ba27-3b2ea30e8d67,2025-12-13,4303b39e-474b-4805-8d74-0ef96edd0b2f,9810d51c-eb53-4bfb-9a67-5c0a5d1fa1ba,2d5452e8-599f-44b2-a05e-fc5f22fee653,5.0,kg,88.25,False
f8d54682-f980-4e76-841c-8ccee8b9b400,2025-12-14,4303b39e-474b-4805-8d74-0ef96edd0b2f,9810d51c-eb53-4bfb-9a67-5c0a5d1fa1ba,2d5452e8-599f-44b2-a05e-fc5f22fee653,4.0,kg,69.64,False
e47600cf-2142-4b04-a537-21ff5c4e6cc5,2025-12-15,4303b39e-474b-4805-8d74-0ef96edd0b2f,9810d51c-eb53-4bfb-9a67-5c0a5d1fa1ba,2d5452e8-599f-44b2-a05e-fc5f22fee653,4.0,kg,72.78,False
1b769587-44cb-4558-b23f-bff9c215323c,2025-12-16,4303b39e-474b-4805-8d74-0ef96edd0b2f,9810d51c-eb53-4bfb-9a67-5c0a5d1fa1ba,2d5452e8-599f-44b2-a05e-fc5f22fee653,4.0,kg,71.06,False
644ace06-d253-4a2b-ba43-81c24b01c3f3,2025-12-17,4303b39e-474b-4805-8d74-0ef96edd0b2f,9810d51c-eb53-4bfb-9a67-5c0a5d1fa1ba,2d5452e8-599f-44b2-a05e-fc5f22fee653,4.0,kg,75.21,False
a8f6fe52-de3d-4c0f-b216-9ab3158599f1,2025-12-18,4303b39e-474b-4805-8d74-0ef96edd0b2f,9810d51c-eb53-4bfb-9a67-5c0a5d1fa1ba,2d5452e8-599f-44b2-a05e-fc5f22fee653,4.0,kg,95.09,False
51e4d3e0-ca7b-44ff-954a-ebcc1b8de166,2025-12-19,4303b39e-474b-4805-8d74-0ef96edd0b2f,9810d51c-eb53-4bfb-9a67-5c0a5d1fa1ba,2d5452e8-599f-44b2-a05e-fc5f22fee653,4.0,kg,73.43,False
6878ac64-ec60-4c2a-824f-0408bd8b01a0,2025-12-20,4303b39e-474b-4805-8d74-0ef96edd0b2f,9810d51c-eb53-4bfb-9a67-5c0a5d1fa1ba,2d5452e8-599f-44b2-a05e-fc5f22fee653,4.0,kg,94.75,False
0e3ea17f-1362-4377-ab6c-ca215c3069a4,2025-12-21,4303b39e-474b-4805-8d74-0ef96edd0b2f,9810d51c-eb53-4bfb-9a67-5c0a5d1fa1ba,2d5452e8-599f-44b2-a05e-fc5f22fee653,4.0,kg,72.9,False
d13d4aa7-fdca-40f6-92a7-cd534ea568e3,2025-12-22,4303b39e-474b-4805-8d74-0ef96edd0b2f,9810d51c-eb53-4bfb-9a67-5c0a5d1fa1ba,2d5452e8-599f-44b2-a05e-fc5f22fee653,4.0,kg,74.23,False
c7557321-7412-48e2-a514-2af4109d4755,2025-12-23,4303b39e-474b-4805-8d74-0ef96edd0b2f,9810d51c-eb53-4bfb-9a67-5c0a5d1fa1ba,2d5452e8-599f-44b2-a05e-fc5f22fee653,2.0,kg,69.77,False
00a9e20a-2322-4ecb-8a6f-65ba3dcb2df3,2025-12-24,4303b39e-474b-4805-8d74-0ef96edd0b2f,9810d51c-eb53-4bfb-9a67-5c0a5d1fa1ba,2d5452e8-599f-44b2-a05e-fc5f22fee653,4.0,kg,76.14,True
5014ceee-1503-4e81-bd50-85a55c666f45,2025-12-25,4303b39e-474b-4805-8d74-0ef96edd0b2f,9810d51c-eb53-4bfb-9a67-5c0a5d1fa1ba,2d5452e8-599f-44b2-a05e-fc5f22fee653,5.0,kg,74.23,False
c7858b32-ead3-49fe-bc1a-c0cd58e61dc6,2025-12-26,4303b39e-474b-4805-8d74-0ef96edd0b2f,9810d51c-eb53-4bfb-9a67-5c0a5d1fa1ba,2d5452e8-599f-44b2-a05e-fc5f22fee653,6.0,kg,91.25,True
a4d5b026-e32e-48ff-b69d-4e1d7d7c8286,2025-12-27,4303b39e-474b-4805-8d74-0ef96edd0b2f,9810d51c-eb53-4bfb-9a67-5c0a5d1fa1ba,2d5452e8-599f-44b2-a05e-fc5f22fee653,5.0,kg,91.37,False
301b4eea-d40e-485e-8f0b-32cc51fe554d,2025-12-28,4303b39e-474b-4805-8d74-0ef96edd0b2f,9810d51c-eb53-4bfb-9a67-5c0a5d1fa1ba,2d5452e8-599f-44b2-a05e-fc5f22fee653,5.0,kg,92.34,False
a7ea39c2-3b95-4498-9017-08f488e6f6a0,2025-12-29,4303b39e-474b-4805-8d74-0ef96edd0b2f,9810d51c-eb53-4bfb-9a67-5c0a5d1fa1ba,2d5452e8-599f-44b2-a05e-fc5f22fee653,4.0,kg,72.27,False
8349d094-ad98-4e04-8630-4fb4d09740f6,2025-12-30,4303b39e-474b-4805-8d74-0ef96edd0b2f,9810d51c-eb53-4bfb-9a67-5c0a5d1fa1ba,2d5452e8-599f-44b2-a05e-fc5f22fee653,6.0,kg,70.3,False
f399ece6-ce81-4b91-8870-47758e227d7c,2025-12-31,4303b39e-474b-4805-8d74-0ef96edd0b2f,9810d51c-eb53-4bfb-9a67-5c0a5d1fa1ba,2d5452e8-599f-44b2-a05e-fc5f22fee653,5.0,kg,95.01,False
2a5a01ef-8695-4faa-bc41-4ca78d8880b4,2026-01-01,4303b39e-474b-4805-8d74-0ef96edd0b2f,9810d51c-eb53-4bfb-9a67-5c0a5d1fa1ba,2d5452e8-599f-44b2-a05e-fc5f22fee653,4.0,kg,82.74,False
254edefb-3b98-46c9-83a0-66339d5824b7,2026-01-02,4303b39e-474b-4805-8d74-0ef96edd0b2f,9810d51c-eb53-4bfb-9a67-5c0a5d1fa1ba,2d5452e8-599f-44b2-a05e-fc5f22fee653,3.0,kg,70.82,False
4cb5a07f-d973-4d07-8432-4286f9ee0ac5,2026-01-03,4303b39e-474b-4805-8d74-0ef96edd0b2f,9810d51c-eb53-4bfb-9a67-5c0a5d1fa1ba,2d5452e8-599f-44b2-a05e-fc5f22fee653,4.0,kg,81.05,False
6a992d93-2f7c-4099-a64f-54d1e9388f92,2026-01-04,4303b39e-474b-4805-8d74-0ef96edd0b2f,9810d51c-eb53-4bfb-9a67-5c0a5d1fa1ba,2d5452e8-599f-44b2-a05e-fc5f22fee653,5.0,kg,83.71,False
0b57cc39-506d-40eb-8b4f-a2690ea86f7d,2026-01-05,4303b39e-474b-4805-8d74-0ef96edd0b2f,9810d51c-eb53-4bfb-9a67-5c0a5d1fa1ba,2d5452e8-599f-44b2-a05e-fc5f22fee653,4.0,kg,71.42,False
497acdf2-7b50-4f62-962f-2c0b517793de,2026-01-06,4303b39e-474b-4805-8d74-0ef96edd0b2f,9810d51c-eb53-4bfb-9a67-5c0a5d1fa1ba,2d5452e8-599f-44b2-a05e-fc5f22fee653,3.0,kg,70.97,False
bc3710bb-7550-4953-8862-c6f1ca9aed5f,2026-01-07,4303b39e-474b-4805-8d74-0ef96edd0b2f,9810d51c-eb53-4bfb-9a67-5c0a5d1fa1ba,2d5452e8-599f-44b2-a05e-fc5f22fee653,4.0,kg,87.99,False
ba386912-d6c8-4cc7-a1fd-4dc91076a9ae,2026-01-08,4303b39e-474b-4805-8d74-0ef96edd0b2f,9810d51c-eb53-4bfb-9a67-5c0a5d1fa1ba,2d5452e8-599f-44b2-a05e-fc5f22fee653,3.0,kg,78.76,False
d9e270f2-b75d-4895-b80e-7d50b54dca70,2026-01-09,4303b39e-474b-4805-8d74-0ef96edd0b2f,9810d51c-eb53-4bfb-9a67-5c0a5d1fa1ba,2d5452e8-599f-44b2-a05e-fc5f22fee653,5.0,kg,84.92,False
f76c341f-bd49-4289-a043-518756f6cfb0,2026-01-10,4303b39e-474b-4805-8d74-0ef96edd0b2f,9810d51c-eb53-4bfb-9a67-5c0a5d1fa1ba,2d5452e8-599f-44b2-a05e-fc5f22fee653,6.0,kg,71.98,False
7330441d-5a50-4d98-87f0-a9f7862d8b30,2026-01-11,4303b39e-474b-4805-8d74-0ef96edd0b2f,9810d51c-eb53-4bfb-9a67-5c0a5d1fa1ba,2d5452e8-599f-44b2-a05e-fc5f22fee653,5.0,kg,94.58,False
9080af68-6d26-4c12-819c-e59241b78bba,2026-01-12,4303b39e-474b-4805-8d74-0ef96edd0b2f,9810d51c-eb53-4bfb-9a67-5c0a5d1fa1ba,2d5452e8-599f-44b2-a05e-fc5f22fee653,5.0,kg,92.07,False
9b30f875-b429-42c2-bed1-15a16de8a771,2026-01-13,4303b39e-474b-4805-8d74-0ef96edd0b2f,9810d51c-eb53-4bfb-9a67-5c0a5d1fa1ba,2d5452e8-599f-44b2-a05e-fc5f22fee653,4.0,kg,75.45,False
5b00c16f-bc6f-4b1b-be72-5f82989f176d,2026-01-14,4303b39e-474b-4805-8d74-0ef96edd0b2f,9810d51c-eb53-4bfb-9a67-5c0a5d1fa1ba,2d5452e8-599f-44b2-a05e-fc5f22fee653,4.0,kg,75.85,False
d8b1e2a3-950b-45e1-b74a-5df38e883847,2026-01-15,4303b39e-474b-4805-8d74-0ef96edd0b2f,9810d51c-eb53-4bfb-9a67-5c0a5d1fa1ba,2d5452e8-599f-44b2-a05e-fc5f22fee653,5.0,kg,81.48,False
96d68e09-8402-4a73-b8fc-e8a002bdf78c,2026-01-16,4303b39e-474b-4805-8d74-0ef96edd0b2f,9810d51c-eb53-4bfb-9a67-5c0a5d1fa1ba,2d5452e8-599f-44b2-a05e-fc5f22fee653,4.0,kg,81.8,False
02835bd2-5511-4f13-8010-26f1fcc40d5b,2026-01-17,4303b39e-474b-4805-8d74-0ef96edd0b2f,9810d51c-eb53-4bfb-9a67-5c0a5d1fa1ba,2d5452e8-599f-44b2-a05e-fc5f22fee653,4.0,kg,80.23,False
39488684-dd5a-4bcb-9055-075a4e9af0c5,2026-01-18,4303b39e-474b-4805-8d74-0ef96edd0b2f,9810d51c-eb53-4bfb-9a67-5c0a5d1fa1ba,2d5452e8-599f-44b2-a05e-fc5f22fee653,5.0,kg,96.69,False
5d33c397-ecb3-4a61-b974-7c06f00805f2,2026-01-19,4303b39e-474b-4805-8d74-0ef96edd0b2f,9810d51c-eb53-4bfb-9a67-5c0a5d1fa1ba,2d5452e8-599f-44b2-a05e-fc5f22fee653,4.0,kg,93.95,True
8f3a5162-505f-4b71-998d-1a23e143f2e2,2026-01-20,4303b39e-474b-4805-8d74-0ef96edd0b2f,9810d51c-eb53-4bfb-9a67-5c0a5d1fa1ba,2d5452e8-599f-44b2-a05e-fc5f22fee653,3.0,kg,91.16,False
718c7700-87f2-4cb9-96e9-197c2f64769d,2026-01-21,4303b39e-474b-4805-8d74-0ef96edd0b2f,9810d51c-eb53-4bfb-9a67-5c0a5d1fa1ba,2d5452e8-599f-44b2-a05e-fc5f22fee653,5.0,kg,85.69,False
3f460fab-1f00-46ee-a4ad-e7b718434e5e,2026-01-22,4303b39e-474b-4805-8d74-0ef96edd0b2f,9810d51c-eb53-4bfb-9a67-5c0a5d1fa1ba,2d5452e8-599f-44b2-a05e-fc5f22fee653,5.0,kg,85.85,False
65530e94-eeef-41c1-aec6-32483aec8a3c,2026-01-23,4303b39e-474b-4805-8d74-0ef96edd0b2f,9810d51c-eb53-4bfb-9a67-5c0a5d1fa1ba,2d5452e8-599f-44b2-a05e-fc5f22fee653,3.0,kg,72.67,False
588d0cc1-b3e9-4461-80eb-f4809cbc3e3e,2026-01-24,4303b39e-474b-4805-8d74-0ef96edd0b2f,9810d51c-eb53-4bfb-9a67-5c0a5d1fa1ba,2d5452e8-599f-44b2-a05e-fc5f22fee653,6.0,kg,91.51,False
3bb2629d-5c3b-495a-8ac4-d362bb701430,2026-01-25,4303b39e-474b-4805-8d74-0ef96edd0b2f,9810d51c-eb53-4bfb-9a67-5c0a5d1fa1ba,2d5452e8-599f-44b2-a05e-fc5f22fee653,5.0,kg,90.63,False
08024351-f322-4bae-9284-93c13d0ae0d0,2026-01-26,4303b39e-474b-4805-8d74-0ef96edd0b2f,9810d51c-eb53-4bfb-9a67-5c0a5d1fa1ba,2d5452e8-599f-44b2-a05e-fc5f22fee653,4.0,kg,87.01,False
c63085cf-217d-495c-ac11-b46caefdfbde,2026-01-27,4303b39e-474b-4805-8d74-0ef96edd0b2f,9810d51c-eb53-4bfb-9a67-5c0a5d1fa1ba,2d5452e8-599f-44b2-a05e-fc5f22fee653,4.0,kg,86.34,False
746ad2db-ae58-4726-a78f-b741ef36949a,2026-01-28,4303b39e-474b-4805-8d74-0ef96edd0b2f,9810d51c-eb53-4bfb-9a67-5c0a5d1fa1ba,2d5452e8-599f-44b2-a05e-fc5f22fee653,4.0,kg,88.7,False
f4edc644-2353-4397-85d2-aa2dcf03ce19,2026-01-29,4303b39e-474b-4805-8d74-0ef96edd0b2f,9810d51c-eb53-4bfb-9a67-5c0a5d1fa1ba,2d5452e8-599f-44b2-a05e-fc5f22fee653,4.0,kg,72.25,False
a67ae227-714f-40a4-96f6-ada0e49ba017,2026-01-30,4303b39e-474b-4805-8d74-0ef96edd0b2f,9810d51c-eb53-4bfb-9a67-5c0a5d1fa1ba,2d5452e8-599f-44b2-a05e-fc5f22fee653,4.0,kg,91.88,False
39fc7926-eae1-42ed-9db1-8f161b3cbca3,2026-01-31,4303b39e-474b-4805-8d74-0ef96edd0b2f,9810d51c-eb53-4bfb-9a67-5c0a5d1fa1ba,2d5452e8-599f-44b2-a05e-fc5f22fee653,6.0,kg,93.22,False
06f86f14-5269-4357-a1a3-5bcfd0749df9,2026-02-01,4303b39e-474b-4805-8d74-0ef96edd0b2f,9810d51c-eb53-4bfb-9a67-5c0a5d1fa1ba,2d5452e8-599f-44b2-a05e-fc5f22fee653,5.0,kg,98.24,False
3053a307-c9ed-4c4a-99fe-16aa773e0bcd,2026-02-02,4303b39e-474b-4805-8d74-0ef96edd0b2f,9810d51c-eb53-4bfb-9a67-5c0a5d1fa1ba,2d5452e8-599f-44b2-a05e-fc5f22fee653,4.0,kg,87.41,False
02ca32af-152f-429b-a2cf-3e6b8d17ec28,2026-02-03,4303b39e-474b-4805-8d74-0ef96edd0b2f,9810d51c-eb53-4bfb-9a67-5c0a5d1fa1ba,2d5452e8-599f-44b2-a05e-fc5f22fee653,4.0,kg,96.87,False
980eb9ff-ca00-4ce2-9aa5-5a7a57e442ae,2026-02-04,4303b39e-474b-4805-8d74-0ef96edd0b2f,9810d51c-eb53-4bfb-9a67-5c0a5d1fa1ba,2d5452e8-599f-44b2-a05e-fc5f22fee653,4.0,kg,77.02,False
3bf66d0c-bd3d-41d8-95ab-0a61754471a4,2026-02-05,4303b39e-474b-4805-8d74-0ef96edd0b2f,9810d51c-eb53-4bfb-9a67-5c0a5d1fa1ba,2d5452e8-599f-44b2-a05e-fc5f22fee653,5.0,kg,90.08,False
fc3a2d06-02c2-4e2a-9be8-68f7b28a07a1,2026-02-06,4303b39e-474b-4805-8d74-0ef96edd0b2f,9810d51c-eb53-4bfb-9a67-5c0a5d1fa1ba,2d5452e8-599f-44b2-a05e-fc5f22fee653,5.0,kg,79.19,False
2b342b14-1a8e-4170-947a-cc94f612ed57,2026-02-07,4303b39e-474b-4805-8d74-0ef96edd0b2f,9810d51c-eb53-4bfb-9a67-5c0a5d1fa1ba,2d5452e8-599f-44b2-a05e-fc5f22fee653,5.0,kg,85.99,True
bb085bf8-070e-4afe-acf9-6b66feaf5f7f,2026-02-08,4303b39e-474b-4805-8d74-0ef96edd0b2f,9810d51c-eb53-4bfb-9a67-5c0a5d1fa1ba,2d5452e8-599f-44b2-a05e-fc5f22fee653,5.0,kg,73.26,False
abb5fa70-1542-43b8-8b56-edcce7b8843c,2026-02-09,4303b39e-474b-4805-8d74-0ef96edd0b2f,9810d51c-eb53-4bfb-9a67-5c0a5d1fa1ba,2d5452e8-599f-44b2-a05e-fc5f22fee653,5.0,kg,69.92,False
5fe0051b-7a12-41b7-ac94-15708941bb43,2026-02-10,4303b39e-474b-4805-8d74-0ef96edd0b2f,9810d51c-eb53-4bfb-9a67-5c0a5d1fa1ba,2d5452e8-599f-44b2-a05e-fc5f22fee653,3.0,kg,75.45,False
f8c0188e-5e82-410a-9adf-8edf13511230,2026-02-11,4303b39e-474b-4805-8d74-0ef96edd0b2f,9810d51c-eb53-4bfb-9a67-5c0a5d1fa1ba,2d5452e8-599f-44b2-a05e-fc5f22fee653,5.0,kg,79.23,False
e914c7a1-4eef-4224-8cc4-79a4edd16077,2026-02-12,4303b39e-474b-4805-8d74-0ef96edd0b2f,9810d51c-eb53-4bfb-9a67-5c0a5d1fa1ba,2d5452e8-599f-44b2-a05e-fc5f22fee653,4.0,kg,90.65,False
b9ef34f6-5691-42cf-8897-33ade64c24c9,2026-02-13,4303b39e-474b-4805-8d74-0ef96edd0b2f,9810d51c-eb53-4bfb-9a67-5c0a5d1fa1ba,2d5452e8-599f-44b2-a05e-fc5f22fee653,5.0,kg,71.55,False
a986c709-b90d-4b5b-a108-0e2105a4f922,2026-02-14,4303b39e-474b-4805-8d74-0ef96edd0b2f,9810d51c-eb53-4bfb-9a67-5c0a5d1fa1ba,2d5452e8-599f-44b2-a05e-fc5f22fee653,6.0,kg,73.72,True
2b9c1c75-027e-43d3-b5e3-1ac7272527b9,2026-02-15,4303b39e-474b-4805-8d74-0ef96edd0b2f,9810d51c-eb53-4bfb-9a67-5c0a5d1fa1ba,2d5452e8-599f-44b2-a05e-fc5f22fee653,4.0,kg,89.22,False
810cecf0-ca03-4cab-aca2-1390d8256076,2026-02-16,4303b39e-474b-4805-8d74-0ef96edd0b2f,9810d51c-eb53-4bfb-9a67-5c0a5d1fa1ba,2d5452e8-599f-44b2-a05e-fc5f22fee653,3.0,kg,88.86,False
a64adb34-31c0-4a8b-b502-7d910ef6c5f2,2026-02-17,4303b39e-474b-4805-8d74-0ef96edd0b2f,9810d51c-eb53-4bfb-9a67-5c0a5d1fa1ba,2d5452e8-599f-44b2-a05e-fc5f22fee653,4.0,kg,82.26,False
c3485f6f-fb76-450f-ae14-d740a1a78687,2026-02-18,4303b39e-474b-4805-8d74-0ef96edd0b2f,9810d51c-eb53-4bfb-9a67-5c0a5d1fa1ba,2d5452e8-599f-44b2-a05e-fc5f22fee653,5.0,kg,72.41,False
730517f2-dbf9-49bc-a103-fbe2629e6fdd,2026-02-19,4303b39e-474b-4805-8d74-0ef96edd0b2f,9810d51c-eb53-4bfb-9a67-5c0a5d1fa1ba,2d5452e8-599f-44b2-a05e-fc5f22fee653,4.0,kg,77.5,False
6168e1a3-efff-473a-8ad6-73736bdc1f67,2026-02-20,4303b39e-474b-4805-8d74-0ef96edd0b2f,9810d51c-eb53-4bfb-9a67-5c0a5d1fa1ba,2d5452e8-599f-44b2-a05e-fc5f22fee653,5.0,kg,83.6,False
c912cd76-f6d2-4747-af7a-b113b0e0232a,2026-02-21,4303b39e-474b-4805-8d74-0ef96edd0b2f,9810d51c-eb53-4bfb-9a67-5c0a5d1fa1ba,2d5452e8-599f-44b2-a05e-fc5f22fee653,4.0,kg,70.36,False
0331998f-e348-4019-a518-457011d990fb,2026-02-22,4303b39e-474b-4805-8d74-0ef96edd0b2f,9810d51c-eb53-4bfb-9a67-5c0a5d1fa1ba,2d5452e8-599f-44b2-a05e-fc5f22fee653,5.0,kg,86.98,False
bd5deecd-1a6f-46e2-a468-ec90089ad68e,2026-02-23,4303b39e-474b-4805-8d74-0ef96edd0b2f,9810d51c-eb53-4bfb-9a67-5c0a5d1fa1ba,2d5452e8-599f-44b2-a05e-fc5f22fee653,4.0,kg,78.04,True
988ceb2f-9572-4ffc-ad24-8ab1affcf86d,2026-02-24,4303b39e-474b-4805-8d74-0ef96edd0b2f,9810d51c-eb53-4bfb-9a67-5c0a5d1fa1ba,2d5452e8-599f-44b2-a05e-fc5f22fee653,4.0,kg,76.67,False
828a6071-1251-4e0a-a505-4d83d2bb5bdd,2026-02-25,4303b39e-474b-4805-8d74-0ef96edd0b2f,9810d51c-eb53-4bfb-9a67-5c0a5d1fa1ba,2d5452e8-599f-44b2-a05e-fc5f22fee653,4.0,kg,69.23,False
eb70d9e3-fb14-4bfd-8a9d-2afece20ecb5,2026-02-26,4303b39e-474b-4805-8d74-0ef96edd0b2f,9810d51c-eb53-4bfb-9a67-5c0a5d1fa1ba,2d5452e8-599f-44b2-a05e-fc5f22fee653,4.0,kg,74.27,False
d4bfd6f0-be46-49f4-a1b1-f081fa1b1b47,2026-02-27,4303b39e-474b-4805-8d74-0ef96edd0b2f,9810d51c-eb53-4bfb-9a67-5c0a5d1fa1ba,2d5452e8-599f-44b2-a05e-fc5f22fee653,4.0,kg,90.11,False
d0008584-3863-45d0-863d-05a043f8a043,2026-02-28,4303b39e-474b-4805-8d74-0ef96edd0b2f,9810d51c-eb53-4bfb-9a67-5c0a5d1fa1ba,2d5452e8-599f-44b2-a05e-fc5f22fee653,6.0,kg,93.19,False
e72b4ab4-90a9-4c13-8817-7cf4f653b32b,2026-03-01,4303b39e-474b-4805-8d74-0ef96edd0b2f,9810d51c-eb53-4bfb-9a67-5c0a5d1fa1ba,2d5452e8-599f-44b2-a05e-fc5f22fee653,6.0,kg,94.85,True
50d04a02-a856-4d2c-956e-170222056375,2026-03-02,4303b39e-474b-4805-8d74-0ef96edd0b2f,9810d51c-eb53-4bfb-9a67-5c0a5d1fa1ba,2d5452e8-599f-44b2-a05e-fc5f22fee653,6.0,kg,69.56,True
1db313ca-fc4b-4937-817b-3a665cb53d1c,2026-03-03,4303b39e-474b-4805-8d74-0ef96edd0b2f,9810d51c-eb53-4bfb-9a67-5c0a5d1fa1ba,2d5452e8-599f-44b2-a05e-fc5f22fee653,4.0,kg,94.86,False
b4bed06e-6eec-4709-8576-69488e5bf460,2026-03-04,4303b39e-474b-4805-8d74-0ef96edd0b2f,9810d51c-eb53-4bfb-9a67-5c0a5d1fa1ba,2d5452e8-599f-44b2-a05e-fc5f22fee653,5.0,kg,86.2,False
a6db4eb9-ebb3-4e7c-be32-67e1039075ac,2026-03-05,4303b39e-474b-4805-8d74-0ef96edd0b2f,9810d51c-eb53-4bfb-9a67-5c0a5d1fa1ba,2d5452e8-599f-44b2-a05e-fc5f22fee653,5.0,kg,72.46,False
e09dd388-5514-45b8-a673-03c734f87852,2026-03-06,4303b39e-474b-4805-8d74-0ef96edd0b2f,9810d51c-eb53-4bfb-9a67-5c0a5d1fa1ba,2d5452e8-599f-44b2-a05e-fc5f22fee653,3.0,kg,78.74,True
1c5b6c26-b848-4161-97c1-57ef4ccbbf26,2026-03-07,4303b39e-474b-4805-8d74-0ef96edd0b2f,9810d51c-eb53-4bfb-9a67-5c0a5d1fa1ba,2d5452e8-599f-44b2-a05e-fc5f22fee653,5.0,kg,87.54,False
34b91e93-74f4-483e-abbc-af8026e6ac82,2026-03-08,4303b39e-474b-4805-8d74-0ef96edd0b2f,9810d51c-eb53-4bfb-9a67-5c0a5d1fa1ba,2d5452e8-599f-44b2-a05e-fc5f22fee653,6.0,kg,96.59,False
161db145-7d5b-4275-b2ec-282a25a7af74,2026-03-09,4303b39e-474b-4805-8d74-0ef96edd0b2f,9810d51c-eb53-4bfb-9a67-5c0a5d1fa1ba,2d5452e8-599f-44b2-a05e-fc5f22fee653,4.0,kg,94.33,False
c73b3eb6-58ac-4bff-bfbc-34545293f7a6,2026-03-10,4303b39e-474b-4805-8d74-0ef96edd0b2f,9810d51c-eb53-4bfb-9a67-5c0a5d1fa1ba,2d5452e8-599f-44b2-a05e-fc5f22fee653,5.0,kg,84.72,False
a9788051-cd31-4e56-80cf-67c838445882,2026-03-11,4303b39e-474b-4805-8d74-0ef96edd0b2f,9810d51c-eb53-4bfb-9a67-5c0a5d1fa1ba,2d5452e8-599f-44b2-a05e-fc5f22fee653,4.0,kg,78.31,False
a7af1428-cf3b-413e-8f53-42be576e658c,2026-03-12,4303b39e-474b-4805-8d74-0ef96edd0b2f,9810d51c-eb53-4bfb-9a67-5c0a5d1fa1ba,2d5452e8-599f-44b2-a05e-fc5f22fee653,5.0,kg,78.99,False
2770eb89-02c2-4f6a-a9b0-268924a4a8e4,2026-03-13,4303b39e-474b-4805-8d74-0ef96edd0b2f,9810d51c-eb53-4bfb-9a67-5c0a5d1fa1ba,2d5452e8-599f-44b2-a05e-fc5f22fee653,4.0,kg,84.31,False
aee58882-c9bf-43a2-88c6-4d58f01a5e59,2026-03-14,4303b39e-474b-4805-8d74-0ef96edd0b2f,9810d51c-eb53-4bfb-9a67-5c0a5d1fa1ba,2d5452e8-599f-44b2-a05e-fc5f22fee653,7.0,kg,84.3,False
d821aa03-5eb2-47bb-a423-b4e83238f129,2026-03-15,4303b39e-474b-4805-8d74-0ef96edd0b2f,9810d51c-eb53-4bfb-9a67-5c0a5d1fa1ba,2d5452e8-599f-44b2-a05e-fc5f22fee653,6.0,kg,90.82,False
57744405-10c7-4cd6-9bbd-034e080be12a,2026-03-16,4303b39e-474b-4805-8d74-0ef96edd0b2f,9810d51c-eb53-4bfb-9a67-5c0a5d1fa1ba,2d5452e8-599f-44b2-a05e-fc5f22fee653,5.0,kg,93.45,False
b8ff8c5b-6357-44a4-8ecf-9dd4843a61eb,2026-03-17,4303b39e-474b-4805-8d74-0ef96edd0b2f,9810d51c-eb53-4bfb-9a67-5c0a5d1fa1ba,2d5452e8-599f-44b2-a05e-fc5f22fee653,4.0,kg,73.39,False
ae9fbce8-1e80-4a47-b7fe-79532032f1c3,2026-03-18,4303b39e-474b-4805-8d74-0ef96edd0b2f,9810d51c-eb53-4bfb-9a67-5c0a5d1fa1ba,2d5452e8-599f-44b2-a05e-fc5f22fee653,4.0,kg,87.07,False
08bb8210-2733-4086-9041-395172105b7f,2026-03-19,4303b39e-474b-4805-8d74-0ef96edd0b2f,9810d51c-eb53-4bfb-9a67-5c0a5d1fa1ba,2d5452e8-599f-44b2-a05e-fc5f22fee653,4.0,kg,88.67,False
b43d60ca-1166-4c64-8210-428a901c1b2e,2026-03-20,4303b39e-474b-4805-8d74-0ef96edd0b2f,9810d51c-eb53-4bfb-9a67-5c0a5d1fa1ba,2d5452e8-599f-44b2-a05e-fc5f22fee653,5.0,kg,83.82,False
3fd068ef-74a5-4111-9ed9-75da6223b6e8,2026-03-21,4303b39e-474b-4805-8d74-0ef96edd0b2f,9810d51c-eb53-4bfb-9a67-5c0a5d1fa1ba,2d5452e8-599f-44b2-a05e-fc5f22fee653,5.0,kg,91.8,False
9d906110-ade0-4601-b54a-cfa9e339af75,2026-03-22,4303b39e-474b-4805-8d74-0ef96edd0b2f,9810d51c-eb53-4bfb-9a67-5c0a5d1fa1ba,2d5452e8-599f-44b2-a05e-fc5f22fee653,6.0,kg,96.72,False
e09c9138-bddd-4336-bf93-40d842b9f421,2026-03-23,4303b39e-474b-4805-8d74-0ef96edd0b2f,9810d51c-eb53-4bfb-9a67-5c0a5d1fa1ba,2d5452e8-599f-44b2-a05e-fc5f22fee653,6.0,kg,88.06,False
485f0c32-b1c1-4988-b53a-8c5a64207ef8,2026-03-24,4303b39e-474b-4805-8d74-0ef96edd0b2f,9810d51c-eb53-4bfb-9a67-5c0a5d1fa1ba,2d5452e8-599f-44b2-a05e-fc5f22fee653,5.0,kg,94.93,False
0e898436-4fbe-497a-b089-e4e0737d15d4,2026-03-25,4303b39e-474b-4805-8d74-0ef96edd0b2f,9810d51c-eb53-4bfb-9a67-5c0a5d1fa1ba,2d5452e8-599f-44b2-a05e-fc5f22fee653,4.0,kg,71.05,False
76f0630f-9d28-4ac1-b032-28edccf7de3d,2026-03-26,4303b39e-474b-4805-8d74-0ef96edd0b2f,9810d51c-eb53-4bfb-9a67-5c0a5d1fa1ba,2d5452e8-599f-44b2-a05e-fc5f22fee653,5.0,kg,78.08,False
d9ad10ce-8df9-4c09-9e13-339dd4b46f47,2026-03-27,4303b39e-474b-4805-8d74-0ef96edd0b2f,9810d51c-eb53-4bfb-9a67-5c0a5d1fa1ba,2d5452e8-599f-44b2-a05e-fc5f22fee653,4.0,kg,70.69,False
1703d8e4-a419-46ad-b9e8-46035339a4cf,2026-03-28,4303b39e-474b-4805-8d74-0ef96edd0b2f,9810d51c-eb53-4bfb-9a67-5c0a5d1fa1ba,2d5452e8-599f-44b2-a05e-fc5f22fee653,4.0,kg,78.31,False
ce10b962-a962-4e46-a297-856bba9bec77,2026-03-29,4303b39e-474b-4805-8d74-0ef96edd0b2f,9810d51c-eb53-4bfb-9a67-5c0a5d1fa1ba,2d5452e8-599f-44b2-a05e-fc5f22fee653,5.0,kg,93.95,False
49698e58-b790-436a-8c16-2a11393f846f,2026-03-30,4303b39e-474b-4805-8d74-0ef96edd0b2f,9810d51c-eb53-4bfb-9a67-5c0a5d1fa1ba,2d5452e8-599f-44b2-a05e-fc5f22fee653,4.0,kg,94.93,True
ae6b9fb8-695f-4a54-b385-5624df50a6a7,2026-03-31,4303b39e-474b-4805-8d74-0ef96edd0b2f,9810d51c-eb53-4bfb-9a67-5c0a5d1fa1ba,2d5452e8-599f-44b2-a05e-fc5f22fee653,4.0,kg,87.45,False
3cb602ad-8c73-42ca-8689-37a1bc465358,2026-04-01,4303b39e-474b-4805-8d74-0ef96edd0b2f,9810d51c-eb53-4bfb-9a67-5c0a5d1fa1ba,2d5452e8-599f-44b2-a05e-fc5f22fee653,4.0,kg,82.88,False
0ae0e657-0822-4406-9057-6e2935f611f7,2026-04-02,4303b39e-474b-4805-8d74-0ef96edd0b2f,9810d51c-eb53-4bfb-9a67-5c0a5d1fa1ba,2d5452e8-599f-44b2-a05e-fc5f22fee653,6.0,kg,95.88,False
c56908eb-5392-4494-89eb-d9a7589bd853,2026-04-03,4303b39e-474b-4805-8d74-0ef96edd0b2f,9810d51c-eb53-4bfb-9a67-5c0a5d1fa1ba,2d5452e8-599f-44b2-a05e-fc5f22fee653,5.0,kg,93.29,False
5196467c-60bf-42ef-9657-2846ec8b8b5a,2026-04-04,4303b39e-474b-4805-8d74-0ef96edd0b2f,9810d51c-eb53-4bfb-9a67-5c0a5d1fa1ba,2d5452e8-599f-44b2-a05e-fc5f22fee653,5.0,kg,78.65,False
51b37fbf-421f-42bd-8842-47c96726f502,2026-04-05,4303b39e-474b-4805-8d74-0ef96edd0b2f,9810d51c-eb53-4bfb-9a67-5c0a5d1fa1ba,2d5452e8-599f-44b2-a05e-fc5f22fee653,6.0,kg,73.53,False
ad357cce-1125-4f63-91f2-c01a0cbc8997,2026-04-06,4303b39e-474b-4805-8d74-0ef96edd0b2f,9810d51c-eb53-4bfb-9a67-5c0a5d1fa1ba,2d5452e8-599f-44b2-a05e-fc5f22fee653,3.0,kg,72.11,True
a5683607-5b1b-4943-9ef8-0e0b13edc1cb,2026-04-07,4303b39e-474b-4805-8d74-0ef96edd0b2f,9810d51c-eb53-4bfb-9a67-5c0a5d1fa1ba,2d5452e8-599f-44b2-a05e-fc5f22fee653,5.0,kg,90.43,False
1606686b-3445-443a-91af-26da22edf7a9,2026-04-08,4303b39e-474b-4805-8d74-0ef96edd0b2f,9810d51c-eb53-4bfb-9a67-5c0a5d1fa1ba,2d5452e8-599f-44b2-a05e-fc5f22fee653,5.0,kg,74.18,False
9855b7de-0cbd-49a9-8271-13039bfda4d6,2026-04-09,4303b39e-474b-4805-8d74-0ef96edd0b2f,9810d51c-eb53-4bfb-9a67-5c0a5d1fa1ba,2d5452e8-599f-44b2-a05e-fc5f22fee653,3.0,kg,82.13,False
c1d29f0d-9e5d-48cd-8795-a06fff406e6a,2026-04-10,4303b39e-474b-4805-8d74-0ef96edd0b2f,9810d51c-eb53-4bfb-9a67-5c0a5d1fa1ba,2d5452e8-599f-44b2-a05e-fc5f22fee653,5.0,kg,84.68,False
d70736a8-9bf6-458d-bcc5-56f11d7e86b0,2026-04-11,4303b39e-474b-4805-8d74-0ef96edd0b2f,9810d51c-eb53-4bfb-9a67-5c0a5d1fa1ba,2d5452e8-599f-44b2-a05e-fc5f22fee653,6.0,kg,80.19,False
8183a0d0-2ac0-47ab-b53c-db7dc14cb881,2026-04-12,4303b39e-474b-4805-8d74-0ef96edd0b2f,9810d51c-eb53-4bfb-9a67-5c0a5d1fa1ba,2d5452e8-599f-44b2-a05e-fc5f22fee653,5.0,kg,79.15,False
d0ba45a0-b283-4fdd-a08b-db2b256279b5,2026-04-13,4303b39e-474b-4805-8d74-0ef96edd0b2f,9810d51c-eb53-4bfb-9a67-5c0a5d1fa1ba,2d5452e8-599f-44b2-a05e-fc5f22fee653,5.0,kg,92.68,False
67ea59c5-2ef8-4942-b559-cb9d8c528082,2026-04-14,4303b39e-474b-4805-8d74-0ef96edd0b2f,9810d51c-eb53-4bfb-9a67-5c0a5d1fa1ba,2d5452e8-599f-44b2-a05e-fc5f22fee653,6.0,kg,70.98,False
e4245f28-a7c6-4c6b-9f1c-e5f00840a57d,2026-04-15,4303b39e-474b-4805-8d74-0ef96edd0b2f,9810d51c-eb53-4bfb-9a67-5c0a5d1fa1ba,2d5452e8-599f-44b2-a05e-fc5f22fee653,5.0,kg,89.35,False
0ccb73e3-1147-4d10-844e-4070b9b3ffee,2026-04-16,4303b39e-474b-4805-8d74-0ef96edd0b2f,9810d51c-eb53-4bfb-9a67-5c0a5d1fa1ba,2d5452e8-599f-44b2-a05e-fc5f22fee653,5.0,kg,88.7,False
36188c86-0955-4ca4-a240-1a86f4393a5e,2026-04-17,4303b39e-474b-4805-8d74-0ef96edd0b2f,9810d51c-eb53-4bfb-9a67-5c0a5d1fa1ba,2d5452e8-599f-44b2-a05e-fc5f22fee653,4.0,kg,95.2,False
ce3bfd89-d688-4ab0-8d43-f7d007912e82,2026-04-18,4303b39e-474b-4805-8d74-0ef96edd0b2f,9810d51c-eb53-4bfb-9a67-5c0a5d1fa1ba,2d5452e8-599f-44b2-a05e-fc5f22fee653,5.0,kg,86.48,False
b93a69e3-3d1c-4083-84ba-4d2f1409c0dd,2026-04-19,4303b39e-474b-4805-8d74-0ef96edd0b2f,9810d51c-eb53-4bfb-9a67-5c0a5d1fa1ba,2d5452e8-599f-44b2-a05e-fc5f22fee653,6.0,kg,79.49,False
8ae868d4-7d4f-42bf-a6e5-4a1bf8f76e13,2026-04-20,4303b39e-474b-4805-8d74-0ef96edd0b2f,9810d51c-eb53-4bfb-9a67-5c0a5d1fa1ba,2d5452e8-599f-44b2-a05e-fc5f22fee653,4.0,kg,89.95,False
8754fe6c-0614-4859-b4d3-0fad2257d3ba,2026-04-21,4303b39e-474b-4805-8d74-0ef96edd0b2f,9810d51c-eb53-4bfb-9a67-5c0a5d1fa1ba,2d5452e8-599f-44b2-a05e-fc5f22fee653,5.0,kg,97.14,False
521d1988-eac6-4d22-b169-21444169a9ae,2026-04-22,4303b39e-474b-4805-8d74-0ef96edd0b2f,9810d51c-eb53-4bfb-9a67-5c0a5d1fa1ba,2d5452e8-599f-44b2-a05e-fc5f22fee653,4.0,kg,80.3,False
7f222b36-571b-4ef8-96d6-07a9ba44182f,2026-04-23,4303b39e-474b-4805-8d74-0ef96edd0b2f,9810d51c-eb53-4bfb-9a67-5c0a5d1fa1ba,2d5452e8-599f-44b2-a05e-fc5f22fee653,5.0,kg,93.4,False
d1479ac2-b9de-46db-87b2-9964c1195595,2026-04-24,4303b39e-474b-4805-8d74-0ef96edd0b2f,9810d51c-eb53-4bfb-9a67-5c0a5d1fa1ba,2d5452e8-599f-44b2-a05e-fc5f22fee653,5.0,kg,93.87,False
e69d23ff-f335-415a-926d-512312a2f349,2026-04-25,4303b39e-474b-4805-8d74-0ef96edd0b2f,9810d51c-eb53-4bfb-9a67-5c0a5d1fa1ba,2d5452e8-599f-44b2-a05e-fc5f22fee653,6.0,kg,89.56,False
8ff58ed7-441e-4c2b-bf5e-3e9c5373680d,2026-04-26,4303b39e-474b-4805-8d74-0ef96edd0b2f,9810d51c-eb53-4bfb-9a67-5c0a5d1fa1ba,2d5452e8-599f-44b2-a05e-fc5f22fee653,5.0,kg,81.7,False
518f1f71-11d2-49f6-a9bf-e77b324e994f,2026-04-27,4303b39e-474b-4805-8d74-0ef96edd0b2f,9810d51c-eb53-4bfb-9a67-5c0a5d1fa1ba,2d5452e8-599f-44b2-a05e-fc5f22fee653,4.0,kg,79.88,False
18c4da72-67a2-4a56-9fe9-49c80f57324b,2026-04-28,4303b39e-474b-4805-8d74-0ef96edd0b2f,9810d51c-eb53-4bfb-9a67-5c0a5d1fa1ba,2d5452e8-599f-44b2-a05e-fc5f22fee653,4.0,kg,75.43,False
63b966c7-6ebd-4942-8b80-5f6ee88d3fda,2026-04-29,4303b39e-474b-4805-8d74-0ef96edd0b2f,9810d51c-eb53-4bfb-9a67-5c0a5d1fa1ba,2d5452e8-599f-44b2-a05e-fc5f22fee653,4.0,kg,83.59,False
3fabedf7-70a2-43fd-8c5e-b8fa26211a0d,2026-04-30,4303b39e-474b-4805-8d74-0ef96edd0b2f,9810d51c-eb53-4bfb-9a67-5c0a5d1fa1ba,2d5452e8-599f-44b2-a05e-fc5f22fee653,5.0,kg,73.13,False
a04b2200-155b-47cd-8465-cd383dfde517,2026-05-01,4303b39e-474b-4805-8d74-0ef96edd0b2f,9810d51c-eb53-4bfb-9a67-5c0a5d1fa1ba,2d5452e8-599f-44b2-a05e-fc5f22fee653,6.0,kg,72.03,True
c1d77146-b2fd-48ef-b50e-a5c77f501600,2026-05-02,4303b39e-474b-4805-8d74-0ef96edd0b2f,9810d51c-eb53-4bfb-9a67-5c0a5d1fa1ba,2d5452e8-599f-44b2-a05e-fc5f22fee653,5.0,kg,94.05,False
cfe74243-cf42-49c4-a3e5-2e4523363419,2026-05-03,4303b39e-474b-4805-8d74-0ef96edd0b2f,9810d51c-eb53-4bfb-9a67-5c0a5d1fa1ba,2d5452e8-599f-44b2-a05e-fc5f22fee653,6.0,kg,70.13,False
4cf01f8c-397d-4b6f-812d-a57c9744324e,2026-05-04,4303b39e-474b-4805-8d74-0ef96edd0b2f,9810d51c-eb53-4bfb-9a67-5c0a5d1fa1ba,2d5452e8-599f-44b2-a05e-fc5f22fee653,5.0,kg,91.99,False
b8fdf88b-5011-46f0-bf7f-d0baed7dd406,2026-05-05,4303b39e-474b-4805-8d74-0ef96edd0b2f,9810d51c-eb53-4bfb-9a67-5c0a5d1fa1ba,2d5452e8-599f-44b2-a05e-fc5f22fee653,5.0,kg,80.3,False
301fb6de-f74a-4fcb-b750-00056f3530f5,2026-05-06,4303b39e-474b-4805-8d74-0ef96edd0b2f,9810d51c-eb53-4bfb-9a67-5c0a5d1fa1ba,2d5452e8-599f-44b2-a05e-fc5f22fee653,6.0,kg,92.13,False
8cc00229-828b-4f8e-a60d-678b195bb83a,2026-05-07,4303b39e-474b-4805-8d74-0ef96edd0b2f,9810d51c-eb53-4bfb-9a67-5c0a5d1fa1ba,2d5452e8-599f-44b2-a05e-fc5f22fee653,4.0,kg,73.97,False
42f18e98-a4a3-40d2-93c7-c3e99a6b291e,2026-05-08,4303b39e-474b-4805-8d74-0ef96edd0b2f,9810d51c-eb53-4bfb-9a67-5c0a5d1fa1ba,2d5452e8-599f-44b2-a05e-fc5f22fee653,4.0,kg,81.33,False
c95cfadc-0cf3-46f9-b26f-38a6d360d058,2026-05-09,4303b39e-474b-4805-8d74-0ef96edd0b2f,9810d51c-eb53-4bfb-9a67-5c0a5d1fa1ba,2d5452e8-599f-44b2-a05e-fc5f22fee653,4.0,kg,76.13,False
c564b6a5-71fe-493e-821f-adc56f6db002,2026-05-10,4303b39e-474b-4805-8d74-0ef96edd0b2f,9810d51c-eb53-4bfb-9a67-5c0a5d1fa1ba,2d5452e8-599f-44b2-a05e-fc5f22fee653,7.0,kg,77.55,False
79f29750-eb55-4b4b-a649-037e8f74db11,2026-05-11,4303b39e-474b-4805-8d74-0ef96edd0b2f,9810d51c-eb53-4bfb-9a67-5c0a5d1fa1ba,2d5452e8-599f-44b2-a05e-fc5f22fee653,5.0,kg,82.47,False
1760b97a-8af9-4e91-9a1b-b87708a337d0,2026-05-12,4303b39e-474b-4805-8d74-0ef96edd0b2f,9810d51c-eb53-4bfb-9a67-5c0a5d1fa1ba,2d5452e8-599f-44b2-a05e-fc5f22fee653,4.0,kg,93.26,False
93f3c57a-b91e-4ded-a8bc-f731079e7a9f,2026-05-13,4303b39e-474b-4805-8d74-0ef96edd0b2f,9810d51c-eb53-4bfb-9a67-5c0a5d1fa1ba,2d5452e8-599f-44b2-a05e-fc5f22fee653,5.0,kg,94.05,False
b50494a2-1c9f-4096-bb09-aed9cccf4f60,2026-05-14,4303b39e-474b-4805-8d74-0ef96edd0b2f,9810d51c-eb53-4bfb-9a67-5c0a5d1fa1ba,2d5452e8-599f-44b2-a05e-fc5f22fee653,4.0,kg,97.41,False
b3914add-f833-4fe1-956a-ccb86caec318,2026-05-15,4303b39e-474b-4805-8d74-0ef96edd0b2f,9810d51c-eb53-4bfb-9a67-5c0a5d1fa1ba,2d5452e8-599f-44b2-a05e-fc5f22fee653,6.0,kg,82.85,False
627e610d-8b55-4331-aad0-f9e2f19bf245,2026-05-16,4303b39e-474b-4805-8d74-0ef96edd0b2f,9810d51c-eb53-4bfb-9a67-5c0a5d1fa1ba,2d5452e8-599f-44b2-a05e-fc5f22fee653,6.0,kg,84.82,False
eb182c98-ef7e-475a-8af2-c80c78afc608,2026-05-17,4303b39e-474b-4805-8d74-0ef96edd0b2f,9810d51c-eb53-4bfb-9a67-5c0a5d1fa1ba,2d5452e8-599f-44b2-a05e-fc5f22fee653,6.0,kg,93.51,False
372a9a8d-cc69-4a45-878d-c7920a2e511d,2026-05-18,4303b39e-474b-4805-8d74-0ef96edd0b2f,9810d51c-eb53-4bfb-9a67-5c0a5d1fa1ba,2d5452e8-599f-44b2-a05e-fc5f22fee653,5.0,kg,73.15,False
efd96ff6-f081-440d-be37-f1f98c3367a8,2026-05-19,4303b39e-474b-4805-8d74-0ef96edd0b2f,9810d51c-eb53-4bfb-9a67-5c0a5d1fa1ba,2d5452e8-599f-44b2-a05e-fc5f22fee653,5.0,kg,88.24,False
66e194c4-38a7-4738-8714-dd520e7d2cab,2026-05-20,4303b39e-474b-4805-8d74-0ef96edd0b2f,9810d51c-eb53-4bfb-9a67-5c0a5d1fa1ba,2d5452e8-599f-44b2-a05e-fc5f22fee653,4.0,kg,72.08,False
29c00327-81ff-4edd-ad3e-4d10176695e0,2026-05-21,4303b39e-474b-4805-8d74-0ef96edd0b2f,9810d51c-eb53-4bfb-9a67-5c0a5d1fa1ba,2d5452e8-599f-44b2-a05e-fc5f22fee653,4.0,kg,94.53,False
022c82b3-86cb-49a9-b5e0-4dee7058a2de,2026-05-22,4303b39e-474b-4805-8d74-0ef96edd0b2f,9810d51c-eb53-4bfb-9a67-5c0a5d1fa1ba,2d5452e8-599f-44b2-a05e-fc5f22fee653,5.0,kg,91.89,False
07b8b4d9-072d-4400-9163-94484742e060,2026-05-23,4303b39e-474b-4805-8d74-0ef96edd0b2f,9810d51c-eb53-4bfb-9a67-5c0a5d1fa1ba,2d5452e8-599f-44b2-a05e-fc5f22fee653,7.0,kg,96.16,False
19dcc328-5fb8-41b4-bd0c-efdf3f5340ee,2026-05-24,4303b39e-474b-4805-8d74-0ef96edd0b2f,9810d51c-eb53-4bfb-9a67-5c0a5d1fa1ba,2d5452e8-599f-44b2-a05e-fc5f22fee653,7.0,kg,97.39,False
17c81600-9e32-48c7-9502-3d341ad9c205,2026-05-25,4303b39e-474b-4805-8d74-0ef96edd0b2f,9810d51c-eb53-4bfb-9a67-5c0a5d1fa1ba,2d5452e8-599f-44b2-a05e-fc5f22fee653,5.0,kg,82.53,False
9b12c25c-c215-44c6-93d7-d05d4b255e36,2026-05-26,4303b39e-474b-4805-8d74-0ef96edd0b2f,9810d51c-eb53-4bfb-9a67-5c0a5d1fa1ba,2d5452e8-599f-44b2-a05e-fc5f22fee653,4.0,kg,69.8,False
4b944cae-d091-49f9-b898-e5c65ad44dbe,2026-05-27,4303b39e-474b-4805-8d74-0ef96edd0b2f,9810d51c-eb53-4bfb-9a67-5c0a5d1fa1ba,2d5452e8-599f-44b2-a05e-fc5f22fee653,4.0,kg,84.06,True
43c41397-58ad-44d2-861f-55703379c557,2026-05-28,4303b39e-474b-4805-8d74-0ef96edd0b2f,9810d51c-eb53-4bfb-9a67-5c0a5d1fa1ba,2d5452e8-599f-44b2-a05e-fc5f22fee653,4.0,kg,98.84,False
bba2054e-650d-4099-8ba9-4f7211acbc37,2026-05-29,4303b39e-474b-4805-8d74-0ef96edd0b2f,9810d51c-eb53-4bfb-9a67-5c0a5d1fa1ba,2d5452e8-599f-44b2-a05e-fc5f22fee653,4.0,kg,96.92,False
48f6c397-8fc4-4aef-be32-b8f934fe24fb,2026-05-30,4303b39e-474b-4805-8d74-0ef96edd0b2f,9810d51c-eb53-4bfb-9a67-5c0a5d1fa1ba,2d5452e8-599f-44b2-a05e-fc5f22fee653,6.0,kg,88.5,False
269f6223-32a4-472d-b52e-252a7ed91f26,2026-05-31,4303b39e-474b-4805-8d74-0ef96edd0b2f,9810d51c-eb53-4bfb-9a67-5c0a5d1fa1ba,2d5452e8-599f-44b2-a05e-fc5f22fee653,4.0,kg,73.13,False
90d86f0c-09d1-4b52-a596-59108483bf40,2026-06-01,4303b39e-474b-4805-8d74-0ef96edd0b2f,9810d51c-eb53-4bfb-9a67-5c0a5d1fa1ba,2d5452e8-599f-44b2-a05e-fc5f22fee653,5.0,kg,93.89,False
595ce435-6e3b-4905-b387-e9e6ffd69ee8,2026-06-02,4303b39e-474b-4805-8d74-0ef96edd0b2f,9810d51c-eb53-4bfb-9a67-5c0a5d1fa1ba,2d5452e8-599f-44b2-a05e-fc5f22fee653,4.0,kg,90.17,False
9ade8e39-f963-4b04-a47d-ee487c340f38,2026-06-03,4303b39e-474b-4805-8d74-0ef96edd0b2f,9810d51c-eb53-4bfb-9a67-5c0a5d1fa1ba,2d5452e8-599f-44b2-a05e-fc5f22fee653,4.0,kg,69.16,False
d2a5bd52-e8e9-4a42-8ab8-3d92d21afab1,2026-06-04,4303b39e-474b-4805-8d74-0ef96edd0b2f,9810d51c-eb53-4bfb-9a67-5c0a5d1fa1ba,2d5452e8-599f-44b2-a05e-fc5f22fee653,4.0,kg,76.68,True
6bc3be5a-5782-411a-bb05-cbe9ce319141,2026-06-05,4303b39e-474b-4805-8d74-0ef96edd0b2f,9810d51c-eb53-4bfb-9a67-5c0a5d1fa1ba,2d5452e8-599f-44b2-a05e-fc5f22fee653,3.0,kg,85.46,False
da90d157-2a5b-4bfa-ab56-6f02630a25dd,2026-06-06,4303b39e-474b-4805-8d74-0ef96edd0b2f,9810d51c-eb53-4bfb-9a67-5c0a5d1fa1ba,2d5452e8-599f-44b2-a05e-fc5f22fee653,6.0,kg,72.34,False
132807dc-bd2f-4441-8478-b3d08ff39540,2026-06-07,4303b39e-474b-4805-8d74-0ef96edd0b2f,9810d51c-eb53-4bfb-9a67-5c0a5d1fa1ba,2d5452e8-599f-44b2-a05e-fc5f22fee653,5.0,kg,78.03,False
879f86eb-c99a-41bb-ad3f-c6cd7ddc0b41,2026-06-08,4303b39e-474b-4805-8d74-0ef96edd0b2f,9810d51c-eb53-4bfb-9a67-5c0a5d1fa1ba,2d5452e8-599f-44b2-a05e-fc5f22fee653,4.0,kg,81.59,True
93dd4b91-8a04-4e4f-9e35-4fdb08811a2a,2026-06-09,4303b39e-474b-4805-8d74-0ef96edd0b2f,9810d51c-eb53-4bfb-9a67-5c0a5d1fa1ba,2d5452e8-599f-44b2-a05e-fc5f22fee653,3.0,kg,82.71,False
9c89500e-2861-4f6e-8256-8614957cb687,2026-06-10,4303b39e-474b-4805-8d74-0ef96edd0b2f,9810d51c-eb53-4bfb-9a67-5c0a5d1fa1ba,2d5452e8-599f-44b2-a05e-fc5f22fee653,4.0,kg,96.15,False
ceb9c9dc-7273-41da-8dc7-2aaa9799c20e,2026-06-11,4303b39e-474b-4805-8d74-0ef96edd0b2f,9810d51c-eb53-4bfb-9a67-5c0a5d1fa1ba,2d5452e8-599f-44b2-a05e-fc5f22fee653,5.0,kg,69.49,False
42ffd6bd-c433-41fa-a3f0-852c49990b38,2026-06-12,4303b39e-474b-4805-8d74-0ef96edd0b2f,9810d51c-eb53-4bfb-9a67-5c0a5d1fa1ba,2d5452e8-599f-44b2-a05e-fc5f22fee653,4.0,kg,73.31,False
52aa25c4-2c28-4d66-830e-3e13cd15490c,2026-06-13,4303b39e-474b-4805-8d74-0ef96edd0b2f,9810d51c-eb53-4bfb-9a67-5c0a5d1fa1ba,2d5452e8-599f-44b2-a05e-fc5f22fee653,4.0,kg,87.44,False
e02a700f-3219-4379-b281-c18fe42d0693,2026-06-14,4303b39e-474b-4805-8d74-0ef96edd0b2f,9810d51c-eb53-4bfb-9a67-5c0a5d1fa1ba,2d5452e8-599f-44b2-a05e-fc5f22fee653,5.0,kg,81.5,False
73e21781-1d92-4daf-add4-110ca44c446f,2026-06-15,4303b39e-474b-4805-8d74-0ef96edd0b2f,9810d51c-eb53-4bfb-9a67-5c0a5d1fa1ba,2d5452e8-599f-44b2-a05e-fc5f22fee653,4.0,kg,71.57,False
c99d2faf-bf3d-4897-adb6-cb6474914c8c,2026-06-16,4303b39e-474b-4805-8d74-0ef96edd0b2f,9810d51c-eb53-4bfb-9a67-5c0a5d1fa1ba,2d5452e8-599f-44b2-a05e-fc5f22fee653,2.0,kg,71.03,False
0e3e8d18-4546-4dbd-b0dd-d8e7e0ec477e,2026-06-17,4303b39e-474b-4805-8d74-0ef96edd0b2f,9810d51c-eb53-4bfb-9a67-5c0a5d1fa1ba,2d5452e8-599f-44b2-a05e-fc5f22fee653,4.0,kg,98.65,False
007738d1-88c9-4b7c-972d-8c809520407d,2026-06-18,4303b39e-474b-4805-8d74-0ef96edd0b2f,9810d51c-eb53-4bfb-9a67-5c0a5d1fa1ba,2d5452e8-599f-44b2-a05e-fc5f22fee653,4.0,kg,80.71,False
5e690c29-2d01-4ea0-9d3c-ec9834945170,2026-06-19,4303b39e-474b-4805-8d74-0ef96edd0b2f,9810d51c-eb53-4bfb-9a67-5c0a5d1fa1ba,2d5452e8-599f-44b2-a05e-fc5f22fee653,5.0,kg,88.07,False
96d8f820-b592-45d0-acc0-39fc6a8caf73,2026-06-20,4303b39e-474b-4805-8d74-0ef96edd0b2f,9810d51c-eb53-4bfb-9a67-5c0a5d1fa1ba,2d5452e8-599f-44b2-a05e-fc5f22fee653,7.0,kg,76.61,False
a3c296a2-7bf2-45b7-bc70-91e65d78acf0,2026-06-21,4303b39e-474b-4805-8d74-0ef96edd0b2f,9810d51c-eb53-4bfb-9a67-5c0a5d1fa1ba,2d5452e8-599f-44b2-a05e-fc5f22fee653,7.0,kg,79.34,True
ce6a79b8-4a01-4415-bbe1-8585efc25c49,2026-06-22,4303b39e-474b-4805-8d74-0ef96edd0b2f,9810d51c-eb53-4bfb-9a67-5c0a5d1fa1ba,2d5452e8-599f-44b2-a05e-fc5f22fee653,4.0,kg,87.85,False
4a5d38aa-79f5-4c1d-bdeb-538ec3a021ba,2026-06-23,4303b39e-474b-4805-8d74-0ef96edd0b2f,9810d51c-eb53-4bfb-9a67-5c0a5d1fa1ba,2d5452e8-599f-44b2-a05e-fc5f22fee653,3.0,kg,91.06,False
c973d836-111f-4549-a34b-843978d577ec,2026-06-24,4303b39e-474b-4805-8d74-0ef96edd0b2f,9810d51c-eb53-4bfb-9a67-5c0a5d1fa1ba,2d5452e8-599f-44b2-a05e-fc5f22fee653,6.0,kg,70.33,False
7d82f1b8-cca3-4273-88ef-ae1229b6be9d,2026-06-25,4303b39e-474b-4805-8d74-0ef96edd0b2f,9810d51c-eb53-4bfb-9a67-5c0a5d1fa1ba,2d5452e8-599f-44b2-a05e-fc5f22fee653,4.0,kg,93.41,False
88821bd8-bcd2-4364-a709-ef7f1835c02a,2026-06-26,4303b39e-474b-4805-8d74-0ef96edd0b2f,9810d51c-eb53-4bfb-9a67-5c0a5d1fa1ba,2d5452e8-599f-44b2-a05e-fc5f22fee653,4.0,kg,92.37,False
f7a900d7-2402-4ab6-86cf-7a324ea74622,2026-06-27,4303b39e-474b-4805-8d74-0ef96edd0b2f,9810d51c-eb53-4bfb-9a67-5c0a5d1fa1ba,2d5452e8-599f-44b2-a05e-fc5f22fee653,5.0,kg,87.95,False
fa8441df-85ef-4d89-9fbc-fcf9b5eb56da,2026-06-28,4303b39e-474b-4805-8d74-0ef96edd0b2f,9810d51c-eb53-4bfb-9a67-5c0a5d1fa1ba,2d5452e8-599f-44b2-a05e-fc5f22fee653,5.0,kg,70.89,False
28f1af44-79ab-47f6-ba6e-0a615c114846,2026-06-29,4303b39e-474b-4805-8d74-0ef96edd0b2f,9810d51c-eb53-4bfb-9a67-5c0a5d1fa1ba,2d5452e8-599f-44b2-a05e-fc5f22fee653,4.0,kg,82.73,False
0dfdffd3-da39-49f0-a36f-a217a49ce0ab,2026-06-30,4303b39e-474b-4805-8d74-0ef96edd0b2f,9810d51c-eb53-4bfb-9a67-5c0a5d1fa1ba,2d5452e8-599f-44b2-a05e-fc5f22fee653,4.0,kg,70.31,False
54a3bb4c-98a4-498c-8b76-14f4636809a9,2026-07-01,4303b39e-474b-4805-8d74-0ef96edd0b2f,9810d51c-eb53-4bfb-9a67-5c0a5d1fa1ba,2d5452e8-599f-44b2-a05e-fc5f22fee653,4.0,kg,70.26,False
2c11cabc-3929-494e-87f5-8a29ecb80113,2026-07-02,4303b39e-474b-4805-8d74-0ef96edd0b2f,9810d51c-eb53-4bfb-9a67-5c0a5d1fa1ba,2d5452e8-599f-44b2-a05e-fc5f22fee653,4.0,kg,84.46,False
992eae9c-a462-44da-9bd4-8ef8f441b544,2026-07-03,4303b39e-474b-4805-8d74-0ef96edd0b2f,9810d51c-eb53-4bfb-9a67-5c0a5d1fa1ba,2d5452e8-599f-44b2-a05e-fc5f22fee653,4.0,kg,76.6,False
d07e4819-acfb-4bc4-9acd-77b36916594c,2026-07-04,4303b39e-474b-4805-8d74-0ef96edd0b2f,9810d51c-eb53-4bfb-9a67-5c0a5d1fa1ba,2d5452e8-599f-44b2-a05e-fc5f22fee653,4.0,kg,74.73,False
e2c2bef5-3fd7-47ee-8968-c02dc2ea6232,2026-07-05,4303b39e-474b-4805-8d74-0ef96edd0b2f,9810d51c-eb53-4bfb-9a67-5c0a5d1fa1ba,2d5452e8-599f-44b2-a05e-fc5f22fee653,5.0,kg,92.43,False
b686f160-be92-4870-afea-5b656c43a5e9,2026-07-06,4303b39e-474b-4805-8d74-0ef96edd0b2f,9810d51c-eb53-4bfb-9a67-5c0a5d1fa1ba,2d5452e8-599f-44b2-a05e-fc5f22fee653,4.0,kg,78.96,False
eec889f0-01fb-4c01-8e33-d6ef9f3ed684,2026-07-07,4303b39e-474b-4805-8d74-0ef96edd0b2f,9810d51c-eb53-4bfb-9a67-5c0a5d1fa1ba,2d5452e8-599f-44b2-a05e-fc5f22fee653,5.0,kg,80.04,False
188b9f11-e85f-4f66-8515-8a4668f02bc1,2026-07-08,4303b39e-474b-4805-8d74-0ef96edd0b2f,9810d51c-eb53-4bfb-9a67-5c0a5d1fa1ba,2d5452e8-599f-44b2-a05e-fc5f22fee653,2.0,kg,91.3,False
cc80b0a1-0cda-48a5-b7d9-1f4b45a33493,2026-07-09,4303b39e-474b-4805-8d74-0ef96edd0b2f,9810d51c-eb53-4bfb-9a67-5c0a5d1fa1ba,2d5452e8-599f-44b2-a05e-fc5f22fee653,5.0,kg,98.21,False
f68e01f6-e472-44f1-840e-18f4e8790569,2026-07-10,4303b39e-474b-4805-8d74-0ef96edd0b2f,9810d51c-eb53-4bfb-9a67-5c0a5d1fa1ba,2d5452e8-599f-44b2-a05e-fc5f22fee653,5.0,kg,83.93,False
cb61fffd-144d-4da1-b76a-d8fae94d6e8a,2026-07-11,4303b39e-474b-4805-8d74-0ef96edd0b2f,9810d51c-eb53-4bfb-9a67-5c0a5d1fa1ba,2d5452e8-599f-44b2-a05e-fc5f22fee653,3.0,kg,84.58,False
7e5799da-667d-4491-b7af-a956b1273a9c,2026-07-12,4303b39e-474b-4805-8d74-0ef96edd0b2f,9810d51c-eb53-4bfb-9a67-5c0a5d1fa1ba,2d5452e8-599f-44b2-a05e-fc5f22fee653,5.0,kg,90.81,False
b8e08261-f863-4a6c-8b29-33e92caaae58,2026-07-13,4303b39e-474b-4805-8d74-0ef96edd0b2f,9810d51c-eb53-4bfb-9a67-5c0a5d1fa1ba,2d5452e8-599f-44b2-a05e-fc5f22fee653,4.0,kg,87.07,True
98ffac39-c635-4a9d-a158-bb68029fbc13,2026-07-14,4303b39e-474b-4805-8d74-0ef96edd0b2f,9810d51c-eb53-4bfb-9a67-5c0a5d1fa1ba,2d5452e8-599f-44b2-a05e-fc5f22fee653,3.0,kg,78.64,False
742a8c36-2f84-46e2-a410-bd63acba8f98,2026-07-15,4303b39e-474b-4805-8d74-0ef96edd0b2f,9810d51c-eb53-4bfb-9a67-5c0a5d1fa1ba,2d5452e8-599f-44b2-a05e-fc5f22fee653,3.0,kg,88.83,False
3c2afc84-6e79-4906-bd70-4c1ec376bb05,2026-07-16,4303b39e-474b-4805-8d74-0ef96edd0b2f,9810d51c-eb53-4bfb-9a67-5c0a5d1fa1ba,2d5452e8-599f-44b2-a05e-fc5f22fee653,3.0,kg,87.08,False
fb67d01f-9a57-431b-8207-2affd137434e,2026-07-17,4303b39e-474b-4805-8d74-0ef96edd0b2f,9810d51c-eb53-4bfb-9a67-5c0a5d1fa1ba,2d5452e8-599f-44b2-a05e-fc5f22fee653,5.0,kg,89.69,False
47438405-cbf5-4629-9af4-81f7d65cad28,2026-07-18,4303b39e-474b-4805-8d74-0ef96edd0b2f,9810d51c-eb53-4bfb-9a67-5c0a5d1fa1ba,2d5452e8-599f-44b2-a05e-fc5f22fee653,6.0,kg,70.27,False
b4c23323-0aa4-4f78-8f65-67db2750f8de,2026-07-19,4303b39e-474b-4805-8d74-0ef96edd0b2f,9810d51c-eb53-4bfb-9a67-5c0a5d1fa1ba,2d5452e8-599f-44b2-a05e-fc5f22fee653,6.0,kg,98.94,False
be3a9f25-6226-40c8-b109-f3e43e921546,2026-07-20,4303b39e-474b-4805-8d74-0ef96edd0b2f,9810d51c-eb53-4bfb-9a67-5c0a5d1fa1ba,2d5452e8-599f-44b2-a05e-fc5f22fee653,4.0,kg,98.4,False
1f7bd02b-8129-4b74-a679-71242e4045a3,2026-07-21,4303b39e-474b-4805-8d74-0ef96edd0b2f,9810d51c-eb53-4bfb-9a67-5c0a5d1fa1ba,2d5452e8-599f-44b2-a05e-fc5f22fee653,3.0,kg,71.25,False
58a887fd-b1da-4d66-a9a2-ccbabb3a4b51,2026-07-22,4303b39e-474b-4805-8d74-0ef96edd0b2f,9810d51c-eb53-4bfb-9a67-5c0a5d1fa1ba,2d5452e8-599f-44b2-a05e-fc5f22fee653,4.0,kg,79.9,False
5f8afb98-24c3-4f81-abef-f26cb1203fe1,2026-07-23,4303b39e-474b-4805-8d74-0ef96edd0b2f,9810d51c-eb53-4bfb-9a67-5c0a5d1fa1ba,2d5452e8-599f-44b2-a05e-fc5f22fee653,4.0,kg,89.38,False
be67f900-76c9-45d5-9ffb-34c81c7a5403,2026-07-24,4303b39e-474b-4805-8d74-0ef96edd0b2f,9810d51c-eb53-4bfb-9a67-5c0a5d1fa1ba,2d5452e8-599f-44b2-a05e-fc5f22fee653,3.0,kg,73.28,False
e730d58b-806c-46e4-8cbf-d009cf534e9e,2026-07-25,4303b39e-474b-4805-8d74-0ef96edd0b2f,9810d51c-eb53-4bfb-9a67-5c0a5d1fa1ba,2d5452e8-599f-44b2-a05e-fc5f22fee653,5.0,kg,70.04,False
5b156ed3-e140-4dcb-8b23-5f46ec8ba3d8,2026-07-26,4303b39e-474b-4805-8d74-0ef96edd0b2f,9810d51c-eb53-4bfb-9a67-5c0a5d1fa1ba,2d5452e8-599f-44b2-a05e-fc5f22fee653,5.0,kg,92.36,True
5b9c915d-3ba6-4846-8335-6f38dce6d008,2026-07-27,4303b39e-474b-4805-8d74-0ef96edd0b2f,9810d51c-eb53-4bfb-9a67-5c0a5d1fa1ba,2d5452e8-599f-44b2-a05e-fc5f22fee653,4.0,kg,80.49,False
aed0795f-24f2-44d0-a171-bf44da50f047,2026-07-28,4303b39e-474b-4805-8d74-0ef96edd0b2f,9810d51c-eb53-4bfb-9a67-5c0a5d1fa1ba,2d5452e8-599f-44b2-a05e-fc5f22fee653,4.0,kg,87.15,False
c5999758-2165-4b0d-acb2-b7a373bafbaa,2026-07-29,4303b39e-474b-4805-8d74-0ef96edd0b2f,9810d51c-eb53-4bfb-9a67-5c0a5d1fa1ba,2d5452e8-599f-44b2-a05e-fc5f22fee653,4.0,kg,97.46,False
fdb5f9d8-34ec-4ca5-aaca-27707f06392f,2026-07-30,4303b39e-474b-4805-8d74-0ef96edd0b2f,9810d51c-eb53-4bfb-9a67-5c0a5d1fa1ba,2d5452e8-599f-44b2-a05e-fc5f22fee653,4.0,kg,91.89,False
16eec8a8-b3c0-4b76-be8d-9fe435c23861,2026-07-31,4303b39e-474b-4805-8d74-0ef96edd0b2f,9810d51c-eb53-4bfb-9a67-5c0a5d1fa1ba,2d5452e8-599f-44b2-a05e-fc5f22fee653,4.0,kg,80.94,False
445e71b3-9a52-4c79-b4e1-3fe1d58b9443,2026-08-01,4303b39e-474b-4805-8d74-0ef96edd0b2f,9810d51c-eb53-4bfb-9a67-5c0a5d1fa1ba,2d5452e8-599f-44b2-a05e-fc5f22fee653,4.0,kg,76.49,False
10e27357-d52b-4787-aa85-e51d2ae1293c,2026-08-02,4303b39e-474b-4805-8d74-0ef96edd0b2f,9810d51c-eb53-4bfb-9a67-5c0a5d1fa1ba,2d5452e8-599f-44b2-a05e-fc5f22fee653,5.0,kg,91.07,False
a4d7d92b-64de-4b48-bc21-cba5a17154cc,2026-08-03,4303b39e-474b-4805-8d74-0ef96edd0b2f,9810d51c-eb53-4bfb-9a67-5c0a5d1fa1ba,2d5452e8-599f-44b2-a05e-fc5f22fee653,4.0,kg,80.61,False
9243d6ab-5911-434e-92f6-6869621ef200,2026-08-04,4303b39e-474b-4805-8d74-0ef96edd0b2f,9810d51c-eb53-4bfb-9a67-5c0a5d1fa1ba,2d5452e8-599f-44b2-a05e-fc5f22fee653,4.0,kg,76.85,False
b270c5ae-6576-4768-b31a-b51bb5ea6ff4,2026-08-05,4303b39e-474b-4805-8d74-0ef96edd0b2f,9810d51c-eb53-4bfb-9a67-5c0a5d1fa1ba,2d5452e8-599f-44b2-a05e-fc5f22fee653,4.0,kg,98.89,False
e6e8cde1-d793-444c-9786-aac6739eeb5c,2026-08-06,4303b39e-474b-4805-8d74-0ef96edd0b2f,9810d51c-eb53-4bfb-9a67-5c0a5d1fa1ba,2d5452e8-599f-44b2-a05e-fc5f22fee653,3.0,kg,96.49,False
f26dc9d2-ef8c-4fa4-9ccf-c77c528cc8f3,2026-08-07,4303b39e-474b-4805-8d74-0ef96edd0b2f,9810d51c-eb53-4bfb-9a67-5c0a5d1fa1ba,2d5452e8-599f-44b2-a05e-fc5f22fee653,4.0,kg,72.68,False
62deadd8-a5d6-4cb3-be9e-4267515bc616,2026-08-08,4303b39e-474b-4805-8d74-0ef96edd0b2f,9810d51c-eb53-4bfb-9a67-5c0a5d1fa1ba,2d5452e8-599f-44b2-a05e-fc5f22fee653,5.0,kg,82.56,False
54b7e7e9-e81d-4f5e-96ed-ce41af26700e,2026-08-09,4303b39e-474b-4805-8d74-0ef96edd0b2f,9810d51c-eb53-4bfb-9a67-5c0a5d1fa1ba,2d5452e8-599f-44b2-a05e-fc5f22fee653,4.0,kg,82.35,False
83ae9f3d-5b04-4396-b874-35e3c22ad0fa,2026-08-10,4303b39e-474b-4805-8d74-0ef96edd0b2f,9810d51c-eb53-4bfb-9a67-5c0a5d1fa1ba,2d5452e8-599f-44b2-a05e-fc5f22fee653,4.0,kg,89.46,False
ef1c9cf0-90ec-44d6-9cfc-70b07e94e668,2026-08-11,4303b39e-474b-4805-8d74-0ef96edd0b2f,9810d51c-eb53-4bfb-9a67-5c0a5d1fa1ba,2d5452e8-599f-44b2-a05e-fc5f22fee653,3.0,kg,79.42,False
23ea3ba2-ec1c-418e-bf5e-d01a269ab39d,2026-08-12,4303b39e-474b-4805-8d74-0ef96edd0b2f,9810d51c-eb53-4bfb-9a67-5c0a5d1fa1ba,2d5452e8-599f-44b2-a05e-fc5f22fee653,3.0,kg,85.27,True
e6ca8948-9a84-4075-8dda-7f7e2601e9da,2026-08-13,4303b39e-474b-4805-8d74-0ef96edd0b2f,9810d51c-eb53-4bfb-9a67-5c0a5d1fa1ba,2d5452e8-599f-44b2-a05e-fc5f22fee653,3.0,kg,94.54,False
aabaa96c-4a32-47ae-b776-13d1e8207994,2026-08-14,4303b39e-474b-4805-8d74-0ef96edd0b2f,9810d51c-eb53-4bfb-9a67-5c0a5d1fa1ba,2d5452e8-599f-44b2-a05e-fc5f22fee653,4.0,kg,96.82,False
f2891fc2-a413-485b-92ab-95d888b978d3,2026-08-15,4303b39e-474b-4805-8d74-0ef96edd0b2f,9810d51c-eb53-4bfb-9a67-5c0a5d1fa1ba,2d5452e8-599f-44b2-a05e-fc5f22fee653,4.0,kg,92.81,False
d5c46848-062b-4b08-af14-f044dd4c1cc7,2026-08-16,4303b39e-474b-4805-8d74-0ef96edd0b2f,9810d51c-eb53-4bfb-9a67-5c0a5d1fa1ba,2d5452e8-599f-44b2-a05e-fc5f22fee653,6.0,kg,75.03,False
04ee202f-b981-4f0b-b325-681e45fcccf4,2026-08-17,4303b39e-474b-4805-8d74-0ef96edd0b2f,9810d51c-eb53-4bfb-9a67-5c0a5d1fa1ba,2d5452e8-599f-44b2-a05e-fc5f22fee653,2.0,kg,92.71,False
896f4b5a-1834-4a0e-81fd-93afb91d0302,2026-08-18,4303b39e-474b-4805-8d74-0ef96edd0b2f,9810d51c-eb53-4bfb-9a67-5c0a5d1fa1ba,2d5452e8-599f-44b2-a05e-fc5f22fee653,6.0,kg,85.62,True
150d226e-9ea4-4260-aac7-8b241ef5c2f3,2026-08-19,4303b39e-474b-4805-8d74-0ef96edd0b2f,9810d51c-eb53-4bfb-9a67-5c0a5d1fa1ba,2d5452e8-599f-44b2-a05e-fc5f22fee653,4.0,kg,93.11,False
9dde6a7b-b943-4956-bc53-42d3531dd282,2026-08-20,4303b39e-474b-4805-8d74-0ef96edd0b2f,9810d51c-eb53-4bfb-9a67-5c0a5d1fa1ba,2d5452e8-599f-44b2-a05e-fc5f22fee653,4.0,kg,71.59,False
c84457c1-a48e-415c-b159-c4258d069f19,2026-08-21,4303b39e-474b-4805-8d74-0ef96edd0b2f,9810d51c-eb53-4bfb-9a67-5c0a5d1fa1ba,2d5452e8-599f-44b2-a05e-fc5f22fee653,3.0,kg,98.99,False
688e2dad-5555-4aec-8b9a-f0dbe56d44a4,2026-08-22,4303b39e-474b-4805-8d74-0ef96edd0b2f,9810d51c-eb53-4bfb-9a67-5c0a5d1fa1ba,2d5452e8-599f-44b2-a05e-fc5f22fee653,5.0,kg,84.77,False
06c8831b-96be-45ce-9bb3-ca0221b314a1,2026-08-23,4303b39e-474b-4805-8d74-0ef96edd0b2f,9810d51c-eb53-4bfb-9a67-5c0a5d1fa1ba,2d5452e8-599f-44b2-a05e-fc5f22fee653,5.0,kg,93.7,False
426d21fa-5eb4-424d-8e10-b132dc4d8ece,2026-08-24,4303b39e-474b-4805-8d74-0ef96edd0b2f,9810d51c-eb53-4bfb-9a67-5c0a5d1fa1ba,2d5452e8-599f-44b2-a05e-fc5f22fee653,5.0,kg,98.17,True
41014f7e-d7cb-4bac-a986-56ef1da8852e,2026-08-25,4303b39e-474b-4805-8d74-0ef96edd0b2f,9810d51c-eb53-4bfb-9a67-5c0a5d1fa1ba,2d5452e8-599f-44b2-a05e-fc5f22fee653,4.0,kg,82.5,False
1a5e30a3-45de-40e3-bb3d-4d249479cc62,2026-08-26,4303b39e-474b-4805-8d74-0ef96edd0b2f,9810d51c-eb53-4bfb-9a67-5c0a5d1fa1ba,2d5452e8-599f-44b2-a05e-fc5f22fee653,4.0,kg,95.34,False
a4bb6d98-8097-4a28-b1a9-d9fbfe6e4655,2026-08-27,4303b39e-474b-4805-8d74-0ef96edd0b2f,9810d51c-eb53-4bfb-9a67-5c0a5d1fa1ba,2d5452e8-599f-44b2-a05e-fc5f22fee653,3.0,kg,88.19,False
f3b8ecc9-836d-4af3-8bf8-ee6456932095,2026-08-28,4303b39e-474b-4805-8d74-0ef96edd0b2f,9810d51c-eb53-4bfb-9a67-5c0a5d1fa1ba,2d5452e8-599f-44b2-a05e-fc5f22fee653,4.0,kg,97.99,False
1893245e-6364-478f-ae22-a9e978a96dfe,2026-08-29,4303b39e-474b-4805-8d74-0ef96edd0b2f,9810d51c-eb53-4bfb-9a67-5c0a5d1fa1ba,2d5452e8-599f-44b2-a05e-fc5f22fee653,5.0,kg,96.32,False
115953b9-72a5-4e97-899a-2b8d963556d8,2026-08-30,4303b39e-474b-4805-8d74-0ef96edd0b2f,9810d51c-eb53-4bfb-9a67-5c0a5d1fa1ba,2d5452e8-599f-44b2-a05e-fc5f22fee653,4.0,kg,72.72,True
a5f30cd1-4f07-4a0b-8f13-e52e1b7279b7,2026-08-31,4303b39e-474b-4805-8d74-0ef96edd0b2f,9810d51c-eb53-4bfb-9a67-5c0a5d1fa1ba,2d5452e8-599f-44b2-a05e-fc5f22fee653,3.0,kg,78.68,False
40c88c23-110e-4f5d-b67c-69d481de90a6,2026-09-01,4303b39e-474b-4805-8d74-0ef96edd0b2f,9810d51c-eb53-4bfb-9a67-5c0a5d1fa1ba,2d5452e8-599f-44b2-a05e-fc5f22fee653,4.0,kg,79.38,False
1c3c1595-9075-465b-bc14-98aaa2fe65f2,2026-09-02,4303b39e-474b-4805-8d74-0ef96edd0b2f,9810d51c-eb53-4bfb-9a67-5c0a5d1fa1ba,2d5452e8-599f-44b2-a05e-fc5f22fee653,4.0,kg,95.85,False
2be7a64f-065f-437c-9099-95e1b809834a,2026-09-03,4303b39e-474b-4805-8d74-0ef96edd0b2f,9810d51c-eb53-4bfb-9a67-5c0a5d1fa1ba,2d5452e8-599f-44b2-a05e-fc5f22fee653,3.0,kg,76.52,False
91403d24-17a9-4c76-bf14-43a62ad4f916,2026-09-04,4303b39e-474b-4805-8d74-0ef96edd0b2f,9810d51c-eb53-4bfb-9a67-5c0a5d1fa1ba,2d5452e8-599f-44b2-a05e-fc5f22fee653,4.0,kg,85.53,False
164fd82d-c882-458d-aecc-fb6067da9d7a,2026-09-05,4303b39e-474b-4805-8d74-0ef96edd0b2f,9810d51c-eb53-4bfb-9a67-5c0a5d1fa1ba,2d5452e8-599f-44b2-a05e-fc5f22fee653,5.0,kg,85.0,False
686a1616-ab23-48f4-9d2a-23d393462716,2026-09-06,4303b39e-474b-4805-8d74-0ef96edd0b2f,9810d51c-eb53-4bfb-9a67-5c0a5d1fa1ba,2d5452e8-599f-44b2-a05e-fc5f22fee653,4.0,kg,74.06,False
9c61132d-53b1-443a-a282-37daea58f6eb,2026-09-07,4303b39e-474b-4805-8d74-0ef96edd0b2f,9810d51c-eb53-4bfb-9a67-5c0a5d1fa1ba,2d5452e8-599f-44b2-a05e-fc5f22fee653,3.0,kg,73.63,False
8bf5e31c-9146-4ecf-9685-62073ebc12a6,2025-09-08,de2aa412-e109-4bcf-b6e9-9d9ad0b05e22,86c9d449-3f66-41d2-bfdb-d40385eca579,f88afad5-3d69-4d7f-8a1b-095720bc60a3,124.0,L,61.01,False
b59bb993-9570-4723-a90e-ee16ddde3fe1,2025-09-09,de2aa412-e109-4bcf-b6e9-9d9ad0b05e22,86c9d449-3f66-41d2-bfdb-d40385eca579,f88afad5-3d69-4d7f-8a1b-095720bc60a3,101.0,L,60.14,False
5d6a13be-d5ab-4ae9-aea6-7ffc71c1cc55,2025-09-10,de2aa412-e109-4bcf-b6e9-9d9ad0b05e22,86c9d449-3f66-41d2-bfdb-d40385eca579,f88afad5-3d69-4d7f-8a1b-095720bc60a3,128.0,L,48.9,False
41ea4f96-e0b5-4ea2-812f-c2dcc6b0eb42,2025-09-11,de2aa412-e109-4bcf-b6e9-9d9ad0b05e22,86c9d449-3f66-41d2-bfdb-d40385eca579,f88afad5-3d69-4d7f-8a1b-095720bc60a3,105.0,L,61.77,True
62d065a9-1c55-4fb1-a28b-db06d7c663a0,2025-09-12,de2aa412-e109-4bcf-b6e9-9d9ad0b05e22,86c9d449-3f66-41d2-bfdb-d40385eca579,f88afad5-3d69-4d7f-8a1b-095720bc60a3,139.0,L,61.97,False
a1edaefd-da31-4dbe-a73e-89ad1d89863d,2025-09-13,de2aa412-e109-4bcf-b6e9-9d9ad0b05e22,86c9d449-3f66-41d2-bfdb-d40385eca579,f88afad5-3d69-4d7f-8a1b-095720bc60a3,161.0,L,57.05,False
73bd8ac1-2ba5-40c3-a229-fc763991f135,2025-09-14,de2aa412-e109-4bcf-b6e9-9d9ad0b05e22,86c9d449-3f66-41d2-bfdb-d40385eca579,f88afad5-3d69-4d7f-8a1b-095720bc60a3,155.0,L,61.47,False
c0e9e3c7-781e-4a2e-a120-9ffef990d4da,2025-09-15,de2aa412-e109-4bcf-b6e9-9d9ad0b05e22,86c9d449-3f66-41d2-bfdb-d40385eca579,f88afad5-3d69-4d7f-8a1b-095720bc60a3,138.0,L,68.39,False
ee2ac1ad-c9e2-42c9-9897-7b36a5cf15d9,2025-09-16,de2aa412-e109-4bcf-b6e9-9d9ad0b05e22,86c9d449-3f66-41d2-bfdb-d40385eca579,f88afad5-3d69-4d7f-8a1b-095720bc60a3,151.0,L,65.2,False
f4e1ebbe-ce5c-48d6-a877-db0823bce6d1,2025-09-17,de2aa412-e109-4bcf-b6e9-9d9ad0b05e22,86c9d449-3f66-41d2-bfdb-d40385eca579,f88afad5-3d69-4d7f-8a1b-095720bc60a3,139.0,L,54.55,False
77a0bb6f-bb23-42ad-9d0b-20f09cd6003e,2025-09-18,de2aa412-e109-4bcf-b6e9-9d9ad0b05e22,86c9d449-3f66-41d2-bfdb-d40385eca579,f88afad5-3d69-4d7f-8a1b-095720bc60a3,101.0,L,49.56,True
0e61e1c5-4242-4a48-a011-f1843e1d4385,2025-09-19,de2aa412-e109-4bcf-b6e9-9d9ad0b05e22,86c9d449-3f66-41d2-bfdb-d40385eca579,f88afad5-3d69-4d7f-8a1b-095720bc60a3,95.0,L,58.47,False
00d13a0c-b107-4c3b-81e3-6e29ca238386,2025-09-20,de2aa412-e109-4bcf-b6e9-9d9ad0b05e22,86c9d449-3f66-41d2-bfdb-d40385eca579,f88afad5-3d69-4d7f-8a1b-095720bc60a3,134.0,L,54.86,False
045ce2cc-81cf-429c-b772-797699a415d2,2025-09-21,de2aa412-e109-4bcf-b6e9-9d9ad0b05e22,86c9d449-3f66-41d2-bfdb-d40385eca579,f88afad5-3d69-4d7f-8a1b-095720bc60a3,149.0,L,63.72,False
e433fddb-71b4-4409-a284-528d300dfbf8,2025-09-22,de2aa412-e109-4bcf-b6e9-9d9ad0b05e22,86c9d449-3f66-41d2-bfdb-d40385eca579,f88afad5-3d69-4d7f-8a1b-095720bc60a3,129.0,L,68.78,False
34938f85-dcd1-4326-b905-a57aae09fbb7,2025-09-23,de2aa412-e109-4bcf-b6e9-9d9ad0b05e22,86c9d449-3f66-41d2-bfdb-d40385eca579,f88afad5-3d69-4d7f-8a1b-095720bc60a3,105.0,L,56.08,False
c21c3b9c-76bb-4b44-b64c-9c4726176afa,2025-09-24,de2aa412-e109-4bcf-b6e9-9d9ad0b05e22,86c9d449-3f66-41d2-bfdb-d40385eca579,f88afad5-3d69-4d7f-8a1b-095720bc60a3,122.0,L,55.0,False
18c85632-7027-4915-97ad-8c8409dae6ae,2025-09-25,de2aa412-e109-4bcf-b6e9-9d9ad0b05e22,86c9d449-3f66-41d2-bfdb-d40385eca579,f88afad5-3d69-4d7f-8a1b-095720bc60a3,105.0,L,53.92,False
7bb6afdb-36f3-407c-bb46-6c5d21330c59,2025-09-26,de2aa412-e109-4bcf-b6e9-9d9ad0b05e22,86c9d449-3f66-41d2-bfdb-d40385eca579,f88afad5-3d69-4d7f-8a1b-095720bc60a3,107.0,L,50.33,False
c7019d10-5f47-4102-8f28-1769972b68dc,2025-09-27,de2aa412-e109-4bcf-b6e9-9d9ad0b05e22,86c9d449-3f66-41d2-bfdb-d40385eca579,f88afad5-3d69-4d7f-8a1b-095720bc60a3,115.0,L,61.22,False
d26da9e8-3039-4f4c-b49f-17ae3036280e,2025-09-28,de2aa412-e109-4bcf-b6e9-9d9ad0b05e22,86c9d449-3f66-41d2-bfdb-d40385eca579,f88afad5-3d69-4d7f-8a1b-095720bc60a3,127.0,L,66.47,False
27824e5e-ebb5-40c0-9148-b1e6e35841ff,2025-09-29,de2aa412-e109-4bcf-b6e9-9d9ad0b05e22,86c9d449-3f66-41d2-bfdb-d40385eca579,f88afad5-3d69-4d7f-8a1b-095720bc60a3,93.0,L,55.18,False
d0071cd9-053a-4fb5-8a08-3a838c6ab0c7,2025-09-30,de2aa412-e109-4bcf-b6e9-9d9ad0b05e22,86c9d449-3f66-41d2-bfdb-d40385eca579,f88afad5-3d69-4d7f-8a1b-095720bc60a3,100.0,L,54.87,False
0c3418eb-5eca-4436-891d-3b2a8d40fff1,2025-10-01,de2aa412-e109-4bcf-b6e9-9d9ad0b05e22,86c9d449-3f66-41d2-bfdb-d40385eca579,f88afad5-3d69-4d7f-8a1b-095720bc60a3,139.0,L,58.76,False
df053124-7d09-4fb5-bbee-3cf99563d861,2025-10-02,de2aa412-e109-4bcf-b6e9-9d9ad0b05e22,86c9d449-3f66-41d2-bfdb-d40385eca579,f88afad5-3d69-4d7f-8a1b-095720bc60a3,101.0,L,58.77,False
61226f39-a08f-4ada-9559-1eb4d3192413,2025-10-03,de2aa412-e109-4bcf-b6e9-9d9ad0b05e22,86c9d449-3f66-41d2-bfdb-d40385eca579,f88afad5-3d69-4d7f-8a1b-095720bc60a3,169.0,L,68.15,False
ad97f803-9887-4d0c-b47f-9ececaee17c3,2025-10-04,de2aa412-e109-4bcf-b6e9-9d9ad0b05e22,86c9d449-3f66-41d2-bfdb-d40385eca579,f88afad5-3d69-4d7f-8a1b-095720bc60a3,160.0,L,68.6,False
179df3be-d484-4e95-baa8-bad63b0f2098,2025-10-05,de2aa412-e109-4bcf-b6e9-9d9ad0b05e22,86c9d449-3f66-41d2-bfdb-d40385eca579,f88afad5-3d69-4d7f-8a1b-095720bc60a3,153.0,L,55.71,False
94bdce50-3ba8-4bbc-8584-3b2f209c1bc5,2025-10-06,de2aa412-e109-4bcf-b6e9-9d9ad0b05e22,86c9d449-3f66-41d2-bfdb-d40385eca579,f88afad5-3d69-4d7f-8a1b-095720bc60a3,123.0,L,58.69,True
37708921-bef2-4f74-98ce-2b08cfb99f01,2025-10-07,de2aa412-e109-4bcf-b6e9-9d9ad0b05e22,86c9d449-3f66-41d2-bfdb-d40385eca579,f88afad5-3d69-4d7f-8a1b-095720bc60a3,132.0,L,58.18,False
64173cd4-4326-4910-becc-4ebad10b5814,2025-10-08,de2aa412-e109-4bcf-b6e9-9d9ad0b05e22,86c9d449-3f66-41d2-bfdb-d40385eca579,f88afad5-3d69-4d7f-8a1b-095720bc60a3,108.0,L,66.09,False
6960bff4-689d-4b66-ac9d-7a144a9d3ecd,2025-10-09,de2aa412-e109-4bcf-b6e9-9d9ad0b05e22,86c9d449-3f66-41d2-bfdb-d40385eca579,f88afad5-3d69-4d7f-8a1b-095720bc60a3,121.0,L,66.83,False
9778e76b-2d9f-410c-8ae4-44d1226df11a,2025-10-10,de2aa412-e109-4bcf-b6e9-9d9ad0b05e22,86c9d449-3f66-41d2-bfdb-d40385eca579,f88afad5-3d69-4d7f-8a1b-095720bc60a3,168.0,L,64.34,False
2c43c2c3-d687-4dec-9d4f-5a874f40865b,2025-10-11,de2aa412-e109-4bcf-b6e9-9d9ad0b05e22,86c9d449-3f66-41d2-bfdb-d40385eca579,f88afad5-3d69-4d7f-8a1b-095720bc60a3,147.0,L,56.71,False
551691d3-3cfa-48f7-b32f-2054d64210c9,2025-10-12,de2aa412-e109-4bcf-b6e9-9d9ad0b05e22,86c9d449-3f66-41d2-bfdb-d40385eca579,f88afad5-3d69-4d7f-8a1b-095720bc60a3,176.0,L,52.39,False
cccfac83-6cc0-4167-b601-51a4168c80d6,2025-10-13,de2aa412-e109-4bcf-b6e9-9d9ad0b05e22,86c9d449-3f66-41d2-bfdb-d40385eca579,f88afad5-3d69-4d7f-8a1b-095720bc60a3,106.0,L,58.89,False
1dc97c34-641b-4ada-bbdb-53c682d5a109,2025-10-14,de2aa412-e109-4bcf-b6e9-9d9ad0b05e22,86c9d449-3f66-41d2-bfdb-d40385eca579,f88afad5-3d69-4d7f-8a1b-095720bc60a3,119.0,L,54.17,False
acfa6070-9cfb-4ece-999e-183736d189d4,2025-10-15,de2aa412-e109-4bcf-b6e9-9d9ad0b05e22,86c9d449-3f66-41d2-bfdb-d40385eca579,f88afad5-3d69-4d7f-8a1b-095720bc60a3,153.0,L,62.59,False
fdb22fc2-b5f0-4868-bc74-791842e63057,2025-10-16,de2aa412-e109-4bcf-b6e9-9d9ad0b05e22,86c9d449-3f66-41d2-bfdb-d40385eca579,f88afad5-3d69-4d7f-8a1b-095720bc60a3,107.0,L,68.78,False
3dc9cba3-9031-42c0-b589-1ca56610ba7e,2025-10-17,de2aa412-e109-4bcf-b6e9-9d9ad0b05e22,86c9d449-3f66-41d2-bfdb-d40385eca579,f88afad5-3d69-4d7f-8a1b-095720bc60a3,154.0,L,55.42,False
8df0129e-9692-4327-952d-a360c86dd395,2025-10-18,de2aa412-e109-4bcf-b6e9-9d9ad0b05e22,86c9d449-3f66-41d2-bfdb-d40385eca579,f88afad5-3d69-4d7f-8a1b-095720bc60a3,166.0,L,64.15,False
1a989249-1b8c-45f8-943e-4388ba4750a5,2025-10-19,de2aa412-e109-4bcf-b6e9-9d9ad0b05e22,86c9d449-3f66-41d2-bfdb-d40385eca579,f88afad5-3d69-4d7f-8a1b-095720bc60a3,136.0,L,58.99,False
380bc49b-f295-4587-afff-469356063c8d,2025-10-20,de2aa412-e109-4bcf-b6e9-9d9ad0b05e22,86c9d449-3f66-41d2-bfdb-d40385eca579,f88afad5-3d69-4d7f-8a1b-095720bc60a3,132.0,L,49.25,False
86ce55ad-3b7d-4d22-a93b-a5e43938a747,2025-10-21,de2aa412-e109-4bcf-b6e9-9d9ad0b05e22,86c9d449-3f66-41d2-bfdb-d40385eca579,f88afad5-3d69-4d7f-8a1b-095720bc60a3,138.0,L,55.29,False
8ad4b88c-5c5e-422e-b853-e55542a03cd5,2025-10-22,de2aa412-e109-4bcf-b6e9-9d9ad0b05e22,86c9d449-3f66-41d2-bfdb-d40385eca579,f88afad5-3d69-4d7f-8a1b-095720bc60a3,132.0,L,57.9,False
ce227976-e273-4a22-8a7a-fabf785bda7a,2025-10-23,de2aa412-e109-4bcf-b6e9-9d9ad0b05e22,86c9d449-3f66-41d2-bfdb-d40385eca579,f88afad5-3d69-4d7f-8a1b-095720bc60a3,90.0,L,59.13,False
6892b0ec-c9c5-4b60-b90c-967473206047,2025-10-24,de2aa412-e109-4bcf-b6e9-9d9ad0b05e22,86c9d449-3f66-41d2-bfdb-d40385eca579,f88afad5-3d69-4d7f-8a1b-095720bc60a3,106.0,L,51.71,False
7dde9a80-0866-4e62-b7b9-94b40db5ad6f,2025-10-25,de2aa412-e109-4bcf-b6e9-9d9ad0b05e22,86c9d449-3f66-41d2-bfdb-d40385eca579,f88afad5-3d69-4d7f-8a1b-095720bc60a3,144.0,L,63.83,False
4b95a923-62c6-43f0-8bba-6b70c33f0335,2025-10-26,de2aa412-e109-4bcf-b6e9-9d9ad0b05e22,86c9d449-3f66-41d2-bfdb-d40385eca579,f88afad5-3d69-4d7f-8a1b-095720bc60a3,149.0,L,55.36,False
d7d05007-0ea0-4354-abdc-baae4c68e05b,2025-10-27,de2aa412-e109-4bcf-b6e9-9d9ad0b05e22,86c9d449-3f66-41d2-bfdb-d40385eca579,f88afad5-3d69-4d7f-8a1b-095720bc60a3,132.0,L,59.48,False
f26ee7f6-8e9e-4c64-9ccb-576e02146a3f,2025-10-28,de2aa412-e109-4bcf-b6e9-9d9ad0b05e22,86c9d449-3f66-41d2-bfdb-d40385eca579,f88afad5-3d69-4d7f-8a1b-095720bc60a3,124.0,L,54.6,False
1a417cbb-f7d7-4863-826d-a051d1578bad,2025-10-29,de2aa412-e109-4bcf-b6e9-9d9ad0b05e22,86c9d449-3f66-41d2-bfdb-d40385eca579,f88afad5-3d69-4d7f-8a1b-095720bc60a3,95.0,L,56.04,False
6661e163-2293-4476-bee1-985e3442957f,2025-10-30,de2aa412-e109-4bcf-b6e9-9d9ad0b05e22,86c9d449-3f66-41d2-bfdb-d40385eca579,f88afad5-3d69-4d7f-8a1b-095720bc60a3,128.0,L,60.56,False
b3f79d85-ff30-4b9c-8a1c-531ac65429f6,2025-10-31,de2aa412-e109-4bcf-b6e9-9d9ad0b05e22,86c9d449-3f66-41d2-bfdb-d40385eca579,f88afad5-3d69-4d7f-8a1b-095720bc60a3,133.0,L,63.53,False
3a0c4174-71c7-44d2-9d72-fd9f67a6c93a,2025-11-01,de2aa412-e109-4bcf-b6e9-9d9ad0b05e22,86c9d449-3f66-41d2-bfdb-d40385eca579,f88afad5-3d69-4d7f-8a1b-095720bc60a3,165.0,L,48.86,False
2d688e12-c07a-4692-a96a-438984985c65,2025-11-02,de2aa412-e109-4bcf-b6e9-9d9ad0b05e22,86c9d449-3f66-41d2-bfdb-d40385eca579,f88afad5-3d69-4d7f-8a1b-095720bc60a3,178.0,L,68.61,False
c2705e6d-ef1f-468c-a886-395bc11bdb4a,2025-11-03,de2aa412-e109-4bcf-b6e9-9d9ad0b05e22,86c9d449-3f66-41d2-bfdb-d40385eca579,f88afad5-3d69-4d7f-8a1b-095720bc60a3,138.0,L,64.6,False
2da12c0c-3125-4f3b-9158-c625803910cc,2025-11-04,de2aa412-e109-4bcf-b6e9-9d9ad0b05e22,86c9d449-3f66-41d2-bfdb-d40385eca579,f88afad5-3d69-4d7f-8a1b-095720bc60a3,130.0,L,63.45,False
887a29e0-56ae-4087-9cda-d4344963d117,2025-11-05,de2aa412-e109-4bcf-b6e9-9d9ad0b05e22,86c9d449-3f66-41d2-bfdb-d40385eca579,f88afad5-3d69-4d7f-8a1b-095720bc60a3,120.0,L,51.88,False
701fbbf5-6bec-4649-9404-8d463a885b16,2025-11-06,de2aa412-e109-4bcf-b6e9-9d9ad0b05e22,86c9d449-3f66-41d2-bfdb-d40385eca579,f88afad5-3d69-4d7f-8a1b-095720bc60a3,89.0,L,65.96,False
905ebc68-70f8-403c-84f0-e9a6d6831dc9,2025-11-07,de2aa412-e109-4bcf-b6e9-9d9ad0b05e22,86c9d449-3f66-41d2-bfdb-d40385eca579,f88afad5-3d69-4d7f-8a1b-095720bc60a3,130.0,L,62.6,False
674f131c-d65d-4442-8290-439a6e592ebd,2025-11-08,de2aa412-e109-4bcf-b6e9-9d9ad0b05e22,86c9d449-3f66-41d2-bfdb-d40385eca579,f88afad5-3d69-4d7f-8a1b-095720bc60a3,189.0,L,68.21,True
50f84fc3-9664-472b-9c7c-1a6cf0b29fb7,2025-11-09,de2aa412-e109-4bcf-b6e9-9d9ad0b05e22,86c9d449-3f66-41d2-bfdb-d40385eca579,f88afad5-3d69-4d7f-8a1b-095720bc60a3,160.0,L,48.7,False
37c650d7-9858-40c1-b3e0-9ef245e6e3a7,2025-11-10,de2aa412-e109-4bcf-b6e9-9d9ad0b05e22,86c9d449-3f66-41d2-bfdb-d40385eca579,f88afad5-3d69-4d7f-8a1b-095720bc60a3,98.0,L,51.48,False
7a634c6f-35ba-4d0f-bd21-3ecf1ec96cd6,2025-11-11,de2aa412-e109-4bcf-b6e9-9d9ad0b05e22,86c9d449-3f66-41d2-bfdb-d40385eca579,f88afad5-3d69-4d7f-8a1b-095720bc60a3,101.0,L,56.92,False
db4401b8-0fb7-4213-9c3a-c66e3bf60428,2025-11-12,de2aa412-e109-4bcf-b6e9-9d9ad0b05e22,86c9d449-3f66-41d2-bfdb-d40385eca579,f88afad5-3d69-4d7f-8a1b-095720bc60a3,144.0,L,66.63,False
98802e8a-6e01-441b-be6c-d7832ebfd3e3,2025-11-13,de2aa412-e109-4bcf-b6e9-9d9ad0b05e22,86c9d449-3f66-41d2-bfdb-d40385eca579,f88afad5-3d69-4d7f-8a1b-095720bc60a3,122.0,L,49.61,False
2789b126-c035-4dd9-930c-7fe7ff566b21,2025-11-14,de2aa412-e109-4bcf-b6e9-9d9ad0b05e22,86c9d449-3f66-41d2-bfdb-d40385eca579,f88afad5-3d69-4d7f-8a1b-095720bc60a3,137.0,L,52.65,False
9061e22a-f85c-4a72-a887-5e130b95362a,2025-11-15,de2aa412-e109-4bcf-b6e9-9d9ad0b05e22,86c9d449-3f66-41d2-bfdb-d40385eca579,f88afad5-3d69-4d7f-8a1b-095720bc60a3,155.0,L,62.21,False
7412c90a-c7a8-430a-93df-9acad504dd2a,2025-11-16,de2aa412-e109-4bcf-b6e9-9d9ad0b05e22,86c9d449-3f66-41d2-bfdb-d40385eca579,f88afad5-3d69-4d7f-8a1b-095720bc60a3,155.0,L,54.89,False
144da2d8-6a2b-40a6-b4a2-f201c48c67e9,2025-11-17,de2aa412-e109-4bcf-b6e9-9d9ad0b05e22,86c9d449-3f66-41d2-bfdb-d40385eca579,f88afad5-3d69-4d7f-8a1b-095720bc60a3,142.0,L,67.45,False
8b8e49a0-5cc9-43ec-a753-4a18fe9d89f2,2025-11-18,de2aa412-e109-4bcf-b6e9-9d9ad0b05e22,86c9d449-3f66-41d2-bfdb-d40385eca579,f88afad5-3d69-4d7f-8a1b-095720bc60a3,114.0,L,55.74,False
8b9592fb-c168-47db-942d-8b5815ca0992,2025-11-19,de2aa412-e109-4bcf-b6e9-9d9ad0b05e22,86c9d449-3f66-41d2-bfdb-d40385eca579,f88afad5-3d69-4d7f-8a1b-095720bc60a3,126.0,L,61.81,False
1a871bf3-36ed-43f6-9b85-a98ef2b8525f,2025-11-20,de2aa412-e109-4bcf-b6e9-9d9ad0b05e22,86c9d449-3f66-41d2-bfdb-d40385eca579,f88afad5-3d69-4d7f-8a1b-095720bc60a3,115.0,L,61.11,False
4405c427-fc68-4fd5-bc49-ae5707bed326,2025-11-21,de2aa412-e109-4bcf-b6e9-9d9ad0b05e22,86c9d449-3f66-41d2-bfdb-d40385eca579,f88afad5-3d69-4d7f-8a1b-095720bc60a3,116.0,L,53.48,False
813ee60c-a676-4976-bd17-ede67db03f55,2025-11-22,de2aa412-e109-4bcf-b6e9-9d9ad0b05e22,86c9d449-3f66-41d2-bfdb-d40385eca579,f88afad5-3d69-4d7f-8a1b-095720bc60a3,148.0,L,53.02,False
a1168b73-058b-4cc6-a511-b38a7e060a58,2025-11-23,de2aa412-e109-4bcf-b6e9-9d9ad0b05e22,86c9d449-3f66-41d2-bfdb-d40385eca579,f88afad5-3d69-4d7f-8a1b-095720bc60a3,162.0,L,54.55,False
faec1d02-5f62-4ad0-8499-34b73e817b89,2025-11-24,de2aa412-e109-4bcf-b6e9-9d9ad0b05e22,86c9d449-3f66-41d2-bfdb-d40385eca579,f88afad5-3d69-4d7f-8a1b-095720bc60a3,116.0,L,52.65,False
23b3fcc7-0d66-48b2-96eb-b8e89f26e36f,2025-11-25,de2aa412-e109-4bcf-b6e9-9d9ad0b05e22,86c9d449-3f66-41d2-bfdb-d40385eca579,f88afad5-3d69-4d7f-8a1b-095720bc60a3,151.0,L,55.62,False
63b367f3-1cae-4d56-9788-a8cd37719872,2025-11-26,de2aa412-e109-4bcf-b6e9-9d9ad0b05e22,86c9d449-3f66-41d2-bfdb-d40385eca579,f88afad5-3d69-4d7f-8a1b-095720bc60a3,108.0,L,65.0,False
e8da1bc2-5db1-43eb-811d-f82584344ae9,2025-11-27,de2aa412-e109-4bcf-b6e9-9d9ad0b05e22,86c9d449-3f66-41d2-bfdb-d40385eca579,f88afad5-3d69-4d7f-8a1b-095720bc60a3,122.0,L,50.86,False
60ba17af-05d7-4952-bc98-cba15c80726f,2025-11-28,de2aa412-e109-4bcf-b6e9-9d9ad0b05e22,86c9d449-3f66-41d2-bfdb-d40385eca579,f88afad5-3d69-4d7f-8a1b-095720bc60a3,117.0,L,56.27,False
d5ebdba7-728a-4e54-8875-82f4263260bd,2025-11-29,de2aa412-e109-4bcf-b6e9-9d9ad0b05e22,86c9d449-3f66-41d2-bfdb-d40385eca579,f88afad5-3d69-4d7f-8a1b-095720bc60a3,195.0,L,65.49,False
015fb230-db6a-4674-945f-84c45de1d3e9,2025-11-30,de2aa412-e109-4bcf-b6e9-9d9ad0b05e22,86c9d449-3f66-41d2-bfdb-d40385eca579,f88afad5-3d69-4d7f-8a1b-095720bc60a3,163.0,L,54.4,False
525c0e0e-5515-494e-afca-ea4ae5a4d602,2025-12-01,de2aa412-e109-4bcf-b6e9-9d9ad0b05e22,86c9d449-3f66-41d2-bfdb-d40385eca579,f88afad5-3d69-4d7f-8a1b-095720bc60a3,148.0,L,63.3,False
bc115c67-42ef-48a4-9e64-10c0b883274b,2025-12-02,de2aa412-e109-4bcf-b6e9-9d9ad0b05e22,86c9d449-3f66-41d2-bfdb-d40385eca579,f88afad5-3d69-4d7f-8a1b-095720bc60a3,97.0,L,57.59,False
38aa53cb-b24f-4790-8909-189de61fb0d8,2025-12-03,de2aa412-e109-4bcf-b6e9-9d9ad0b05e22,86c9d449-3f66-41d2-bfdb-d40385eca579,f88afad5-3d69-4d7f-8a1b-095720bc60a3,133.0,L,58.36,False
7b2fd26b-495b-494e-9f50-73dc0c7b1489,2025-12-04,de2aa412-e109-4bcf-b6e9-9d9ad0b05e22,86c9d449-3f66-41d2-bfdb-d40385eca579,f88afad5-3d69-4d7f-8a1b-095720bc60a3,146.0,L,59.61,False
ff52f86c-2ee7-4c1e-b73f-b4d4a13d8625,2025-12-05,de2aa412-e109-4bcf-b6e9-9d9ad0b05e22,86c9d449-3f66-41d2-bfdb-d40385eca579,f88afad5-3d69-4d7f-8a1b-095720bc60a3,130.0,L,62.92,False
440bd15e-663c-46bd-ac04-2028c5e6db16,2025-12-06,de2aa412-e109-4bcf-b6e9-9d9ad0b05e22,86c9d449-3f66-41d2-bfdb-d40385eca579,f88afad5-3d69-4d7f-8a1b-095720bc60a3,188.0,L,60.62,False
1f6888fd-753f-4e8e-b786-f06cc77d646e,2025-12-07,de2aa412-e109-4bcf-b6e9-9d9ad0b05e22,86c9d449-3f66-41d2-bfdb-d40385eca579,f88afad5-3d69-4d7f-8a1b-095720bc60a3,147.0,L,62.37,False
395fc261-9d48-42b7-9ccf-b6b80473169a,2025-12-08,de2aa412-e109-4bcf-b6e9-9d9ad0b05e22,86c9d449-3f66-41d2-bfdb-d40385eca579,f88afad5-3d69-4d7f-8a1b-095720bc60a3,158.0,L,61.7,False
06a0d29d-089d-4e3f-b56c-dc83225b1e7c,2025-12-09,de2aa412-e109-4bcf-b6e9-9d9ad0b05e22,86c9d449-3f66-41d2-bfdb-d40385eca579,f88afad5-3d69-4d7f-8a1b-095720bc60a3,212.0,L,56.98,True
6597a416-429e-4b79-b28a-e155a0db5635,2025-12-10,de2aa412-e109-4bcf-b6e9-9d9ad0b05e22,86c9d449-3f66-41d2-bfdb-d40385eca579,f88afad5-3d69-4d7f-8a1b-095720bc60a3,122.0,L,50.41,False
20ff602d-d286-4a72-bf06-5ee87dee917e,2025-12-11,de2aa412-e109-4bcf-b6e9-9d9ad0b05e22,86c9d449-3f66-41d2-bfdb-d40385eca579,f88afad5-3d69-4d7f-8a1b-095720bc60a3,120.0,L,48.41,False
3940f075-9cc0-4b74-bba8-c5698481d9d3,2025-12-12,de2aa412-e109-4bcf-b6e9-9d9ad0b05e22,86c9d449-3f66-41d2-bfdb-d40385eca579,f88afad5-3d69-4d7f-8a1b-095720bc60a3,160.0,L,56.85,False
d8751936-88ab-4190-958c-86b60a068b9a,2025-12-13,de2aa412-e109-4bcf-b6e9-9d9ad0b05e22,86c9d449-3f66-41d2-bfdb-d40385eca579,f88afad5-3d69-4d7f-8a1b-095720bc60a3,204.0,L,66.75,False
b2dd75a8-8388-4414-918d-dc1dd44469a7,2025-12-14,de2aa412-e109-4bcf-b6e9-9d9ad0b05e22,86c9d449-3f66-41d2-bfdb-d40385eca579,f88afad5-3d69-4d7f-8a1b-095720bc60a3,149.0,L,52.49,False
feb94300-8e71-476b-aaa1-f0ae86f3fe07,2025-12-15,de2aa412-e109-4bcf-b6e9-9d9ad0b05e22,86c9d449-3f66-41d2-bfdb-d40385eca579,f88afad5-3d69-4d7f-8a1b-095720bc60a3,122.0,L,55.04,False
7d1e016b-fd49-46ff-8a12-4b3858da5e99,2025-12-16,de2aa412-e109-4bcf-b6e9-9d9ad0b05e22,86c9d449-3f66-41d2-bfdb-d40385eca579,f88afad5-3d69-4d7f-8a1b-095720bc60a3,125.0,L,67.37,False
654a751d-3cf0-4826-a2f6-fc34a5867449,2025-12-17,de2aa412-e109-4bcf-b6e9-9d9ad0b05e22,86c9d449-3f66-41d2-bfdb-d40385eca579,f88afad5-3d69-4d7f-8a1b-095720bc60a3,103.0,L,60.36,False
ddd431af-9dd5-43ff-9555-41c39ef3b75b,2025-12-18,de2aa412-e109-4bcf-b6e9-9d9ad0b05e22,86c9d449-3f66-41d2-bfdb-d40385eca579,f88afad5-3d69-4d7f-8a1b-095720bc60a3,112.0,L,63.49,False
381a2d8d-a7be-45d4-ba94-6ed4acac67a2,2025-12-19,de2aa412-e109-4bcf-b6e9-9d9ad0b05e22,86c9d449-3f66-41d2-bfdb-d40385eca579,f88afad5-3d69-4d7f-8a1b-095720bc60a3,111.0,L,51.98,False
85fdeb9f-9538-41df-8298-4b95c0f86fc0,2025-12-20,de2aa412-e109-4bcf-b6e9-9d9ad0b05e22,86c9d449-3f66-41d2-bfdb-d40385eca579,f88afad5-3d69-4d7f-8a1b-095720bc60a3,145.0,L,51.99,False
f706c296-899b-4532-bbda-712cdd04a7d5,2025-12-21,de2aa412-e109-4bcf-b6e9-9d9ad0b05e22,86c9d449-3f66-41d2-bfdb-d40385eca579,f88afad5-3d69-4d7f-8a1b-095720bc60a3,164.0,L,69.24,False
7cc1938c-b874-446f-ba4f-bb0f90c9a7e8,2025-12-22,de2aa412-e109-4bcf-b6e9-9d9ad0b05e22,86c9d449-3f66-41d2-bfdb-d40385eca579,f88afad5-3d69-4d7f-8a1b-095720bc60a3,137.0,L,58.7,False
5183d4cc-ad93-42c6-9df9-49d69c8812ce,2025-12-23,de2aa412-e109-4bcf-b6e9-9d9ad0b05e22,86c9d449-3f66-41d2-bfdb-d40385eca579,f88afad5-3d69-4d7f-8a1b-095720bc60a3,166.0,L,68.5,False
a879a3b2-4cf6-4785-b3fc-57e3cfd66a53,2025-12-24,de2aa412-e109-4bcf-b6e9-9d9ad0b05e22,86c9d449-3f66-41d2-bfdb-d40385eca579,f88afad5-3d69-4d7f-8a1b-095720bc60a3,112.0,L,66.71,False
74d7036d-73ce-4500-a323-4bd8591df67c,2025-12-25,de2aa412-e109-4bcf-b6e9-9d9ad0b05e22,86c9d449-3f66-41d2-bfdb-d40385eca579,f88afad5-3d69-4d7f-8a1b-095720bc60a3,185.0,L,50.55,True
5fff621c-7681-46fb-b8db-3fa6e941b41d,2025-12-26,de2aa412-e109-4bcf-b6e9-9d9ad0b05e22,86c9d449-3f66-41d2-bfdb-d40385eca579,f88afad5-3d69-4d7f-8a1b-095720bc60a3,129.0,L,54.28,False
7685f7d0-5ad1-4afd-ac50-2fe5e17fa838,2025-12-27,de2aa412-e109-4bcf-b6e9-9d9ad0b05e22,86c9d449-3f66-41d2-bfdb-d40385eca579,f88afad5-3d69-4d7f-8a1b-095720bc60a3,166.0,L,59.71,False
90226b54-1924-4eed-bcc7-0295535b14b5,2025-12-28,de2aa412-e109-4bcf-b6e9-9d9ad0b05e22,86c9d449-3f66-41d2-bfdb-d40385eca579,f88afad5-3d69-4d7f-8a1b-095720bc60a3,186.0,L,68.01,False
c9700a01-7cea-4383-b8d8-def9bdbf483b,2025-12-29,de2aa412-e109-4bcf-b6e9-9d9ad0b05e22,86c9d449-3f66-41d2-bfdb-d40385eca579,f88afad5-3d69-4d7f-8a1b-095720bc60a3,110.0,L,58.13,False
0a7ce030-d225-4feb-8ba9-d009f648d984,2025-12-30,de2aa412-e109-4bcf-b6e9-9d9ad0b05e22,86c9d449-3f66-41d2-bfdb-d40385eca579,f88afad5-3d69-4d7f-8a1b-095720bc60a3,143.0,L,50.67,False
a7df5974-6a13-4160-9561-b78a04a21797,2025-12-31,de2aa412-e109-4bcf-b6e9-9d9ad0b05e22,86c9d449-3f66-41d2-bfdb-d40385eca579,f88afad5-3d69-4d7f-8a1b-095720bc60a3,139.0,L,53.7,False
0e5597ec-5de2-4a46-b569-f00b2bdaaf83,2026-01-01,de2aa412-e109-4bcf-b6e9-9d9ad0b05e22,86c9d449-3f66-41d2-bfdb-d40385eca579,f88afad5-3d69-4d7f-8a1b-095720bc60a3,146.0,L,63.77,False
ac0a7f82-f30b-41ae-b669-e6668e3e5800,2026-01-02,de2aa412-e109-4bcf-b6e9-9d9ad0b05e22,86c9d449-3f66-41d2-bfdb-d40385eca579,f88afad5-3d69-4d7f-8a1b-095720bc60a3,142.0,L,60.22,False
7633eb19-6721-40d9-8960-2f9dd81e6943,2026-01-03,de2aa412-e109-4bcf-b6e9-9d9ad0b05e22,86c9d449-3f66-41d2-bfdb-d40385eca579,f88afad5-3d69-4d7f-8a1b-095720bc60a3,236.0,L,51.99,False
c8399798-a931-4e38-ab3b-7c0874c92661,2026-01-04,de2aa412-e109-4bcf-b6e9-9d9ad0b05e22,86c9d449-3f66-41d2-bfdb-d40385eca579,f88afad5-3d69-4d7f-8a1b-095720bc60a3,153.0,L,65.67,False
3c336a29-e439-480f-95cc-2bc8876fbb66,2026-01-05,de2aa412-e109-4bcf-b6e9-9d9ad0b05e22,86c9d449-3f66-41d2-bfdb-d40385eca579,f88afad5-3d69-4d7f-8a1b-095720bc60a3,125.0,L,50.12,False
59e036a2-283d-47a1-be58-ad557b2371bd,2026-01-06,de2aa412-e109-4bcf-b6e9-9d9ad0b05e22,86c9d449-3f66-41d2-bfdb-d40385eca579,f88afad5-3d69-4d7f-8a1b-095720bc60a3,123.0,L,52.18,False
d8db2387-d40a-4e8c-8000-26a88bd37008,2026-01-07,de2aa412-e109-4bcf-b6e9-9d9ad0b05e22,86c9d449-3f66-41d2-bfdb-d40385eca579,f88afad5-3d69-4d7f-8a1b-095720bc60a3,125.0,L,55.1,False
33f6b727-be5c-4c21-ac53-20cfe5bab8fb,2026-01-08,de2aa412-e109-4bcf-b6e9-9d9ad0b05e22,86c9d449-3f66-41d2-bfdb-d40385eca579,f88afad5-3d69-4d7f-8a1b-095720bc60a3,123.0,L,53.78,False
24159bd8-38ce-49e8-b712-0723b0fde09d,2026-01-09,de2aa412-e109-4bcf-b6e9-9d9ad0b05e22,86c9d449-3f66-41d2-bfdb-d40385eca579,f88afad5-3d69-4d7f-8a1b-095720bc60a3,164.0,L,64.13,False
d311ae90-3886-4e92-a10a-ae2f7ae2e1f1,2026-01-10,de2aa412-e109-4bcf-b6e9-9d9ad0b05e22,86c9d449-3f66-41d2-bfdb-d40385eca579,f88afad5-3d69-4d7f-8a1b-095720bc60a3,211.0,L,54.64,False
cfb4bdfa-b11e-4a42-8135-f4b2329c2199,2026-01-11,de2aa412-e109-4bcf-b6e9-9d9ad0b05e22,86c9d449-3f66-41d2-bfdb-d40385eca579,f88afad5-3d69-4d7f-8a1b-095720bc60a3,157.0,L,62.03,False
a339ae1d-77fd-4106-b677-0ca8cc0d529a,2026-01-12,de2aa412-e109-4bcf-b6e9-9d9ad0b05e22,86c9d449-3f66-41d2-bfdb-d40385eca579,f88afad5-3d69-4d7f-8a1b-095720bc60a3,120.0,L,49.6,False
76919a38-f324-4a16-8316-0e4d232f1da2,2026-01-13,de2aa412-e109-4bcf-b6e9-9d9ad0b05e22,86c9d449-3f66-41d2-bfdb-d40385eca579,f88afad5-3d69-4d7f-8a1b-095720bc60a3,149.0,L,54.74,False
996e1ae8-757d-4753-a48b-6924712263a7,2026-01-14,de2aa412-e109-4bcf-b6e9-9d9ad0b05e22,86c9d449-3f66-41d2-bfdb-d40385eca579,f88afad5-3d69-4d7f-8a1b-095720bc60a3,127.0,L,58.85,False
5adafa91-fd30-491f-9aed-e1058ad38eab,2026-01-15,de2aa412-e109-4bcf-b6e9-9d9ad0b05e22,86c9d449-3f66-41d2-bfdb-d40385eca579,f88afad5-3d69-4d7f-8a1b-095720bc60a3,153.0,L,54.83,False
12482903-4946-4e33-a5b5-90a8b7621bb1,2026-01-16,de2aa412-e109-4bcf-b6e9-9d9ad0b05e22,86c9d449-3f66-41d2-bfdb-d40385eca579,f88afad5-3d69-4d7f-8a1b-095720bc60a3,144.0,L,67.54,False
21c34a7e-a74c-4b59-9b7d-aa91907bfc87,2026-01-17,de2aa412-e109-4bcf-b6e9-9d9ad0b05e22,86c9d449-3f66-41d2-bfdb-d40385eca579,f88afad5-3d69-4d7f-8a1b-095720bc60a3,132.0,L,61.21,False
2c883a7c-ea6d-4c7a-9538-2bf7a2f8df0b,2026-01-18,de2aa412-e109-4bcf-b6e9-9d9ad0b05e22,86c9d449-3f66-41d2-bfdb-d40385eca579,f88afad5-3d69-4d7f-8a1b-095720bc60a3,218.0,L,51.1,False
d9357f56-cd52-4729-8ef7-33f0957bce3a,2026-01-19,de2aa412-e109-4bcf-b6e9-9d9ad0b05e22,86c9d449-3f66-41d2-bfdb-d40385eca579,f88afad5-3d69-4d7f-8a1b-095720bc60a3,180.0,L,64.0,False
8dde3277-89d7-48cc-b95a-84aff3befc38,2026-01-20,de2aa412-e109-4bcf-b6e9-9d9ad0b05e22,86c9d449-3f66-41d2-bfdb-d40385eca579,f88afad5-3d69-4d7f-8a1b-095720bc60a3,127.0,L,59.83,False
9ab4b133-d0ba-4768-ac74-d87008f2145d,2026-01-21,de2aa412-e109-4bcf-b6e9-9d9ad0b05e22,86c9d449-3f66-41d2-bfdb-d40385eca579,f88afad5-3d69-4d7f-8a1b-095720bc60a3,132.0,L,59.59,False
b8123a9b-5052-47ee-992f-101fb2be7876,2026-01-22,de2aa412-e109-4bcf-b6e9-9d9ad0b05e22,86c9d449-3f66-41d2-bfdb-d40385eca579,f88afad5-3d69-4d7f-8a1b-095720bc60a3,147.0,L,52.89,False
73fbe53a-ff57-4151-8703-9e3fba289a6b,2026-01-23,de2aa412-e109-4bcf-b6e9-9d9ad0b05e22,86c9d449-3f66-41d2-bfdb-d40385eca579,f88afad5-3d69-4d7f-8a1b-095720bc60a3,149.0,L,64.15,False
98d186d4-3774-4be1-a5d3-4526bfde2a0d,2026-01-24,de2aa412-e109-4bcf-b6e9-9d9ad0b05e22,86c9d449-3f66-41d2-bfdb-d40385eca579,f88afad5-3d69-4d7f-8a1b-095720bc60a3,196.0,L,50.02,False
0653b4d5-7d33-40c6-b768-6a37a980d94a,2026-01-25,de2aa412-e109-4bcf-b6e9-9d9ad0b05e22,86c9d449-3f66-41d2-bfdb-d40385eca579,f88afad5-3d69-4d7f-8a1b-095720bc60a3,234.0,L,49.94,False
e2405b98-c640-43ca-8c12-b3aed602f6fc,2026-01-26,de2aa412-e109-4bcf-b6e9-9d9ad0b05e22,86c9d449-3f66-41d2-bfdb-d40385eca579,f88afad5-3d69-4d7f-8a1b-095720bc60a3,138.0,L,49.6,False
27ff80ef-415e-4d77-9919-cb0bcde038ec,2026-01-27,de2aa412-e109-4bcf-b6e9-9d9ad0b05e22,86c9d449-3f66-41d2-bfdb-d40385eca579,f88afad5-3d69-4d7f-8a1b-095720bc60a3,124.0,L,58.92,False
309de082-7159-4fb7-91bc-65991fa209c7,2026-01-28,de2aa412-e109-4bcf-b6e9-9d9ad0b05e22,86c9d449-3f66-41d2-bfdb-d40385eca579,f88afad5-3d69-4d7f-8a1b-095720bc60a3,111.0,L,51.45,False
c2eb2e17-15ee-4a97-a376-def0e7835aad,2026-01-29,de2aa412-e109-4bcf-b6e9-9d9ad0b05e22,86c9d449-3f66-41d2-bfdb-d40385eca579,f88afad5-3d69-4d7f-8a1b-095720bc60a3,126.0,L,59.23,False
16f1c584-b058-4cf3-85c8-a93ae49e3415,2026-01-30,de2aa412-e109-4bcf-b6e9-9d9ad0b05e22,86c9d449-3f66-41d2-bfdb-d40385eca579,f88afad5-3d69-4d7f-8a1b-095720bc60a3,142.0,L,52.61,False
fec8e1a1-4d51-4eb6-a592-f6ef94c66fbe,2026-01-31,de2aa412-e109-4bcf-b6e9-9d9ad0b05e22,86c9d449-3f66-41d2-bfdb-d40385eca579,f88afad5-3d69-4d7f-8a1b-095720bc60a3,230.0,L,59.02,False
0a158b22-5e92-448a-a56b-c085ab4fd640,2026-02-01,de2aa412-e109-4bcf-b6e9-9d9ad0b05e22,86c9d449-3f66-41d2-bfdb-d40385eca579,f88afad5-3d69-4d7f-8a1b-095720bc60a3,164.0,L,57.82,False
994ef286-533f-467d-85dc-dfa1426ab56e,2026-02-02,de2aa412-e109-4bcf-b6e9-9d9ad0b05e22,86c9d449-3f66-41d2-bfdb-d40385eca579,f88afad5-3d69-4d7f-8a1b-095720bc60a3,149.0,L,57.89,False
79e4a306-3341-4871-92fe-030592099368,2026-02-03,de2aa412-e109-4bcf-b6e9-9d9ad0b05e22,86c9d449-3f66-41d2-bfdb-d40385eca579,f88afad5-3d69-4d7f-8a1b-095720bc60a3,172.0,L,65.25,True
e6c69fdd-e614-4405-9799-b53d71bc4700,2026-02-04,de2aa412-e109-4bcf-b6e9-9d9ad0b05e22,86c9d449-3f66-41d2-bfdb-d40385eca579,f88afad5-3d69-4d7f-8a1b-095720bc60a3,172.0,L,56.61,False
15f8b0ef-653b-483d-baaa-244ecff5549c,2026-02-05,de2aa412-e109-4bcf-b6e9-9d9ad0b05e22,86c9d449-3f66-41d2-bfdb-d40385eca579,f88afad5-3d69-4d7f-8a1b-095720bc60a3,203.0,L,63.96,False
fd8eca9c-f7f0-40b4-8a7b-5a3e7322ad7e,2026-02-06,de2aa412-e109-4bcf-b6e9-9d9ad0b05e22,86c9d449-3f66-41d2-bfdb-d40385eca579,f88afad5-3d69-4d7f-8a1b-095720bc60a3,132.0,L,49.25,False
59afb2d3-e88f-4206-8191-f6fd0ebf8616,2026-02-07,de2aa412-e109-4bcf-b6e9-9d9ad0b05e22,86c9d449-3f66-41d2-bfdb-d40385eca579,f88afad5-3d69-4d7f-8a1b-095720bc60a3,167.0,L,69.18,False
3b9e9ecf-02c1-4eee-8f37-09ae23eff2c4,2026-02-08,de2aa412-e109-4bcf-b6e9-9d9ad0b05e22,86c9d449-3f66-41d2-bfdb-d40385eca579,f88afad5-3d69-4d7f-8a1b-095720bc60a3,212.0,L,49.75,False
10ef267a-cf1c-4db3-8f48-10b94eeebcd2,2026-02-09,de2aa412-e109-4bcf-b6e9-9d9ad0b05e22,86c9d449-3f66-41d2-bfdb-d40385eca579,f88afad5-3d69-4d7f-8a1b-095720bc60a3,161.0,L,48.97,False
6ef1f0d9-eff5-4e4b-b313-3c4f443b0d6a,2026-02-10,de2aa412-e109-4bcf-b6e9-9d9ad0b05e22,86c9d449-3f66-41d2-bfdb-d40385eca579,f88afad5-3d69-4d7f-8a1b-095720bc60a3,189.0,L,64.38,False
ba9bb1ce-3b83-40b3-8dd3-05b7b9d2ae2a,2026-02-11,de2aa412-e109-4bcf-b6e9-9d9ad0b05e22,86c9d449-3f66-41d2-bfdb-d40385eca579,f88afad5-3d69-4d7f-8a1b-095720bc60a3,159.0,L,61.86,False
cd7f98f8-7536-4d05-b614-b5df4dcb68b7,2026-02-12,de2aa412-e109-4bcf-b6e9-9d9ad0b05e22,86c9d449-3f66-41d2-bfdb-d40385eca579,f88afad5-3d69-4d7f-8a1b-095720bc60a3,138.0,L,69.15,False
0f2e6980-33c3-48e9-93c7-3f3bc14910b3,2026-02-13,de2aa412-e109-4bcf-b6e9-9d9ad0b05e22,86c9d449-3f66-41d2-bfdb-d40385eca579,f88afad5-3d69-4d7f-8a1b-095720bc60a3,160.0,L,66.56,False
ed441720-389e-4d49-9b50-722a89b6fb92,2026-02-14,de2aa412-e109-4bcf-b6e9-9d9ad0b05e22,86c9d449-3f66-41d2-bfdb-d40385eca579,f88afad5-3d69-4d7f-8a1b-095720bc60a3,215.0,L,56.19,False
e917c0cc-5830-4b97-8483-2551ce53593e,2026-02-15,de2aa412-e109-4bcf-b6e9-9d9ad0b05e22,86c9d449-3f66-41d2-bfdb-d40385eca579,f88afad5-3d69-4d7f-8a1b-095720bc60a3,207.0,L,59.63,False
bead1720-9d28-4e31-9566-88a7724c47ef,2026-02-16,de2aa412-e109-4bcf-b6e9-9d9ad0b05e22,86c9d449-3f66-41d2-bfdb-d40385eca579,f88afad5-3d69-4d7f-8a1b-095720bc60a3,159.0,L,55.6,False
b176486a-b609-45cd-a345-ddcf0a9e2723,2026-02-17,de2aa412-e109-4bcf-b6e9-9d9ad0b05e22,86c9d449-3f66-41d2-bfdb-d40385eca579,f88afad5-3d69-4d7f-8a1b-095720bc60a3,172.0,L,59.58,False
8e5a0cba-bdaa-4e31-b83e-95d3b69da75b,2026-02-18,de2aa412-e109-4bcf-b6e9-9d9ad0b05e22,86c9d449-3f66-41d2-bfdb-d40385eca579,f88afad5-3d69-4d7f-8a1b-095720bc60a3,175.0,L,63.59,False
03debf8c-6c91-4d74-9d2d-05f4fc776c47,2026-02-19,de2aa412-e109-4bcf-b6e9-9d9ad0b05e22,86c9d449-3f66-41d2-bfdb-d40385eca579,f88afad5-3d69-4d7f-8a1b-095720bc60a3,180.0,L,48.37,False
232754e2-06b5-447a-9483-658dbac75702,2026-02-20,de2aa412-e109-4bcf-b6e9-9d9ad0b05e22,86c9d449-3f66-41d2-bfdb-d40385eca579,f88afad5-3d69-4d7f-8a1b-095720bc60a3,195.0,L,62.44,True
d02355b7-30f0-44c5-a3a0-8356abc337e3,2026-02-21,de2aa412-e109-4bcf-b6e9-9d9ad0b05e22,86c9d449-3f66-41d2-bfdb-d40385eca579,f88afad5-3d69-4d7f-8a1b-095720bc60a3,180.0,L,59.47,False
e72246b4-b0c0-4d9c-b1da-d7015d2e0319,2026-02-22,de2aa412-e109-4bcf-b6e9-9d9ad0b05e22,86c9d449-3f66-41d2-bfdb-d40385eca579,f88afad5-3d69-4d7f-8a1b-095720bc60a3,189.0,L,53.5,False
81f1acc6-9c66-4352-8c66-d659069c15a6,2026-02-23,de2aa412-e109-4bcf-b6e9-9d9ad0b05e22,86c9d449-3f66-41d2-bfdb-d40385eca579,f88afad5-3d69-4d7f-8a1b-095720bc60a3,177.0,L,54.09,False
1b9015e4-03b7-4789-9035-c5b8d3be7ec0,2026-02-24,de2aa412-e109-4bcf-b6e9-9d9ad0b05e22,86c9d449-3f66-41d2-bfdb-d40385eca579,f88afad5-3d69-4d7f-8a1b-095720bc60a3,129.0,L,50.67,False
37843048-2e4a-44d9-9e53-9c9826711844,2026-02-25,de2aa412-e109-4bcf-b6e9-9d9ad0b05e22,86c9d449-3f66-41d2-bfdb-d40385eca579,f88afad5-3d69-4d7f-8a1b-095720bc60a3,157.0,L,57.1,False
e529d21f-ff77-4628-99d0-465cb16fc3b3,2026-02-26,de2aa412-e109-4bcf-b6e9-9d9ad0b05e22,86c9d449-3f66-41d2-bfdb-d40385eca579,f88afad5-3d69-4d7f-8a1b-095720bc60a3,139.0,L,66.86,False
b25aa14e-472b-49c8-b840-3b734f2896b6,2026-02-27,de2aa412-e109-4bcf-b6e9-9d9ad0b05e22,86c9d449-3f66-41d2-bfdb-d40385eca579,f88afad5-3d69-4d7f-8a1b-095720bc60a3,179.0,L,52.63,True
35b03fdd-c925-4922-b6ca-1773c45ef66c,2026-02-28,de2aa412-e109-4bcf-b6e9-9d9ad0b05e22,86c9d449-3f66-41d2-bfdb-d40385eca579,f88afad5-3d69-4d7f-8a1b-095720bc60a3,224.0,L,49.01,False
60163445-dde7-4453-b759-252ea6df5191,2026-03-01,de2aa412-e109-4bcf-b6e9-9d9ad0b05e22,86c9d449-3f66-41d2-bfdb-d40385eca579,f88afad5-3d69-4d7f-8a1b-095720bc60a3,192.0,L,49.32,False
4b9db0e0-52c4-4cbf-9d24-5866e1a11742,2026-03-02,de2aa412-e109-4bcf-b6e9-9d9ad0b05e22,86c9d449-3f66-41d2-bfdb-d40385eca579,f88afad5-3d69-4d7f-8a1b-095720bc60a3,150.0,L,56.75,False
40b83c5b-ad5b-4f83-837e-28fb14fb18de,2026-03-03,de2aa412-e109-4bcf-b6e9-9d9ad0b05e22,86c9d449-3f66-41d2-bfdb-d40385eca579,f88afad5-3d69-4d7f-8a1b-095720bc60a3,117.0,L,52.86,False
056500ef-d94b-45e9-9a62-50159ffdcc68,2026-03-04,de2aa412-e109-4bcf-b6e9-9d9ad0b05e22,86c9d449-3f66-41d2-bfdb-d40385eca579,f88afad5-3d69-4d7f-8a1b-095720bc60a3,167.0,L,49.49,False
d922ce79-2a27-482c-a25a-4ae6f18446b2,2026-03-05,de2aa412-e109-4bcf-b6e9-9d9ad0b05e22,86c9d449-3f66-41d2-bfdb-d40385eca579,f88afad5-3d69-4d7f-8a1b-095720bc60a3,165.0,L,54.37,False
d86b980d-d8a0-466e-bbad-981b3e6440ce,2026-03-06,de2aa412-e109-4bcf-b6e9-9d9ad0b05e22,86c9d449-3f66-41d2-bfdb-d40385eca579,f88afad5-3d69-4d7f-8a1b-095720bc60a3,201.0,L,55.0,False
f2909580-844a-4e55-9550-14d7b18b3707,2026-03-07,de2aa412-e109-4bcf-b6e9-9d9ad0b05e22,86c9d449-3f66-41d2-bfdb-d40385eca579,f88afad5-3d69-4d7f-8a1b-095720bc60a3,178.0,L,62.42,False
c37805c3-0e4f-4c8f-a565-a26b8c4ea466,2026-03-08,de2aa412-e109-4bcf-b6e9-9d9ad0b05e22,86c9d449-3f66-41d2-bfdb-d40385eca579,f88afad5-3d69-4d7f-8a1b-095720bc60a3,194.0,L,54.64,False
3589be36-120d-4f93-8327-ead62ed3d1d6,2026-03-09,de2aa412-e109-4bcf-b6e9-9d9ad0b05e22,86c9d449-3f66-41d2-bfdb-d40385eca579,f88afad5-3d69-4d7f-8a1b-095720bc60a3,156.0,L,62.16,False
6cda285c-cf86-475b-95ba-ba993da78573,2026-03-10,de2aa412-e109-4bcf-b6e9-9d9ad0b05e22,86c9d449-3f66-41d2-bfdb-d40385eca579,f88afad5-3d69-4d7f-8a1b-095720bc60a3,188.0,L,54.61,False
cac89271-7fae-4863-9a70-279e42814b82,2026-03-11,de2aa412-e109-4bcf-b6e9-9d9ad0b05e22,86c9d449-3f66-41d2-bfdb-d40385eca579,f88afad5-3d69-4d7f-8a1b-095720bc60a3,177.0,L,66.77,True
5601a9cc-73a4-4491-8671-84effbfefc75,2026-03-12,de2aa412-e109-4bcf-b6e9-9d9ad0b05e22,86c9d449-3f66-41d2-bfdb-d40385eca579,f88afad5-3d69-4d7f-8a1b-095720bc60a3,157.0,L,61.45,False
8f0a1c89-a001-494f-9c13-0104faa906e6,2026-03-13,de2aa412-e109-4bcf-b6e9-9d9ad0b05e22,86c9d449-3f66-41d2-bfdb-d40385eca579,f88afad5-3d69-4d7f-8a1b-095720bc60a3,165.0,L,58.71,False
c712f9cb-6887-443b-acda-59320d64acfe,2026-03-14,de2aa412-e109-4bcf-b6e9-9d9ad0b05e22,86c9d449-3f66-41d2-bfdb-d40385eca579,f88afad5-3d69-4d7f-8a1b-095720bc60a3,194.0,L,68.07,False
977ce2e5-b24b-4add-a261-aee62bcfd3dd,2026-03-15,de2aa412-e109-4bcf-b6e9-9d9ad0b05e22,86c9d449-3f66-41d2-bfdb-d40385eca579,f88afad5-3d69-4d7f-8a1b-095720bc60a3,175.0,L,64.8,False
fb571e38-5322-4ccc-9b7a-b733cc8ab790,2026-03-16,de2aa412-e109-4bcf-b6e9-9d9ad0b05e22,86c9d449-3f66-41d2-bfdb-d40385eca579,f88afad5-3d69-4d7f-8a1b-095720bc60a3,155.0,L,57.04,False
95c3527c-23d8-4580-8497-84e41b209005,2026-03-17,de2aa412-e109-4bcf-b6e9-9d9ad0b05e22,86c9d449-3f66-41d2-bfdb-d40385eca579,f88afad5-3d69-4d7f-8a1b-095720bc60a3,177.0,L,64.14,False
368a4cf8-8cc5-479f-880c-e1c1effd1471,2026-03-18,de2aa412-e109-4bcf-b6e9-9d9ad0b05e22,86c9d449-3f66-41d2-bfdb-d40385eca579,f88afad5-3d69-4d7f-8a1b-095720bc60a3,126.0,L,66.14,False
854c0463-29fa-4da0-aae3-6bae08fd4d71,2026-03-19,de2aa412-e109-4bcf-b6e9-9d9ad0b05e22,86c9d449-3f66-41d2-bfdb-d40385eca579,f88afad5-3d69-4d7f-8a1b-095720bc60a3,154.0,L,63.16,False
fd0b728b-0942-4bfe-934d-1442d949cd8f,2026-03-20,de2aa412-e109-4bcf-b6e9-9d9ad0b05e22,86c9d449-3f66-41d2-bfdb-d40385eca579,f88afad5-3d69-4d7f-8a1b-095720bc60a3,134.0,L,67.51,False
d0be9bec-2b5e-427d-8344-93349bca137e,2026-03-21,de2aa412-e109-4bcf-b6e9-9d9ad0b05e22,86c9d449-3f66-41d2-bfdb-d40385eca579,f88afad5-3d69-4d7f-8a1b-095720bc60a3,225.0,L,60.0,False
dfa2e2e4-ef40-4b15-ac77-f8e18cd5bddc,2026-03-22,de2aa412-e109-4bcf-b6e9-9d9ad0b05e22,86c9d449-3f66-41d2-bfdb-d40385eca579,f88afad5-3d69-4d7f-8a1b-095720bc60a3,143.0,L,53.4,False
36fde17d-ac74-41d2-8b25-4a809df911fa,2026-03-23,de2aa412-e109-4bcf-b6e9-9d9ad0b05e22,86c9d449-3f66-41d2-bfdb-d40385eca579,f88afad5-3d69-4d7f-8a1b-095720bc60a3,137.0,L,61.88,False
3c864901-5e43-446d-9a3a-255ea7319936,2026-03-24,de2aa412-e109-4bcf-b6e9-9d9ad0b05e22,86c9d449-3f66-41d2-bfdb-d40385eca579,f88afad5-3d69-4d7f-8a1b-095720bc60a3,160.0,L,66.09,False
254ed288-a828-464e-bbfe-4c8be6b11281,2026-03-25,de2aa412-e109-4bcf-b6e9-9d9ad0b05e22,86c9d449-3f66-41d2-bfdb-d40385eca579,f88afad5-3d69-4d7f-8a1b-095720bc60a3,189.0,L,63.52,False
8255dc5b-a5f6-4e4a-b296-67e595cc7d85,2026-03-26,de2aa412-e109-4bcf-b6e9-9d9ad0b05e22,86c9d449-3f66-41d2-bfdb-d40385eca579,f88afad5-3d69-4d7f-8a1b-095720bc60a3,150.0,L,53.94,False
7f57783e-9ca2-4825-8757-42c1d5e83d63,2026-03-27,de2aa412-e109-4bcf-b6e9-9d9ad0b05e22,86c9d449-3f66-41d2-bfdb-d40385eca579,f88afad5-3d69-4d7f-8a1b-095720bc60a3,138.0,L,66.65,False
abb6b8c2-30d6-476b-a5db-7b3ad498853f,2026-03-28,de2aa412-e109-4bcf-b6e9-9d9ad0b05e22,86c9d449-3f66-41d2-bfdb-d40385eca579,f88afad5-3d69-4d7f-8a1b-095720bc60a3,246.0,L,64.3,False
5e31dc51-0433-4cb9-9d45-e84ac1372a29,2026-03-29,de2aa412-e109-4bcf-b6e9-9d9ad0b05e22,86c9d449-3f66-41d2-bfdb-d40385eca579,f88afad5-3d69-4d7f-8a1b-095720bc60a3,145.0,L,60.04,False
b465ada3-23c3-4f04-a024-2ec550b71be2,2026-03-30,de2aa412-e109-4bcf-b6e9-9d9ad0b05e22,86c9d449-3f66-41d2-bfdb-d40385eca579,f88afad5-3d69-4d7f-8a1b-095720bc60a3,98.0,L,66.56,False
1f27db8b-4938-460a-948b-0f1e05b7fcf4,2026-03-31,de2aa412-e109-4bcf-b6e9-9d9ad0b05e22,86c9d449-3f66-41d2-bfdb-d40385eca579,f88afad5-3d69-4d7f-8a1b-095720bc60a3,162.0,L,68.4,False
2d005882-53ce-4746-b58d-e32d36ced9ea,2026-04-01,de2aa412-e109-4bcf-b6e9-9d9ad0b05e22,86c9d449-3f66-41d2-bfdb-d40385eca579,f88afad5-3d69-4d7f-8a1b-095720bc60a3,167.0,L,68.5,True
75c9a013-8936-43c4-ae48-3d1485a72239,2026-04-02,de2aa412-e109-4bcf-b6e9-9d9ad0b05e22,86c9d449-3f66-41d2-bfdb-d40385eca579,f88afad5-3d69-4d7f-8a1b-095720bc60a3,126.0,L,69.29,False
17809830-25fb-47dd-91e0-7997e21d14e5,2026-04-03,de2aa412-e109-4bcf-b6e9-9d9ad0b05e22,86c9d449-3f66-41d2-bfdb-d40385eca579,f88afad5-3d69-4d7f-8a1b-095720bc60a3,168.0,L,53.39,False
f024ea8e-56f9-4d68-9726-a72e6bd09108,2026-04-04,de2aa412-e109-4bcf-b6e9-9d9ad0b05e22,86c9d449-3f66-41d2-bfdb-d40385eca579,f88afad5-3d69-4d7f-8a1b-095720bc60a3,196.0,L,52.59,False
da092e79-b701-47a9-b363-efd42b5eaaee,2026-04-05,de2aa412-e109-4bcf-b6e9-9d9ad0b05e22,86c9d449-3f66-41d2-bfdb-d40385eca579,f88afad5-3d69-4d7f-8a1b-095720bc60a3,172.0,L,59.89,False
228a154b-13ac-4a5e-a355-61e05723c4c3,2026-04-06,de2aa412-e109-4bcf-b6e9-9d9ad0b05e22,86c9d449-3f66-41d2-bfdb-d40385eca579,f88afad5-3d69-4d7f-8a1b-095720bc60a3,120.0,L,56.29,False
75573e31-a55d-4a60-a5ba-6c90e80414d6,2026-04-07,de2aa412-e109-4bcf-b6e9-9d9ad0b05e22,86c9d449-3f66-41d2-bfdb-d40385eca579,f88afad5-3d69-4d7f-8a1b-095720bc60a3,172.0,L,53.79,False
650f3373-3071-4915-8ced-eb5adaff8800,2026-04-08,de2aa412-e109-4bcf-b6e9-9d9ad0b05e22,86c9d449-3f66-41d2-bfdb-d40385eca579,f88afad5-3d69-4d7f-8a1b-095720bc60a3,167.0,L,58.74,False
16284cc8-7b96-413c-a927-11f0b69ea1b1,2026-04-09,de2aa412-e109-4bcf-b6e9-9d9ad0b05e22,86c9d449-3f66-41d2-bfdb-d40385eca579,f88afad5-3d69-4d7f-8a1b-095720bc60a3,149.0,L,68.91,False
56c44740-c8bc-414c-b5b3-74ed1bfb67f8,2026-04-10,de2aa412-e109-4bcf-b6e9-9d9ad0b05e22,86c9d449-3f66-41d2-bfdb-d40385eca579,f88afad5-3d69-4d7f-8a1b-095720bc60a3,196.0,L,65.93,False
7a56b475-fb43-4373-8929-1aaaebe253d2,2026-04-11,de2aa412-e109-4bcf-b6e9-9d9ad0b05e22,86c9d449-3f66-41d2-bfdb-d40385eca579,f88afad5-3d69-4d7f-8a1b-095720bc60a3,156.0,L,56.08,False
9a7a7386-f9a4-4560-bf14-339e5e185996,2026-04-12,de2aa412-e109-4bcf-b6e9-9d9ad0b05e22,86c9d449-3f66-41d2-bfdb-d40385eca579,f88afad5-3d69-4d7f-8a1b-095720bc60a3,143.0,L,52.95,False
914aa236-494d-4553-a504-4a9119170f7d,2026-04-13,de2aa412-e109-4bcf-b6e9-9d9ad0b05e22,86c9d449-3f66-41d2-bfdb-d40385eca579,f88afad5-3d69-4d7f-8a1b-095720bc60a3,134.0,L,53.78,False
b593f240-21d6-4e60-806d-28a6c7c8ec5f,2026-04-14,de2aa412-e109-4bcf-b6e9-9d9ad0b05e22,86c9d449-3f66-41d2-bfdb-d40385eca579,f88afad5-3d69-4d7f-8a1b-095720bc60a3,150.0,L,60.46,False
efe694e9-3296-41bb-9452-142c78449cc4,2026-04-15,de2aa412-e109-4bcf-b6e9-9d9ad0b05e22,86c9d449-3f66-41d2-bfdb-d40385eca579,f88afad5-3d69-4d7f-8a1b-095720bc60a3,157.0,L,51.5,False
eea8b4d8-774a-4cb2-aafa-57b9db8cb79b,2026-04-16,de2aa412-e109-4bcf-b6e9-9d9ad0b05e22,86c9d449-3f66-41d2-bfdb-d40385eca579,f88afad5-3d69-4d7f-8a1b-095720bc60a3,145.0,L,56.28,False
19e86df7-6bb4-4151-b2c9-b95400ffb9f0,2026-04-17,de2aa412-e109-4bcf-b6e9-9d9ad0b05e22,86c9d449-3f66-41d2-bfdb-d40385eca579,f88afad5-3d69-4d7f-8a1b-095720bc60a3,159.0,L,62.05,False
5fae4c5a-4d3f-4f04-8d68-3ab083d256c9,2026-04-18,de2aa412-e109-4bcf-b6e9-9d9ad0b05e22,86c9d449-3f66-41d2-bfdb-d40385eca579,f88afad5-3d69-4d7f-8a1b-095720bc60a3,150.0,L,53.7,False
f56f63ad-81e0-4294-915e-fba6a4f275b2,2026-04-19,de2aa412-e109-4bcf-b6e9-9d9ad0b05e22,86c9d449-3f66-41d2-bfdb-d40385eca579,f88afad5-3d69-4d7f-8a1b-095720bc60a3,232.0,L,68.6,False
46392c2a-bda7-4150-99fe-c37638381091,2026-04-20,de2aa412-e109-4bcf-b6e9-9d9ad0b05e22,86c9d449-3f66-41d2-bfdb-d40385eca579,f88afad5-3d69-4d7f-8a1b-095720bc60a3,148.0,L,58.6,False
a6041b95-5226-4368-a4dc-80e28a09cc10,2026-04-21,de2aa412-e109-4bcf-b6e9-9d9ad0b05e22,86c9d449-3f66-41d2-bfdb-d40385eca579,f88afad5-3d69-4d7f-8a1b-095720bc60a3,177.0,L,51.85,False
82abaadb-9c18-4b86-9c7f-6d646871c099,2026-04-22,de2aa412-e109-4bcf-b6e9-9d9ad0b05e22,86c9d449-3f66-41d2-bfdb-d40385eca579,f88afad5-3d69-4d7f-8a1b-095720bc60a3,158.0,L,58.55,False
d558875b-16a8-4eca-a53c-b9d94af00eed,2026-04-23,de2aa412-e109-4bcf-b6e9-9d9ad0b05e22,86c9d449-3f66-41d2-bfdb-d40385eca579,f88afad5-3d69-4d7f-8a1b-095720bc60a3,161.0,L,59.68,False
000bb927-26ad-4bec-bfe2-cbc440818e11,2026-04-24,de2aa412-e109-4bcf-b6e9-9d9ad0b05e22,86c9d449-3f66-41d2-bfdb-d40385eca579,f88afad5-3d69-4d7f-8a1b-095720bc60a3,164.0,L,49.53,False
316b4418-15fd-4f7d-87c7-b69a06817752,2026-04-25,de2aa412-e109-4bcf-b6e9-9d9ad0b05e22,86c9d449-3f66-41d2-bfdb-d40385eca579,f88afad5-3d69-4d7f-8a1b-095720bc60a3,241.0,L,66.08,True
2cb4742e-1fe8-48b0-989a-23eaafa8b9b0,2026-04-26,de2aa412-e109-4bcf-b6e9-9d9ad0b05e22,86c9d449-3f66-41d2-bfdb-d40385eca579,f88afad5-3d69-4d7f-8a1b-095720bc60a3,206.0,L,64.35,False
55f7bd67-2fc4-44bd-a18f-e5a5ccf977ea,2026-04-27,de2aa412-e109-4bcf-b6e9-9d9ad0b05e22,86c9d449-3f66-41d2-bfdb-d40385eca579,f88afad5-3d69-4d7f-8a1b-095720bc60a3,181.0,L,65.99,False
4df65933-f84c-4c3a-be80-caf85d9e5bef,2026-04-28,de2aa412-e109-4bcf-b6e9-9d9ad0b05e22,86c9d449-3f66-41d2-bfdb-d40385eca579,f88afad5-3d69-4d7f-8a1b-095720bc60a3,154.0,L,63.15,False
e89b67c5-6874-4fa3-90e6-5b63586077ce,2026-04-29,de2aa412-e109-4bcf-b6e9-9d9ad0b05e22,86c9d449-3f66-41d2-bfdb-d40385eca579,f88afad5-3d69-4d7f-8a1b-095720bc60a3,200.0,L,58.92,True
5053af8f-b42b-48d2-906f-b947747aa85f,2026-04-30,de2aa412-e109-4bcf-b6e9-9d9ad0b05e22,86c9d449-3f66-41d2-bfdb-d40385eca579,f88afad5-3d69-4d7f-8a1b-095720bc60a3,147.0,L,61.27,False
9acbb0c8-f0c4-4ef6-9c63-a98da57dc13f,2026-05-01,de2aa412-e109-4bcf-b6e9-9d9ad0b05e22,86c9d449-3f66-41d2-bfdb-d40385eca579,f88afad5-3d69-4d7f-8a1b-095720bc60a3,183.0,L,58.45,False
3c731356-7c67-45b5-9cea-0ee480247de8,2026-05-02,de2aa412-e109-4bcf-b6e9-9d9ad0b05e22,86c9d449-3f66-41d2-bfdb-d40385eca579,f88afad5-3d69-4d7f-8a1b-095720bc60a3,166.0,L,48.44,False
db71d2de-1564-42b3-9301-61e6c8b0682a,2026-05-03,de2aa412-e109-4bcf-b6e9-9d9ad0b05e22,86c9d449-3f66-41d2-bfdb-d40385eca579,f88afad5-3d69-4d7f-8a1b-095720bc60a3,240.0,L,48.55,False
ad4e3978-b931-4f93-8576-510612747e51,2026-05-04,de2aa412-e109-4bcf-b6e9-9d9ad0b05e22,86c9d449-3f66-41d2-bfdb-d40385eca579,f88afad5-3d69-4d7f-8a1b-095720bc60a3,148.0,L,54.07,False
f0f05310-971c-4382-8376-062aa48977b2,2026-05-05,de2aa412-e109-4bcf-b6e9-9d9ad0b05e22,86c9d449-3f66-41d2-bfdb-d40385eca579,f88afad5-3d69-4d7f-8a1b-095720bc60a3,115.0,L,48.66,False
c86874b4-73a3-47df-9702-a8cf4a8f5405,2026-05-06,de2aa412-e109-4bcf-b6e9-9d9ad0b05e22,86c9d449-3f66-41d2-bfdb-d40385eca579,f88afad5-3d69-4d7f-8a1b-095720bc60a3,151.0,L,65.23,False
9707af77-517a-4732-a23a-0cd18dfad577,2026-05-07,de2aa412-e109-4bcf-b6e9-9d9ad0b05e22,86c9d449-3f66-41d2-bfdb-d40385eca579,f88afad5-3d69-4d7f-8a1b-095720bc60a3,132.0,L,50.55,False
e4d9e277-96bd-410e-b0f2-b3deb0dbb03e,2026-05-08,de2aa412-e109-4bcf-b6e9-9d9ad0b05e22,86c9d449-3f66-41d2-bfdb-d40385eca579,f88afad5-3d69-4d7f-8a1b-095720bc60a3,168.0,L,51.43,False
e7860766-2830-4ccb-9438-3e4c69baab94,2026-05-09,de2aa412-e109-4bcf-b6e9-9d9ad0b05e22,86c9d449-3f66-41d2-bfdb-d40385eca579,f88afad5-3d69-4d7f-8a1b-095720bc60a3,166.0,L,59.36,False
4df4f7ea-f50d-4ee6-90a8-aaea6cb64d0e,2026-05-10,de2aa412-e109-4bcf-b6e9-9d9ad0b05e22,86c9d449-3f66-41d2-bfdb-d40385eca579,f88afad5-3d69-4d7f-8a1b-095720bc60a3,171.0,L,53.91,False
8b285752-e378-46f3-b0cc-12ab923bb0ff,2026-05-11,de2aa412-e109-4bcf-b6e9-9d9ad0b05e22,86c9d449-3f66-41d2-bfdb-d40385eca579,f88afad5-3d69-4d7f-8a1b-095720bc60a3,103.0,L,56.13,False
683fdee9-25b4-416f-8544-03527d338ff9,2026-05-12,de2aa412-e109-4bcf-b6e9-9d9ad0b05e22,86c9d449-3f66-41d2-bfdb-d40385eca579,f88afad5-3d69-4d7f-8a1b-095720bc60a3,137.0,L,69.09,False
21e18480-e959-40d1-a04c-937708bb2bb3,2026-05-13,de2aa412-e109-4bcf-b6e9-9d9ad0b05e22,86c9d449-3f66-41d2-bfdb-d40385eca579,f88afad5-3d69-4d7f-8a1b-095720bc60a3,90.0,L,62.66,False
051af15f-3186-4105-9869-22e441efa98c,2026-05-14,de2aa412-e109-4bcf-b6e9-9d9ad0b05e22,86c9d449-3f66-41d2-bfdb-d40385eca579,f88afad5-3d69-4d7f-8a1b-095720bc60a3,110.0,L,62.03,False
0c8613b3-7ed7-4b07-a337-724091a3bd8e,2026-05-15,de2aa412-e109-4bcf-b6e9-9d9ad0b05e22,86c9d449-3f66-41d2-bfdb-d40385eca579,f88afad5-3d69-4d7f-8a1b-095720bc60a3,165.0,L,64.25,False
fe49c60b-9633-4abd-b08d-e036af93d04e,2026-05-16,de2aa412-e109-4bcf-b6e9-9d9ad0b05e22,86c9d449-3f66-41d2-bfdb-d40385eca579,f88afad5-3d69-4d7f-8a1b-095720bc60a3,206.0,L,56.26,False
de22e7f9-7644-4f23-b092-b3655f7482af,2026-05-17,de2aa412-e109-4bcf-b6e9-9d9ad0b05e22,86c9d449-3f66-41d2-bfdb-d40385eca579,f88afad5-3d69-4d7f-8a1b-095720bc60a3,195.0,L,48.5,False
9dabf5e4-fae2-4cdc-962d-c5aa9f0cf0e3,2026-05-18,de2aa412-e109-4bcf-b6e9-9d9ad0b05e22,86c9d449-3f66-41d2-bfdb-d40385eca579,f88afad5-3d69-4d7f-8a1b-095720bc60a3,124.0,L,58.8,False
76b884cd-5e11-47c2-9188-f3910413abd5,2026-05-19,de2aa412-e109-4bcf-b6e9-9d9ad0b05e22,86c9d449-3f66-41d2-bfdb-d40385eca579,f88afad5-3d69-4d7f-8a1b-095720bc60a3,145.0,L,64.77,False
d1f1dc6c-c309-423a-8c47-48b8b4118305,2026-05-20,de2aa412-e109-4bcf-b6e9-9d9ad0b05e22,86c9d449-3f66-41d2-bfdb-d40385eca579,f88afad5-3d69-4d7f-8a1b-095720bc60a3,146.0,L,66.32,False
e7427610-1824-4079-adb4-fb3ecdceddc3,2026-05-21,de2aa412-e109-4bcf-b6e9-9d9ad0b05e22,86c9d449-3f66-41d2-bfdb-d40385eca579,f88afad5-3d69-4d7f-8a1b-095720bc60a3,119.0,L,49.19,False
9df7ab82-ea99-487b-b46a-189219969c1e,2026-05-22,de2aa412-e109-4bcf-b6e9-9d9ad0b05e22,86c9d449-3f66-41d2-bfdb-d40385eca579,f88afad5-3d69-4d7f-8a1b-095720bc60a3,180.0,L,66.53,False
bd5efdb2-3dcd-4b45-9b4f-e2e5718d3c43,2026-05-23,de2aa412-e109-4bcf-b6e9-9d9ad0b05e22,86c9d449-3f66-41d2-bfdb-d40385eca579,f88afad5-3d69-4d7f-8a1b-095720bc60a3,207.0,L,58.29,False
bd148b7e-f0a0-4779-b2e1-16500aa67c66,2026-05-24,de2aa412-e109-4bcf-b6e9-9d9ad0b05e22,86c9d449-3f66-41d2-bfdb-d40385eca579,f88afad5-3d69-4d7f-8a1b-095720bc60a3,210.0,L,49.86,True
b024a174-b80c-4a8b-a8e1-eddb1130ae27,2026-05-25,de2aa412-e109-4bcf-b6e9-9d9ad0b05e22,86c9d449-3f66-41d2-bfdb-d40385eca579,f88afad5-3d69-4d7f-8a1b-095720bc60a3,145.0,L,60.13,False
e2506b52-65db-49bf-a3d5-89d66dceedaa,2026-05-26,de2aa412-e109-4bcf-b6e9-9d9ad0b05e22,86c9d449-3f66-41d2-bfdb-d40385eca579,f88afad5-3d69-4d7f-8a1b-095720bc60a3,179.0,L,67.8,True
8dad18dc-f225-4f17-8677-5b52b92b0024,2026-05-27,de2aa412-e109-4bcf-b6e9-9d9ad0b05e22,86c9d449-3f66-41d2-bfdb-d40385eca579,f88afad5-3d69-4d7f-8a1b-095720bc60a3,97.0,L,68.49,False
f5b59770-a149-46a7-8b1f-1eca91d625e9,2026-05-28,de2aa412-e109-4bcf-b6e9-9d9ad0b05e22,86c9d449-3f66-41d2-bfdb-d40385eca579,f88afad5-3d69-4d7f-8a1b-095720bc60a3,138.0,L,64.1,False
b32d2f63-df68-4853-b070-3316f5ef7545,2026-05-29,de2aa412-e109-4bcf-b6e9-9d9ad0b05e22,86c9d449-3f66-41d2-bfdb-d40385eca579,f88afad5-3d69-4d7f-8a1b-095720bc60a3,128.0,L,56.66,False
e4ea0c4f-539a-4f52-95b3-3499d540d99e,2026-05-30,de2aa412-e109-4bcf-b6e9-9d9ad0b05e22,86c9d449-3f66-41d2-bfdb-d40385eca579,f88afad5-3d69-4d7f-8a1b-095720bc60a3,181.0,L,51.71,True
4206e062-792b-4298-afc4-4f78e1b1bc2a,2026-05-31,de2aa412-e109-4bcf-b6e9-9d9ad0b05e22,86c9d449-3f66-41d2-bfdb-d40385eca579,f88afad5-3d69-4d7f-8a1b-095720bc60a3,171.0,L,65.83,False
509c8e8e-07c5-4fc7-9002-9707f3066bfe,2026-06-01,de2aa412-e109-4bcf-b6e9-9d9ad0b05e22,86c9d449-3f66-41d2-bfdb-d40385eca579,f88afad5-3d69-4d7f-8a1b-095720bc60a3,184.0,L,55.27,False
0b97bb6c-c53e-458a-a058-3c016e4b657e,2026-06-02,de2aa412-e109-4bcf-b6e9-9d9ad0b05e22,86c9d449-3f66-41d2-bfdb-d40385eca579,f88afad5-3d69-4d7f-8a1b-095720bc60a3,158.0,L,51.24,False
b9359c73-c111-4b9c-80f3-abfb3a8741dd,2026-06-03,de2aa412-e109-4bcf-b6e9-9d9ad0b05e22,86c9d449-3f66-41d2-bfdb-d40385eca579,f88afad5-3d69-4d7f-8a1b-095720bc60a3,130.0,L,63.51,False
117c25d5-80d2-43a5-9bab-d46d1a2407a1,2026-06-04,de2aa412-e109-4bcf-b6e9-9d9ad0b05e22,86c9d449-3f66-41d2-bfdb-d40385eca579,f88afad5-3d69-4d7f-8a1b-095720bc60a3,155.0,L,68.76,False
4054766d-5cb4-4024-9be5-b70620f4ea1e,2026-06-05,de2aa412-e109-4bcf-b6e9-9d9ad0b05e22,86c9d449-3f66-41d2-bfdb-d40385eca579,f88afad5-3d69-4d7f-8a1b-095720bc60a3,209.0,L,57.48,True
420173c2-eb75-40b6-b544-1c8135c6ef22,2026-06-06,de2aa412-e109-4bcf-b6e9-9d9ad0b05e22,86c9d449-3f66-41d2-bfdb-d40385eca579,f88afad5-3d69-4d7f-8a1b-095720bc60a3,204.0,L,64.45,False
69d13d85-42f4-4dbe-be61-b502106fa650,2026-06-07,de2aa412-e109-4bcf-b6e9-9d9ad0b05e22,86c9d449-3f66-41d2-bfdb-d40385eca579,f88afad5-3d69-4d7f-8a1b-095720bc60a3,179.0,L,56.63,False
e74cdf2d-d597-4e35-a473-e7a208b7cf66,2026-06-08,de2aa412-e109-4bcf-b6e9-9d9ad0b05e22,86c9d449-3f66-41d2-bfdb-d40385eca579,f88afad5-3d69-4d7f-8a1b-095720bc60a3,127.0,L,48.92,False
b78b94a5-37fc-4105-936d-3274748d564e,2026-06-09,de2aa412-e109-4bcf-b6e9-9d9ad0b05e22,86c9d449-3f66-41d2-bfdb-d40385eca579,f88afad5-3d69-4d7f-8a1b-095720bc60a3,157.0,L,69.14,False
f131e655-3fbb-4731-8dd5-820bce167a0e,2026-06-10,de2aa412-e109-4bcf-b6e9-9d9ad0b05e22,86c9d449-3f66-41d2-bfdb-d40385eca579,f88afad5-3d69-4d7f-8a1b-095720bc60a3,150.0,L,55.77,False
5882a570-8b2d-441b-8527-a918d3758295,2026-06-11,de2aa412-e109-4bcf-b6e9-9d9ad0b05e22,86c9d449-3f66-41d2-bfdb-d40385eca579,f88afad5-3d69-4d7f-8a1b-095720bc60a3,161.0,L,62.57,False
f996132b-97ea-4087-b1f2-bde8b236b895,2026-06-12,de2aa412-e109-4bcf-b6e9-9d9ad0b05e22,86c9d449-3f66-41d2-bfdb-d40385eca579,f88afad5-3d69-4d7f-8a1b-095720bc60a3,155.0,L,50.1,False
0c4149f4-d575-4316-9443-1f2d49081230,2026-06-13,de2aa412-e109-4bcf-b6e9-9d9ad0b05e22,86c9d449-3f66-41d2-bfdb-d40385eca579,f88afad5-3d69-4d7f-8a1b-095720bc60a3,204.0,L,65.06,False
8d7ebd8b-4e3c-4b57-8ebc-1261227e6897,2026-06-14,de2aa412-e109-4bcf-b6e9-9d9ad0b05e22,86c9d449-3f66-41d2-bfdb-d40385eca579,f88afad5-3d69-4d7f-8a1b-095720bc60a3,160.0,L,50.02,False
b14fc934-5261-49be-ad42-8492ca8933eb,2026-06-15,de2aa412-e109-4bcf-b6e9-9d9ad0b05e22,86c9d449-3f66-41d2-bfdb-d40385eca579,f88afad5-3d69-4d7f-8a1b-095720bc60a3,169.0,L,61.61,False
72a6d701-19c2-48b3-9323-b5d3756cf569,2026-06-16,de2aa412-e109-4bcf-b6e9-9d9ad0b05e22,86c9d449-3f66-41d2-bfdb-d40385eca579,f88afad5-3d69-4d7f-8a1b-095720bc60a3,144.0,L,54.95,False
49b103a4-75a1-4e3a-87da-43fc293e61aa,2026-06-17,de2aa412-e109-4bcf-b6e9-9d9ad0b05e22,86c9d449-3f66-41d2-bfdb-d40385eca579,f88afad5-3d69-4d7f-8a1b-095720bc60a3,185.0,L,48.41,False
9949db12-0c92-48f4-86cb-db1e901031d4,2026-06-18,de2aa412-e109-4bcf-b6e9-9d9ad0b05e22,86c9d449-3f66-41d2-bfdb-d40385eca579,f88afad5-3d69-4d7f-8a1b-095720bc60a3,123.0,L,55.86,False
30f87d46-bb29-486f-a72a-e229fbc0e777,2026-06-19,de2aa412-e109-4bcf-b6e9-9d9ad0b05e22,86c9d449-3f66-41d2-bfdb-d40385eca579,f88afad5-3d69-4d7f-8a1b-095720bc60a3,177.0,L,51.08,False
2b95e9d6-9029-4e75-8bb2-454ef0d8788e,2026-06-20,de2aa412-e109-4bcf-b6e9-9d9ad0b05e22,86c9d449-3f66-41d2-bfdb-d40385eca579,f88afad5-3d69-4d7f-8a1b-095720bc60a3,178.0,L,59.95,False
310e494e-5fb4-4cfe-9c58-e6d5fdb2df43,2026-06-21,de2aa412-e109-4bcf-b6e9-9d9ad0b05e22,86c9d449-3f66-41d2-bfdb-d40385eca579,f88afad5-3d69-4d7f-8a1b-095720bc60a3,154.0,L,48.85,False
c682d598-debd-4622-a7df-85cbb6bf1a73,2026-06-22,de2aa412-e109-4bcf-b6e9-9d9ad0b05e22,86c9d449-3f66-41d2-bfdb-d40385eca579,f88afad5-3d69-4d7f-8a1b-095720bc60a3,127.0,L,50.25,False
1eb1da8e-45cb-480d-bcc4-e6a9d47c6331,2026-06-23,de2aa412-e109-4bcf-b6e9-9d9ad0b05e22,86c9d449-3f66-41d2-bfdb-d40385eca579,f88afad5-3d69-4d7f-8a1b-095720bc60a3,130.0,L,55.11,False
ffe6685e-54e2-4641-8e04-0071afdf0622,2026-06-24,de2aa412-e109-4bcf-b6e9-9d9ad0b05e22,86c9d449-3f66-41d2-bfdb-d40385eca579,f88afad5-3d69-4d7f-8a1b-095720bc60a3,146.0,L,54.43,False
9be2632c-1e9e-4a13-a9ee-ae95d4ca6365,2026-06-25,de2aa412-e109-4bcf-b6e9-9d9ad0b05e22,86c9d449-3f66-41d2-bfdb-d40385eca579,f88afad5-3d69-4d7f-8a1b-095720bc60a3,148.0,L,50.08,False
de24420d-582f-4455-a59a-2c01d667447d,2026-06-26,de2aa412-e109-4bcf-b6e9-9d9ad0b05e22,86c9d449-3f66-41d2-bfdb-d40385eca579,f88afad5-3d69-4d7f-8a1b-095720bc60a3,124.0,L,68.84,False
6046bb84-f198-49d4-a5a2-eca684972086,2026-06-27,de2aa412-e109-4bcf-b6e9-9d9ad0b05e22,86c9d449-3f66-41d2-bfdb-d40385eca579,f88afad5-3d69-4d7f-8a1b-095720bc60a3,170.0,L,51.86,False
fa239748-519f-40f8-8443-c65d6a74393b,2026-06-28,de2aa412-e109-4bcf-b6e9-9d9ad0b05e22,86c9d449-3f66-41d2-bfdb-d40385eca579,f88afad5-3d69-4d7f-8a1b-095720bc60a3,228.0,L,51.22,False
50db8335-680f-42be-84c4-ad0dc62f14f4,2026-06-29,de2aa412-e109-4bcf-b6e9-9d9ad0b05e22,86c9d449-3f66-41d2-bfdb-d40385eca579,f88afad5-3d69-4d7f-8a1b-095720bc60a3,173.0,L,58.66,False
152af0d1-ff09-4c56-993c-1163360efe73,2026-06-30,de2aa412-e109-4bcf-b6e9-9d9ad0b05e22,86c9d449-3f66-41d2-bfdb-d40385eca579,f88afad5-3d69-4d7f-8a1b-095720bc60a3,174.0,L,57.43,True
ce5231db-5baf-4951-b87b-527a35e7652c,2026-07-01,de2aa412-e109-4bcf-b6e9-9d9ad0b05e22,86c9d449-3f66-41d2-bfdb-d40385eca579,f88afad5-3d69-4d7f-8a1b-095720bc60a3,136.0,L,49.92,False
4d845212-a02f-4fbe-818c-3720266a2118,2026-07-02,de2aa412-e109-4bcf-b6e9-9d9ad0b05e22,86c9d449-3f66-41d2-bfdb-d40385eca579,f88afad5-3d69-4d7f-8a1b-095720bc60a3,137.0,L,53.48,False
886121cd-d040-4dfc-a014-58906772c253,2026-07-03,de2aa412-e109-4bcf-b6e9-9d9ad0b05e22,86c9d449-3f66-41d2-bfdb-d40385eca579,f88afad5-3d69-4d7f-8a1b-095720bc60a3,148.0,L,60.77,False
db6eee8c-64d6-416b-92f3-b85ea1faf882,2026-07-04,de2aa412-e109-4bcf-b6e9-9d9ad0b05e22,86c9d449-3f66-41d2-bfdb-d40385eca579,f88afad5-3d69-4d7f-8a1b-095720bc60a3,140.0,L,50.55,False
72b0f1f4-4914-4ee0-be2b-9d14608eb85b,2026-07-05,de2aa412-e109-4bcf-b6e9-9d9ad0b05e22,86c9d449-3f66-41d2-bfdb-d40385eca579,f88afad5-3d69-4d7f-8a1b-095720bc60a3,161.0,L,68.23,False
c705eceb-4d92-4384-8b43-ccf4f3689975,2026-07-06,de2aa412-e109-4bcf-b6e9-9d9ad0b05e22,86c9d449-3f66-41d2-bfdb-d40385eca579,f88afad5-3d69-4d7f-8a1b-095720bc60a3,98.0,L,61.32,False
1f6e10b4-2062-4e63-b936-24eb6e1eb725,2026-07-07,de2aa412-e109-4bcf-b6e9-9d9ad0b05e22,86c9d449-3f66-41d2-bfdb-d40385eca579,f88afad5-3d69-4d7f-8a1b-095720bc60a3,142.0,L,55.33,False
ab371ea4-91a2-406d-9dc0-5ee006f39529,2026-07-08,de2aa412-e109-4bcf-b6e9-9d9ad0b05e22,86c9d449-3f66-41d2-bfdb-d40385eca579,f88afad5-3d69-4d7f-8a1b-095720bc60a3,147.0,L,66.35,False
2a2494fe-b852-4d24-86e1-4d3993c0bc87,2026-07-09,de2aa412-e109-4bcf-b6e9-9d9ad0b05e22,86c9d449-3f66-41d2-bfdb-d40385eca579,f88afad5-3d69-4d7f-8a1b-095720bc60a3,123.0,L,51.16,False
77a985ee-7605-47f9-a141-3dfea34e50aa,2026-07-10,de2aa412-e109-4bcf-b6e9-9d9ad0b05e22,86c9d449-3f66-41d2-bfdb-d40385eca579,f88afad5-3d69-4d7f-8a1b-095720bc60a3,166.0,L,68.19,False
ab1418a4-0ac5-4409-b26e-28f10cc50c69,2026-07-11,de2aa412-e109-4bcf-b6e9-9d9ad0b05e22,86c9d449-3f66-41d2-bfdb-d40385eca579,f88afad5-3d69-4d7f-8a1b-095720bc60a3,133.0,L,54.9,False
8865dc2b-01ff-4745-8d3d-fe23955f4b94,2026-07-12,de2aa412-e109-4bcf-b6e9-9d9ad0b05e22,86c9d449-3f66-41d2-bfdb-d40385eca579,f88afad5-3d69-4d7f-8a1b-095720bc60a3,126.0,L,54.42,False
e2d173e5-6b5c-4841-90e3-37e1f0b17bf7,2026-07-13,de2aa412-e109-4bcf-b6e9-9d9ad0b05e22,86c9d449-3f66-41d2-bfdb-d40385eca579,f88afad5-3d69-4d7f-8a1b-095720bc60a3,137.0,L,58.61,False
000b1767-af52-4ffe-8cd7-f178718bda29,2026-07-14,de2aa412-e109-4bcf-b6e9-9d9ad0b05e22,86c9d449-3f66-41d2-bfdb-d40385eca579,f88afad5-3d69-4d7f-8a1b-095720bc60a3,154.0,L,53.39,False
bd7aba70-1abe-46b2-bc83-55960dc0a2c8,2026-07-15,de2aa412-e109-4bcf-b6e9-9d9ad0b05e22,86c9d449-3f66-41d2-bfdb-d40385eca579,f88afad5-3d69-4d7f-8a1b-095720bc60a3,167.0,L,65.45,False
ff927de6-de77-4d1e-8e69-7a554be74917,2026-07-16,de2aa412-e109-4bcf-b6e9-9d9ad0b05e22,86c9d449-3f66-41d2-bfdb-d40385eca579,f88afad5-3d69-4d7f-8a1b-095720bc60a3,121.0,L,50.69,False
7add7ca8-68be-4335-9a87-8ba297418d47,2026-07-17,de2aa412-e109-4bcf-b6e9-9d9ad0b05e22,86c9d449-3f66-41d2-bfdb-d40385eca579,f88afad5-3d69-4d7f-8a1b-095720bc60a3,153.0,L,60.74,False
f989d31c-4858-4021-8641-4abd60471dce,2026-07-18,de2aa412-e109-4bcf-b6e9-9d9ad0b05e22,86c9d449-3f66-41d2-bfdb-d40385eca579,f88afad5-3d69-4d7f-8a1b-095720bc60a3,162.0,L,59.85,False
6f8f37d7-8892-4eaa-ad20-5dcd8fe76eee,2026-07-19,de2aa412-e109-4bcf-b6e9-9d9ad0b05e22,86c9d449-3f66-41d2-bfdb-d40385eca579,f88afad5-3d69-4d7f-8a1b-095720bc60a3,158.0,L,57.99,False
7373195a-be65-4431-aeb2-ddcb94554922,2026-07-20,de2aa412-e109-4bcf-b6e9-9d9ad0b05e22,86c9d449-3f66-41d2-bfdb-d40385eca579,f88afad5-3d69-4d7f-8a1b-095720bc60a3,148.0,L,57.51,False
32b785e8-feed-4db5-b6d0-08b74f3ae983,2026-07-21,de2aa412-e109-4bcf-b6e9-9d9ad0b05e22,86c9d449-3f66-41d2-bfdb-d40385eca579,f88afad5-3d69-4d7f-8a1b-095720bc60a3,143.0,L,62.85,False
73fed233-dda4-4bed-838d-a344d0fbd2b5,2026-07-22,de2aa412-e109-4bcf-b6e9-9d9ad0b05e22,86c9d449-3f66-41d2-bfdb-d40385eca579,f88afad5-3d69-4d7f-8a1b-095720bc60a3,97.0,L,65.01,False
17ed4a5f-a163-4b61-b2cb-4cf6e535bc22,2026-07-23,de2aa412-e109-4bcf-b6e9-9d9ad0b05e22,86c9d449-3f66-41d2-bfdb-d40385eca579,f88afad5-3d69-4d7f-8a1b-095720bc60a3,160.0,L,58.79,False
6d049d58-7618-4ff1-a29c-0b4eabb6e86a,2026-07-24,de2aa412-e109-4bcf-b6e9-9d9ad0b05e22,86c9d449-3f66-41d2-bfdb-d40385eca579,f88afad5-3d69-4d7f-8a1b-095720bc60a3,157.0,L,62.13,False
2ee40a69-0a2d-4803-bbaa-ef495b4cdc9c,2026-07-25,de2aa412-e109-4bcf-b6e9-9d9ad0b05e22,86c9d449-3f66-41d2-bfdb-d40385eca579,f88afad5-3d69-4d7f-8a1b-095720bc60a3,145.0,L,64.87,False
af48afde-c392-44fe-ad78-15ab88806e7e,2026-07-26,de2aa412-e109-4bcf-b6e9-9d9ad0b05e22,86c9d449-3f66-41d2-bfdb-d40385eca579,f88afad5-3d69-4d7f-8a1b-095720bc60a3,205.0,L,69.1,True
f02e8832-1571-4f4c-b2c0-ed07c5439475,2026-07-27,de2aa412-e109-4bcf-b6e9-9d9ad0b05e22,86c9d449-3f66-41d2-bfdb-d40385eca579,f88afad5-3d69-4d7f-8a1b-095720bc60a3,138.0,L,56.72,False
b3130eb7-1243-4334-af67-fb5c15861274,2026-07-28,de2aa412-e109-4bcf-b6e9-9d9ad0b05e22,86c9d449-3f66-41d2-bfdb-d40385eca579,f88afad5-3d69-4d7f-8a1b-095720bc60a3,133.0,L,62.83,False
0f9ab008-ca83-4751-9955-00a9d81443d1,2026-07-29,de2aa412-e109-4bcf-b6e9-9d9ad0b05e22,86c9d449-3f66-41d2-bfdb-d40385eca579,f88afad5-3d69-4d7f-8a1b-095720bc60a3,116.0,L,64.91,False
b82460ab-001c-463e-a78c-ccd2d2dee158,2026-07-30,de2aa412-e109-4bcf-b6e9-9d9ad0b05e22,86c9d449-3f66-41d2-bfdb-d40385eca579,f88afad5-3d69-4d7f-8a1b-095720bc60a3,114.0,L,67.11,False
0021a249-8bc0-4fc2-a9a3-08c0ea241d0f,2026-07-31,de2aa412-e109-4bcf-b6e9-9d9ad0b05e22,86c9d449-3f66-41d2-bfdb-d40385eca579,f88afad5-3d69-4d7f-8a1b-095720bc60a3,127.0,L,61.7,False
60eb8d76-c1f9-4f09-b40e-93298bb2dff8,2026-08-01,de2aa412-e109-4bcf-b6e9-9d9ad0b05e22,86c9d449-3f66-41d2-bfdb-d40385eca579,f88afad5-3d69-4d7f-8a1b-095720bc60a3,188.0,L,64.45,False
1924b996-81b1-47ec-a883-994369e03452,2026-08-02,de2aa412-e109-4bcf-b6e9-9d9ad0b05e22,86c9d449-3f66-41d2-bfdb-d40385eca579,f88afad5-3d69-4d7f-8a1b-095720bc60a3,172.0,L,55.76,False
c2875fda-6d1a-438f-9798-4e1d4bb42fe9,2026-08-03,de2aa412-e109-4bcf-b6e9-9d9ad0b05e22,86c9d449-3f66-41d2-bfdb-d40385eca579,f88afad5-3d69-4d7f-8a1b-095720bc60a3,119.0,L,49.23,False
2ce3dada-c929-4747-b76b-fded26fd8596,2026-08-04,de2aa412-e109-4bcf-b6e9-9d9ad0b05e22,86c9d449-3f66-41d2-bfdb-d40385eca579,f88afad5-3d69-4d7f-8a1b-095720bc60a3,142.0,L,56.69,False
4d5a241c-8aeb-4468-b48a-573ffa2f5c83,2026-08-05,de2aa412-e109-4bcf-b6e9-9d9ad0b05e22,86c9d449-3f66-41d2-bfdb-d40385eca579,f88afad5-3d69-4d7f-8a1b-095720bc60a3,69.0,L,68.58,False
bad10b67-0c99-4da4-927b-a96952e71d7c,2026-08-06,de2aa412-e109-4bcf-b6e9-9d9ad0b05e22,86c9d449-3f66-41d2-bfdb-d40385eca579,f88afad5-3d69-4d7f-8a1b-095720bc60a3,149.0,L,48.52,False
1d39c37f-2479-4b1b-aabd-9ebd4e3da546,2026-08-07,de2aa412-e109-4bcf-b6e9-9d9ad0b05e22,86c9d449-3f66-41d2-bfdb-d40385eca579,f88afad5-3d69-4d7f-8a1b-095720bc60a3,91.0,L,59.02,False
07d9a36f-8957-470f-8d4d-60837390012e,2026-08-08,de2aa412-e109-4bcf-b6e9-9d9ad0b05e22,86c9d449-3f66-41d2-bfdb-d40385eca579,f88afad5-3d69-4d7f-8a1b-095720bc60a3,147.0,L,60.49,False
415037d7-4cb1-4dd9-bc96-7e801adcfcf3,2026-08-09,de2aa412-e109-4bcf-b6e9-9d9ad0b05e22,86c9d449-3f66-41d2-bfdb-d40385eca579,f88afad5-3d69-4d7f-8a1b-095720bc60a3,128.0,L,57.66,False
95eb48e6-0fc5-458b-9d5a-447e729f0b26,2026-08-10,de2aa412-e109-4bcf-b6e9-9d9ad0b05e22,86c9d449-3f66-41d2-bfdb-d40385eca579,f88afad5-3d69-4d7f-8a1b-095720bc60a3,99.0,L,64.52,False
986ac302-40d7-45da-bbb9-cd755c09775c,2026-08-11,de2aa412-e109-4bcf-b6e9-9d9ad0b05e22,86c9d449-3f66-41d2-bfdb-d40385eca579,f88afad5-3d69-4d7f-8a1b-095720bc60a3,148.0,L,55.54,False
92a60970-6f5b-44b5-9b4f-2ddc4d40b2d2,2026-08-12,de2aa412-e109-4bcf-b6e9-9d9ad0b05e22,86c9d449-3f66-41d2-bfdb-d40385eca579,f88afad5-3d69-4d7f-8a1b-095720bc60a3,138.0,L,50.5,True
2b23e9ae-0eae-4ea9-884e-e8c81e549973,2026-08-13,de2aa412-e109-4bcf-b6e9-9d9ad0b05e22,86c9d449-3f66-41d2-bfdb-d40385eca579,f88afad5-3d69-4d7f-8a1b-095720bc60a3,131.0,L,68.5,False
06ed58c5-005c-45ca-8430-de3af91ca45b,2026-08-14,de2aa412-e109-4bcf-b6e9-9d9ad0b05e22,86c9d449-3f66-41d2-bfdb-d40385eca579,f88afad5-3d69-4d7f-8a1b-095720bc60a3,123.0,L,68.05,False
8a26af9d-5127-48af-ae7d-25ddefb56d64,2026-08-15,de2aa412-e109-4bcf-b6e9-9d9ad0b05e22,86c9d449-3f66-41d2-bfdb-d40385eca579,f88afad5-3d69-4d7f-8a1b-095720bc60a3,167.0,L,54.85,False
9d404bbb-284f-4e11-a8f7-c8787ee9f15a,2026-08-16,de2aa412-e109-4bcf-b6e9-9d9ad0b05e22,86c9d449-3f66-41d2-bfdb-d40385eca579,f88afad5-3d69-4d7f-8a1b-095720bc60a3,156.0,L,58.44,False
63ee347b-e928-40fa-9014-130a91235444,2026-08-17,de2aa412-e109-4bcf-b6e9-9d9ad0b05e22,86c9d449-3f66-41d2-bfdb-d40385eca579,f88afad5-3d69-4d7f-8a1b-095720bc60a3,98.0,L,57.5,False
be502cd9-e62a-4d16-b103-8bb4c16e35db,2026-08-18,de2aa412-e109-4bcf-b6e9-9d9ad0b05e22,86c9d449-3f66-41d2-bfdb-d40385eca579,f88afad5-3d69-4d7f-8a1b-095720bc60a3,143.0,L,55.0,False
96a6088d-52c5-40aa-ab11-0aa01cf7a545,2026-08-19,de2aa412-e109-4bcf-b6e9-9d9ad0b05e22,86c9d449-3f66-41d2-bfdb-d40385eca579,f88afad5-3d69-4d7f-8a1b-095720bc60a3,113.0,L,65.31,False
9858d533-2171-4177-acb2-3faba8c33744,2026-08-20,de2aa412-e109-4bcf-b6e9-9d9ad0b05e22,86c9d449-3f66-41d2-bfdb-d40385eca579,f88afad5-3d69-4d7f-8a1b-095720bc60a3,92.0,L,66.13,False
ba412e62-d305-483f-af32-33de8e2b24df,2026-08-21,de2aa412-e109-4bcf-b6e9-9d9ad0b05e22,86c9d449-3f66-41d2-bfdb-d40385eca579,f88afad5-3d69-4d7f-8a1b-095720bc60a3,114.0,L,62.52,False
dab69dae-acaa-4960-b4ec-77250d3546d6,2026-08-22,de2aa412-e109-4bcf-b6e9-9d9ad0b05e22,86c9d449-3f66-41d2-bfdb-d40385eca579,f88afad5-3d69-4d7f-8a1b-095720bc60a3,190.0,L,53.42,False
68d92079-feba-4012-922e-5534b2198dbf,2026-08-23,de2aa412-e109-4bcf-b6e9-9d9ad0b05e22,86c9d449-3f66-41d2-bfdb-d40385eca579,f88afad5-3d69-4d7f-8a1b-095720bc60a3,174.0,L,51.66,False
0df72bbd-1186-4a2c-be4a-85a412c7ee46,2026-08-24,de2aa412-e109-4bcf-b6e9-9d9ad0b05e22,86c9d449-3f66-41d2-bfdb-d40385eca579,f88afad5-3d69-4d7f-8a1b-095720bc60a3,115.0,L,53.17,False
df5d546e-5458-49d2-8c1c-e2bba99bfd72,2026-08-25,de2aa412-e109-4bcf-b6e9-9d9ad0b05e22,86c9d449-3f66-41d2-bfdb-d40385eca579,f88afad5-3d69-4d7f-8a1b-095720bc60a3,115.0,L,57.37,False
101f1245-7562-4513-aaee-c776d392dda0,2026-08-26,de2aa412-e109-4bcf-b6e9-9d9ad0b05e22,86c9d449-3f66-41d2-bfdb-d40385eca579,f88afad5-3d69-4d7f-8a1b-095720bc60a3,139.0,L,52.44,True
da1bd871-4077-419e-9e0d-457d116cf41b,2026-08-27,de2aa412-e109-4bcf-b6e9-9d9ad0b05e22,86c9d449-3f66-41d2-bfdb-d40385eca579,f88afad5-3d69-4d7f-8a1b-095720bc60a3,162.0,L,63.1,False
3942c338-43c4-44f7-a667-40f65e1b5f28,2026-08-28,de2aa412-e109-4bcf-b6e9-9d9ad0b05e22,86c9d449-3f66-41d2-bfdb-d40385eca579,f88afad5-3d69-4d7f-8a1b-095720bc60a3,129.0,L,49.61,False
04cf42ce-6adc-4944-82e2-7a9687470430,2026-08-29,de2aa412-e109-4bcf-b6e9-9d9ad0b05e22,86c9d449-3f66-41d2-bfdb-d40385eca579,f88afad5-3d69-4d7f-8a1b-095720bc60a3,162.0,L,55.15,False
705876f2-6cfa-489a-bf1f-b1a749a56fb9,2026-08-30,de2aa412-e109-4bcf-b6e9-9d9ad0b05e22,86c9d449-3f66-41d2-bfdb-d40385eca579,f88afad5-3d69-4d7f-8a1b-095720bc60a3,176.0,L,66.42,False
3c44d404-8cbf-4b96-8086-3a335338e88d,2026-08-31,de2aa412-e109-4bcf-b6e9-9d9ad0b05e22,86c9d449-3f66-41d2-bfdb-d40385eca579,f88afad5-3d69-4d7f-8a1b-095720bc60a3,126.0,L,61.14,False
4755825d-9b9a-4e24-afd8-219f342a94b5,2026-09-01,de2aa412-e109-4bcf-b6e9-9d9ad0b05e22,86c9d449-3f66-41d2-bfdb-d40385eca579,f88afad5-3d69-4d7f-8a1b-095720bc60a3,116.0,L,61.26,False
a0dcf336-34ba-4a06-a5d7-95f72c8ea5d6,2026-09-02,de2aa412-e109-4bcf-b6e9-9d9ad0b05e22,86c9d449-3f66-41d2-bfdb-d40385eca579,f88afad5-3d69-4d7f-8a1b-095720bc60a3,117.0,L,61.2,False
fd02aea3-a138-4c4d-a933-525e7ffc356f,2026-09-03,de2aa412-e109-4bcf-b6e9-9d9ad0b05e22,86c9d449-3f66-41d2-bfdb-d40385eca579,f88afad5-3d69-4d7f-8a1b-095720bc60a3,119.0,L,50.78,False
c6bf80f7-9c0f-4f26-86e5-f767cef906b0,2026-09-04,de2aa412-e109-4bcf-b6e9-9d9ad0b05e22,86c9d449-3f66-41d2-bfdb-d40385eca579,f88afad5-3d69-4d7f-8a1b-095720bc60a3,120.0,L,59.03,False
9db51565-18f3-430a-ac26-8228529e7826,2026-09-05,de2aa412-e109-4bcf-b6e9-9d9ad0b05e22,86c9d449-3f66-41d2-bfdb-d40385eca579,f88afad5-3d69-4d7f-8a1b-095720bc60a3,168.0,L,52.2,False
a1f084ad-f53e-41fa-a4a7-aead16fbea31,2026-09-06,de2aa412-e109-4bcf-b6e9-9d9ad0b05e22,86c9d449-3f66-41d2-bfdb-d40385eca579,f88afad5-3d69-4d7f-8a1b-095720bc60a3,152.0,L,69.3,False
bfb431e3-b7b8-4548-a42a-34af1c9b768d,2026-09-07,de2aa412-e109-4bcf-b6e9-9d9ad0b05e22,86c9d449-3f66-41d2-bfdb-d40385eca579,f88afad5-3d69-4d7f-8a1b-095720bc60a3,134.0,L,54.91,False
80a19374-5c18-4ccc-a2ce-1ddf1ce11b48,2025-09-08,de2aa412-e109-4bcf-b6e9-9d9ad0b05e22,89414700-a29c-442e-84b4-bd0e350e2a09,19375bde-4d5a-47e5-bc1f-92c3473be236,53.0,kg,46.53,False
ff52b421-3e2b-4616-bb5f-3868b681f283,2025-09-09,de2aa412-e109-4bcf-b6e9-9d9ad0b05e22,89414700-a29c-442e-84b4-bd0e350e2a09,19375bde-4d5a-47e5-bc1f-92c3473be236,65.0,kg,42.64,True
cd55fe30-d2b7-4ad2-a6f5-629e321ff168,2025-09-10,de2aa412-e109-4bcf-b6e9-9d9ad0b05e22,89414700-a29c-442e-84b4-bd0e350e2a09,19375bde-4d5a-47e5-bc1f-92c3473be236,36.0,kg,57.12,False
3709949e-a1b7-48bb-a5cd-634569b0b48e,2025-09-11,de2aa412-e109-4bcf-b6e9-9d9ad0b05e22,89414700-a29c-442e-84b4-bd0e350e2a09,19375bde-4d5a-47e5-bc1f-92c3473be236,61.0,kg,48.91,False
ae3f0354-e90c-45bd-8dbf-7f3c31c8e39e,2025-09-12,de2aa412-e109-4bcf-b6e9-9d9ad0b05e22,89414700-a29c-442e-84b4-bd0e350e2a09,19375bde-4d5a-47e5-bc1f-92c3473be236,56.0,kg,54.95,False
ac47e595-23c3-4b8f-b6bd-33c1879ed050,2025-09-13,de2aa412-e109-4bcf-b6e9-9d9ad0b05e22,89414700-a29c-442e-84b4-bd0e350e2a09,19375bde-4d5a-47e5-bc1f-92c3473be236,77.0,kg,41.7,False
c5f6f9f3-a3c9-41da-8f74-8291b0a31b60,2025-09-14,de2aa412-e109-4bcf-b6e9-9d9ad0b05e22,89414700-a29c-442e-84b4-bd0e350e2a09,19375bde-4d5a-47e5-bc1f-92c3473be236,43.0,kg,53.57,True
7a226099-ccb8-4d97-87ac-dd09246bddf4,2025-09-15,de2aa412-e109-4bcf-b6e9-9d9ad0b05e22,89414700-a29c-442e-84b4-bd0e350e2a09,19375bde-4d5a-47e5-bc1f-92c3473be236,71.0,kg,45.06,False
c0cca4e1-0025-4a19-b98e-79ed463e7888,2025-09-16,de2aa412-e109-4bcf-b6e9-9d9ad0b05e22,89414700-a29c-442e-84b4-bd0e350e2a09,19375bde-4d5a-47e5-bc1f-92c3473be236,52.0,kg,43.19,False
47ac7b60-08f3-4fe9-94ee-e0478f66b2d9,2025-09-17,de2aa412-e109-4bcf-b6e9-9d9ad0b05e22,89414700-a29c-442e-84b4-bd0e350e2a09,19375bde-4d5a-47e5-bc1f-92c3473be236,62.0,kg,53.65,False
55f4a928-90ae-4a21-91f8-51f6012babe7,2025-09-18,de2aa412-e109-4bcf-b6e9-9d9ad0b05e22,89414700-a29c-442e-84b4-bd0e350e2a09,19375bde-4d5a-47e5-bc1f-92c3473be236,44.0,kg,42.23,False
fb62a79e-14e1-47fa-a9f5-477b56d49ace,2025-09-19,de2aa412-e109-4bcf-b6e9-9d9ad0b05e22,89414700-a29c-442e-84b4-bd0e350e2a09,19375bde-4d5a-47e5-bc1f-92c3473be236,58.0,kg,53.81,False
9dcebc17-8b18-4528-becd-ee4bdade7e80,2025-09-20,de2aa412-e109-4bcf-b6e9-9d9ad0b05e22,89414700-a29c-442e-84b4-bd0e350e2a09,19375bde-4d5a-47e5-bc1f-92c3473be236,55.0,kg,46.67,False
e043598d-5651-4a48-9aa3-9416a99f76a0,2025-09-21,de2aa412-e109-4bcf-b6e9-9d9ad0b05e22,89414700-a29c-442e-84b4-bd0e350e2a09,19375bde-4d5a-47e5-bc1f-92c3473be236,60.0,kg,40.98,False
4a6ed157-1fd8-4e27-b4d3-6513f7fe45c4,2025-09-22,de2aa412-e109-4bcf-b6e9-9d9ad0b05e22,89414700-a29c-442e-84b4-bd0e350e2a09,19375bde-4d5a-47e5-bc1f-92c3473be236,69.0,kg,49.81,False
98058c0b-5291-4c4e-ae88-42f645de9ad4,2025-09-23,de2aa412-e109-4bcf-b6e9-9d9ad0b05e22,89414700-a29c-442e-84b4-bd0e350e2a09,19375bde-4d5a-47e5-bc1f-92c3473be236,51.0,kg,42.04,False
a2b70084-5c88-467a-9513-f9adb895e1c0,2025-09-24,de2aa412-e109-4bcf-b6e9-9d9ad0b05e22,89414700-a29c-442e-84b4-bd0e350e2a09,19375bde-4d5a-47e5-bc1f-92c3473be236,55.0,kg,45.46,False
c8626c89-9d05-475e-83f8-d129c956b3af,2025-09-25,de2aa412-e109-4bcf-b6e9-9d9ad0b05e22,89414700-a29c-442e-84b4-bd0e350e2a09,19375bde-4d5a-47e5-bc1f-92c3473be236,60.0,kg,48.12,False
17616c1c-53c4-4c17-ae4c-d87e555b6891,2025-09-26,de2aa412-e109-4bcf-b6e9-9d9ad0b05e22,89414700-a29c-442e-84b4-bd0e350e2a09,19375bde-4d5a-47e5-bc1f-92c3473be236,57.0,kg,54.54,False
08f47d2c-9e36-409e-aaa7-18c0ae93a61b,2025-09-27,de2aa412-e109-4bcf-b6e9-9d9ad0b05e22,89414700-a29c-442e-84b4-bd0e350e2a09,19375bde-4d5a-47e5-bc1f-92c3473be236,68.0,kg,57.64,False
c33a47f2-7fff-44c0-ad6a-eaa5ff70ea94,2025-09-28,de2aa412-e109-4bcf-b6e9-9d9ad0b05e22,89414700-a29c-442e-84b4-bd0e350e2a09,19375bde-4d5a-47e5-bc1f-92c3473be236,70.0,kg,44.4,False
35fbe40e-2431-45c1-ab9f-b24424253efd,2025-09-29,de2aa412-e109-4bcf-b6e9-9d9ad0b05e22,89414700-a29c-442e-84b4-bd0e350e2a09,19375bde-4d5a-47e5-bc1f-92c3473be236,73.0,kg,50.54,False
5d9c0d4d-9c80-4bbc-8d4f-e56eca0467b4,2025-09-30,de2aa412-e109-4bcf-b6e9-9d9ad0b05e22,89414700-a29c-442e-84b4-bd0e350e2a09,19375bde-4d5a-47e5-bc1f-92c3473be236,52.0,kg,51.32,False
d62078d5-3c50-4a1a-a4ad-4c07f1d062a2,2025-10-01,de2aa412-e109-4bcf-b6e9-9d9ad0b05e22,89414700-a29c-442e-84b4-bd0e350e2a09,19375bde-4d5a-47e5-bc1f-92c3473be236,54.0,kg,42.69,False
1a181b72-1042-4242-9642-ac6ef0fc120a,2025-10-02,de2aa412-e109-4bcf-b6e9-9d9ad0b05e22,89414700-a29c-442e-84b4-bd0e350e2a09,19375bde-4d5a-47e5-bc1f-92c3473be236,62.0,kg,43.87,False
606ca234-38be-440c-9f10-12b9f0bd48a0,2025-10-03,de2aa412-e109-4bcf-b6e9-9d9ad0b05e22,89414700-a29c-442e-84b4-bd0e350e2a09,19375bde-4d5a-47e5-bc1f-92c3473be236,75.0,kg,46.39,True
96c511e7-83ba-40aa-8f98-febc110be10a,2025-10-04,de2aa412-e109-4bcf-b6e9-9d9ad0b05e22,89414700-a29c-442e-84b4-bd0e350e2a09,19375bde-4d5a-47e5-bc1f-92c3473be236,79.0,kg,49.68,False
c1a29c19-eea8-4634-a044-a6d33a46365f,2025-10-05,de2aa412-e109-4bcf-b6e9-9d9ad0b05e22,89414700-a29c-442e-84b4-bd0e350e2a09,19375bde-4d5a-47e5-bc1f-92c3473be236,73.0,kg,52.57,False
b29ead8a-e0bd-48ca-af15-ef9e5e77908e,2025-10-06,de2aa412-e109-4bcf-b6e9-9d9ad0b05e22,89414700-a29c-442e-84b4-bd0e350e2a09,19375bde-4d5a-47e5-bc1f-92c3473be236,43.0,kg,55.27,False
b72710ee-1f02-44c8-be31-33271a324496,2025-10-07,de2aa412-e109-4bcf-b6e9-9d9ad0b05e22,89414700-a29c-442e-84b4-bd0e350e2a09,19375bde-4d5a-47e5-bc1f-92c3473be236,67.0,kg,52.14,False
46264e11-eea0-421b-b58a-0c55e4d76272,2025-10-08,de2aa412-e109-4bcf-b6e9-9d9ad0b05e22,89414700-a29c-442e-84b4-bd0e350e2a09,19375bde-4d5a-47e5-bc1f-92c3473be236,43.0,kg,57.1,False
d82f07f7-4d95-413b-9b71-70c19193f421,2025-10-09,de2aa412-e109-4bcf-b6e9-9d9ad0b05e22,89414700-a29c-442e-84b4-bd0e350e2a09,19375bde-4d5a-47e5-bc1f-92c3473be236,55.0,kg,56.33,False
ac65031b-9c50-4108-bfe4-44af214af233,2025-10-10,de2aa412-e109-4bcf-b6e9-9d9ad0b05e22,89414700-a29c-442e-84b4-bd0e350e2a09,19375bde-4d5a-47e5-bc1f-92c3473be236,47.0,kg,55.42,False
6f6104ed-f2f4-40de-9e73-8b5d319d891e,2025-10-11,de2aa412-e109-4bcf-b6e9-9d9ad0b05e22,89414700-a29c-442e-84b4-bd0e350e2a09,19375bde-4d5a-47e5-bc1f-92c3473be236,65.0,kg,44.62,False
ee709b29-83ea-4420-943b-929d2a0e3977,2025-10-12,de2aa412-e109-4bcf-b6e9-9d9ad0b05e22,89414700-a29c-442e-84b4-bd0e350e2a09,19375bde-4d5a-47e5-bc1f-92c3473be236,70.0,kg,54.75,False
dc43862e-e6b8-4395-8306-c7eff47055ab,2025-10-13,de2aa412-e109-4bcf-b6e9-9d9ad0b05e22,89414700-a29c-442e-84b4-bd0e350e2a09,19375bde-4d5a-47e5-bc1f-92c3473be236,56.0,kg,52.08,False
2152dcac-415a-43ec-847e-d4e2faf21482,2025-10-14,de2aa412-e109-4bcf-b6e9-9d9ad0b05e22,89414700-a29c-442e-84b4-bd0e350e2a09,19375bde-4d5a-47e5-bc1f-92c3473be236,57.0,kg,50.35,False
d9355f39-2049-4532-9aee-3325df1bc28b,2025-10-15,de2aa412-e109-4bcf-b6e9-9d9ad0b05e22,89414700-a29c-442e-84b4-bd0e350e2a09,19375bde-4d5a-47e5-bc1f-92c3473be236,67.0,kg,47.5,False
40554531-4760-4db4-8ad5-338523b50161,2025-10-16,de2aa412-e109-4bcf-b6e9-9d9ad0b05e22,89414700-a29c-442e-84b4-bd0e350e2a09,19375bde-4d5a-47e5-bc1f-92c3473be236,57.0,kg,51.34,False
7d5b0aa9-c0ac-4033-a517-081e50e50f4f,2025-10-17,de2aa412-e109-4bcf-b6e9-9d9ad0b05e22,89414700-a29c-442e-84b4-bd0e350e2a09,19375bde-4d5a-47e5-bc1f-92c3473be236,51.0,kg,41.88,False
8b90c437-0053-449b-b694-8f7e4073d4c9,2025-10-18,de2aa412-e109-4bcf-b6e9-9d9ad0b05e22,89414700-a29c-442e-84b4-bd0e350e2a09,19375bde-4d5a-47e5-bc1f-92c3473be236,77.0,kg,56.64,False
b77d8759-460e-4c74-b40d-88256a86fa6f,2025-10-19,de2aa412-e109-4bcf-b6e9-9d9ad0b05e22,89414700-a29c-442e-84b4-bd0e350e2a09,19375bde-4d5a-47e5-bc1f-92c3473be236,79.0,kg,56.88,False
56789ffd-6372-4d75-a6c4-a0de58e8d5ee,2025-10-20,de2aa412-e109-4bcf-b6e9-9d9ad0b05e22,89414700-a29c-442e-84b4-bd0e350e2a09,19375bde-4d5a-47e5-bc1f-92c3473be236,43.0,kg,40.29,False
ec8b234d-2a66-4e25-b4ba-8eedcf4d5758,2025-10-21,de2aa412-e109-4bcf-b6e9-9d9ad0b05e22,89414700-a29c-442e-84b4-bd0e350e2a09,19375bde-4d5a-47e5-bc1f-92c3473be236,58.0,kg,53.07,False
1fa4185e-45f3-4630-bcac-41594f1a2b0a,2025-10-22,de2aa412-e109-4bcf-b6e9-9d9ad0b05e22,89414700-a29c-442e-84b4-bd0e350e2a09,19375bde-4d5a-47e5-bc1f-92c3473be236,59.0,kg,48.27,False
dd62fd66-fd9e-4afe-828a-53298a611554,2025-10-23,de2aa412-e109-4bcf-b6e9-9d9ad0b05e22,89414700-a29c-442e-84b4-bd0e350e2a09,19375bde-4d5a-47e5-bc1f-92c3473be236,51.0,kg,41.36,False
e67a67a0-eaf7-49e4-a542-f659dbb9d94a,2025-10-24,de2aa412-e109-4bcf-b6e9-9d9ad0b05e22,89414700-a29c-442e-84b4-bd0e350e2a09,19375bde-4d5a-47e5-bc1f-92c3473be236,65.0,kg,44.06,False
28b34cb7-9abf-45d6-85f6-f1a261120f81,2025-10-25,de2aa412-e109-4bcf-b6e9-9d9ad0b05e22,89414700-a29c-442e-84b4-bd0e350e2a09,19375bde-4d5a-47e5-bc1f-92c3473be236,65.0,kg,43.96,False
3c09fba6-7747-42ab-9013-ce80df6582f6,2025-10-26,de2aa412-e109-4bcf-b6e9-9d9ad0b05e22,89414700-a29c-442e-84b4-bd0e350e2a09,19375bde-4d5a-47e5-bc1f-92c3473be236,68.0,kg,54.75,False
a5d6bf73-a847-4733-8f4d-f7d139b27afd,2025-10-27,de2aa412-e109-4bcf-b6e9-9d9ad0b05e22,89414700-a29c-442e-84b4-bd0e350e2a09,19375bde-4d5a-47e5-bc1f-92c3473be236,52.0,kg,50.36,False
b02effe2-0875-4b88-a7de-d546520256a4,2025-10-28,de2aa412-e109-4bcf-b6e9-9d9ad0b05e22,89414700-a29c-442e-84b4-bd0e350e2a09,19375bde-4d5a-47e5-bc1f-92c3473be236,54.0,kg,46.27,False
0bcf4517-8aab-4520-bb9a-0439dbc225e6,2025-10-29,de2aa412-e109-4bcf-b6e9-9d9ad0b05e22,89414700-a29c-442e-84b4-bd0e350e2a09,19375bde-4d5a-47e5-bc1f-92c3473be236,44.0,kg,41.1,False
4590eee1-2c50-4699-bea7-b9bed518691c,2025-10-30,de2aa412-e109-4bcf-b6e9-9d9ad0b05e22,89414700-a29c-442e-84b4-bd0e350e2a09,19375bde-4d5a-47e5-bc1f-92c3473be236,41.0,kg,53.97,False
78e29077-1abe-466d-8abd-8deccd75e2d1,2025-10-31,de2aa412-e109-4bcf-b6e9-9d9ad0b05e22,89414700-a29c-442e-84b4-bd0e350e2a09,19375bde-4d5a-47e5-bc1f-92c3473be236,67.0,kg,42.42,False
9ded0620-ec61-4593-a056-2953ed3d0500,2025-11-01,de2aa412-e109-4bcf-b6e9-9d9ad0b05e22,89414700-a29c-442e-84b4-bd0e350e2a09,19375bde-4d5a-47e5-bc1f-92c3473be236,58.0,kg,47.97,False
d70d6233-9933-4a44-bad3-551ae9df7df6,2025-11-02,de2aa412-e109-4bcf-b6e9-9d9ad0b05e22,89414700-a29c-442e-84b4-bd0e350e2a09,19375bde-4d5a-47e5-bc1f-92c3473be236,68.0,kg,57.02,True
17c2346d-d0a8-427e-923d-4e7c78f674ed,2025-11-03,de2aa412-e109-4bcf-b6e9-9d9ad0b05e22,89414700-a29c-442e-84b4-bd0e350e2a09,19375bde-4d5a-47e5-bc1f-92c3473be236,35.0,kg,42.56,False
abf69a66-23c8-4fb0-b69a-18ac8f0682d3,2025-11-04,de2aa412-e109-4bcf-b6e9-9d9ad0b05e22,89414700-a29c-442e-84b4-bd0e350e2a09,19375bde-4d5a-47e5-bc1f-92c3473be236,48.0,kg,43.03,False
da17bc9e-28f4-4bfb-babb-0d0162d1b71a,2025-11-05,de2aa412-e109-4bcf-b6e9-9d9ad0b05e22,89414700-a29c-442e-84b4-bd0e350e2a09,19375bde-4d5a-47e5-bc1f-92c3473be236,43.0,kg,45.05,False
22dd1d56-52b9-4ec9-a2af-272130a94108,2025-11-06,de2aa412-e109-4bcf-b6e9-9d9ad0b05e22,89414700-a29c-442e-84b4-bd0e350e2a09,19375bde-4d5a-47e5-bc1f-92c3473be236,68.0,kg,44.63,False
8acdbc44-a76d-4f52-a2ad-f0c4e75c648b,2025-11-07,de2aa412-e109-4bcf-b6e9-9d9ad0b05e22,89414700-a29c-442e-84b4-bd0e350e2a09,19375bde-4d5a-47e5-bc1f-92c3473be236,63.0,kg,56.07,False
c798d747-18bd-471e-80b0-3b16cad7a72e,2025-11-08,de2aa412-e109-4bcf-b6e9-9d9ad0b05e22,89414700-a29c-442e-84b4-bd0e350e2a09,19375bde-4d5a-47e5-bc1f-92c3473be236,60.0,kg,47.19,False
fd5fde1a-bf11-4a2d-959e-b77473383731,2025-11-09,de2aa412-e109-4bcf-b6e9-9d9ad0b05e22,89414700-a29c-442e-84b4-bd0e350e2a09,19375bde-4d5a-47e5-bc1f-92c3473be236,92.0,kg,44.35,False
42f193f9-f70b-4631-b9cb-3fd09cdb14f1,2025-11-10,de2aa412-e109-4bcf-b6e9-9d9ad0b05e22,89414700-a29c-442e-84b4-bd0e350e2a09,19375bde-4d5a-47e5-bc1f-92c3473be236,63.0,kg,52.56,False
fdf7291b-f739-4823-9f16-dc8e447fa31c,2025-11-11,de2aa412-e109-4bcf-b6e9-9d9ad0b05e22,89414700-a29c-442e-84b4-bd0e350e2a09,19375bde-4d5a-47e5-bc1f-92c3473be236,62.0,kg,48.59,True
c367cf2f-6b23-45e3-bc07-1f601517c786,2025-11-12,de2aa412-e109-4bcf-b6e9-9d9ad0b05e22,89414700-a29c-442e-84b4-bd0e350e2a09,19375bde-4d5a-47e5-bc1f-92c3473be236,33.0,kg,44.21,False
8b7d92c2-2f44-4e36-b2e1-cd21f6a0763a,2025-11-13,de2aa412-e109-4bcf-b6e9-9d9ad0b05e22,89414700-a29c-442e-84b4-bd0e350e2a09,19375bde-4d5a-47e5-bc1f-92c3473be236,75.0,kg,40.41,False
e3a8167e-6863-4891-94eb-73f56b44c168,2025-11-14,de2aa412-e109-4bcf-b6e9-9d9ad0b05e22,89414700-a29c-442e-84b4-bd0e350e2a09,19375bde-4d5a-47e5-bc1f-92c3473be236,43.0,kg,54.55,False
972a4757-9839-4482-b8f6-053a1d83eea8,2025-11-15,de2aa412-e109-4bcf-b6e9-9d9ad0b05e22,89414700-a29c-442e-84b4-bd0e350e2a09,19375bde-4d5a-47e5-bc1f-92c3473be236,51.0,kg,47.64,False
ed3693a5-b76c-4f0b-a67c-13b7f7660535,2025-11-16,de2aa412-e109-4bcf-b6e9-9d9ad0b05e22,89414700-a29c-442e-84b4-bd0e350e2a09,19375bde-4d5a-47e5-bc1f-92c3473be236,80.0,kg,46.95,False
a22290fd-dc97-4a23-9845-b6474dff78fb,2025-11-17,de2aa412-e109-4bcf-b6e9-9d9ad0b05e22,89414700-a29c-442e-84b4-bd0e350e2a09,19375bde-4d5a-47e5-bc1f-92c3473be236,77.0,kg,42.04,False
eb18a8c3-6594-4c2f-9162-fa5d7f6436a4,2025-11-18,de2aa412-e109-4bcf-b6e9-9d9ad0b05e22,89414700-a29c-442e-84b4-bd0e350e2a09,19375bde-4d5a-47e5-bc1f-92c3473be236,67.0,kg,55.67,False
4272cdd7-f54c-4790-84a6-899fcb17c319,2025-11-19,de2aa412-e109-4bcf-b6e9-9d9ad0b05e22,89414700-a29c-442e-84b4-bd0e350e2a09,19375bde-4d5a-47e5-bc1f-92c3473be236,60.0,kg,53.79,False
0321d6c3-02f5-48bc-a58c-f3ff373e70a9,2025-11-20,de2aa412-e109-4bcf-b6e9-9d9ad0b05e22,89414700-a29c-442e-84b4-bd0e350e2a09,19375bde-4d5a-47e5-bc1f-92c3473be236,61.0,kg,57.63,False
30c192d4-7864-4d45-bec9-099fa47f8744,2025-11-21,de2aa412-e109-4bcf-b6e9-9d9ad0b05e22,89414700-a29c-442e-84b4-bd0e350e2a09,19375bde-4d5a-47e5-bc1f-92c3473be236,63.0,kg,49.53,False
a2e8867f-5c36-4be2-adcd-79e77a963365,2025-11-22,de2aa412-e109-4bcf-b6e9-9d9ad0b05e22,89414700-a29c-442e-84b4-bd0e350e2a09,19375bde-4d5a-47e5-bc1f-92c3473be236,93.0,kg,51.63,True
a76cf85d-08ef-4ddd-8b34-897fdcec5149,2025-11-23,de2aa412-e109-4bcf-b6e9-9d9ad0b05e22,89414700-a29c-442e-84b4-bd0e350e2a09,19375bde-4d5a-47e5-bc1f-92c3473be236,73.0,kg,51.24,False
99e91fb3-43b3-4641-ab8d-ed1d662a7939,2025-11-24,de2aa412-e109-4bcf-b6e9-9d9ad0b05e22,89414700-a29c-442e-84b4-bd0e350e2a09,19375bde-4d5a-47e5-bc1f-92c3473be236,57.0,kg,47.45,False
c3c9486f-bcd5-43b9-b654-be29b4219f48,2025-11-25,de2aa412-e109-4bcf-b6e9-9d9ad0b05e22,89414700-a29c-442e-84b4-bd0e350e2a09,19375bde-4d5a-47e5-bc1f-92c3473be236,55.0,kg,55.3,False
d757c77c-a312-4dc3-9224-a1256c646862,2025-11-26,de2aa412-e109-4bcf-b6e9-9d9ad0b05e22,89414700-a29c-442e-84b4-bd0e350e2a09,19375bde-4d5a-47e5-bc1f-92c3473be236,49.0,kg,42.01,False
32d4b56a-42f3-47f3-bdfb-2e2d06a74e7b,2025-11-27,de2aa412-e109-4bcf-b6e9-9d9ad0b05e22,89414700-a29c-442e-84b4-bd0e350e2a09,19375bde-4d5a-47e5-bc1f-92c3473be236,54.0,kg,50.57,False
f79f6030-b60e-471c-8759-717c6b58ce23,2025-11-28,de2aa412-e109-4bcf-b6e9-9d9ad0b05e22,89414700-a29c-442e-84b4-bd0e350e2a09,19375bde-4d5a-47e5-bc1f-92c3473be236,41.0,kg,57.11,False
e62bb4f1-8161-4bc8-a8b4-2e14c4bffe8d,2025-11-29,de2aa412-e109-4bcf-b6e9-9d9ad0b05e22,89414700-a29c-442e-84b4-bd0e350e2a09,19375bde-4d5a-47e5-bc1f-92c3473be236,69.0,kg,42.7,False
e3676513-74a2-4e6d-ac0f-d95b3eb62497,2025-11-30,de2aa412-e109-4bcf-b6e9-9d9ad0b05e22,89414700-a29c-442e-84b4-bd0e350e2a09,19375bde-4d5a-47e5-bc1f-92c3473be236,59.0,kg,49.93,False
0c00efab-4342-4297-b9fb-e596b2248c39,2025-12-01,de2aa412-e109-4bcf-b6e9-9d9ad0b05e22,89414700-a29c-442e-84b4-bd0e350e2a09,19375bde-4d5a-47e5-bc1f-92c3473be236,46.0,kg,50.88,False
4293c887-391a-46b7-a6fa-04bed5538e0a,2025-12-02,de2aa412-e109-4bcf-b6e9-9d9ad0b05e22,89414700-a29c-442e-84b4-bd0e350e2a09,19375bde-4d5a-47e5-bc1f-92c3473be236,58.0,kg,52.33,False
d5ceb80b-a2ae-4942-aa73-8b97b97dacab,2025-12-03,de2aa412-e109-4bcf-b6e9-9d9ad0b05e22,89414700-a29c-442e-84b4-bd0e350e2a09,19375bde-4d5a-47e5-bc1f-92c3473be236,69.0,kg,51.77,False
2b2e1262-aa2f-4a30-96b4-1730158acca8,2025-12-04,de2aa412-e109-4bcf-b6e9-9d9ad0b05e22,89414700-a29c-442e-84b4-bd0e350e2a09,19375bde-4d5a-47e5-bc1f-92c3473be236,65.0,kg,49.17,False
bc37d9fb-c807-4ce0-aecc-e74c41a34461,2025-12-05,de2aa412-e109-4bcf-b6e9-9d9ad0b05e22,89414700-a29c-442e-84b4-bd0e350e2a09,19375bde-4d5a-47e5-bc1f-92c3473be236,43.0,kg,45.42,False
416b927d-cdb9-4b8e-9180-72988cca8d82,2025-12-06,de2aa412-e109-4bcf-b6e9-9d9ad0b05e22,89414700-a29c-442e-84b4-bd0e350e2a09,19375bde-4d5a-47e5-bc1f-92c3473be236,72.0,kg,55.96,True
c378ec30-89e6-440a-8b14-4df022a0bb47,2025-12-07,de2aa412-e109-4bcf-b6e9-9d9ad0b05e22,89414700-a29c-442e-84b4-bd0e350e2a09,19375bde-4d5a-47e5-bc1f-92c3473be236,82.0,kg,48.91,False
8e52f1ee-aa5f-4ca6-8bd8-89cbf60be4cf,2025-12-08,de2aa412-e109-4bcf-b6e9-9d9ad0b05e22,89414700-a29c-442e-84b4-bd0e350e2a09,19375bde-4d5a-47e5-bc1f-92c3473be236,48.0,kg,48.99,False
c021825e-3b3f-4d40-8c95-d169ee9ee894,2025-12-09,de2aa412-e109-4bcf-b6e9-9d9ad0b05e22,89414700-a29c-442e-84b4-bd0e350e2a09,19375bde-4d5a-47e5-bc1f-92c3473be236,55.0,kg,49.5,False
b0057cad-a134-4b78-ad96-a1e3e24cb2c9,2025-12-10,de2aa412-e109-4bcf-b6e9-9d9ad0b05e22,89414700-a29c-442e-84b4-bd0e350e2a09,19375bde-4d5a-47e5-bc1f-92c3473be236,63.0,kg,56.59,False
08391db8-6bf6-4bb8-b6f8-a4f8981a6e9d,2025-12-11,de2aa412-e109-4bcf-b6e9-9d9ad0b05e22,89414700-a29c-442e-84b4-bd0e350e2a09,19375bde-4d5a-47e5-bc1f-92c3473be236,49.0,kg,55.31,False
6df40372-1439-49f8-bb21-27102d189488,2025-12-12,de2aa412-e109-4bcf-b6e9-9d9ad0b05e22,89414700-a29c-442e-84b4-bd0e350e2a09,19375bde-4d5a-47e5-bc1f-92c3473be236,59.0,kg,46.64,False
b7749969-c75a-4109-911d-35d14f9d159a,2025-12-13,de2aa412-e109-4bcf-b6e9-9d9ad0b05e22,89414700-a29c-442e-84b4-bd0e350e2a09,19375bde-4d5a-47e5-bc1f-92c3473be236,57.0,kg,53.6,False
22bd86b7-dd45-4f3f-b420-051281fb697f,2025-12-14,de2aa412-e109-4bcf-b6e9-9d9ad0b05e22,89414700-a29c-442e-84b4-bd0e350e2a09,19375bde-4d5a-47e5-bc1f-92c3473be236,65.0,kg,53.73,False
c054129f-7332-44c1-9648-faf3b81924ba,2025-12-15,de2aa412-e109-4bcf-b6e9-9d9ad0b05e22,89414700-a29c-442e-84b4-bd0e350e2a09,19375bde-4d5a-47e5-bc1f-92c3473be236,73.0,kg,41.43,True
76f22c9b-9e6c-4023-8684-7a2dbde1d107,2025-12-16,de2aa412-e109-4bcf-b6e9-9d9ad0b05e22,89414700-a29c-442e-84b4-bd0e350e2a09,19375bde-4d5a-47e5-bc1f-92c3473be236,43.0,kg,40.95,False
44902a6d-ef5d-4428-9c96-754d08d0de9c,2025-12-17,de2aa412-e109-4bcf-b6e9-9d9ad0b05e22,89414700-a29c-442e-84b4-bd0e350e2a09,19375bde-4d5a-47e5-bc1f-92c3473be236,75.0,kg,49.12,True
e93bb222-6c98-4125-a12b-70d5e51e3b5d,2025-12-18,de2aa412-e109-4bcf-b6e9-9d9ad0b05e22,89414700-a29c-442e-84b4-bd0e350e2a09,19375bde-4d5a-47e5-bc1f-92c3473be236,58.0,kg,49.02,False
f0ec9cb5-8308-4695-8128-af76838b4935,2025-12-19,de2aa412-e109-4bcf-b6e9-9d9ad0b05e22,89414700-a29c-442e-84b4-bd0e350e2a09,19375bde-4d5a-47e5-bc1f-92c3473be236,64.0,kg,52.53,False
e6284b6d-ec65-4d9c-978f-8501c3dfa591,2025-12-20,de2aa412-e109-4bcf-b6e9-9d9ad0b05e22,89414700-a29c-442e-84b4-bd0e350e2a09,19375bde-4d5a-47e5-bc1f-92c3473be236,76.0,kg,49.64,False
4dfc6a88-6420-4f1f-8754-d08788251fd6,2025-12-21,de2aa412-e109-4bcf-b6e9-9d9ad0b05e22,89414700-a29c-442e-84b4-bd0e350e2a09,19375bde-4d5a-47e5-bc1f-92c3473be236,89.0,kg,45.11,False
52547731-8a50-4a44-b550-0ed2202b07ad,2025-12-22,de2aa412-e109-4bcf-b6e9-9d9ad0b05e22,89414700-a29c-442e-84b4-bd0e350e2a09,19375bde-4d5a-47e5-bc1f-92c3473be236,60.0,kg,49.2,False
5e02b8c7-49b3-4424-95e9-81cec664e72f,2025-12-23,de2aa412-e109-4bcf-b6e9-9d9ad0b05e22,89414700-a29c-442e-84b4-bd0e350e2a09,19375bde-4d5a-47e5-bc1f-92c3473be236,55.0,kg,49.64,False
ce6299cf-9083-4e40-88c2-93796cb1e36d,2025-12-24,de2aa412-e109-4bcf-b6e9-9d9ad0b05e22,89414700-a29c-442e-84b4-bd0e350e2a09,19375bde-4d5a-47e5-bc1f-92c3473be236,60.0,kg,51.35,False
074e0a8f-9877-46b4-9b2a-810fcab4f606,2025-12-25,de2aa412-e109-4bcf-b6e9-9d9ad0b05e22,89414700-a29c-442e-84b4-bd0e350e2a09,19375bde-4d5a-47e5-bc1f-92c3473be236,64.0,kg,52.17,False
116a4461-ba1a-4b65-bd27-9c22fa008730,2025-12-26,de2aa412-e109-4bcf-b6e9-9d9ad0b05e22,89414700-a29c-442e-84b4-bd0e350e2a09,19375bde-4d5a-47e5-bc1f-92c3473be236,72.0,kg,52.48,True
6838779e-9d6d-4ed6-8a2c-a7d06f2d1c9f,2025-12-27,de2aa412-e109-4bcf-b6e9-9d9ad0b05e22,89414700-a29c-442e-84b4-bd0e350e2a09,19375bde-4d5a-47e5-bc1f-92c3473be236,75.0,kg,55.06,False
0ea25086-2449-4961-9bec-aebbc6ec8d02,2025-12-28,de2aa412-e109-4bcf-b6e9-9d9ad0b05e22,89414700-a29c-442e-84b4-bd0e350e2a09,19375bde-4d5a-47e5-bc1f-92c3473be236,79.0,kg,41.76,True
948516b0-7f99-462e-a8f5-63898a6c39cd,2025-12-29,de2aa412-e109-4bcf-b6e9-9d9ad0b05e22,89414700-a29c-442e-84b4-bd0e350e2a09,19375bde-4d5a-47e5-bc1f-92c3473be236,53.0,kg,50.9,False
5c053441-7c87-4b15-baed-b30c08dfcbf4,2025-12-30,de2aa412-e109-4bcf-b6e9-9d9ad0b05e22,89414700-a29c-442e-84b4-bd0e350e2a09,19375bde-4d5a-47e5-bc1f-92c3473be236,46.0,kg,53.23,False
919aff40-9d99-480e-8a66-a93711bc9088,2025-12-31,de2aa412-e109-4bcf-b6e9-9d9ad0b05e22,89414700-a29c-442e-84b4-bd0e350e2a09,19375bde-4d5a-47e5-bc1f-92c3473be236,77.0,kg,42.34,False
de27f7c2-438d-4c61-98c2-68bb3d798340,2026-01-01,de2aa412-e109-4bcf-b6e9-9d9ad0b05e22,89414700-a29c-442e-84b4-bd0e350e2a09,19375bde-4d5a-47e5-bc1f-92c3473be236,48.0,kg,52.53,False
7c28ca80-a5e3-40b5-99db-aa368c6cadb1,2026-01-02,de2aa412-e109-4bcf-b6e9-9d9ad0b05e22,89414700-a29c-442e-84b4-bd0e350e2a09,19375bde-4d5a-47e5-bc1f-92c3473be236,54.0,kg,56.93,False
ee932ec9-ae02-4e4a-a9ad-868c9c0978cb,2026-01-03,de2aa412-e109-4bcf-b6e9-9d9ad0b05e22,89414700-a29c-442e-84b4-bd0e350e2a09,19375bde-4d5a-47e5-bc1f-92c3473be236,67.0,kg,53.95,False
c93f7d5c-5949-478e-8f7f-b2cdd4b5e7aa,2026-01-04,de2aa412-e109-4bcf-b6e9-9d9ad0b05e22,89414700-a29c-442e-84b4-bd0e350e2a09,19375bde-4d5a-47e5-bc1f-92c3473be236,86.0,kg,42.47,False
02d0d33f-a743-4a6e-a033-e0949cb97e6a,2026-01-05,de2aa412-e109-4bcf-b6e9-9d9ad0b05e22,89414700-a29c-442e-84b4-bd0e350e2a09,19375bde-4d5a-47e5-bc1f-92c3473be236,58.0,kg,44.95,False
6229d9eb-adc7-4b6a-86d1-72764d67a426,2026-01-06,de2aa412-e109-4bcf-b6e9-9d9ad0b05e22,89414700-a29c-442e-84b4-bd0e350e2a09,19375bde-4d5a-47e5-bc1f-92c3473be236,73.0,kg,53.75,False
53260428-9099-4c60-9b65-f403e7f2de6c,2026-01-07,de2aa412-e109-4bcf-b6e9-9d9ad0b05e22,89414700-a29c-442e-84b4-bd0e350e2a09,19375bde-4d5a-47e5-bc1f-92c3473be236,65.0,kg,45.01,True
ad2ea18c-2e3f-41ce-9206-c440393f56c5,2026-01-08,de2aa412-e109-4bcf-b6e9-9d9ad0b05e22,89414700-a29c-442e-84b4-bd0e350e2a09,19375bde-4d5a-47e5-bc1f-92c3473be236,76.0,kg,52.72,True
3866df0c-c943-4f26-98fa-65c1789278d6,2026-01-09,de2aa412-e109-4bcf-b6e9-9d9ad0b05e22,89414700-a29c-442e-84b4-bd0e350e2a09,19375bde-4d5a-47e5-bc1f-92c3473be236,53.0,kg,41.6,False
729ad540-9733-4a77-b555-3495cc0fbdd9,2026-01-10,de2aa412-e109-4bcf-b6e9-9d9ad0b05e22,89414700-a29c-442e-84b4-bd0e350e2a09,19375bde-4d5a-47e5-bc1f-92c3473be236,103.0,kg,46.55,False
1dde5101-e731-453a-a40d-c119da2170fc,2026-01-11,de2aa412-e109-4bcf-b6e9-9d9ad0b05e22,89414700-a29c-442e-84b4-bd0e350e2a09,19375bde-4d5a-47e5-bc1f-92c3473be236,62.0,kg,50.17,False
39c3b3ba-ff13-4052-8ebd-e2311c25ab3f,2026-01-12,de2aa412-e109-4bcf-b6e9-9d9ad0b05e22,89414700-a29c-442e-84b4-bd0e350e2a09,19375bde-4d5a-47e5-bc1f-92c3473be236,65.0,kg,44.71,False
ed8ed881-46d2-468b-888d-c42592e9d1eb,2026-01-13,de2aa412-e109-4bcf-b6e9-9d9ad0b05e22,89414700-a29c-442e-84b4-bd0e350e2a09,19375bde-4d5a-47e5-bc1f-92c3473be236,68.0,kg,52.9,False
5578eb06-c20a-49ba-8248-f08515788d10,2026-01-14,de2aa412-e109-4bcf-b6e9-9d9ad0b05e22,89414700-a29c-442e-84b4-bd0e350e2a09,19375bde-4d5a-47e5-bc1f-92c3473be236,66.0,kg,49.15,False
162102eb-49a1-47c4-8e16-dda369055f1e,2026-01-15,de2aa412-e109-4bcf-b6e9-9d9ad0b05e22,89414700-a29c-442e-84b4-bd0e350e2a09,19375bde-4d5a-47e5-bc1f-92c3473be236,72.0,kg,55.35,True
8b0f7715-733e-493d-9548-e70da585d642,2026-01-16,de2aa412-e109-4bcf-b6e9-9d9ad0b05e22,89414700-a29c-442e-84b4-bd0e350e2a09,19375bde-4d5a-47e5-bc1f-92c3473be236,61.0,kg,48.51,False
457b8b2a-4ff0-4de5-82d9-8dd288f20dc9,2026-01-17,de2aa412-e109-4bcf-b6e9-9d9ad0b05e22,89414700-a29c-442e-84b4-bd0e350e2a09,19375bde-4d5a-47e5-bc1f-92c3473be236,78.0,kg,42.88,False
9a6d2ca8-8089-425a-90ae-ca3d89f20afe,2026-01-18,de2aa412-e109-4bcf-b6e9-9d9ad0b05e22,89414700-a29c-442e-84b4-bd0e350e2a09,19375bde-4d5a-47e5-bc1f-92c3473be236,76.0,kg,49.93,False
edc444cb-dd27-4388-a716-d9c08ddb7784,2026-01-19,de2aa412-e109-4bcf-b6e9-9d9ad0b05e22,89414700-a29c-442e-84b4-bd0e350e2a09,19375bde-4d5a-47e5-bc1f-92c3473be236,72.0,kg,53.21,False
ce187219-fbea-44d9-897b-6ec3d8f3e40d,2026-01-20,de2aa412-e109-4bcf-b6e9-9d9ad0b05e22,89414700-a29c-442e-84b4-bd0e350e2a09,19375bde-4d5a-47e5-bc1f-92c3473be236,85.0,kg,45.88,False
ca7d3954-db93-4447-ba88-acb8a5245f65,2026-01-21,de2aa412-e109-4bcf-b6e9-9d9ad0b05e22,89414700-a29c-442e-84b4-bd0e350e2a09,19375bde-4d5a-47e5-bc1f-92c3473be236,57.0,kg,52.86,False
b18da909-0ede-4ed7-aab5-77f1dc9b1187,2026-01-22,de2aa412-e109-4bcf-b6e9-9d9ad0b05e22,89414700-a29c-442e-84b4-bd0e350e2a09,19375bde-4d5a-47e5-bc1f-92c3473be236,49.0,kg,41.61,False
42b55c61-0b50-456d-a87a-8197b31b8397,2026-01-23,de2aa412-e109-4bcf-b6e9-9d9ad0b05e22,89414700-a29c-442e-84b4-bd0e350e2a09,19375bde-4d5a-47e5-bc1f-92c3473be236,62.0,kg,49.04,False
7757c5dd-9df3-417f-8303-0895c0284ae1,2026-01-24,de2aa412-e109-4bcf-b6e9-9d9ad0b05e22,89414700-a29c-442e-84b4-bd0e350e2a09,19375bde-4d5a-47e5-bc1f-92c3473be236,111.0,kg,54.33,False
88a6c9bc-1564-459a-a49f-4724703d4acd,2026-01-25,de2aa412-e109-4bcf-b6e9-9d9ad0b05e22,89414700-a29c-442e-84b4-bd0e350e2a09,19375bde-4d5a-47e5-bc1f-92c3473be236,69.0,kg,56.95,False
a4e16b2d-fb72-4ce4-8195-6cb0b4ab3f08,2026-01-26,de2aa412-e109-4bcf-b6e9-9d9ad0b05e22,89414700-a29c-442e-84b4-bd0e350e2a09,19375bde-4d5a-47e5-bc1f-92c3473be236,96.0,kg,48.39,True
88fe08e3-ce00-40d8-8746-ae5d8a6574e2,2026-01-27,de2aa412-e109-4bcf-b6e9-9d9ad0b05e22,89414700-a29c-442e-84b4-bd0e350e2a09,19375bde-4d5a-47e5-bc1f-92c3473be236,80.0,kg,45.98,False
1f86dbc7-10df-4848-8ef0-ff0aa7718399,2026-01-28,de2aa412-e109-4bcf-b6e9-9d9ad0b05e22,89414700-a29c-442e-84b4-bd0e350e2a09,19375bde-4d5a-47e5-bc1f-92c3473be236,58.0,kg,40.39,False
04969d70-f6fa-4be7-b859-8b05227d2f82,2026-01-29,de2aa412-e109-4bcf-b6e9-9d9ad0b05e22,89414700-a29c-442e-84b4-bd0e350e2a09,19375bde-4d5a-47e5-bc1f-92c3473be236,69.0,kg,50.12,False
d64438d4-62df-4e49-bcdc-292f805a9e45,2026-01-30,de2aa412-e109-4bcf-b6e9-9d9ad0b05e22,89414700-a29c-442e-84b4-bd0e350e2a09,19375bde-4d5a-47e5-bc1f-92c3473be236,80.0,kg,51.15,False
0651af2a-bfe0-41ff-aff0-9423ae4543c3,2026-01-31,de2aa412-e109-4bcf-b6e9-9d9ad0b05e22,89414700-a29c-442e-84b4-bd0e350e2a09,19375bde-4d5a-47e5-bc1f-92c3473be236,75.0,kg,50.6,False
aea6c0ea-65af-4bfd-ae83-8b75e4e45112,2026-02-01,de2aa412-e109-4bcf-b6e9-9d9ad0b05e22,89414700-a29c-442e-84b4-bd0e350e2a09,19375bde-4d5a-47e5-bc1f-92c3473be236,77.0,kg,53.77,False
f08ed660-ea99-4f61-af37-8ea3509a70b2,2026-02-02,de2aa412-e109-4bcf-b6e9-9d9ad0b05e22,89414700-a29c-442e-84b4-bd0e350e2a09,19375bde-4d5a-47e5-bc1f-92c3473be236,58.0,kg,53.56,False
c85b4eaa-a17d-41a9-a6e2-4b255d9629bb,2026-02-03,de2aa412-e109-4bcf-b6e9-9d9ad0b05e22,89414700-a29c-442e-84b4-bd0e350e2a09,19375bde-4d5a-47e5-bc1f-92c3473be236,54.0,kg,40.36,False
0dc5f766-bcda-43e4-9b6b-d9c4ca3a4d47,2026-02-04,de2aa412-e109-4bcf-b6e9-9d9ad0b05e22,89414700-a29c-442e-84b4-bd0e350e2a09,19375bde-4d5a-47e5-bc1f-92c3473be236,57.0,kg,44.33,False
ebf6d306-c291-41e8-b418-ba60729fb120,2026-02-05,de2aa412-e109-4bcf-b6e9-9d9ad0b05e22,89414700-a29c-442e-84b4-bd0e350e2a09,19375bde-4d5a-47e5-bc1f-92c3473be236,52.0,kg,54.94,False
fdf0fed8-dd4c-49aa-9752-cd968ef861cc,2026-02-06,de2aa412-e109-4bcf-b6e9-9d9ad0b05e22,89414700-a29c-442e-84b4-bd0e350e2a09,19375bde-4d5a-47e5-bc1f-92c3473be236,65.0,kg,56.89,False
b1a55f78-1234-4e81-89d8-fc22d0079966,2026-02-07,de2aa412-e109-4bcf-b6e9-9d9ad0b05e22,89414700-a29c-442e-84b4-bd0e350e2a09,19375bde-4d5a-47e5-bc1f-92c3473be236,85.0,kg,51.75,True
1de9123c-7acb-456e-aa0a-efd49cc1d952,2026-02-08,de2aa412-e109-4bcf-b6e9-9d9ad0b05e22,89414700-a29c-442e-84b4-bd0e350e2a09,19375bde-4d5a-47e5-bc1f-92c3473be236,84.0,kg,42.07,False
5e5f7ed6-a45d-4413-bd87-17c032007db4,2026-02-09,de2aa412-e109-4bcf-b6e9-9d9ad0b05e22,89414700-a29c-442e-84b4-bd0e350e2a09,19375bde-4d5a-47e5-bc1f-92c3473be236,48.0,kg,44.42,False
6ff30ff4-ea87-4236-a0cd-3b9340f66429,2026-02-10,de2aa412-e109-4bcf-b6e9-9d9ad0b05e22,89414700-a29c-442e-84b4-bd0e350e2a09,19375bde-4d5a-47e5-bc1f-92c3473be236,68.0,kg,41.3,False
86345e13-bd46-4aef-ac5b-7c7d5bd901ec,2026-02-11,de2aa412-e109-4bcf-b6e9-9d9ad0b05e22,89414700-a29c-442e-84b4-bd0e350e2a09,19375bde-4d5a-47e5-bc1f-92c3473be236,73.0,kg,52.7,False
3a8af7f8-9d48-4155-a937-332b5fb882e3,2026-02-12,de2aa412-e109-4bcf-b6e9-9d9ad0b05e22,89414700-a29c-442e-84b4-bd0e350e2a09,19375bde-4d5a-47e5-bc1f-92c3473be236,44.0,kg,56.37,False
b2706d20-adbb-4ad3-a48d-6886ea0f3882,2026-02-13,de2aa412-e109-4bcf-b6e9-9d9ad0b05e22,89414700-a29c-442e-84b4-bd0e350e2a09,19375bde-4d5a-47e5-bc1f-92c3473be236,69.0,kg,49.35,False
996fff76-24f7-49c7-85cf-56ad4241526b,2026-02-14,de2aa412-e109-4bcf-b6e9-9d9ad0b05e22,89414700-a29c-442e-84b4-bd0e350e2a09,19375bde-4d5a-47e5-bc1f-92c3473be236,97.0,kg,57.3,False
a1c9ac0f-8a7e-4e2c-87ce-80f83658637e,2026-02-15,de2aa412-e109-4bcf-b6e9-9d9ad0b05e22,89414700-a29c-442e-84b4-bd0e350e2a09,19375bde-4d5a-47e5-bc1f-92c3473be236,66.0,kg,41.92,False
b1b21efc-3420-43b1-98f1-804f2c27f4fe,2026-02-16,de2aa412-e109-4bcf-b6e9-9d9ad0b05e22,89414700-a29c-442e-84b4-bd0e350e2a09,19375bde-4d5a-47e5-bc1f-92c3473be236,83.0,kg,54.6,False
9626a292-0f60-4e85-995a-5f940bf5cc81,2026-02-17,de2aa412-e109-4bcf-b6e9-9d9ad0b05e22,89414700-a29c-442e-84b4-bd0e350e2a09,19375bde-4d5a-47e5-bc1f-92c3473be236,84.0,kg,50.19,True
0e9cdd6a-f5b7-4d1e-bddf-e2b2984c2ffe,2026-02-18,de2aa412-e109-4bcf-b6e9-9d9ad0b05e22,89414700-a29c-442e-84b4-bd0e350e2a09,19375bde-4d5a-47e5-bc1f-92c3473be236,58.0,kg,44.39,False
212038c0-da1f-4138-8feb-b751e324e31b,2026-02-19,de2aa412-e109-4bcf-b6e9-9d9ad0b05e22,89414700-a29c-442e-84b4-bd0e350e2a09,19375bde-4d5a-47e5-bc1f-92c3473be236,65.0,kg,45.76,False
a23a5673-4cbe-46c5-a1c3-696f380be96d,2026-02-20,de2aa412-e109-4bcf-b6e9-9d9ad0b05e22,89414700-a29c-442e-84b4-bd0e350e2a09,19375bde-4d5a-47e5-bc1f-92c3473be236,71.0,kg,52.51,False
feb883dd-b52e-4d1a-b2ec-4d4c6693d563,2026-02-21,de2aa412-e109-4bcf-b6e9-9d9ad0b05e22,89414700-a29c-442e-84b4-bd0e350e2a09,19375bde-4d5a-47e5-bc1f-92c3473be236,83.0,kg,45.82,False
17625655-1977-459b-aa1d-170998673fb7,2026-02-22,de2aa412-e109-4bcf-b6e9-9d9ad0b05e22,89414700-a29c-442e-84b4-bd0e350e2a09,19375bde-4d5a-47e5-bc1f-92c3473be236,89.0,kg,41.56,False
0b07700c-cf54-4097-b8dc-7f96e8513d3d,2026-02-23,de2aa412-e109-4bcf-b6e9-9d9ad0b05e22,89414700-a29c-442e-84b4-bd0e350e2a09,19375bde-4d5a-47e5-bc1f-92c3473be236,56.0,kg,53.9,False
df1f94a7-ef96-42a2-90f3-3a5573e05fee,2026-02-24,de2aa412-e109-4bcf-b6e9-9d9ad0b05e22,89414700-a29c-442e-84b4-bd0e350e2a09,19375bde-4d5a-47e5-bc1f-92c3473be236,68.0,kg,43.13,False
8ef031af-036a-478d-8a96-c6723f2c1044,2026-02-25,de2aa412-e109-4bcf-b6e9-9d9ad0b05e22,89414700-a29c-442e-84b4-bd0e350e2a09,19375bde-4d5a-47e5-bc1f-92c3473be236,51.0,kg,47.36,False
74d79b93-8b47-4f0a-8076-8648b1ba8170,2026-02-26,de2aa412-e109-4bcf-b6e9-9d9ad0b05e22,89414700-a29c-442e-84b4-bd0e350e2a09,19375bde-4d5a-47e5-bc1f-92c3473be236,65.0,kg,57.13,False
5a35705c-2baa-4012-afff-4f210d8f8b85,2026-02-27,de2aa412-e109-4bcf-b6e9-9d9ad0b05e22,89414700-a29c-442e-84b4-bd0e350e2a09,19375bde-4d5a-47e5-bc1f-92c3473be236,56.0,kg,45.65,False
2deaa1b5-63bb-4489-8039-baf1aa881234,2026-02-28,de2aa412-e109-4bcf-b6e9-9d9ad0b05e22,89414700-a29c-442e-84b4-bd0e350e2a09,19375bde-4d5a-47e5-bc1f-92c3473be236,73.0,kg,42.35,False
93c7e333-c210-4514-b45d-e57f206363dc,2026-03-01,de2aa412-e109-4bcf-b6e9-9d9ad0b05e22,89414700-a29c-442e-84b4-bd0e350e2a09,19375bde-4d5a-47e5-bc1f-92c3473be236,99.0,kg,54.71,False
9b84dae3-b0ec-41e7-92c3-589e8542dc2b,2026-03-02,de2aa412-e109-4bcf-b6e9-9d9ad0b05e22,89414700-a29c-442e-84b4-bd0e350e2a09,19375bde-4d5a-47e5-bc1f-92c3473be236,78.0,kg,40.96,False
34ad94d9-513d-44f6-a3e8-88bc56ca3382,2026-03-03,de2aa412-e109-4bcf-b6e9-9d9ad0b05e22,89414700-a29c-442e-84b4-bd0e350e2a09,19375bde-4d5a-47e5-bc1f-92c3473be236,73.0,kg,45.99,False
77d6ff2c-b405-4cdc-9729-2272eec2c8cf,2026-03-04,de2aa412-e109-4bcf-b6e9-9d9ad0b05e22,89414700-a29c-442e-84b4-bd0e350e2a09,19375bde-4d5a-47e5-bc1f-92c3473be236,55.0,kg,44.59,False
ff4dda82-a569-48f8-b87d-f15a00e9ecfe,2026-03-05,de2aa412-e109-4bcf-b6e9-9d9ad0b05e22,89414700-a29c-442e-84b4-bd0e350e2a09,19375bde-4d5a-47e5-bc1f-92c3473be236,63.0,kg,49.24,False
562c208c-9ace-416a-aebd-efeee769fe93,2026-03-06,de2aa412-e109-4bcf-b6e9-9d9ad0b05e22,89414700-a29c-442e-84b4-bd0e350e2a09,19375bde-4d5a-47e5-bc1f-92c3473be236,79.0,kg,57.59,False
7157e2da-29b1-40bc-91d2-f9e0f4b53d49,2026-03-07,de2aa412-e109-4bcf-b6e9-9d9ad0b05e22,89414700-a29c-442e-84b4-bd0e350e2a09,19375bde-4d5a-47e5-bc1f-92c3473be236,102.0,kg,47.33,True
c6f0f6e9-cd66-4412-bea0-b0687ee4bd59,2026-03-08,de2aa412-e109-4bcf-b6e9-9d9ad0b05e22,89414700-a29c-442e-84b4-bd0e350e2a09,19375bde-4d5a-47e5-bc1f-92c3473be236,114.0,kg,53.34,False
27ce57e4-11c0-426f-bab0-30c3ffe94f65,2026-03-09,de2aa412-e109-4bcf-b6e9-9d9ad0b05e22,89414700-a29c-442e-84b4-bd0e350e2a09,19375bde-4d5a-47e5-bc1f-92c3473be236,71.0,kg,54.32,False
3e7936e0-7e22-48f0-8d65-c71f3f475ab3,2026-03-10,de2aa412-e109-4bcf-b6e9-9d9ad0b05e22,89414700-a29c-442e-84b4-bd0e350e2a09,19375bde-4d5a-47e5-bc1f-92c3473be236,69.0,kg,40.46,False
2cc92ab3-8b13-4e6a-998c-c2489be2cba7,2026-03-11,de2aa412-e109-4bcf-b6e9-9d9ad0b05e22,89414700-a29c-442e-84b4-bd0e350e2a09,19375bde-4d5a-47e5-bc1f-92c3473be236,63.0,kg,57.44,False
0043a792-d635-470d-be5a-8129d8ec7ac4,2026-03-12,de2aa412-e109-4bcf-b6e9-9d9ad0b05e22,89414700-a29c-442e-84b4-bd0e350e2a09,19375bde-4d5a-47e5-bc1f-92c3473be236,68.0,kg,54.66,False
7cd7403a-ae33-44d0-a9ba-9044fde83064,2026-03-13,de2aa412-e109-4bcf-b6e9-9d9ad0b05e22,89414700-a29c-442e-84b4-bd0e350e2a09,19375bde-4d5a-47e5-bc1f-92c3473be236,65.0,kg,51.28,False
0eeaba0c-85b0-4eff-840c-736dd09f6cd7,2026-03-14,de2aa412-e109-4bcf-b6e9-9d9ad0b05e22,89414700-a29c-442e-84b4-bd0e350e2a09,19375bde-4d5a-47e5-bc1f-92c3473be236,93.0,kg,44.78,False
3cac4160-c4de-4ac4-a0af-9bb421edc7c6,2026-03-15,de2aa412-e109-4bcf-b6e9-9d9ad0b05e22,89414700-a29c-442e-84b4-bd0e350e2a09,19375bde-4d5a-47e5-bc1f-92c3473be236,96.0,kg,40.63,False
cd486ffa-f0b1-4de2-9c47-73bd2eb1abff,2026-03-16,de2aa412-e109-4bcf-b6e9-9d9ad0b05e22,89414700-a29c-442e-84b4-bd0e350e2a09,19375bde-4d5a-47e5-bc1f-92c3473be236,70.0,kg,56.04,True
4cfa24e1-b050-4d59-ac1a-6efe08a6ab3f,2026-03-17,de2aa412-e109-4bcf-b6e9-9d9ad0b05e22,89414700-a29c-442e-84b4-bd0e350e2a09,19375bde-4d5a-47e5-bc1f-92c3473be236,53.0,kg,42.5,False
22a2d9a7-9d9e-4a4f-bf07-333fd86b847c,2026-03-18,de2aa412-e109-4bcf-b6e9-9d9ad0b05e22,89414700-a29c-442e-84b4-bd0e350e2a09,19375bde-4d5a-47e5-bc1f-92c3473be236,47.0,kg,54.76,False
155da14e-03f8-4f05-86b4-46507d070b20,2026-03-19,de2aa412-e109-4bcf-b6e9-9d9ad0b05e22,89414700-a29c-442e-84b4-bd0e350e2a09,19375bde-4d5a-47e5-bc1f-92c3473be236,72.0,kg,48.32,False
7fe33d2b-c93d-4239-8e55-97e6065e95c4,2026-03-20,de2aa412-e109-4bcf-b6e9-9d9ad0b05e22,89414700-a29c-442e-84b4-bd0e350e2a09,19375bde-4d5a-47e5-bc1f-92c3473be236,55.0,kg,50.29,False
909e4b9e-251a-4e7c-93ab-7a9a29af660e,2026-03-21,de2aa412-e109-4bcf-b6e9-9d9ad0b05e22,89414700-a29c-442e-84b4-bd0e350e2a09,19375bde-4d5a-47e5-bc1f-92c3473be236,55.0,kg,47.16,False
8565c172-c780-4a85-a405-fb328c3f9760,2026-03-22,de2aa412-e109-4bcf-b6e9-9d9ad0b05e22,89414700-a29c-442e-84b4-bd0e350e2a09,19375bde-4d5a-47e5-bc1f-92c3473be236,107.0,kg,43.27,True
7b601479-d35c-49b1-a9d2-aeeee545635c,2026-03-23,de2aa412-e109-4bcf-b6e9-9d9ad0b05e22,89414700-a29c-442e-84b4-bd0e350e2a09,19375bde-4d5a-47e5-bc1f-92c3473be236,94.0,kg,43.53,False
9570f531-cfb3-498f-8d26-65f10930e730,2026-03-24,de2aa412-e109-4bcf-b6e9-9d9ad0b05e22,89414700-a29c-442e-84b4-bd0e350e2a09,19375bde-4d5a-47e5-bc1f-92c3473be236,67.0,kg,55.71,False
6fc7b95e-197e-4e60-a0c6-1b44b8dc7a40,2026-03-25,de2aa412-e109-4bcf-b6e9-9d9ad0b05e22,89414700-a29c-442e-84b4-bd0e350e2a09,19375bde-4d5a-47e5-bc1f-92c3473be236,91.0,kg,51.09,True
3dfdf0c5-5488-4e4f-8857-e363ebb57209,2026-03-26,de2aa412-e109-4bcf-b6e9-9d9ad0b05e22,89414700-a29c-442e-84b4-bd0e350e2a09,19375bde-4d5a-47e5-bc1f-92c3473be236,68.0,kg,45.41,False
adb2e322-7b9d-453a-9cc8-9fe038a4441d,2026-03-27,de2aa412-e109-4bcf-b6e9-9d9ad0b05e22,89414700-a29c-442e-84b4-bd0e350e2a09,19375bde-4d5a-47e5-bc1f-92c3473be236,66.0,kg,41.32,False
f0c82943-2281-484a-8023-abf64da80f50,2026-03-28,de2aa412-e109-4bcf-b6e9-9d9ad0b05e22,89414700-a29c-442e-84b4-bd0e350e2a09,19375bde-4d5a-47e5-bc1f-92c3473be236,96.0,kg,42.65,False
3c9e505a-f7a9-4858-83ec-276abb1e4980,2026-03-29,de2aa412-e109-4bcf-b6e9-9d9ad0b05e22,89414700-a29c-442e-84b4-bd0e350e2a09,19375bde-4d5a-47e5-bc1f-92c3473be236,80.0,kg,55.73,False
b5ab9c89-fe12-4c37-9023-b69c6c23e745,2026-03-30,de2aa412-e109-4bcf-b6e9-9d9ad0b05e22,89414700-a29c-442e-84b4-bd0e350e2a09,19375bde-4d5a-47e5-bc1f-92c3473be236,70.0,kg,51.29,False
d1d6cb68-4ca2-4deb-a0a7-c8f98d037c2a,2026-03-31,de2aa412-e109-4bcf-b6e9-9d9ad0b05e22,89414700-a29c-442e-84b4-bd0e350e2a09,19375bde-4d5a-47e5-bc1f-92c3473be236,71.0,kg,54.16,False
1dce7950-41b3-438e-94dd-953443b430cf,2026-04-01,de2aa412-e109-4bcf-b6e9-9d9ad0b05e22,89414700-a29c-442e-84b4-bd0e350e2a09,19375bde-4d5a-47e5-bc1f-92c3473be236,60.0,kg,46.53,False
c0a02e25-afb7-40f4-9dd2-f8b63a85a41b,2026-04-02,de2aa412-e109-4bcf-b6e9-9d9ad0b05e22,89414700-a29c-442e-84b4-bd0e350e2a09,19375bde-4d5a-47e5-bc1f-92c3473be236,78.0,kg,48.73,False
93d61389-bad7-4e5f-ac06-d1955c39b33b,2026-04-03,de2aa412-e109-4bcf-b6e9-9d9ad0b05e22,89414700-a29c-442e-84b4-bd0e350e2a09,19375bde-4d5a-47e5-bc1f-92c3473be236,65.0,kg,49.04,False
c7013733-79ec-4bba-9ba3-7af84c7a6053,2026-04-04,de2aa412-e109-4bcf-b6e9-9d9ad0b05e22,89414700-a29c-442e-84b4-bd0e350e2a09,19375bde-4d5a-47e5-bc1f-92c3473be236,74.0,kg,43.4,False
88414be0-320c-4cb0-9197-9a5957767920,2026-04-05,de2aa412-e109-4bcf-b6e9-9d9ad0b05e22,89414700-a29c-442e-84b4-bd0e350e2a09,19375bde-4d5a-47e5-bc1f-92c3473be236,91.0,kg,44.08,False
13a99859-74c9-4f81-8858-d7e9e51e410c,2026-04-06,de2aa412-e109-4bcf-b6e9-9d9ad0b05e22,89414700-a29c-442e-84b4-bd0e350e2a09,19375bde-4d5a-47e5-bc1f-92c3473be236,58.0,kg,41.28,False
21ffe54a-b2c4-4d89-b59a-0685fb853f97,2026-04-07,de2aa412-e109-4bcf-b6e9-9d9ad0b05e22,89414700-a29c-442e-84b4-bd0e350e2a09,19375bde-4d5a-47e5-bc1f-92c3473be236,67.0,kg,49.52,False
3232d71d-a66b-4635-81db-97c322c1d7ce,2026-04-08,de2aa412-e109-4bcf-b6e9-9d9ad0b05e22,89414700-a29c-442e-84b4-bd0e350e2a09,19375bde-4d5a-47e5-bc1f-92c3473be236,67.0,kg,57.74,False
31fb126c-2af8-4941-88b0-5e1e2003009f,2026-04-09,de2aa412-e109-4bcf-b6e9-9d9ad0b05e22,89414700-a29c-442e-84b4-bd0e350e2a09,19375bde-4d5a-47e5-bc1f-92c3473be236,79.0,kg,42.0,False
23cbd208-5a25-426b-9c97-a08cf62c2f1c,2026-04-10,de2aa412-e109-4bcf-b6e9-9d9ad0b05e22,89414700-a29c-442e-84b4-bd0e350e2a09,19375bde-4d5a-47e5-bc1f-92c3473be236,72.0,kg,44.91,False
d80a914a-aeca-483c-bca4-fb7c0292ecaa,2026-04-11,de2aa412-e109-4bcf-b6e9-9d9ad0b05e22,89414700-a29c-442e-84b4-bd0e350e2a09,19375bde-4d5a-47e5-bc1f-92c3473be236,84.0,kg,56.3,False
4e5841b0-2211-4185-b289-50d4d405854b,2026-04-12,de2aa412-e109-4bcf-b6e9-9d9ad0b05e22,89414700-a29c-442e-84b4-bd0e350e2a09,19375bde-4d5a-47e5-bc1f-92c3473be236,114.0,kg,44.09,True
9722a1ac-f15e-4935-9ecf-005759057522,2026-04-13,de2aa412-e109-4bcf-b6e9-9d9ad0b05e22,89414700-a29c-442e-84b4-bd0e350e2a09,19375bde-4d5a-47e5-bc1f-92c3473be236,82.0,kg,54.2,False
cdc65911-e957-4766-8249-6c4cc3db0c80,2026-04-14,de2aa412-e109-4bcf-b6e9-9d9ad0b05e22,89414700-a29c-442e-84b4-bd0e350e2a09,19375bde-4d5a-47e5-bc1f-92c3473be236,73.0,kg,54.94,False
fb7d4dcf-2a06-4e63-b566-bff1497d53fa,2026-04-15,de2aa412-e109-4bcf-b6e9-9d9ad0b05e22,89414700-a29c-442e-84b4-bd0e350e2a09,19375bde-4d5a-47e5-bc1f-92c3473be236,67.0,kg,43.33,False
dc3b5869-70ea-46e9-82f7-a7a3d9cfb76b,2026-04-16,de2aa412-e109-4bcf-b6e9-9d9ad0b05e22,89414700-a29c-442e-84b4-bd0e350e2a09,19375bde-4d5a-47e5-bc1f-92c3473be236,53.0,kg,54.36,False
e8ad2ae2-9a2b-496c-a960-e606a41da937,2026-04-17,de2aa412-e109-4bcf-b6e9-9d9ad0b05e22,89414700-a29c-442e-84b4-bd0e350e2a09,19375bde-4d5a-47e5-bc1f-92c3473be236,56.0,kg,56.24,False
8fed6dab-9228-493e-a754-da4ee2005fc7,2026-04-18,de2aa412-e109-4bcf-b6e9-9d9ad0b05e22,89414700-a29c-442e-84b4-bd0e350e2a09,19375bde-4d5a-47e5-bc1f-92c3473be236,95.0,kg,56.83,True
90c8ab36-f148-4b4f-9cc7-b52facc89f0a,2026-04-19,de2aa412-e109-4bcf-b6e9-9d9ad0b05e22,89414700-a29c-442e-84b4-bd0e350e2a09,19375bde-4d5a-47e5-bc1f-92c3473be236,75.0,kg,50.1,False
1c3714a7-1c52-4ad0-a715-68fb614635e2,2026-04-20,de2aa412-e109-4bcf-b6e9-9d9ad0b05e22,89414700-a29c-442e-84b4-bd0e350e2a09,19375bde-4d5a-47e5-bc1f-92c3473be236,65.0,kg,57.54,False
a2db6f16-70cf-4462-aa2d-05a709c7722d,2026-04-21,de2aa412-e109-4bcf-b6e9-9d9ad0b05e22,89414700-a29c-442e-84b4-bd0e350e2a09,19375bde-4d5a-47e5-bc1f-92c3473be236,67.0,kg,48.86,False
7d23a27e-375b-4a17-a891-24ec2cc9041b,2026-04-22,de2aa412-e109-4bcf-b6e9-9d9ad0b05e22,89414700-a29c-442e-84b4-bd0e350e2a09,19375bde-4d5a-47e5-bc1f-92c3473be236,72.0,kg,48.83,False
8ab36d18-b452-4ae4-8628-3e9f5f6e8deb,2026-04-23,de2aa412-e109-4bcf-b6e9-9d9ad0b05e22,89414700-a29c-442e-84b4-bd0e350e2a09,19375bde-4d5a-47e5-bc1f-92c3473be236,66.0,kg,44.08,False
243e6dd3-e353-40a8-a38d-6e94fd18cc8d,2026-04-24,de2aa412-e109-4bcf-b6e9-9d9ad0b05e22,89414700-a29c-442e-84b4-bd0e350e2a09,19375bde-4d5a-47e5-bc1f-92c3473be236,72.0,kg,40.26,False
eceb8b05-d1c0-4b34-a173-9039105821f3,2026-04-25,de2aa412-e109-4bcf-b6e9-9d9ad0b05e22,89414700-a29c-442e-84b4-bd0e350e2a09,19375bde-4d5a-47e5-bc1f-92c3473be236,84.0,kg,43.78,False
f96b8bc6-fb53-4593-b0a1-7f403951f457,2026-04-26,de2aa412-e109-4bcf-b6e9-9d9ad0b05e22,89414700-a29c-442e-84b4-bd0e350e2a09,19375bde-4d5a-47e5-bc1f-92c3473be236,57.0,kg,52.8,False
64488495-f8fc-4566-8962-73062eed93d9,2026-04-27,de2aa412-e109-4bcf-b6e9-9d9ad0b05e22,89414700-a29c-442e-84b4-bd0e350e2a09,19375bde-4d5a-47e5-bc1f-92c3473be236,57.0,kg,45.91,False
bf978f54-4770-489d-9eb6-187bb1b8bc44,2026-04-28,de2aa412-e109-4bcf-b6e9-9d9ad0b05e22,89414700-a29c-442e-84b4-bd0e350e2a09,19375bde-4d5a-47e5-bc1f-92c3473be236,78.0,kg,50.52,True
0d49ef67-950c-4208-814a-5c0d3393ecc7,2026-04-29,de2aa412-e109-4bcf-b6e9-9d9ad0b05e22,89414700-a29c-442e-84b4-bd0e350e2a09,19375bde-4d5a-47e5-bc1f-92c3473be236,54.0,kg,53.8,False
3230c626-71e7-447b-ad35-81b402e7b163,2026-04-30,de2aa412-e109-4bcf-b6e9-9d9ad0b05e22,89414700-a29c-442e-84b4-bd0e350e2a09,19375bde-4d5a-47e5-bc1f-92c3473be236,73.0,kg,55.31,False
be9af8db-e8ca-42ca-a367-7009bee6943b,2026-05-01,de2aa412-e109-4bcf-b6e9-9d9ad0b05e22,89414700-a29c-442e-84b4-bd0e350e2a09,19375bde-4d5a-47e5-bc1f-92c3473be236,83.0,kg,46.79,False
d3df68f7-27e0-48e9-9df5-33ac86a98134,2026-05-02,de2aa412-e109-4bcf-b6e9-9d9ad0b05e22,89414700-a29c-442e-84b4-bd0e350e2a09,19375bde-4d5a-47e5-bc1f-92c3473be236,99.0,kg,47.17,False
efd50226-77db-432c-9838-443ccb4245f1,2026-05-03,de2aa412-e109-4bcf-b6e9-9d9ad0b05e22,89414700-a29c-442e-84b4-bd0e350e2a09,19375bde-4d5a-47e5-bc1f-92c3473be236,80.0,kg,42.64,False
5bfe4fba-7be9-4301-9d3a-bf9558eb9a75,2026-05-04,de2aa412-e109-4bcf-b6e9-9d9ad0b05e22,89414700-a29c-442e-84b4-bd0e350e2a09,19375bde-4d5a-47e5-bc1f-92c3473be236,82.0,kg,56.85,False
35b13b88-8fa3-4080-b4db-e9f75383366f,2026-05-05,de2aa412-e109-4bcf-b6e9-9d9ad0b05e22,89414700-a29c-442e-84b4-bd0e350e2a09,19375bde-4d5a-47e5-bc1f-92c3473be236,68.0,kg,57.06,False
ee29f980-7bf1-4cb6-9925-2b237ecef5d4,2026-05-06,de2aa412-e109-4bcf-b6e9-9d9ad0b05e22,89414700-a29c-442e-84b4-bd0e350e2a09,19375bde-4d5a-47e5-bc1f-92c3473be236,62.0,kg,43.3,False
34369ffc-e329-4234-95e0-29c2d05dcef1,2026-05-07,de2aa412-e109-4bcf-b6e9-9d9ad0b05e22,89414700-a29c-442e-84b4-bd0e350e2a09,19375bde-4d5a-47e5-bc1f-92c3473be236,59.0,kg,56.5,False
ba468f0a-7f44-4b24-970f-08c7d0902222,2026-05-08,de2aa412-e109-4bcf-b6e9-9d9ad0b05e22,89414700-a29c-442e-84b4-bd0e350e2a09,19375bde-4d5a-47e5-bc1f-92c3473be236,63.0,kg,44.16,False
a888e072-a6a3-4a49-9c6f-16087e5b5741,2026-05-09,de2aa412-e109-4bcf-b6e9-9d9ad0b05e22,89414700-a29c-442e-84b4-bd0e350e2a09,19375bde-4d5a-47e5-bc1f-92c3473be236,77.0,kg,43.32,False
612fd688-5d9c-4091-bdd4-11ebe469b9e3,2026-05-10,de2aa412-e109-4bcf-b6e9-9d9ad0b05e22,89414700-a29c-442e-84b4-bd0e350e2a09,19375bde-4d5a-47e5-bc1f-92c3473be236,84.0,kg,52.3,False
71b414d6-3541-494e-a9dc-b240c5c1db1d,2026-05-11,de2aa412-e109-4bcf-b6e9-9d9ad0b05e22,89414700-a29c-442e-84b4-bd0e350e2a09,19375bde-4d5a-47e5-bc1f-92c3473be236,67.0,kg,53.0,False
9cd2452b-15c4-4b9f-b255-0bc4cf3c7367,2026-05-12,de2aa412-e109-4bcf-b6e9-9d9ad0b05e22,89414700-a29c-442e-84b4-bd0e350e2a09,19375bde-4d5a-47e5-bc1f-92c3473be236,66.0,kg,47.1,False
0b9651f9-19c8-4a64-9fec-6580a79dcf3a,2026-05-13,de2aa412-e109-4bcf-b6e9-9d9ad0b05e22,89414700-a29c-442e-84b4-bd0e350e2a09,19375bde-4d5a-47e5-bc1f-92c3473be236,70.0,kg,57.14,False
1ac7d232-cc09-464d-bb38-61c40b319d39,2026-05-14,de2aa412-e109-4bcf-b6e9-9d9ad0b05e22,89414700-a29c-442e-84b4-bd0e350e2a09,19375bde-4d5a-47e5-bc1f-92c3473be236,93.0,kg,50.79,True
cc333b77-5db0-44b0-a3ef-2d07430e6d41,2026-05-15,de2aa412-e109-4bcf-b6e9-9d9ad0b05e22,89414700-a29c-442e-84b4-bd0e350e2a09,19375bde-4d5a-47e5-bc1f-92c3473be236,75.0,kg,57.18,False
062f8ff7-6f2f-42c7-be02-4a88669d77ca,2026-05-16,de2aa412-e109-4bcf-b6e9-9d9ad0b05e22,89414700-a29c-442e-84b4-bd0e350e2a09,19375bde-4d5a-47e5-bc1f-92c3473be236,62.0,kg,50.15,False
5bac4c19-03b1-41c5-80d7-b0f8eaa2b10b,2026-05-17,de2aa412-e109-4bcf-b6e9-9d9ad0b05e22,89414700-a29c-442e-84b4-bd0e350e2a09,19375bde-4d5a-47e5-bc1f-92c3473be236,48.0,kg,42.71,False
28d0f4c4-392b-4694-b74e-5236b0332a5b,2026-05-18,de2aa412-e109-4bcf-b6e9-9d9ad0b05e22,89414700-a29c-442e-84b4-bd0e350e2a09,19375bde-4d5a-47e5-bc1f-92c3473be236,75.0,kg,57.44,False
ddde74fd-7d4f-493d-b30e-6b6239bccebd,2026-05-19,de2aa412-e109-4bcf-b6e9-9d9ad0b05e22,89414700-a29c-442e-84b4-bd0e350e2a09,19375bde-4d5a-47e5-bc1f-92c3473be236,51.0,kg,55.74,False
f35633d4-14f4-4c5b-8a36-4652a2f2043b,2026-05-20,de2aa412-e109-4bcf-b6e9-9d9ad0b05e22,89414700-a29c-442e-84b4-bd0e350e2a09,19375bde-4d5a-47e5-bc1f-92c3473be236,62.0,kg,52.66,False
ab0e9758-1c1f-4b62-a85b-528019327403,2026-05-21,de2aa412-e109-4bcf-b6e9-9d9ad0b05e22,89414700-a29c-442e-84b4-bd0e350e2a09,19375bde-4d5a-47e5-bc1f-92c3473be236,53.0,kg,55.77,False
f45a142d-d59d-40fa-a882-11b401f8549c,2026-05-22,de2aa412-e109-4bcf-b6e9-9d9ad0b05e22,89414700-a29c-442e-84b4-bd0e350e2a09,19375bde-4d5a-47e5-bc1f-92c3473be236,46.0,kg,44.89,False
1008d8b6-4d13-4f9c-b15a-6916b61de9e0,2026-05-23,de2aa412-e109-4bcf-b6e9-9d9ad0b05e22,89414700-a29c-442e-84b4-bd0e350e2a09,19375bde-4d5a-47e5-bc1f-92c3473be236,88.0,kg,44.74,False
1bc1966e-ce35-4f28-824b-aa448cc5319e,2026-05-24,de2aa412-e109-4bcf-b6e9-9d9ad0b05e22,89414700-a29c-442e-84b4-bd0e350e2a09,19375bde-4d5a-47e5-bc1f-92c3473be236,90.0,kg,40.27,False
22402a5d-95a5-491f-9bbd-06707cebc9b8,2026-05-25,de2aa412-e109-4bcf-b6e9-9d9ad0b05e22,89414700-a29c-442e-84b4-bd0e350e2a09,19375bde-4d5a-47e5-bc1f-92c3473be236,58.0,kg,53.07,False
4ed8d1e0-b26f-456c-914f-206ecc27d2f0,2026-05-26,de2aa412-e109-4bcf-b6e9-9d9ad0b05e22,89414700-a29c-442e-84b4-bd0e350e2a09,19375bde-4d5a-47e5-bc1f-92c3473be236,38.0,kg,55.73,False
591e113e-5665-4103-8206-820479f0e59c,2026-05-27,de2aa412-e109-4bcf-b6e9-9d9ad0b05e22,89414700-a29c-442e-84b4-bd0e350e2a09,19375bde-4d5a-47e5-bc1f-92c3473be236,59.0,kg,49.81,False
f395bdb5-d233-4453-af97-2b86071b9a31,2026-05-28,de2aa412-e109-4bcf-b6e9-9d9ad0b05e22,89414700-a29c-442e-84b4-bd0e350e2a09,19375bde-4d5a-47e5-bc1f-92c3473be236,68.0,kg,48.64,False
18f8c872-da2f-4b34-985f-f90b76c45a77,2026-05-29,de2aa412-e109-4bcf-b6e9-9d9ad0b05e22,89414700-a29c-442e-84b4-bd0e350e2a09,19375bde-4d5a-47e5-bc1f-92c3473be236,49.0,kg,51.64,False
55c36734-bbfa-471f-8790-e2311589d16e,2026-05-30,de2aa412-e109-4bcf-b6e9-9d9ad0b05e22,89414700-a29c-442e-84b4-bd0e350e2a09,19375bde-4d5a-47e5-bc1f-92c3473be236,82.0,kg,43.1,False
7831f2dd-0196-407f-95fd-7288a221b1ae,2026-05-31,de2aa412-e109-4bcf-b6e9-9d9ad0b05e22,89414700-a29c-442e-84b4-bd0e350e2a09,19375bde-4d5a-47e5-bc1f-92c3473be236,95.0,kg,55.05,True
7f750702-ee23-45a2-8746-335c5d94c464,2026-06-01,de2aa412-e109-4bcf-b6e9-9d9ad0b05e22,89414700-a29c-442e-84b4-bd0e350e2a09,19375bde-4d5a-47e5-bc1f-92c3473be236,70.0,kg,56.9,False
6435af7b-c820-4f5b-b640-4c58ab0bdee8,2026-06-02,de2aa412-e109-4bcf-b6e9-9d9ad0b05e22,89414700-a29c-442e-84b4-bd0e350e2a09,19375bde-4d5a-47e5-bc1f-92c3473be236,78.0,kg,43.23,True
70ec8729-0592-4b5a-b2cd-55b3c570df47,2026-06-03,de2aa412-e109-4bcf-b6e9-9d9ad0b05e22,89414700-a29c-442e-84b4-bd0e350e2a09,19375bde-4d5a-47e5-bc1f-92c3473be236,54.0,kg,53.06,False
b1974911-fc5d-4d14-9e36-1630cd77f9c7,2026-06-04,de2aa412-e109-4bcf-b6e9-9d9ad0b05e22,89414700-a29c-442e-84b4-bd0e350e2a09,19375bde-4d5a-47e5-bc1f-92c3473be236,75.0,kg,55.97,False
e475e2de-aca3-4529-ba6a-0974a57a9035,2026-06-05,de2aa412-e109-4bcf-b6e9-9d9ad0b05e22,89414700-a29c-442e-84b4-bd0e350e2a09,19375bde-4d5a-47e5-bc1f-92c3473be236,62.0,kg,50.99,False
ad7c2338-05d2-4cfe-9bfa-1f9ad3474e53,2026-06-06,de2aa412-e109-4bcf-b6e9-9d9ad0b05e22,89414700-a29c-442e-84b4-bd0e350e2a09,19375bde-4d5a-47e5-bc1f-92c3473be236,78.0,kg,40.79,False
bd5bd857-e5ec-41ef-bbcc-bc1fada78eee,2026-06-07,de2aa412-e109-4bcf-b6e9-9d9ad0b05e22,89414700-a29c-442e-84b4-bd0e350e2a09,19375bde-4d5a-47e5-bc1f-92c3473be236,67.0,kg,43.14,False
487f75fc-76a7-48af-9bd3-2b480c10c4c2,2026-06-08,de2aa412-e109-4bcf-b6e9-9d9ad0b05e22,89414700-a29c-442e-84b4-bd0e350e2a09,19375bde-4d5a-47e5-bc1f-92c3473be236,58.0,kg,43.0,False
fae2af83-c319-4f9a-9160-7080b049cd92,2026-06-09,de2aa412-e109-4bcf-b6e9-9d9ad0b05e22,89414700-a29c-442e-84b4-bd0e350e2a09,19375bde-4d5a-47e5-bc1f-92c3473be236,54.0,kg,43.85,False
48f48010-291f-498c-a64f-b66a8ad23d07,2026-06-10,de2aa412-e109-4bcf-b6e9-9d9ad0b05e22,89414700-a29c-442e-84b4-bd0e350e2a09,19375bde-4d5a-47e5-bc1f-92c3473be236,61.0,kg,52.45,False
7527991c-5771-4542-ab1f-9663ff967a27,2026-06-11,de2aa412-e109-4bcf-b6e9-9d9ad0b05e22,89414700-a29c-442e-84b4-bd0e350e2a09,19375bde-4d5a-47e5-bc1f-92c3473be236,80.0,kg,44.89,False
aa7a3d4e-34fa-460e-bd58-143695967a4a,2026-06-12,de2aa412-e109-4bcf-b6e9-9d9ad0b05e22,89414700-a29c-442e-84b4-bd0e350e2a09,19375bde-4d5a-47e5-bc1f-92c3473be236,49.0,kg,44.41,False
2cb4dc8c-3f37-4e6d-b3ec-207a4bd01969,2026-06-13,de2aa412-e109-4bcf-b6e9-9d9ad0b05e22,89414700-a29c-442e-84b4-bd0e350e2a09,19375bde-4d5a-47e5-bc1f-92c3473be236,69.0,kg,50.26,True
4512d83b-65fd-4cc2-a837-5584018bf049,2026-06-14,de2aa412-e109-4bcf-b6e9-9d9ad0b05e22,89414700-a29c-442e-84b4-bd0e350e2a09,19375bde-4d5a-47e5-bc1f-92c3473be236,96.0,kg,42.94,False
bd11da65-7a86-4a85-84e5-feae0db1f543,2026-06-15,de2aa412-e109-4bcf-b6e9-9d9ad0b05e22,89414700-a29c-442e-84b4-bd0e350e2a09,19375bde-4d5a-47e5-bc1f-92c3473be236,60.0,kg,47.73,False
17c0e7cd-3064-4f88-b220-8f8d8c2cf058,2026-06-16,de2aa412-e109-4bcf-b6e9-9d9ad0b05e22,89414700-a29c-442e-84b4-bd0e350e2a09,19375bde-4d5a-47e5-bc1f-92c3473be236,55.0,kg,50.75,False
2c73be94-e0a8-429b-adf5-dece1285e79d,2026-06-17,de2aa412-e109-4bcf-b6e9-9d9ad0b05e22,89414700-a29c-442e-84b4-bd0e350e2a09,19375bde-4d5a-47e5-bc1f-92c3473be236,72.0,kg,40.7,False
a2d56543-2c01-4f45-bc77-e067c2fa53d3,2026-06-18,de2aa412-e109-4bcf-b6e9-9d9ad0b05e22,89414700-a29c-442e-84b4-bd0e350e2a09,19375bde-4d5a-47e5-bc1f-92c3473be236,56.0,kg,45.36,False
ab8bf3c2-9be4-4aca-97eb-c4a899e1a789,2026-06-19,de2aa412-e109-4bcf-b6e9-9d9ad0b05e22,89414700-a29c-442e-84b4-bd0e350e2a09,19375bde-4d5a-47e5-bc1f-92c3473be236,80.0,kg,55.02,False
257a0c3e-630d-4c55-8687-3f32c3eb86e5,2026-06-20,de2aa412-e109-4bcf-b6e9-9d9ad0b05e22,89414700-a29c-442e-84b4-bd0e350e2a09,19375bde-4d5a-47e5-bc1f-92c3473be236,85.0,kg,47.21,False
73342259-c7ed-4016-a185-54df1beaf7c3,2026-06-21,de2aa412-e109-4bcf-b6e9-9d9ad0b05e22,89414700-a29c-442e-84b4-bd0e350e2a09,19375bde-4d5a-47e5-bc1f-92c3473be236,71.0,kg,51.82,False
6a3b9e26-3b40-4c2d-8e72-fb9ba3b6bf75,2026-06-22,de2aa412-e109-4bcf-b6e9-9d9ad0b05e22,89414700-a29c-442e-84b4-bd0e350e2a09,19375bde-4d5a-47e5-bc1f-92c3473be236,82.0,kg,43.49,False
49f0281b-2184-43d6-af30-db96a9341c21,2026-06-23,de2aa412-e109-4bcf-b6e9-9d9ad0b05e22,89414700-a29c-442e-84b4-bd0e350e2a09,19375bde-4d5a-47e5-bc1f-92c3473be236,55.0,kg,46.71,False
5e61bad0-c7e3-4e19-8b26-448f02989923,2026-06-24,de2aa412-e109-4bcf-b6e9-9d9ad0b05e22,89414700-a29c-442e-84b4-bd0e350e2a09,19375bde-4d5a-47e5-bc1f-92c3473be236,68.0,kg,44.86,False
8de27323-6613-4634-be87-be10a960e952,2026-06-25,de2aa412-e109-4bcf-b6e9-9d9ad0b05e22,89414700-a29c-442e-84b4-bd0e350e2a09,19375bde-4d5a-47e5-bc1f-92c3473be236,64.0,kg,44.21,False
2b2b47db-7386-4136-9b92-f6976411b4ff,2026-06-26,de2aa412-e109-4bcf-b6e9-9d9ad0b05e22,89414700-a29c-442e-84b4-bd0e350e2a09,19375bde-4d5a-47e5-bc1f-92c3473be236,73.0,kg,41.33,False
f6ed9111-c763-4997-92bf-4a100a79c028,2026-06-27,de2aa412-e109-4bcf-b6e9-9d9ad0b05e22,89414700-a29c-442e-84b4-bd0e350e2a09,19375bde-4d5a-47e5-bc1f-92c3473be236,95.0,kg,41.75,False
c153b7ee-2119-49be-8f25-0b8b4ec44296,2026-06-28,de2aa412-e109-4bcf-b6e9-9d9ad0b05e22,89414700-a29c-442e-84b4-bd0e350e2a09,19375bde-4d5a-47e5-bc1f-92c3473be236,76.0,kg,49.73,False
15ba7c4a-36c7-43ef-ae0a-aa4a5b8daaf2,2026-06-29,de2aa412-e109-4bcf-b6e9-9d9ad0b05e22,89414700-a29c-442e-84b4-bd0e350e2a09,19375bde-4d5a-47e5-bc1f-92c3473be236,53.0,kg,50.57,False
b3e869a3-a952-4bb2-b71e-16dbfef2a9aa,2026-06-30,de2aa412-e109-4bcf-b6e9-9d9ad0b05e22,89414700-a29c-442e-84b4-bd0e350e2a09,19375bde-4d5a-47e5-bc1f-92c3473be236,65.0,kg,54.96,False
2f1cff36-f748-4239-bd64-c39a3b930ef9,2026-07-01,de2aa412-e109-4bcf-b6e9-9d9ad0b05e22,89414700-a29c-442e-84b4-bd0e350e2a09,19375bde-4d5a-47e5-bc1f-92c3473be236,54.0,kg,47.58,False
7659a431-e589-49e0-a7d2-95d6eff7350c,2026-07-02,de2aa412-e109-4bcf-b6e9-9d9ad0b05e22,89414700-a29c-442e-84b4-bd0e350e2a09,19375bde-4d5a-47e5-bc1f-92c3473be236,79.0,kg,48.56,False
44671ee3-7b5f-4d3e-be6b-72edf4640917,2026-07-03,de2aa412-e109-4bcf-b6e9-9d9ad0b05e22,89414700-a29c-442e-84b4-bd0e350e2a09,19375bde-4d5a-47e5-bc1f-92c3473be236,61.0,kg,48.58,False
ed5f1811-71df-4bdc-af7e-cb851c677b90,2026-07-04,de2aa412-e109-4bcf-b6e9-9d9ad0b05e22,89414700-a29c-442e-84b4-bd0e350e2a09,19375bde-4d5a-47e5-bc1f-92c3473be236,84.0,kg,56.05,True
df921e77-b4c7-4153-bd8c-20f753431c44,2026-07-05,de2aa412-e109-4bcf-b6e9-9d9ad0b05e22,89414700-a29c-442e-84b4-bd0e350e2a09,19375bde-4d5a-47e5-bc1f-92c3473be236,77.0,kg,49.04,False
08127cb7-c951-4ca1-b04c-db9209e0b5be,2026-07-06,de2aa412-e109-4bcf-b6e9-9d9ad0b05e22,89414700-a29c-442e-84b4-bd0e350e2a09,19375bde-4d5a-47e5-bc1f-92c3473be236,47.0,kg,54.26,False
57aa6cdd-e295-47dd-b989-ae044075248d,2026-07-07,de2aa412-e109-4bcf-b6e9-9d9ad0b05e22,89414700-a29c-442e-84b4-bd0e350e2a09,19375bde-4d5a-47e5-bc1f-92c3473be236,50.0,kg,51.1,False
25b3eba6-d662-4c89-9208-44584a077771,2026-07-08,de2aa412-e109-4bcf-b6e9-9d9ad0b05e22,89414700-a29c-442e-84b4-bd0e350e2a09,19375bde-4d5a-47e5-bc1f-92c3473be236,71.0,kg,43.28,False
b7ecd01e-5b42-48b0-a46f-93e14ff8f21f,2026-07-09,de2aa412-e109-4bcf-b6e9-9d9ad0b05e22,89414700-a29c-442e-84b4-bd0e350e2a09,19375bde-4d5a-47e5-bc1f-92c3473be236,53.0,kg,57.26,False
c12de19e-04f8-4734-814e-4b20d02263be,2026-07-10,de2aa412-e109-4bcf-b6e9-9d9ad0b05e22,89414700-a29c-442e-84b4-bd0e350e2a09,19375bde-4d5a-47e5-bc1f-92c3473be236,49.0,kg,42.46,False
05c5a116-4698-401e-b0db-f24c8c0e9b27,2026-07-11,de2aa412-e109-4bcf-b6e9-9d9ad0b05e22,89414700-a29c-442e-84b4-bd0e350e2a09,19375bde-4d5a-47e5-bc1f-92c3473be236,80.0,kg,57.54,False
e1f998de-e3f8-42d7-a911-d9438b183b45,2026-07-12,de2aa412-e109-4bcf-b6e9-9d9ad0b05e22,89414700-a29c-442e-84b4-bd0e350e2a09,19375bde-4d5a-47e5-bc1f-92c3473be236,87.0,kg,57.7,False
af968cae-5725-4c3a-92a6-e4611d61be25,2026-07-13,de2aa412-e109-4bcf-b6e9-9d9ad0b05e22,89414700-a29c-442e-84b4-bd0e350e2a09,19375bde-4d5a-47e5-bc1f-92c3473be236,65.0,kg,54.85,False
55fdc81e-cd6f-45df-97a8-dc516703ff8f,2026-07-14,de2aa412-e109-4bcf-b6e9-9d9ad0b05e22,89414700-a29c-442e-84b4-bd0e350e2a09,19375bde-4d5a-47e5-bc1f-92c3473be236,68.0,kg,56.25,False
fd7d9744-0a69-4631-98fc-49b5d88657f5,2026-07-15,de2aa412-e109-4bcf-b6e9-9d9ad0b05e22,89414700-a29c-442e-84b4-bd0e350e2a09,19375bde-4d5a-47e5-bc1f-92c3473be236,62.0,kg,47.04,True
8caae1db-e881-4eac-95f1-e3b044111921,2026-07-16,de2aa412-e109-4bcf-b6e9-9d9ad0b05e22,89414700-a29c-442e-84b4-bd0e350e2a09,19375bde-4d5a-47e5-bc1f-92c3473be236,45.0,kg,45.96,False
39061082-7d71-400a-ad3b-87ff196ddc1b,2026-07-17,de2aa412-e109-4bcf-b6e9-9d9ad0b05e22,89414700-a29c-442e-84b4-bd0e350e2a09,19375bde-4d5a-47e5-bc1f-92c3473be236,72.0,kg,48.27,False
ba8d15cb-f238-4807-8ff2-a3c927a51adb,2026-07-18,de2aa412-e109-4bcf-b6e9-9d9ad0b05e22,89414700-a29c-442e-84b4-bd0e350e2a09,19375bde-4d5a-47e5-bc1f-92c3473be236,69.0,kg,54.01,False
25ae877b-ba76-4c83-889f-314475fb37af,2026-07-19,de2aa412-e109-4bcf-b6e9-9d9ad0b05e22,89414700-a29c-442e-84b4-bd0e350e2a09,19375bde-4d5a-47e5-bc1f-92c3473be236,69.0,kg,49.39,False
2c44e905-30a5-4f61-9f23-378f424184ee,2026-07-20,de2aa412-e109-4bcf-b6e9-9d9ad0b05e22,89414700-a29c-442e-84b4-bd0e350e2a09,19375bde-4d5a-47e5-bc1f-92c3473be236,70.0,kg,47.5,False
fb9240d4-7c9c-47cf-b869-f100c8b66add,2026-07-21,de2aa412-e109-4bcf-b6e9-9d9ad0b05e22,89414700-a29c-442e-84b4-bd0e350e2a09,19375bde-4d5a-47e5-bc1f-92c3473be236,63.0,kg,53.52,False
0c0ebb55-4eee-46ae-8fbd-2f00b3b2baf2,2026-07-22,de2aa412-e109-4bcf-b6e9-9d9ad0b05e22,89414700-a29c-442e-84b4-bd0e350e2a09,19375bde-4d5a-47e5-bc1f-92c3473be236,62.0,kg,56.44,False
ef63e970-f389-46e3-a044-c7ceeb92abbb,2026-07-23,de2aa412-e109-4bcf-b6e9-9d9ad0b05e22,89414700-a29c-442e-84b4-bd0e350e2a09,19375bde-4d5a-47e5-bc1f-92c3473be236,77.0,kg,42.02,False
7efcd7cd-75d3-49ad-a142-01c147045751,2026-07-24,de2aa412-e109-4bcf-b6e9-9d9ad0b05e22,89414700-a29c-442e-84b4-bd0e350e2a09,19375bde-4d5a-47e5-bc1f-92c3473be236,51.0,kg,49.62,False
3f91dcb5-d5ac-4eec-a93f-145163841d23,2026-07-25,de2aa412-e109-4bcf-b6e9-9d9ad0b05e22,89414700-a29c-442e-84b4-bd0e350e2a09,19375bde-4d5a-47e5-bc1f-92c3473be236,82.0,kg,47.44,False
430f7336-0272-4d47-ab8b-abb1d559a0ca,2026-07-26,de2aa412-e109-4bcf-b6e9-9d9ad0b05e22,89414700-a29c-442e-84b4-bd0e350e2a09,19375bde-4d5a-47e5-bc1f-92c3473be236,72.0,kg,50.91,False
bd8ebca7-1382-48fc-a147-837711fb97e5,2026-07-27,de2aa412-e109-4bcf-b6e9-9d9ad0b05e22,89414700-a29c-442e-84b4-bd0e350e2a09,19375bde-4d5a-47e5-bc1f-92c3473be236,71.0,kg,45.07,True
60169c94-c2c9-4140-9311-a1bd6e3378fa,2026-07-28,de2aa412-e109-4bcf-b6e9-9d9ad0b05e22,89414700-a29c-442e-84b4-bd0e350e2a09,19375bde-4d5a-47e5-bc1f-92c3473be236,71.0,kg,50.9,False
6b6100e4-13ef-4839-9f42-f377a9091b5f,2026-07-29,de2aa412-e109-4bcf-b6e9-9d9ad0b05e22,89414700-a29c-442e-84b4-bd0e350e2a09,19375bde-4d5a-47e5-bc1f-92c3473be236,61.0,kg,40.93,False
0862b8ea-6600-4125-adb7-a02cd8d949b2,2026-07-30,de2aa412-e109-4bcf-b6e9-9d9ad0b05e22,89414700-a29c-442e-84b4-bd0e350e2a09,19375bde-4d5a-47e5-bc1f-92c3473be236,61.0,kg,46.05,False
c067af27-73dc-4b8d-bc18-c1643c164aa6,2026-07-31,de2aa412-e109-4bcf-b6e9-9d9ad0b05e22,89414700-a29c-442e-84b4-bd0e350e2a09,19375bde-4d5a-47e5-bc1f-92c3473be236,66.0,kg,56.36,False
7bac99e3-de6e-4a00-b3dc-cfff396adfb1,2026-08-01,de2aa412-e109-4bcf-b6e9-9d9ad0b05e22,89414700-a29c-442e-84b4-bd0e350e2a09,19375bde-4d5a-47e5-bc1f-92c3473be236,66.0,kg,40.6,False
7af64bdb-4535-4f52-bb1a-1027ba7a52ba,2026-08-02,de2aa412-e109-4bcf-b6e9-9d9ad0b05e22,89414700-a29c-442e-84b4-bd0e350e2a09,19375bde-4d5a-47e5-bc1f-92c3473be236,61.0,kg,45.55,False
3efa19bb-672f-4ec6-9424-7a0de6ad9e99,2026-08-03,de2aa412-e109-4bcf-b6e9-9d9ad0b05e22,89414700-a29c-442e-84b4-bd0e350e2a09,19375bde-4d5a-47e5-bc1f-92c3473be236,47.0,kg,48.85,False
981d709a-5b8e-4ba0-94c7-59fe392182a7,2026-08-04,de2aa412-e109-4bcf-b6e9-9d9ad0b05e22,89414700-a29c-442e-84b4-bd0e350e2a09,19375bde-4d5a-47e5-bc1f-92c3473be236,38.0,kg,41.97,False
e053ec39-6781-480d-bed5-8941336b2bdb,2026-08-05,de2aa412-e109-4bcf-b6e9-9d9ad0b05e22,89414700-a29c-442e-84b4-bd0e350e2a09,19375bde-4d5a-47e5-bc1f-92c3473be236,74.0,kg,48.0,False
10adddde-e9cf-472b-b99a-a8cb3e254433,2026-08-06,de2aa412-e109-4bcf-b6e9-9d9ad0b05e22,89414700-a29c-442e-84b4-bd0e350e2a09,19375bde-4d5a-47e5-bc1f-92c3473be236,46.0,kg,51.55,False
99c4fce5-93dc-4a79-beae-79fde38afc7b,2026-08-07,de2aa412-e109-4bcf-b6e9-9d9ad0b05e22,89414700-a29c-442e-84b4-bd0e350e2a09,19375bde-4d5a-47e5-bc1f-92c3473be236,54.0,kg,53.22,False
706b9838-5fa1-4d83-b6c1-5985762eb1a3,2026-08-08,de2aa412-e109-4bcf-b6e9-9d9ad0b05e22,89414700-a29c-442e-84b4-bd0e350e2a09,19375bde-4d5a-47e5-bc1f-92c3473be236,67.0,kg,54.62,False
8f3af2d8-f5b2-4d2b-a5ec-16ee0602e4f1,2026-08-09,de2aa412-e109-4bcf-b6e9-9d9ad0b05e22,89414700-a29c-442e-84b4-bd0e350e2a09,19375bde-4d5a-47e5-bc1f-92c3473be236,38.45,kg,49.12,False
a34e2d97-9f06-42d9-a825-433c7792c9c5,2026-08-10,de2aa412-e109-4bcf-b6e9-9d9ad0b05e22,89414700-a29c-442e-84b4-bd0e350e2a09,19375bde-4d5a-47e5-bc1f-92c3473be236,63.0,kg,40.76,False
f00e47dd-a518-482e-b081-06b4588fca8f,2026-08-11,de2aa412-e109-4bcf-b6e9-9d9ad0b05e22,89414700-a29c-442e-84b4-bd0e350e2a09,19375bde-4d5a-47e5-bc1f-92c3473be236,63.0,kg,44.62,False
5f7bd67f-fe64-458c-96c1-13af792ec1c0,2026-08-12,de2aa412-e109-4bcf-b6e9-9d9ad0b05e22,89414700-a29c-442e-84b4-bd0e350e2a09,19375bde-4d5a-47e5-bc1f-92c3473be236,50.0,kg,45.04,False
9f55c76c-aa34-4350-9e19-4093b0f5e67c,2026-08-13,de2aa412-e109-4bcf-b6e9-9d9ad0b05e22,89414700-a29c-442e-84b4-bd0e350e2a09,19375bde-4d5a-47e5-bc1f-92c3473be236,54.0,kg,42.42,False
3bc0124f-fb71-4f02-b960-e52554966758,2026-08-14,de2aa412-e109-4bcf-b6e9-9d9ad0b05e22,89414700-a29c-442e-84b4-bd0e350e2a09,19375bde-4d5a-47e5-bc1f-92c3473be236,69.0,kg,43.36,True
27251345-3d20-4209-a05a-23f70acc3862,2026-08-15,de2aa412-e109-4bcf-b6e9-9d9ad0b05e22,89414700-a29c-442e-84b4-bd0e350e2a09,19375bde-4d5a-47e5-bc1f-92c3473be236,66.0,kg,43.11,False
767ab647-1165-4786-b388-6303858a4116,2026-08-16,de2aa412-e109-4bcf-b6e9-9d9ad0b05e22,89414700-a29c-442e-84b4-bd0e350e2a09,19375bde-4d5a-47e5-bc1f-92c3473be236,86.0,kg,45.24,False
cf63737f-01a0-4cda-8277-2a13e0634cb2,2026-08-17,de2aa412-e109-4bcf-b6e9-9d9ad0b05e22,89414700-a29c-442e-84b4-bd0e350e2a09,19375bde-4d5a-47e5-bc1f-92c3473be236,59.0,kg,57.14,False
8b31bd81-e1d3-4f9c-8400-6518e81a0e39,2026-08-18,de2aa412-e109-4bcf-b6e9-9d9ad0b05e22,89414700-a29c-442e-84b4-bd0e350e2a09,19375bde-4d5a-47e5-bc1f-92c3473be236,61.0,kg,44.96,False
b4b48df5-0c0d-456b-a563-c9487fdceae3,2026-08-19,de2aa412-e109-4bcf-b6e9-9d9ad0b05e22,89414700-a29c-442e-84b4-bd0e350e2a09,19375bde-4d5a-47e5-bc1f-92c3473be236,60.0,kg,53.68,False
0013bdf5-2122-4ad0-9499-faa2b9d8ae2f,2026-08-20,de2aa412-e109-4bcf-b6e9-9d9ad0b05e22,89414700-a29c-442e-84b4-bd0e350e2a09,19375bde-4d5a-47e5-bc1f-92c3473be236,68.79,kg,50.77,True
5fe47ae9-2bbb-4a6f-ac19-14d9aeead94a,2026-08-21,de2aa412-e109-4bcf-b6e9-9d9ad0b05e22,89414700-a29c-442e-84b4-bd0e350e2a09,19375bde-4d5a-47e5-bc1f-92c3473be236,67.0,kg,45.6,True
ee3f96fa-080e-4fc7-89aa-a1269e6740fb,2026-08-22,de2aa412-e109-4bcf-b6e9-9d9ad0b05e22,89414700-a29c-442e-84b4-bd0e350e2a09,19375bde-4d5a-47e5-bc1f-92c3473be236,54.0,kg,46.84,False
83a05bb3-f2d7-421a-8ca1-5943939078b3,2026-08-23,de2aa412-e109-4bcf-b6e9-9d9ad0b05e22,89414700-a29c-442e-84b4-bd0e350e2a09,19375bde-4d5a-47e5-bc1f-92c3473be236,72.0,kg,52.1,False
aa5099f3-f69a-4cc0-9f1a-f1cbb6fbb57b,2026-08-24,de2aa412-e109-4bcf-b6e9-9d9ad0b05e22,89414700-a29c-442e-84b4-bd0e350e2a09,19375bde-4d5a-47e5-bc1f-92c3473be236,49.0,kg,49.2,False
a4299d11-4a64-4f3a-b047-a037e45dfa27,2026-08-25,de2aa412-e109-4bcf-b6e9-9d9ad0b05e22,89414700-a29c-442e-84b4-bd0e350e2a09,19375bde-4d5a-47e5-bc1f-92c3473be236,50.0,kg,46.8,False
383bfdf9-ea34-4645-97ba-fd39cf6eb74e,2026-08-26,de2aa412-e109-4bcf-b6e9-9d9ad0b05e22,89414700-a29c-442e-84b4-bd0e350e2a09,19375bde-4d5a-47e5-bc1f-92c3473be236,39.83,kg,42.14,False
63fab555-5662-438e-9e03-d3c732e8d982,2026-08-27,de2aa412-e109-4bcf-b6e9-9d9ad0b05e22,89414700-a29c-442e-84b4-bd0e350e2a09,19375bde-4d5a-47e5-bc1f-92c3473be236,78.0,kg,55.33,True
afea0972-d5fa-490d-b2e6-a8c904a04db7,2026-08-28,de2aa412-e109-4bcf-b6e9-9d9ad0b05e22,89414700-a29c-442e-84b4-bd0e350e2a09,19375bde-4d5a-47e5-bc1f-92c3473be236,54.0,kg,55.87,False
13f960f8-162c-47ff-a3bc-c04311b8e21e,2026-08-29,de2aa412-e109-4bcf-b6e9-9d9ad0b05e22,89414700-a29c-442e-84b4-bd0e350e2a09,19375bde-4d5a-47e5-bc1f-92c3473be236,31.24,kg,55.99,False
ff6a5ae0-e43a-451a-bd35-544246bc8593,2026-08-30,de2aa412-e109-4bcf-b6e9-9d9ad0b05e22,89414700-a29c-442e-84b4-bd0e350e2a09,19375bde-4d5a-47e5-bc1f-92c3473be236,63.2,kg,51.81,False
2c9bf6a2-0cb8-4092-bb01-cf43c08e17fe,2026-08-31,de2aa412-e109-4bcf-b6e9-9d9ad0b05e22,89414700-a29c-442e-84b4-bd0e350e2a09,19375bde-4d5a-47e5-bc1f-92c3473be236,56.0,kg,57.71,False
ab611c12-6eef-4f4e-8065-d63474f437dd,2026-09-01,de2aa412-e109-4bcf-b6e9-9d9ad0b05e22,89414700-a29c-442e-84b4-bd0e350e2a09,19375bde-4d5a-47e5-bc1f-92c3473be236,76.0,kg,40.87,False
b51b7b9e-eb83-4125-affc-72a2a5b08c6a,2026-09-02,de2aa412-e109-4bcf-b6e9-9d9ad0b05e22,89414700-a29c-442e-84b4-bd0e350e2a09,19375bde-4d5a-47e5-bc1f-92c3473be236,59.0,kg,52.96,False
a9503cdb-f24f-447e-a67b-85a33fc685b7,2026-09-03,de2aa412-e109-4bcf-b6e9-9d9ad0b05e22,89414700-a29c-442e-84b4-bd0e350e2a09,19375bde-4d5a-47e5-bc1f-92c3473be236,39.0,kg,53.99,False
2486bff7-02b7-48ca-a2bd-adf6b5e3c892,2026-09-04,de2aa412-e109-4bcf-b6e9-9d9ad0b05e22,89414700-a29c-442e-84b4-bd0e350e2a09,19375bde-4d5a-47e5-bc1f-92c3473be236,60.0,kg,55.04,False
f3e67d7c-1b6e-4d94-84f9-0ad839775d3c,2026-09-05,de2aa412-e109-4bcf-b6e9-9d9ad0b05e22,89414700-a29c-442e-84b4-bd0e350e2a09,19375bde-4d5a-47e5-bc1f-92c3473be236,71.0,kg,41.96,False
9d753d50-91cc-4773-9533-4362211d768f,2026-09-06,de2aa412-e109-4bcf-b6e9-9d9ad0b05e22,89414700-a29c-442e-84b4-bd0e350e2a09,19375bde-4d5a-47e5-bc1f-92c3473be236,81.0,kg,54.4,False
846cf19b-57c7-4cc7-ad2f-4569e8b39390,2026-09-07,de2aa412-e109-4bcf-b6e9-9d9ad0b05e22,89414700-a29c-442e-84b4-bd0e350e2a09,19375bde-4d5a-47e5-bc1f-92c3473be236,59.0,kg,46.12,False
58582927-c44a-4a14-963d-9cf2114ab8d6,2025-09-08,b20d8f39-c2e2-4853-a202-6f43e0041828,86c9d449-3f66-41d2-bfdb-d40385eca579,fb0ad8e0-e5e4-48b7-8eea-9e2a90d87475,20.0,L,63.93,False
963b65a0-4efe-4e8a-8f65-d7f5cadae548,2025-09-09,b20d8f39-c2e2-4853-a202-6f43e0041828,86c9d449-3f66-41d2-bfdb-d40385eca579,fb0ad8e0-e5e4-48b7-8eea-9e2a90d87475,16.0,L,64.85,False
9b5d321f-9dd5-4482-856f-f5929d8cd1c1,2025-09-10,b20d8f39-c2e2-4853-a202-6f43e0041828,86c9d449-3f66-41d2-bfdb-d40385eca579,fb0ad8e0-e5e4-48b7-8eea-9e2a90d87475,19.0,L,53.77,False
c92e4a0c-838b-44f3-8d08-2631e6a94292,2025-09-11,b20d8f39-c2e2-4853-a202-6f43e0041828,86c9d449-3f66-41d2-bfdb-d40385eca579,fb0ad8e0-e5e4-48b7-8eea-9e2a90d87475,17.0,L,66.18,False
fd676896-d3d7-4d5e-a0ce-1416a21545b0,2025-09-12,b20d8f39-c2e2-4853-a202-6f43e0041828,86c9d449-3f66-41d2-bfdb-d40385eca579,fb0ad8e0-e5e4-48b7-8eea-9e2a90d87475,18.0,L,66.49,False
18a6925a-7bbb-46ea-b4a0-36d36ac515a2,2025-09-13,b20d8f39-c2e2-4853-a202-6f43e0041828,86c9d449-3f66-41d2-bfdb-d40385eca579,fb0ad8e0-e5e4-48b7-8eea-9e2a90d87475,27.0,L,68.13,False
ab815ba7-8651-435a-bc19-916777794094,2025-09-14,b20d8f39-c2e2-4853-a202-6f43e0041828,86c9d449-3f66-41d2-bfdb-d40385eca579,fb0ad8e0-e5e4-48b7-8eea-9e2a90d87475,38.0,L,58.81,True
bef01eeb-3a0e-4574-ad36-13db0ffeed25,2025-09-15,b20d8f39-c2e2-4853-a202-6f43e0041828,86c9d449-3f66-41d2-bfdb-d40385eca579,fb0ad8e0-e5e4-48b7-8eea-9e2a90d87475,21.0,L,56.32,False
92b800e9-6b91-413a-b62a-707619bbafe6,2025-09-16,b20d8f39-c2e2-4853-a202-6f43e0041828,86c9d449-3f66-41d2-bfdb-d40385eca579,fb0ad8e0-e5e4-48b7-8eea-9e2a90d87475,16.0,L,49.44,False
f7f2838d-3cea-4c27-9cca-0d6335418294,2025-09-17,b20d8f39-c2e2-4853-a202-6f43e0041828,86c9d449-3f66-41d2-bfdb-d40385eca579,fb0ad8e0-e5e4-48b7-8eea-9e2a90d87475,21.0,L,51.18,False
997a1171-371a-42f9-a3be-bbe2c158f3ef,2025-09-18,b20d8f39-c2e2-4853-a202-6f43e0041828,86c9d449-3f66-41d2-bfdb-d40385eca579,fb0ad8e0-e5e4-48b7-8eea-9e2a90d87475,24.0,L,56.89,False
535a5a53-e4b6-4209-9b55-39611e097f5b,2025-09-19,b20d8f39-c2e2-4853-a202-6f43e0041828,86c9d449-3f66-41d2-bfdb-d40385eca579,fb0ad8e0-e5e4-48b7-8eea-9e2a90d87475,18.0,L,67.34,False
478ea2ea-7a14-4ed3-aeb2-2fca316485b5,2025-09-20,b20d8f39-c2e2-4853-a202-6f43e0041828,86c9d449-3f66-41d2-bfdb-d40385eca579,fb0ad8e0-e5e4-48b7-8eea-9e2a90d87475,24.0,L,63.33,False
2374b0d5-a608-4615-bb79-818f8382f398,2025-09-21,b20d8f39-c2e2-4853-a202-6f43e0041828,86c9d449-3f66-41d2-bfdb-d40385eca579,fb0ad8e0-e5e4-48b7-8eea-9e2a90d87475,25.0,L,58.54,False
41d7a448-a690-4f05-ad25-be0d3051fa01,2025-09-22,b20d8f39-c2e2-4853-a202-6f43e0041828,86c9d449-3f66-41d2-bfdb-d40385eca579,fb0ad8e0-e5e4-48b7-8eea-9e2a90d87475,17.0,L,52.01,False
38380786-b137-4b10-a9a7-cd483209865e,2025-09-23,b20d8f39-c2e2-4853-a202-6f43e0041828,86c9d449-3f66-41d2-bfdb-d40385eca579,fb0ad8e0-e5e4-48b7-8eea-9e2a90d87475,22.0,L,48.4,False
9ff008a5-66c3-4d5f-b82f-029ef1e512b9,2025-09-24,b20d8f39-c2e2-4853-a202-6f43e0041828,86c9d449-3f66-41d2-bfdb-d40385eca579,fb0ad8e0-e5e4-48b7-8eea-9e2a90d87475,19.0,L,64.29,False
b0c74425-42d1-4537-84db-c45c009d04cd,2025-09-25,b20d8f39-c2e2-4853-a202-6f43e0041828,86c9d449-3f66-41d2-bfdb-d40385eca579,fb0ad8e0-e5e4-48b7-8eea-9e2a90d87475,21.0,L,64.35,False
e7f94fbf-cd8c-415c-830d-b573e350899c,2025-09-26,b20d8f39-c2e2-4853-a202-6f43e0041828,86c9d449-3f66-41d2-bfdb-d40385eca579,fb0ad8e0-e5e4-48b7-8eea-9e2a90d87475,17.0,L,50.15,False
72004dcb-47c1-4359-b28f-45ea017cc5fc,2025-09-27,b20d8f39-c2e2-4853-a202-6f43e0041828,86c9d449-3f66-41d2-bfdb-d40385eca579,fb0ad8e0-e5e4-48b7-8eea-9e2a90d87475,23.0,L,61.6,False
f8a801c5-ffca-4505-af3b-e60294827647,2025-09-28,b20d8f39-c2e2-4853-a202-6f43e0041828,86c9d449-3f66-41d2-bfdb-d40385eca579,fb0ad8e0-e5e4-48b7-8eea-9e2a90d87475,28.0,L,68.57,False
5b34d2c5-588f-4ba7-a2ae-6ab442d81265,2025-09-29,b20d8f39-c2e2-4853-a202-6f43e0041828,86c9d449-3f66-41d2-bfdb-d40385eca579,fb0ad8e0-e5e4-48b7-8eea-9e2a90d87475,19.0,L,49.09,False
4220c0bc-a196-42a5-bc42-96ccbc6500e1,2025-09-30,b20d8f39-c2e2-4853-a202-6f43e0041828,86c9d449-3f66-41d2-bfdb-d40385eca579,fb0ad8e0-e5e4-48b7-8eea-9e2a90d87475,25.0,L,56.14,False
3df78330-df64-483b-ab15-e915c91fde74,2025-10-01,b20d8f39-c2e2-4853-a202-6f43e0041828,86c9d449-3f66-41d2-bfdb-d40385eca579,fb0ad8e0-e5e4-48b7-8eea-9e2a90d87475,22.0,L,55.07,True
06964bc1-c880-4c69-9bb2-1a7ce94cbf04,2025-10-02,b20d8f39-c2e2-4853-a202-6f43e0041828,86c9d449-3f66-41d2-bfdb-d40385eca579,fb0ad8e0-e5e4-48b7-8eea-9e2a90d87475,21.0,L,62.51,False
53a98cae-320a-46c9-b6c0-8b829300e7cf,2025-10-03,b20d8f39-c2e2-4853-a202-6f43e0041828,86c9d449-3f66-41d2-bfdb-d40385eca579,fb0ad8e0-e5e4-48b7-8eea-9e2a90d87475,23.0,L,53.53,False
9e699858-6bab-4f65-8cae-af45323fe032,2025-10-04,b20d8f39-c2e2-4853-a202-6f43e0041828,86c9d449-3f66-41d2-bfdb-d40385eca579,fb0ad8e0-e5e4-48b7-8eea-9e2a90d87475,19.0,L,55.53,False
806dbee8-eb67-4ba1-9f41-19adadc7bda0,2025-10-05,b20d8f39-c2e2-4853-a202-6f43e0041828,86c9d449-3f66-41d2-bfdb-d40385eca579,fb0ad8e0-e5e4-48b7-8eea-9e2a90d87475,18.0,L,56.35,False
1f896691-249b-4f55-a03a-f1d9d5c48159,2025-10-06,b20d8f39-c2e2-4853-a202-6f43e0041828,86c9d449-3f66-41d2-bfdb-d40385eca579,fb0ad8e0-e5e4-48b7-8eea-9e2a90d87475,15.0,L,51.81,False
d4dcaa50-c0a8-4b53-a5aa-f84887a17ad9,2025-10-07,b20d8f39-c2e2-4853-a202-6f43e0041828,86c9d449-3f66-41d2-bfdb-d40385eca579,fb0ad8e0-e5e4-48b7-8eea-9e2a90d87475,24.0,L,54.56,False
e50b283c-9deb-450f-9633-f1f1cc8a1739,2025-10-08,b20d8f39-c2e2-4853-a202-6f43e0041828,86c9d449-3f66-41d2-bfdb-d40385eca579,fb0ad8e0-e5e4-48b7-8eea-9e2a90d87475,18.0,L,60.82,False
addbc914-e605-4761-adea-2da0d3b0e38e,2025-10-09,b20d8f39-c2e2-4853-a202-6f43e0041828,86c9d449-3f66-41d2-bfdb-d40385eca579,fb0ad8e0-e5e4-48b7-8eea-9e2a90d87475,28.0,L,66.95,False
984620e0-9305-478a-95d8-9c7578fb0f2c,2025-10-10,b20d8f39-c2e2-4853-a202-6f43e0041828,86c9d449-3f66-41d2-bfdb-d40385eca579,fb0ad8e0-e5e4-48b7-8eea-9e2a90d87475,18.0,L,55.5,False
e0a07b3f-6e8a-40d4-90d2-4995e9883c6c,2025-10-11,b20d8f39-c2e2-4853-a202-6f43e0041828,86c9d449-3f66-41d2-bfdb-d40385eca579,fb0ad8e0-e5e4-48b7-8eea-9e2a90d87475,26.0,L,55.84,False
c6b8c76e-c52f-4ac8-b836-874a291ea203,2025-10-12,b20d8f39-c2e2-4853-a202-6f43e0041828,86c9d449-3f66-41d2-bfdb-d40385eca579,fb0ad8e0-e5e4-48b7-8eea-9e2a90d87475,31.0,L,68.21,False
7a42015b-494a-4ac7-bbc9-2001426a6f5d,2025-10-13,b20d8f39-c2e2-4853-a202-6f43e0041828,86c9d449-3f66-41d2-bfdb-d40385eca579,fb0ad8e0-e5e4-48b7-8eea-9e2a90d87475,26.0,L,56.77,False
d158cde5-9116-401f-a000-6344a4a86c5a,2025-10-14,b20d8f39-c2e2-4853-a202-6f43e0041828,86c9d449-3f66-41d2-bfdb-d40385eca579,fb0ad8e0-e5e4-48b7-8eea-9e2a90d87475,26.0,L,51.06,False
ea6cf4a0-7315-496d-9580-cfd394a678d6,2025-10-15,b20d8f39-c2e2-4853-a202-6f43e0041828,86c9d449-3f66-41d2-bfdb-d40385eca579,fb0ad8e0-e5e4-48b7-8eea-9e2a90d87475,24.0,L,60.68,False
00b3619e-c0df-41d9-a9dc-3771c93bdd1d,2025-10-16,b20d8f39-c2e2-4853-a202-6f43e0041828,86c9d449-3f66-41d2-bfdb-d40385eca579,fb0ad8e0-e5e4-48b7-8eea-9e2a90d87475,23.0,L,56.0,False
bc5e02f5-cceb-4a6b-b2b6-8a73536e6bee,2025-10-17,b20d8f39-c2e2-4853-a202-6f43e0041828,86c9d449-3f66-41d2-bfdb-d40385eca579,fb0ad8e0-e5e4-48b7-8eea-9e2a90d87475,22.0,L,49.08,False
2f140579-fe50-421d-8bd1-30978b06aaa7,2025-10-18,b20d8f39-c2e2-4853-a202-6f43e0041828,86c9d449-3f66-41d2-bfdb-d40385eca579,fb0ad8e0-e5e4-48b7-8eea-9e2a90d87475,28.0,L,53.67,False
18c06564-e757-4e3b-b9de-448d585edce2,2025-10-19,b20d8f39-c2e2-4853-a202-6f43e0041828,86c9d449-3f66-41d2-bfdb-d40385eca579,fb0ad8e0-e5e4-48b7-8eea-9e2a90d87475,23.0,L,49.32,False
893876de-e903-4d6f-911b-8199e3972388,2025-10-20,b20d8f39-c2e2-4853-a202-6f43e0041828,86c9d449-3f66-41d2-bfdb-d40385eca579,fb0ad8e0-e5e4-48b7-8eea-9e2a90d87475,17.0,L,62.02,False
0ab47c17-4602-48e3-81c2-309b33809eab,2025-10-21,b20d8f39-c2e2-4853-a202-6f43e0041828,86c9d449-3f66-41d2-bfdb-d40385eca579,fb0ad8e0-e5e4-48b7-8eea-9e2a90d87475,24.0,L,62.78,True
a084b597-7e52-46f3-a6cc-8f5951422539,2025-10-22,b20d8f39-c2e2-4853-a202-6f43e0041828,86c9d449-3f66-41d2-bfdb-d40385eca579,fb0ad8e0-e5e4-48b7-8eea-9e2a90d87475,19.0,L,56.29,False
30f53a4a-e22d-4d7c-b60d-5758cb1d3d1f,2025-10-23,b20d8f39-c2e2-4853-a202-6f43e0041828,86c9d449-3f66-41d2-bfdb-d40385eca579,fb0ad8e0-e5e4-48b7-8eea-9e2a90d87475,19.0,L,58.26,False
f7b5d51b-17d7-4b47-86ca-168bcbfd514a,2025-10-24,b20d8f39-c2e2-4853-a202-6f43e0041828,86c9d449-3f66-41d2-bfdb-d40385eca579,fb0ad8e0-e5e4-48b7-8eea-9e2a90d87475,22.0,L,62.9,False
6840955a-225c-4ccc-9068-acac9647e3e7,2025-10-25,b20d8f39-c2e2-4853-a202-6f43e0041828,86c9d449-3f66-41d2-bfdb-d40385eca579,fb0ad8e0-e5e4-48b7-8eea-9e2a90d87475,29.0,L,54.62,False
7909d611-aa24-43ce-9ea9-47e4e2a1c5ba,2025-10-26,b20d8f39-c2e2-4853-a202-6f43e0041828,86c9d449-3f66-41d2-bfdb-d40385eca579,fb0ad8e0-e5e4-48b7-8eea-9e2a90d87475,25.0,L,53.97,False
d3949126-f836-4c28-9855-29d9c6033e07,2025-10-27,b20d8f39-c2e2-4853-a202-6f43e0041828,86c9d449-3f66-41d2-bfdb-d40385eca579,fb0ad8e0-e5e4-48b7-8eea-9e2a90d87475,25.0,L,51.18,False
047cc9bf-e2a6-4533-9130-34030810ac66,2025-10-28,b20d8f39-c2e2-4853-a202-6f43e0041828,86c9d449-3f66-41d2-bfdb-d40385eca579,fb0ad8e0-e5e4-48b7-8eea-9e2a90d87475,16.0,L,50.5,False
d056ba19-75fe-4c67-a126-2d0eafce905b,2025-10-29,b20d8f39-c2e2-4853-a202-6f43e0041828,86c9d449-3f66-41d2-bfdb-d40385eca579,fb0ad8e0-e5e4-48b7-8eea-9e2a90d87475,19.0,L,50.77,False
9c14a816-76a7-4f99-a9b2-fe7c322b3dae,2025-10-30,b20d8f39-c2e2-4853-a202-6f43e0041828,86c9d449-3f66-41d2-bfdb-d40385eca579,fb0ad8e0-e5e4-48b7-8eea-9e2a90d87475,18.0,L,50.53,False
7df80830-c164-4366-b0cc-bf3fd054ec47,2025-10-31,b20d8f39-c2e2-4853-a202-6f43e0041828,86c9d449-3f66-41d2-bfdb-d40385eca579,fb0ad8e0-e5e4-48b7-8eea-9e2a90d87475,14.0,L,52.49,False
15fc8111-468a-404d-a26c-7d8ca07f2ea6,2025-11-01,b20d8f39-c2e2-4853-a202-6f43e0041828,86c9d449-3f66-41d2-bfdb-d40385eca579,fb0ad8e0-e5e4-48b7-8eea-9e2a90d87475,25.0,L,59.29,False
8b6fe5ba-d2ac-4078-a87c-2d27e8cdf31c,2025-11-02,b20d8f39-c2e2-4853-a202-6f43e0041828,86c9d449-3f66-41d2-bfdb-d40385eca579,fb0ad8e0-e5e4-48b7-8eea-9e2a90d87475,25.0,L,54.5,False
45165366-f944-4a52-afdb-05493e8da2f5,2025-11-03,b20d8f39-c2e2-4853-a202-6f43e0041828,86c9d449-3f66-41d2-bfdb-d40385eca579,fb0ad8e0-e5e4-48b7-8eea-9e2a90d87475,30.0,L,58.72,True
c260fe5f-459d-4c95-9d9f-d0f211b33d40,2025-11-04,b20d8f39-c2e2-4853-a202-6f43e0041828,86c9d449-3f66-41d2-bfdb-d40385eca579,fb0ad8e0-e5e4-48b7-8eea-9e2a90d87475,22.0,L,67.9,False
006bb8fb-65f8-4d4a-8d1b-45fe57787404,2025-11-05,b20d8f39-c2e2-4853-a202-6f43e0041828,86c9d449-3f66-41d2-bfdb-d40385eca579,fb0ad8e0-e5e4-48b7-8eea-9e2a90d87475,17.0,L,48.36,False
2ac08808-7fcc-4ab1-8863-d41927764102,2025-11-06,b20d8f39-c2e2-4853-a202-6f43e0041828,86c9d449-3f66-41d2-bfdb-d40385eca579,fb0ad8e0-e5e4-48b7-8eea-9e2a90d87475,26.0,L,67.34,False
717ae7db-58fc-4158-800e-56cfe1ec3b3a,2025-11-07,b20d8f39-c2e2-4853-a202-6f43e0041828,86c9d449-3f66-41d2-bfdb-d40385eca579,fb0ad8e0-e5e4-48b7-8eea-9e2a90d87475,24.0,L,62.35,False
83d88c66-aa02-4a2c-a33c-657014535b56,2025-11-08,b20d8f39-c2e2-4853-a202-6f43e0041828,86c9d449-3f66-41d2-bfdb-d40385eca579,fb0ad8e0-e5e4-48b7-8eea-9e2a90d87475,28.0,L,59.05,False
fb212210-2c86-4ad5-93bb-2952f78920f0,2025-11-09,b20d8f39-c2e2-4853-a202-6f43e0041828,86c9d449-3f66-41d2-bfdb-d40385eca579,fb0ad8e0-e5e4-48b7-8eea-9e2a90d87475,25.0,L,50.43,False
a45e6e98-6521-4745-af12-dfdc66f434fe,2025-11-10,b20d8f39-c2e2-4853-a202-6f43e0041828,86c9d449-3f66-41d2-bfdb-d40385eca579,fb0ad8e0-e5e4-48b7-8eea-9e2a90d87475,17.0,L,53.15,False
4a3c0009-4fcd-4f13-a10a-f444e694c1ff,2025-11-11,b20d8f39-c2e2-4853-a202-6f43e0041828,86c9d449-3f66-41d2-bfdb-d40385eca579,fb0ad8e0-e5e4-48b7-8eea-9e2a90d87475,19.0,L,54.52,False
ecd91f38-2c48-4dc2-be45-a19fd9faac39,2025-11-12,b20d8f39-c2e2-4853-a202-6f43e0041828,86c9d449-3f66-41d2-bfdb-d40385eca579,fb0ad8e0-e5e4-48b7-8eea-9e2a90d87475,24.0,L,51.97,False
4998da23-a62d-45c0-91c7-e9aca4302080,2025-11-13,b20d8f39-c2e2-4853-a202-6f43e0041828,86c9d449-3f66-41d2-bfdb-d40385eca579,fb0ad8e0-e5e4-48b7-8eea-9e2a90d87475,32.0,L,54.4,True
3e0ab87d-2c3e-4c3b-8b3d-39c0d8a76144,2025-11-14,b20d8f39-c2e2-4853-a202-6f43e0041828,86c9d449-3f66-41d2-bfdb-d40385eca579,fb0ad8e0-e5e4-48b7-8eea-9e2a90d87475,26.0,L,54.87,False
00cae5b1-4bf6-4148-8fb2-263db0a9595a,2025-11-15,b20d8f39-c2e2-4853-a202-6f43e0041828,86c9d449-3f66-41d2-bfdb-d40385eca579,fb0ad8e0-e5e4-48b7-8eea-9e2a90d87475,24.0,L,50.29,False
95d29551-c170-442a-b41b-a31e4e77993b,2025-11-16,b20d8f39-c2e2-4853-a202-6f43e0041828,86c9d449-3f66-41d2-bfdb-d40385eca579,fb0ad8e0-e5e4-48b7-8eea-9e2a90d87475,21.0,L,66.19,False
cff65162-1406-4c1a-95de-df32db61a079,2025-11-17,b20d8f39-c2e2-4853-a202-6f43e0041828,86c9d449-3f66-41d2-bfdb-d40385eca579,fb0ad8e0-e5e4-48b7-8eea-9e2a90d87475,21.0,L,51.88,False
4a515f55-c154-4ed9-89f3-87bc67b8be4a,2025-11-18,b20d8f39-c2e2-4853-a202-6f43e0041828,86c9d449-3f66-41d2-bfdb-d40385eca579,fb0ad8e0-e5e4-48b7-8eea-9e2a90d87475,15.0,L,57.49,False
fed82a56-acad-4723-847f-2d6ae1be4d16,2025-11-19,b20d8f39-c2e2-4853-a202-6f43e0041828,86c9d449-3f66-41d2-bfdb-d40385eca579,fb0ad8e0-e5e4-48b7-8eea-9e2a90d87475,22.0,L,66.75,False
67bc80e5-dc4c-48f0-88d1-47cddf67eecb,2025-11-20,b20d8f39-c2e2-4853-a202-6f43e0041828,86c9d449-3f66-41d2-bfdb-d40385eca579,fb0ad8e0-e5e4-48b7-8eea-9e2a90d87475,20.0,L,65.41,False
f760cc88-e6f3-483d-9ccd-3c762692ad35,2025-11-21,b20d8f39-c2e2-4853-a202-6f43e0041828,86c9d449-3f66-41d2-bfdb-d40385eca579,fb0ad8e0-e5e4-48b7-8eea-9e2a90d87475,19.0,L,68.51,False
6a451ad8-989c-47e1-8121-a69751283e54,2025-11-22,b20d8f39-c2e2-4853-a202-6f43e0041828,86c9d449-3f66-41d2-bfdb-d40385eca579,fb0ad8e0-e5e4-48b7-8eea-9e2a90d87475,19.0,L,56.4,False
770c7dc6-1c0b-4c8f-ac93-d36a0c5ea2e6,2025-11-23,b20d8f39-c2e2-4853-a202-6f43e0041828,86c9d449-3f66-41d2-bfdb-d40385eca579,fb0ad8e0-e5e4-48b7-8eea-9e2a90d87475,28.0,L,65.1,False
ab96df37-0ded-4b53-8a7b-e618e4c432b9,2025-11-24,b20d8f39-c2e2-4853-a202-6f43e0041828,86c9d449-3f66-41d2-bfdb-d40385eca579,fb0ad8e0-e5e4-48b7-8eea-9e2a90d87475,19.0,L,65.04,False
832cf090-6444-45e0-a860-5bafc0558357,2025-11-25,b20d8f39-c2e2-4853-a202-6f43e0041828,86c9d449-3f66-41d2-bfdb-d40385eca579,fb0ad8e0-e5e4-48b7-8eea-9e2a90d87475,17.0,L,62.92,False
a1814bee-0c61-4107-a8cf-d4d33481891b,2025-11-26,b20d8f39-c2e2-4853-a202-6f43e0041828,86c9d449-3f66-41d2-bfdb-d40385eca579,fb0ad8e0-e5e4-48b7-8eea-9e2a90d87475,14.0,L,68.09,True
392e60d3-ee53-4e9a-b5fa-c255f9588249,2025-11-27,b20d8f39-c2e2-4853-a202-6f43e0041828,86c9d449-3f66-41d2-bfdb-d40385eca579,fb0ad8e0-e5e4-48b7-8eea-9e2a90d87475,21.0,L,60.71,False
52d35d79-af93-4b39-9d35-e0c242304134,2025-11-28,b20d8f39-c2e2-4853-a202-6f43e0041828,86c9d449-3f66-41d2-bfdb-d40385eca579,fb0ad8e0-e5e4-48b7-8eea-9e2a90d87475,27.0,L,62.55,False
1c3f5a56-7918-4e99-b745-39e112038696,2025-11-29,b20d8f39-c2e2-4853-a202-6f43e0041828,86c9d449-3f66-41d2-bfdb-d40385eca579,fb0ad8e0-e5e4-48b7-8eea-9e2a90d87475,33.0,L,56.27,False
736b5c24-c009-4719-a1d3-83ebaef5156c,2025-11-30,b20d8f39-c2e2-4853-a202-6f43e0041828,86c9d449-3f66-41d2-bfdb-d40385eca579,fb0ad8e0-e5e4-48b7-8eea-9e2a90d87475,24.0,L,48.91,False
ea3a2ae8-d8ea-4b7e-9022-d4f4265af126,2025-12-01,b20d8f39-c2e2-4853-a202-6f43e0041828,86c9d449-3f66-41d2-bfdb-d40385eca579,fb0ad8e0-e5e4-48b7-8eea-9e2a90d87475,19.0,L,65.91,False
6405b516-96d1-47b0-ac75-aa26651c93c0,2025-12-02,b20d8f39-c2e2-4853-a202-6f43e0041828,86c9d449-3f66-41d2-bfdb-d40385eca579,fb0ad8e0-e5e4-48b7-8eea-9e2a90d87475,23.0,L,67.63,False
ad956bd6-bf74-4792-995b-a088ef0572bb,2025-12-03,b20d8f39-c2e2-4853-a202-6f43e0041828,86c9d449-3f66-41d2-bfdb-d40385eca579,fb0ad8e0-e5e4-48b7-8eea-9e2a90d87475,18.0,L,56.94,False
86c4fbc0-0b53-4676-901e-7ecfcc37f8f5,2025-12-04,b20d8f39-c2e2-4853-a202-6f43e0041828,86c9d449-3f66-41d2-bfdb-d40385eca579,fb0ad8e0-e5e4-48b7-8eea-9e2a90d87475,27.0,L,53.79,True
b5492b95-2fac-4a02-8dbd-9e529f28d7f9,2025-12-05,b20d8f39-c2e2-4853-a202-6f43e0041828,86c9d449-3f66-41d2-bfdb-d40385eca579,fb0ad8e0-e5e4-48b7-8eea-9e2a90d87475,24.0,L,63.1,False
31ab973c-dcf7-4ae7-9b51-5652b79a2dea,2025-12-06,b20d8f39-c2e2-4853-a202-6f43e0041828,86c9d449-3f66-41d2-bfdb-d40385eca579,fb0ad8e0-e5e4-48b7-8eea-9e2a90d87475,32.0,L,60.41,False
77b5ad5d-b1bc-4f58-b952-62dac30bb8ef,2025-12-07,b20d8f39-c2e2-4853-a202-6f43e0041828,86c9d449-3f66-41d2-bfdb-d40385eca579,fb0ad8e0-e5e4-48b7-8eea-9e2a90d87475,26.0,L,68.84,False
34f3d4ca-3b5b-492c-9202-edcd9c47dfa4,2025-12-08,b20d8f39-c2e2-4853-a202-6f43e0041828,86c9d449-3f66-41d2-bfdb-d40385eca579,fb0ad8e0-e5e4-48b7-8eea-9e2a90d87475,21.0,L,55.4,False
a5034a40-aafe-45ee-b805-d23245338f98,2025-12-09,b20d8f39-c2e2-4853-a202-6f43e0041828,86c9d449-3f66-41d2-bfdb-d40385eca579,fb0ad8e0-e5e4-48b7-8eea-9e2a90d87475,18.0,L,63.01,False
d17cea94-246d-4762-90ac-e02f9121a8bb,2025-12-10,b20d8f39-c2e2-4853-a202-6f43e0041828,86c9d449-3f66-41d2-bfdb-d40385eca579,fb0ad8e0-e5e4-48b7-8eea-9e2a90d87475,19.0,L,62.2,False
61290235-63fa-4259-ab2b-a0b4715a6d0c,2025-12-11,b20d8f39-c2e2-4853-a202-6f43e0041828,86c9d449-3f66-41d2-bfdb-d40385eca579,fb0ad8e0-e5e4-48b7-8eea-9e2a90d87475,21.0,L,55.56,False
a785c753-5c44-413f-a5c9-74afcb33266b,2025-12-12,b20d8f39-c2e2-4853-a202-6f43e0041828,86c9d449-3f66-41d2-bfdb-d40385eca579,fb0ad8e0-e5e4-48b7-8eea-9e2a90d87475,23.0,L,56.38,False
10f1b0aa-bc03-413a-8347-dea5155d0cc3,2025-12-13,b20d8f39-c2e2-4853-a202-6f43e0041828,86c9d449-3f66-41d2-bfdb-d40385eca579,fb0ad8e0-e5e4-48b7-8eea-9e2a90d87475,31.0,L,69.04,False
90c393f9-a7c2-4e44-be20-0386d30d9481,2025-12-14,b20d8f39-c2e2-4853-a202-6f43e0041828,86c9d449-3f66-41d2-bfdb-d40385eca579,fb0ad8e0-e5e4-48b7-8eea-9e2a90d87475,28.0,L,61.81,True
59681322-b9d2-48f7-8757-429add940e7e,2025-12-15,b20d8f39-c2e2-4853-a202-6f43e0041828,86c9d449-3f66-41d2-bfdb-d40385eca579,fb0ad8e0-e5e4-48b7-8eea-9e2a90d87475,27.0,L,66.13,False
3d2d737d-37cc-4a12-82fc-b6c9568095f9,2025-12-16,b20d8f39-c2e2-4853-a202-6f43e0041828,86c9d449-3f66-41d2-bfdb-d40385eca579,fb0ad8e0-e5e4-48b7-8eea-9e2a90d87475,21.0,L,66.56,False
72516f69-fca4-4567-bf33-ef8e6e849248,2025-12-17,b20d8f39-c2e2-4853-a202-6f43e0041828,86c9d449-3f66-41d2-bfdb-d40385eca579,fb0ad8e0-e5e4-48b7-8eea-9e2a90d87475,26.0,L,58.62,True
d867defe-6d0c-4654-9bad-5a3fbb249362,2025-12-18,b20d8f39-c2e2-4853-a202-6f43e0041828,86c9d449-3f66-41d2-bfdb-d40385eca579,fb0ad8e0-e5e4-48b7-8eea-9e2a90d87475,19.0,L,49.36,False
7034bb7a-bf12-497b-8806-e6a865094852,2025-12-19,b20d8f39-c2e2-4853-a202-6f43e0041828,86c9d449-3f66-41d2-bfdb-d40385eca579,fb0ad8e0-e5e4-48b7-8eea-9e2a90d87475,13.0,L,61.81,False
05a7ce30-8fa0-4b06-9086-2423e257263f,2025-12-20,b20d8f39-c2e2-4853-a202-6f43e0041828,86c9d449-3f66-41d2-bfdb-d40385eca579,fb0ad8e0-e5e4-48b7-8eea-9e2a90d87475,31.0,L,53.23,False
7456d363-3748-4aec-877b-27c5a501a0f7,2025-12-21,b20d8f39-c2e2-4853-a202-6f43e0041828,86c9d449-3f66-41d2-bfdb-d40385eca579,fb0ad8e0-e5e4-48b7-8eea-9e2a90d87475,31.0,L,65.13,False
28567751-22a2-40b7-a41e-a811edf23c7e,2025-12-22,b20d8f39-c2e2-4853-a202-6f43e0041828,86c9d449-3f66-41d2-bfdb-d40385eca579,fb0ad8e0-e5e4-48b7-8eea-9e2a90d87475,21.0,L,66.29,False
62e26e17-51e7-4bcb-8f62-49931cf220f4,2025-12-23,b20d8f39-c2e2-4853-a202-6f43e0041828,86c9d449-3f66-41d2-bfdb-d40385eca579,fb0ad8e0-e5e4-48b7-8eea-9e2a90d87475,22.0,L,50.79,False
fe88a2b8-f32d-494e-a1c9-23e148d25555,2025-12-24,b20d8f39-c2e2-4853-a202-6f43e0041828,86c9d449-3f66-41d2-bfdb-d40385eca579,fb0ad8e0-e5e4-48b7-8eea-9e2a90d87475,24.0,L,62.02,False
55a45c17-bdcb-45b1-b338-d20db4629b69,2025-12-25,b20d8f39-c2e2-4853-a202-6f43e0041828,86c9d449-3f66-41d2-bfdb-d40385eca579,fb0ad8e0-e5e4-48b7-8eea-9e2a90d87475,17.0,L,60.0,False
b5586e0f-2e2a-4763-b661-8007028f8ab2,2025-12-26,b20d8f39-c2e2-4853-a202-6f43e0041828,86c9d449-3f66-41d2-bfdb-d40385eca579,fb0ad8e0-e5e4-48b7-8eea-9e2a90d87475,24.0,L,50.21,True
336553e5-996c-4c92-b7f9-5de2412565e0,2025-12-27,b20d8f39-c2e2-4853-a202-6f43e0041828,86c9d449-3f66-41d2-bfdb-d40385eca579,fb0ad8e0-e5e4-48b7-8eea-9e2a90d87475,31.0,L,61.3,False
a27b637c-c35e-4c69-b64e-f8162140a2a6,2025-12-28,b20d8f39-c2e2-4853-a202-6f43e0041828,86c9d449-3f66-41d2-bfdb-d40385eca579,fb0ad8e0-e5e4-48b7-8eea-9e2a90d87475,22.0,L,58.98,False
fb68e4c6-7072-4462-8f45-7a8821bdf8c0,2025-12-29,b20d8f39-c2e2-4853-a202-6f43e0041828,86c9d449-3f66-41d2-bfdb-d40385eca579,fb0ad8e0-e5e4-48b7-8eea-9e2a90d87475,23.0,L,62.4,False
99a7ba33-007b-4582-83d1-65ec8dab3a93,2025-12-30,b20d8f39-c2e2-4853-a202-6f43e0041828,86c9d449-3f66-41d2-bfdb-d40385eca579,fb0ad8e0-e5e4-48b7-8eea-9e2a90d87475,18.0,L,49.44,False
e62550ba-8474-4c20-902a-0545705988f5,2025-12-31,b20d8f39-c2e2-4853-a202-6f43e0041828,86c9d449-3f66-41d2-bfdb-d40385eca579,fb0ad8e0-e5e4-48b7-8eea-9e2a90d87475,24.0,L,57.84,False
08d8362d-8783-451a-b9d6-827ff70dac7d,2026-01-01,b20d8f39-c2e2-4853-a202-6f43e0041828,86c9d449-3f66-41d2-bfdb-d40385eca579,fb0ad8e0-e5e4-48b7-8eea-9e2a90d87475,22.0,L,61.31,False
fa64b385-d037-4f3c-a368-64ea03129302,2026-01-02,b20d8f39-c2e2-4853-a202-6f43e0041828,86c9d449-3f66-41d2-bfdb-d40385eca579,fb0ad8e0-e5e4-48b7-8eea-9e2a90d87475,17.0,L,62.1,False
6d0091e3-4fc8-49a1-b640-179bb8c03cc3,2026-01-03,b20d8f39-c2e2-4853-a202-6f43e0041828,86c9d449-3f66-41d2-bfdb-d40385eca579,fb0ad8e0-e5e4-48b7-8eea-9e2a90d87475,34.0,L,50.69,False
908d2744-f2c9-4cf2-a5f2-dee134e5bc10,2026-01-04,b20d8f39-c2e2-4853-a202-6f43e0041828,86c9d449-3f66-41d2-bfdb-d40385eca579,fb0ad8e0-e5e4-48b7-8eea-9e2a90d87475,25.0,L,55.47,False
14a3c59a-d908-40c9-89d3-2050592c1097,2026-01-05,b20d8f39-c2e2-4853-a202-6f43e0041828,86c9d449-3f66-41d2-bfdb-d40385eca579,fb0ad8e0-e5e4-48b7-8eea-9e2a90d87475,20.0,L,68.55,False
9c45f321-a4df-4459-a11f-0e55b9dc9fe8,2026-01-06,b20d8f39-c2e2-4853-a202-6f43e0041828,86c9d449-3f66-41d2-bfdb-d40385eca579,fb0ad8e0-e5e4-48b7-8eea-9e2a90d87475,24.0,L,59.26,False
ada0c147-cfaa-4e97-9329-15019adea7b1,2026-01-07,b20d8f39-c2e2-4853-a202-6f43e0041828,86c9d449-3f66-41d2-bfdb-d40385eca579,fb0ad8e0-e5e4-48b7-8eea-9e2a90d87475,27.0,L,49.26,False
e5d4ade7-f91a-4138-a278-78e6c3f2e858,2026-01-08,b20d8f39-c2e2-4853-a202-6f43e0041828,86c9d449-3f66-41d2-bfdb-d40385eca579,fb0ad8e0-e5e4-48b7-8eea-9e2a90d87475,19.0,L,51.25,False
9050ad3a-db46-43b0-9d45-77798ed5a15e,2026-01-09,b20d8f39-c2e2-4853-a202-6f43e0041828,86c9d449-3f66-41d2-bfdb-d40385eca579,fb0ad8e0-e5e4-48b7-8eea-9e2a90d87475,23.0,L,50.55,False
daeb0919-9a64-4639-b0f0-dc845f70db04,2026-01-10,b20d8f39-c2e2-4853-a202-6f43e0041828,86c9d449-3f66-41d2-bfdb-d40385eca579,fb0ad8e0-e5e4-48b7-8eea-9e2a90d87475,31.0,L,52.24,False
1e612a09-0871-4e08-ab87-048c122d0109,2026-01-11,b20d8f39-c2e2-4853-a202-6f43e0041828,86c9d449-3f66-41d2-bfdb-d40385eca579,fb0ad8e0-e5e4-48b7-8eea-9e2a90d87475,32.0,L,56.55,False
4e57d738-2e74-4610-979f-e87686835821,2026-01-12,b20d8f39-c2e2-4853-a202-6f43e0041828,86c9d449-3f66-41d2-bfdb-d40385eca579,fb0ad8e0-e5e4-48b7-8eea-9e2a90d87475,24.0,L,64.71,False
43d5f04b-15c1-429c-b3f7-4a18d5bac9f7,2026-01-13,b20d8f39-c2e2-4853-a202-6f43e0041828,86c9d449-3f66-41d2-bfdb-d40385eca579,fb0ad8e0-e5e4-48b7-8eea-9e2a90d87475,22.0,L,50.56,False
778dad6d-052c-4828-8573-fa6f76237cc4,2026-01-14,b20d8f39-c2e2-4853-a202-6f43e0041828,86c9d449-3f66-41d2-bfdb-d40385eca579,fb0ad8e0-e5e4-48b7-8eea-9e2a90d87475,20.0,L,65.89,False
37df1b39-fa16-4668-89f7-9d0617bf2ffd,2026-01-15,b20d8f39-c2e2-4853-a202-6f43e0041828,86c9d449-3f66-41d2-bfdb-d40385eca579,fb0ad8e0-e5e4-48b7-8eea-9e2a90d87475,24.0,L,64.52,False
0d7f1d98-eebd-4151-a8e1-d8e1e3ca3db0,2026-01-16,b20d8f39-c2e2-4853-a202-6f43e0041828,86c9d449-3f66-41d2-bfdb-d40385eca579,fb0ad8e0-e5e4-48b7-8eea-9e2a90d87475,19.0,L,62.13,False
70fa86ad-c301-4b84-b9d7-f059edc33ce9,2026-01-17,b20d8f39-c2e2-4853-a202-6f43e0041828,86c9d449-3f66-41d2-bfdb-d40385eca579,fb0ad8e0-e5e4-48b7-8eea-9e2a90d87475,15.0,L,51.13,False
b421a9c6-2b93-4194-a09a-3bb94019d5d9,2026-01-18,b20d8f39-c2e2-4853-a202-6f43e0041828,86c9d449-3f66-41d2-bfdb-d40385eca579,fb0ad8e0-e5e4-48b7-8eea-9e2a90d87475,31.0,L,59.44,False
ac7d7f94-bbce-4a55-9f62-10597b83bf6c,2026-01-19,b20d8f39-c2e2-4853-a202-6f43e0041828,86c9d449-3f66-41d2-bfdb-d40385eca579,fb0ad8e0-e5e4-48b7-8eea-9e2a90d87475,32.0,L,67.94,True
33580658-50c3-4e99-8bf2-3ed257f8c2f7,2026-01-20,b20d8f39-c2e2-4853-a202-6f43e0041828,86c9d449-3f66-41d2-bfdb-d40385eca579,fb0ad8e0-e5e4-48b7-8eea-9e2a90d87475,15.0,L,58.44,False
24707411-c297-4a7a-a822-3f320da4a715,2026-01-21,b20d8f39-c2e2-4853-a202-6f43e0041828,86c9d449-3f66-41d2-bfdb-d40385eca579,fb0ad8e0-e5e4-48b7-8eea-9e2a90d87475,20.0,L,52.02,False
b302252d-3a88-4afd-97d8-0b65e4c84bc3,2026-01-22,b20d8f39-c2e2-4853-a202-6f43e0041828,86c9d449-3f66-41d2-bfdb-d40385eca579,fb0ad8e0-e5e4-48b7-8eea-9e2a90d87475,26.0,L,63.64,False
9a31a439-7638-4992-bb3d-63bc75f7e6da,2026-01-23,b20d8f39-c2e2-4853-a202-6f43e0041828,86c9d449-3f66-41d2-bfdb-d40385eca579,fb0ad8e0-e5e4-48b7-8eea-9e2a90d87475,31.0,L,56.44,False
c967f514-f961-4523-bc22-e2aaadb83f4d,2026-01-24,b20d8f39-c2e2-4853-a202-6f43e0041828,86c9d449-3f66-41d2-bfdb-d40385eca579,fb0ad8e0-e5e4-48b7-8eea-9e2a90d87475,30.0,L,66.84,False
0f115371-d9b3-47ad-9ec7-6bfc43fb15a1,2026-01-25,b20d8f39-c2e2-4853-a202-6f43e0041828,86c9d449-3f66-41d2-bfdb-d40385eca579,fb0ad8e0-e5e4-48b7-8eea-9e2a90d87475,26.0,L,56.38,False
de6fb68e-a602-44cd-ba93-e17f4d7eae82,2026-01-26,b20d8f39-c2e2-4853-a202-6f43e0041828,86c9d449-3f66-41d2-bfdb-d40385eca579,fb0ad8e0-e5e4-48b7-8eea-9e2a90d87475,23.0,L,67.53,False
4bc35855-d4a4-4cf6-b2ba-4215f49f0e7a,2026-01-27,b20d8f39-c2e2-4853-a202-6f43e0041828,86c9d449-3f66-41d2-bfdb-d40385eca579,fb0ad8e0-e5e4-48b7-8eea-9e2a90d87475,29.0,L,68.54,False
2bf8a076-638a-4c4b-85cb-49fe31982d49,2026-01-28,b20d8f39-c2e2-4853-a202-6f43e0041828,86c9d449-3f66-41d2-bfdb-d40385eca579,fb0ad8e0-e5e4-48b7-8eea-9e2a90d87475,21.0,L,57.81,False
b7c32cb2-f3e6-42b3-8c18-d1c350471cb8,2026-01-29,b20d8f39-c2e2-4853-a202-6f43e0041828,86c9d449-3f66-41d2-bfdb-d40385eca579,fb0ad8e0-e5e4-48b7-8eea-9e2a90d87475,21.0,L,56.97,False
3518489a-d246-48f5-9f03-dec643d210b5,2026-01-30,b20d8f39-c2e2-4853-a202-6f43e0041828,86c9d449-3f66-41d2-bfdb-d40385eca579,fb0ad8e0-e5e4-48b7-8eea-9e2a90d87475,22.0,L,64.02,False
8f0aabd8-5c88-4944-91ff-5e07f7b9e5ca,2026-01-31,b20d8f39-c2e2-4853-a202-6f43e0041828,86c9d449-3f66-41d2-bfdb-d40385eca579,fb0ad8e0-e5e4-48b7-8eea-9e2a90d87475,25.0,L,63.03,False
5fede79d-5c36-425a-bd85-d9a3450b7ee8,2026-02-01,b20d8f39-c2e2-4853-a202-6f43e0041828,86c9d449-3f66-41d2-bfdb-d40385eca579,fb0ad8e0-e5e4-48b7-8eea-9e2a90d87475,30.0,L,67.95,False
78068dde-d019-4928-9f92-dbe8f4fb4b63,2026-02-02,b20d8f39-c2e2-4853-a202-6f43e0041828,86c9d449-3f66-41d2-bfdb-d40385eca579,fb0ad8e0-e5e4-48b7-8eea-9e2a90d87475,30.0,L,52.52,False
df1f8ec4-533b-4ed0-95bb-061f9e3f418d,2026-02-03,b20d8f39-c2e2-4853-a202-6f43e0041828,86c9d449-3f66-41d2-bfdb-d40385eca579,fb0ad8e0-e5e4-48b7-8eea-9e2a90d87475,25.0,L,54.4,False
c64ea72d-cc4d-4b30-8834-80050718b133,2026-02-04,b20d8f39-c2e2-4853-a202-6f43e0041828,86c9d449-3f66-41d2-bfdb-d40385eca579,fb0ad8e0-e5e4-48b7-8eea-9e2a90d87475,23.0,L,62.42,False
c9352c15-8099-4ab2-a9c9-8215c57d2a20,2026-02-05,b20d8f39-c2e2-4853-a202-6f43e0041828,86c9d449-3f66-41d2-bfdb-d40385eca579,fb0ad8e0-e5e4-48b7-8eea-9e2a90d87475,23.0,L,61.95,False
1ee7bcfd-a1da-4b39-ab0b-17c253766158,2026-02-06,b20d8f39-c2e2-4853-a202-6f43e0041828,86c9d449-3f66-41d2-bfdb-d40385eca579,fb0ad8e0-e5e4-48b7-8eea-9e2a90d87475,18.0,L,58.88,False
d189bcd1-0b93-4769-b0da-498b5f586cad,2026-02-07,b20d8f39-c2e2-4853-a202-6f43e0041828,86c9d449-3f66-41d2-bfdb-d40385eca579,fb0ad8e0-e5e4-48b7-8eea-9e2a90d87475,34.0,L,50.72,False
9a34a9ec-b0de-45cb-b319-f0caf2cd98a3,2026-02-08,b20d8f39-c2e2-4853-a202-6f43e0041828,86c9d449-3f66-41d2-bfdb-d40385eca579,fb0ad8e0-e5e4-48b7-8eea-9e2a90d87475,30.0,L,58.39,False
05f61e12-03b5-4c19-8d0d-9185866aaed0,2026-02-09,b20d8f39-c2e2-4853-a202-6f43e0041828,86c9d449-3f66-41d2-bfdb-d40385eca579,fb0ad8e0-e5e4-48b7-8eea-9e2a90d87475,24.0,L,62.31,False
5c570275-39e6-45b5-9b55-d914d7a94800,2026-02-10,b20d8f39-c2e2-4853-a202-6f43e0041828,86c9d449-3f66-41d2-bfdb-d40385eca579,fb0ad8e0-e5e4-48b7-8eea-9e2a90d87475,37.0,L,65.97,False
820998b3-0ece-48ef-93e5-cd7a80c88f51,2026-02-11,b20d8f39-c2e2-4853-a202-6f43e0041828,86c9d449-3f66-41d2-bfdb-d40385eca579,fb0ad8e0-e5e4-48b7-8eea-9e2a90d87475,25.0,L,66.09,False
720e5062-64c9-4d9f-83e7-a4386a3d4cd6,2026-02-12,b20d8f39-c2e2-4853-a202-6f43e0041828,86c9d449-3f66-41d2-bfdb-d40385eca579,fb0ad8e0-e5e4-48b7-8eea-9e2a90d87475,21.0,L,59.28,False
bae099ff-1c9c-4cb1-85f6-c9d11374baa8,2026-02-13,b20d8f39-c2e2-4853-a202-6f43e0041828,86c9d449-3f66-41d2-bfdb-d40385eca579,fb0ad8e0-e5e4-48b7-8eea-9e2a90d87475,27.0,L,51.35,True
8e047292-f0e0-4375-84d7-790b0c008ccc,2026-02-14,b20d8f39-c2e2-4853-a202-6f43e0041828,86c9d449-3f66-41d2-bfdb-d40385eca579,fb0ad8e0-e5e4-48b7-8eea-9e2a90d87475,36.0,L,52.5,False
ad428cf6-1b1e-4a59-b4ed-57d7f4cb2568,2026-02-15,b20d8f39-c2e2-4853-a202-6f43e0041828,86c9d449-3f66-41d2-bfdb-d40385eca579,fb0ad8e0-e5e4-48b7-8eea-9e2a90d87475,31.0,L,51.68,False
dfda8df7-542f-4196-abf5-38ae5785ca28,2026-02-16,b20d8f39-c2e2-4853-a202-6f43e0041828,86c9d449-3f66-41d2-bfdb-d40385eca579,fb0ad8e0-e5e4-48b7-8eea-9e2a90d87475,19.0,L,65.93,False
a342ea92-7689-435d-9906-804c48bc4988,2026-02-17,b20d8f39-c2e2-4853-a202-6f43e0041828,86c9d449-3f66-41d2-bfdb-d40385eca579,fb0ad8e0-e5e4-48b7-8eea-9e2a90d87475,28.0,L,54.5,False
b388237a-85aa-4004-8265-940c6d192997,2026-02-18,b20d8f39-c2e2-4853-a202-6f43e0041828,86c9d449-3f66-41d2-bfdb-d40385eca579,fb0ad8e0-e5e4-48b7-8eea-9e2a90d87475,22.0,L,48.98,False
fe539846-4b18-41c9-ba78-6203dfefa4a6,2026-02-19,b20d8f39-c2e2-4853-a202-6f43e0041828,86c9d449-3f66-41d2-bfdb-d40385eca579,fb0ad8e0-e5e4-48b7-8eea-9e2a90d87475,32.0,L,50.45,False
d07c2a71-935c-44d2-b284-3fd9d08f8d76,2026-02-20,b20d8f39-c2e2-4853-a202-6f43e0041828,86c9d449-3f66-41d2-bfdb-d40385eca579,fb0ad8e0-e5e4-48b7-8eea-9e2a90d87475,29.0,L,66.46,False
2e281ebf-e68f-4680-956f-686270c5a9e7,2026-02-21,b20d8f39-c2e2-4853-a202-6f43e0041828,86c9d449-3f66-41d2-bfdb-d40385eca579,fb0ad8e0-e5e4-48b7-8eea-9e2a90d87475,29.0,L,60.09,False
1eb40d85-d31e-4c21-9b23-0afe5a615e5f,2026-02-22,b20d8f39-c2e2-4853-a202-6f43e0041828,86c9d449-3f66-41d2-bfdb-d40385eca579,fb0ad8e0-e5e4-48b7-8eea-9e2a90d87475,37.0,L,64.77,False
13afd8fa-fcba-42fc-9ce0-deba47e86b2d,2026-02-23,b20d8f39-c2e2-4853-a202-6f43e0041828,86c9d449-3f66-41d2-bfdb-d40385eca579,fb0ad8e0-e5e4-48b7-8eea-9e2a90d87475,25.0,L,54.34,False
67f5eace-f0fc-41e4-83ad-00a69ee5ae3e,2026-02-24,b20d8f39-c2e2-4853-a202-6f43e0041828,86c9d449-3f66-41d2-bfdb-d40385eca579,fb0ad8e0-e5e4-48b7-8eea-9e2a90d87475,28.0,L,67.76,False
f437b642-c21b-4c81-a6f5-2a804561c5ad,2026-02-25,b20d8f39-c2e2-4853-a202-6f43e0041828,86c9d449-3f66-41d2-bfdb-d40385eca579,fb0ad8e0-e5e4-48b7-8eea-9e2a90d87475,27.0,L,68.79,False
e38eab11-0859-40b3-b759-98ef987a59e0,2026-02-26,b20d8f39-c2e2-4853-a202-6f43e0041828,86c9d449-3f66-41d2-bfdb-d40385eca579,fb0ad8e0-e5e4-48b7-8eea-9e2a90d87475,21.0,L,59.89,False
4f05cdd1-09dc-444e-a0eb-f8c48cfbbeef,2026-02-27,b20d8f39-c2e2-4853-a202-6f43e0041828,86c9d449-3f66-41d2-bfdb-d40385eca579,fb0ad8e0-e5e4-48b7-8eea-9e2a90d87475,27.0,L,53.58,True
1b568586-b0e8-4142-a304-593ca8f25b82,2026-02-28,b20d8f39-c2e2-4853-a202-6f43e0041828,86c9d449-3f66-41d2-bfdb-d40385eca579,fb0ad8e0-e5e4-48b7-8eea-9e2a90d87475,36.0,L,64.7,False
d2955bac-0173-4356-9937-18960cf68111,2026-03-01,b20d8f39-c2e2-4853-a202-6f43e0041828,86c9d449-3f66-41d2-bfdb-d40385eca579,fb0ad8e0-e5e4-48b7-8eea-9e2a90d87475,29.0,L,65.73,False
5ebd4f2c-7548-4bc6-a0b7-0426f373e049,2026-03-02,b20d8f39-c2e2-4853-a202-6f43e0041828,86c9d449-3f66-41d2-bfdb-d40385eca579,fb0ad8e0-e5e4-48b7-8eea-9e2a90d87475,23.0,L,63.1,False
c7e686fa-58fe-4ec2-b284-557f725fbff2,2026-03-03,b20d8f39-c2e2-4853-a202-6f43e0041828,86c9d449-3f66-41d2-bfdb-d40385eca579,fb0ad8e0-e5e4-48b7-8eea-9e2a90d87475,21.0,L,59.78,False
66dd343d-46d3-401d-94d6-bd06f20c161d,2026-03-04,b20d8f39-c2e2-4853-a202-6f43e0041828,86c9d449-3f66-41d2-bfdb-d40385eca579,fb0ad8e0-e5e4-48b7-8eea-9e2a90d87475,27.0,L,64.6,False
51bed4bc-44a3-4e0d-bfde-ae96edd8d08a,2026-03-05,b20d8f39-c2e2-4853-a202-6f43e0041828,86c9d449-3f66-41d2-bfdb-d40385eca579,fb0ad8e0-e5e4-48b7-8eea-9e2a90d87475,33.0,L,54.48,False
3fdbbea1-c28a-4d8e-b2ab-614237a679fb,2026-03-06,b20d8f39-c2e2-4853-a202-6f43e0041828,86c9d449-3f66-41d2-bfdb-d40385eca579,fb0ad8e0-e5e4-48b7-8eea-9e2a90d87475,21.0,L,62.64,False
5373e1c6-8c63-4499-b3e6-3936771639ca,2026-03-07,b20d8f39-c2e2-4853-a202-6f43e0041828,86c9d449-3f66-41d2-bfdb-d40385eca579,fb0ad8e0-e5e4-48b7-8eea-9e2a90d87475,31.0,L,51.95,False
45e5e225-e4f6-4efd-a370-442fcce504bb,2026-03-08,b20d8f39-c2e2-4853-a202-6f43e0041828,86c9d449-3f66-41d2-bfdb-d40385eca579,fb0ad8e0-e5e4-48b7-8eea-9e2a90d87475,38.0,L,57.3,False
cbbc5c31-514f-43eb-b691-7b37956e105a,2026-03-09,b20d8f39-c2e2-4853-a202-6f43e0041828,86c9d449-3f66-41d2-bfdb-d40385eca579,fb0ad8e0-e5e4-48b7-8eea-9e2a90d87475,25.0,L,51.03,False
7f7b055f-bd13-4948-9987-d805c0c1a135,2026-03-10,b20d8f39-c2e2-4853-a202-6f43e0041828,86c9d449-3f66-41d2-bfdb-d40385eca579,fb0ad8e0-e5e4-48b7-8eea-9e2a90d87475,27.0,L,53.66,False
378d4ef2-d48d-4444-b52e-032ab2254842,2026-03-11,b20d8f39-c2e2-4853-a202-6f43e0041828,86c9d449-3f66-41d2-bfdb-d40385eca579,fb0ad8e0-e5e4-48b7-8eea-9e2a90d87475,21.0,L,63.2,False
64127741-8bc9-4be1-94b9-5cde632d1d32,2026-03-12,b20d8f39-c2e2-4853-a202-6f43e0041828,86c9d449-3f66-41d2-bfdb-d40385eca579,fb0ad8e0-e5e4-48b7-8eea-9e2a90d87475,27.0,L,51.53,False
1be1f84f-9048-4e53-af67-a8d0f0555b31,2026-03-13,b20d8f39-c2e2-4853-a202-6f43e0041828,86c9d449-3f66-41d2-bfdb-d40385eca579,fb0ad8e0-e5e4-48b7-8eea-9e2a90d87475,24.0,L,67.88,False
6e0b0544-a377-4e8a-be9a-7d46ce52fab2,2026-03-14,b20d8f39-c2e2-4853-a202-6f43e0041828,86c9d449-3f66-41d2-bfdb-d40385eca579,fb0ad8e0-e5e4-48b7-8eea-9e2a90d87475,36.0,L,62.2,False
aa73d282-2aa8-480c-b439-f9ed4a26fffc,2026-03-15,b20d8f39-c2e2-4853-a202-6f43e0041828,86c9d449-3f66-41d2-bfdb-d40385eca579,fb0ad8e0-e5e4-48b7-8eea-9e2a90d87475,37.0,L,60.33,False
69bc2b3d-4120-4542-9674-e8e23f1177db,2026-03-16,b20d8f39-c2e2-4853-a202-6f43e0041828,86c9d449-3f66-41d2-bfdb-d40385eca579,fb0ad8e0-e5e4-48b7-8eea-9e2a90d87475,35.0,L,54.98,False
f30260bc-3e2f-4cb2-900c-8f9f7d99ecbc,2026-03-17,b20d8f39-c2e2-4853-a202-6f43e0041828,86c9d449-3f66-41d2-bfdb-d40385eca579,fb0ad8e0-e5e4-48b7-8eea-9e2a90d87475,27.0,L,52.16,False
33830289-5c67-4cfb-93a5-b8ad2fa4c642,2026-03-18,b20d8f39-c2e2-4853-a202-6f43e0041828,86c9d449-3f66-41d2-bfdb-d40385eca579,fb0ad8e0-e5e4-48b7-8eea-9e2a90d87475,32.0,L,58.91,True
d3c4ef34-2fae-43d3-8b23-5f66bcee56ca,2026-03-19,b20d8f39-c2e2-4853-a202-6f43e0041828,86c9d449-3f66-41d2-bfdb-d40385eca579,fb0ad8e0-e5e4-48b7-8eea-9e2a90d87475,26.0,L,59.58,False
54e30307-585d-4c8b-bb90-f3c90b86363f,2026-03-20,b20d8f39-c2e2-4853-a202-6f43e0041828,86c9d449-3f66-41d2-bfdb-d40385eca579,fb0ad8e0-e5e4-48b7-8eea-9e2a90d87475,24.0,L,52.95,False
268e1d4b-b6e3-4c89-a798-649aca6e7d08,2026-03-21,b20d8f39-c2e2-4853-a202-6f43e0041828,86c9d449-3f66-41d2-bfdb-d40385eca579,fb0ad8e0-e5e4-48b7-8eea-9e2a90d87475,33.0,L,55.88,False
b1b3ccfe-7c76-4119-8058-9e98159c5992,2026-03-22,b20d8f39-c2e2-4853-a202-6f43e0041828,86c9d449-3f66-41d2-bfdb-d40385eca579,fb0ad8e0-e5e4-48b7-8eea-9e2a90d87475,30.0,L,64.11,False
09eccbe3-5970-450a-9755-722d80cc0471,2026-03-23,b20d8f39-c2e2-4853-a202-6f43e0041828,86c9d449-3f66-41d2-bfdb-d40385eca579,fb0ad8e0-e5e4-48b7-8eea-9e2a90d87475,26.0,L,69.23,False
760d235c-448f-4bff-bded-8fd9f5e7a722,2026-03-24,b20d8f39-c2e2-4853-a202-6f43e0041828,86c9d449-3f66-41d2-bfdb-d40385eca579,fb0ad8e0-e5e4-48b7-8eea-9e2a90d87475,30.0,L,68.9,False
52574b7c-c2d7-41b2-bec9-5c00d4e6d5fa,2026-03-25,b20d8f39-c2e2-4853-a202-6f43e0041828,86c9d449-3f66-41d2-bfdb-d40385eca579,fb0ad8e0-e5e4-48b7-8eea-9e2a90d87475,25.0,L,57.66,True
cb2163eb-fe18-4fc0-892d-af54d07dc7af,2026-03-26,b20d8f39-c2e2-4853-a202-6f43e0041828,86c9d449-3f66-41d2-bfdb-d40385eca579,fb0ad8e0-e5e4-48b7-8eea-9e2a90d87475,30.0,L,61.19,False
b3912ecc-77b5-4758-9424-577385787399,2026-03-27,b20d8f39-c2e2-4853-a202-6f43e0041828,86c9d449-3f66-41d2-bfdb-d40385eca579,fb0ad8e0-e5e4-48b7-8eea-9e2a90d87475,30.0,L,68.44,False
ed2ebacc-8a4d-45f8-a923-a665db3671e9,2026-03-28,b20d8f39-c2e2-4853-a202-6f43e0041828,86c9d449-3f66-41d2-bfdb-d40385eca579,fb0ad8e0-e5e4-48b7-8eea-9e2a90d87475,31.0,L,55.04,False
bd92e6f0-a962-4e04-9b50-1d868e74dc82,2026-03-29,b20d8f39-c2e2-4853-a202-6f43e0041828,86c9d449-3f66-41d2-bfdb-d40385eca579,fb0ad8e0-e5e4-48b7-8eea-9e2a90d87475,21.0,L,68.14,False
baa4d265-81e1-4bd0-8b2b-b60d3b9514ec,2026-03-30,b20d8f39-c2e2-4853-a202-6f43e0041828,86c9d449-3f66-41d2-bfdb-d40385eca579,fb0ad8e0-e5e4-48b7-8eea-9e2a90d87475,23.0,L,54.24,False
02e40e53-87e0-4f6b-9267-f369b3549869,2026-03-31,b20d8f39-c2e2-4853-a202-6f43e0041828,86c9d449-3f66-41d2-bfdb-d40385eca579,fb0ad8e0-e5e4-48b7-8eea-9e2a90d87475,30.0,L,65.56,False
4fe07cd9-8509-4c95-ae44-e1c795aab373,2026-04-01,b20d8f39-c2e2-4853-a202-6f43e0041828,86c9d449-3f66-41d2-bfdb-d40385eca579,fb0ad8e0-e5e4-48b7-8eea-9e2a90d87475,25.0,L,65.16,False
a7e2a56e-3680-422b-9147-3b37cb1c8926,2026-04-02,b20d8f39-c2e2-4853-a202-6f43e0041828,86c9d449-3f66-41d2-bfdb-d40385eca579,fb0ad8e0-e5e4-48b7-8eea-9e2a90d87475,21.0,L,49.22,False
92346290-396f-445c-833b-90a00c912153,2026-04-03,b20d8f39-c2e2-4853-a202-6f43e0041828,86c9d449-3f66-41d2-bfdb-d40385eca579,fb0ad8e0-e5e4-48b7-8eea-9e2a90d87475,23.0,L,52.34,False
38960a79-faea-44dc-b37b-b49a9ef0e607,2026-04-04,b20d8f39-c2e2-4853-a202-6f43e0041828,86c9d449-3f66-41d2-bfdb-d40385eca579,fb0ad8e0-e5e4-48b7-8eea-9e2a90d87475,36.0,L,51.82,False
b0f00855-4e6d-492a-b496-62d86bd85480,2026-04-05,b20d8f39-c2e2-4853-a202-6f43e0041828,86c9d449-3f66-41d2-bfdb-d40385eca579,fb0ad8e0-e5e4-48b7-8eea-9e2a90d87475,34.0,L,59.6,False
5b2f42ea-9503-4c00-8a31-80ab0c4ed1e2,2026-04-06,b20d8f39-c2e2-4853-a202-6f43e0041828,86c9d449-3f66-41d2-bfdb-d40385eca579,fb0ad8e0-e5e4-48b7-8eea-9e2a90d87475,29.0,L,49.67,True
c5b17291-1338-47e9-9e0e-2077f87f5630,2026-04-07,b20d8f39-c2e2-4853-a202-6f43e0041828,86c9d449-3f66-41d2-bfdb-d40385eca579,fb0ad8e0-e5e4-48b7-8eea-9e2a90d87475,24.0,L,64.55,False
3c0cbbd9-cc8f-4728-83de-1e9d855bc8c9,2026-04-08,b20d8f39-c2e2-4853-a202-6f43e0041828,86c9d449-3f66-41d2-bfdb-d40385eca579,fb0ad8e0-e5e4-48b7-8eea-9e2a90d87475,24.0,L,57.21,False
5176e910-e443-496a-b0e7-379a1ce8891a,2026-04-09,b20d8f39-c2e2-4853-a202-6f43e0041828,86c9d449-3f66-41d2-bfdb-d40385eca579,fb0ad8e0-e5e4-48b7-8eea-9e2a90d87475,21.0,L,59.59,False
d2b4a06c-1b04-4aeb-a1cc-2c5a93bb5d65,2026-04-10,b20d8f39-c2e2-4853-a202-6f43e0041828,86c9d449-3f66-41d2-bfdb-d40385eca579,fb0ad8e0-e5e4-48b7-8eea-9e2a90d87475,32.0,L,64.58,False
163867af-adea-4181-8e3e-c99b4949a492,2026-04-11,b20d8f39-c2e2-4853-a202-6f43e0041828,86c9d449-3f66-41d2-bfdb-d40385eca579,fb0ad8e0-e5e4-48b7-8eea-9e2a90d87475,30.0,L,68.03,False
1c778384-6eab-44fc-bfc4-d54016c95099,2026-04-12,b20d8f39-c2e2-4853-a202-6f43e0041828,86c9d449-3f66-41d2-bfdb-d40385eca579,fb0ad8e0-e5e4-48b7-8eea-9e2a90d87475,38.0,L,51.53,False
8a92bda3-4f64-4d14-a214-338973e9f0f7,2026-04-13,b20d8f39-c2e2-4853-a202-6f43e0041828,86c9d449-3f66-41d2-bfdb-d40385eca579,fb0ad8e0-e5e4-48b7-8eea-9e2a90d87475,31.0,L,55.27,False
b3338421-ecd6-4da9-ba42-fc8c2f3284ae,2026-04-14,b20d8f39-c2e2-4853-a202-6f43e0041828,86c9d449-3f66-41d2-bfdb-d40385eca579,fb0ad8e0-e5e4-48b7-8eea-9e2a90d87475,29.0,L,49.44,False
2e33803c-1f0c-4bd7-b8a7-076c02759f20,2026-04-15,b20d8f39-c2e2-4853-a202-6f43e0041828,86c9d449-3f66-41d2-bfdb-d40385eca579,fb0ad8e0-e5e4-48b7-8eea-9e2a90d87475,23.0,L,60.37,False
bc1b6d59-5069-4365-b0de-973df0ee9e3b,2026-04-16,b20d8f39-c2e2-4853-a202-6f43e0041828,86c9d449-3f66-41d2-bfdb-d40385eca579,fb0ad8e0-e5e4-48b7-8eea-9e2a90d87475,27.0,L,53.73,False
b2fe417b-ab14-46b1-b5e4-2adcf09db924,2026-04-17,b20d8f39-c2e2-4853-a202-6f43e0041828,86c9d449-3f66-41d2-bfdb-d40385eca579,fb0ad8e0-e5e4-48b7-8eea-9e2a90d87475,25.0,L,61.53,False
a375ea76-27cf-4026-a3a6-0379f63e0355,2026-04-18,b20d8f39-c2e2-4853-a202-6f43e0041828,86c9d449-3f66-41d2-bfdb-d40385eca579,fb0ad8e0-e5e4-48b7-8eea-9e2a90d87475,27.0,L,48.65,False
42ef3437-2f4c-42f5-8409-051595b98792,2026-04-19,b20d8f39-c2e2-4853-a202-6f43e0041828,86c9d449-3f66-41d2-bfdb-d40385eca579,fb0ad8e0-e5e4-48b7-8eea-9e2a90d87475,33.0,L,59.53,False
ea0e19c0-80b3-4c5a-a348-818f0766070a,2026-04-20,b20d8f39-c2e2-4853-a202-6f43e0041828,86c9d449-3f66-41d2-bfdb-d40385eca579,fb0ad8e0-e5e4-48b7-8eea-9e2a90d87475,20.0,L,64.18,False
89a35789-010f-43cb-9a4c-a208d67907ba,2026-04-21,b20d8f39-c2e2-4853-a202-6f43e0041828,86c9d449-3f66-41d2-bfdb-d40385eca579,fb0ad8e0-e5e4-48b7-8eea-9e2a90d87475,30.0,L,63.02,False
79069acc-f218-43b7-8003-52006a541825,2026-04-22,b20d8f39-c2e2-4853-a202-6f43e0041828,86c9d449-3f66-41d2-bfdb-d40385eca579,fb0ad8e0-e5e4-48b7-8eea-9e2a90d87475,28.0,L,67.79,True
d8824919-5e40-4156-891e-1ceb1d8137d7,2026-04-23,b20d8f39-c2e2-4853-a202-6f43e0041828,86c9d449-3f66-41d2-bfdb-d40385eca579,fb0ad8e0-e5e4-48b7-8eea-9e2a90d87475,26.0,L,64.82,False
802834b1-fb0d-47c3-81d6-15e78fe1aa64,2026-04-24,b20d8f39-c2e2-4853-a202-6f43e0041828,86c9d449-3f66-41d2-bfdb-d40385eca579,fb0ad8e0-e5e4-48b7-8eea-9e2a90d87475,26.0,L,50.12,False
4c925944-9384-4e3a-823b-072e2cb0ab72,2026-04-25,b20d8f39-c2e2-4853-a202-6f43e0041828,86c9d449-3f66-41d2-bfdb-d40385eca579,fb0ad8e0-e5e4-48b7-8eea-9e2a90d87475,30.0,L,56.6,False
ccf4237c-67bf-4f56-84eb-e0c9cef1571d,2026-04-26,b20d8f39-c2e2-4853-a202-6f43e0041828,86c9d449-3f66-41d2-bfdb-d40385eca579,fb0ad8e0-e5e4-48b7-8eea-9e2a90d87475,34.0,L,58.25,False
2343168d-8767-4c62-8e8e-312a9db57055,2026-04-27,b20d8f39-c2e2-4853-a202-6f43e0041828,86c9d449-3f66-41d2-bfdb-d40385eca579,fb0ad8e0-e5e4-48b7-8eea-9e2a90d87475,23.0,L,51.16,False
41ac1c26-ab2f-4497-b614-87ad0010dcd7,2026-04-28,b20d8f39-c2e2-4853-a202-6f43e0041828,86c9d449-3f66-41d2-bfdb-d40385eca579,fb0ad8e0-e5e4-48b7-8eea-9e2a90d87475,28.0,L,65.05,False
038d10ab-4684-4ed6-82c3-17f1643b5ac8,2026-04-29,b20d8f39-c2e2-4853-a202-6f43e0041828,86c9d449-3f66-41d2-bfdb-d40385eca579,fb0ad8e0-e5e4-48b7-8eea-9e2a90d87475,20.0,L,68.46,False
0a128d4c-ab99-42d7-9887-fce1be64843d,2026-04-30,b20d8f39-c2e2-4853-a202-6f43e0041828,86c9d449-3f66-41d2-bfdb-d40385eca579,fb0ad8e0-e5e4-48b7-8eea-9e2a90d87475,25.0,L,67.5,False
8b6ba888-698f-4db1-860e-8eb5aa20b776,2026-05-01,b20d8f39-c2e2-4853-a202-6f43e0041828,86c9d449-3f66-41d2-bfdb-d40385eca579,fb0ad8e0-e5e4-48b7-8eea-9e2a90d87475,33.0,L,63.62,False
a44c0157-92da-471c-a1b4-274be3d6024a,2026-05-02,b20d8f39-c2e2-4853-a202-6f43e0041828,86c9d449-3f66-41d2-bfdb-d40385eca579,fb0ad8e0-e5e4-48b7-8eea-9e2a90d87475,26.0,L,68.24,False
80cbccad-8400-4827-9718-d11a19a2f9f0,2026-05-03,b20d8f39-c2e2-4853-a202-6f43e0041828,86c9d449-3f66-41d2-bfdb-d40385eca579,fb0ad8e0-e5e4-48b7-8eea-9e2a90d87475,28.0,L,59.96,False
324dfc4e-8272-4f81-89e0-13ab6c666d74,2026-05-04,b20d8f39-c2e2-4853-a202-6f43e0041828,86c9d449-3f66-41d2-bfdb-d40385eca579,fb0ad8e0-e5e4-48b7-8eea-9e2a90d87475,27.0,L,48.41,False
3e99bf7f-d79e-43c3-8dc2-99027eeb366a,2026-05-05,b20d8f39-c2e2-4853-a202-6f43e0041828,86c9d449-3f66-41d2-bfdb-d40385eca579,fb0ad8e0-e5e4-48b7-8eea-9e2a90d87475,25.0,L,68.19,False
e3095d4e-e2e7-46b8-a474-babf5699fa59,2026-05-06,b20d8f39-c2e2-4853-a202-6f43e0041828,86c9d449-3f66-41d2-bfdb-d40385eca579,fb0ad8e0-e5e4-48b7-8eea-9e2a90d87475,26.0,L,64.01,False
5363ff26-3fc5-4501-876e-89eaefad446b,2026-05-07,b20d8f39-c2e2-4853-a202-6f43e0041828,86c9d449-3f66-41d2-bfdb-d40385eca579,fb0ad8e0-e5e4-48b7-8eea-9e2a90d87475,27.0,L,55.52,False
24d25d2f-6fcf-407b-bfba-554bdb2606e7,2026-05-08,b20d8f39-c2e2-4853-a202-6f43e0041828,86c9d449-3f66-41d2-bfdb-d40385eca579,fb0ad8e0-e5e4-48b7-8eea-9e2a90d87475,27.0,L,61.86,False
f57800f9-9d09-407e-842d-98d108e0710f,2026-05-09,b20d8f39-c2e2-4853-a202-6f43e0041828,86c9d449-3f66-41d2-bfdb-d40385eca579,fb0ad8e0-e5e4-48b7-8eea-9e2a90d87475,36.0,L,51.68,False
8e025f2f-5934-44e3-903a-667d8f0cdef9,2026-05-10,b20d8f39-c2e2-4853-a202-6f43e0041828,86c9d449-3f66-41d2-bfdb-d40385eca579,fb0ad8e0-e5e4-48b7-8eea-9e2a90d87475,33.0,L,52.38,False
b80bf516-b37c-48d3-beea-4fbb2d141148,2026-05-11,b20d8f39-c2e2-4853-a202-6f43e0041828,86c9d449-3f66-41d2-bfdb-d40385eca579,fb0ad8e0-e5e4-48b7-8eea-9e2a90d87475,24.0,L,65.09,False
7b5c72e4-c13b-4a7a-bb04-22959d47e8b6,2026-05-12,b20d8f39-c2e2-4853-a202-6f43e0041828,86c9d449-3f66-41d2-bfdb-d40385eca579,fb0ad8e0-e5e4-48b7-8eea-9e2a90d87475,27.0,L,66.18,False
c5e73ff0-00e6-4f2d-be0a-6efa95de3f79,2026-05-13,b20d8f39-c2e2-4853-a202-6f43e0041828,86c9d449-3f66-41d2-bfdb-d40385eca579,fb0ad8e0-e5e4-48b7-8eea-9e2a90d87475,32.0,L,69.18,False
152f24ce-5be9-411e-9d1f-6892a98277ea,2026-05-14,b20d8f39-c2e2-4853-a202-6f43e0041828,86c9d449-3f66-41d2-bfdb-d40385eca579,fb0ad8e0-e5e4-48b7-8eea-9e2a90d87475,24.0,L,59.84,False
b38303d3-108f-4ca7-91f3-ac1bfabcd615,2026-05-15,b20d8f39-c2e2-4853-a202-6f43e0041828,86c9d449-3f66-41d2-bfdb-d40385eca579,fb0ad8e0-e5e4-48b7-8eea-9e2a90d87475,21.0,L,50.36,False
f5adfd58-6d4c-4dbd-83e2-ae00782f09db,2026-05-16,b20d8f39-c2e2-4853-a202-6f43e0041828,86c9d449-3f66-41d2-bfdb-d40385eca579,fb0ad8e0-e5e4-48b7-8eea-9e2a90d87475,36.0,L,58.53,False
8ae0dfaf-da26-40da-b3fb-db96198a4fee,2026-05-17,b20d8f39-c2e2-4853-a202-6f43e0041828,86c9d449-3f66-41d2-bfdb-d40385eca579,fb0ad8e0-e5e4-48b7-8eea-9e2a90d87475,30.0,L,50.99,False
a343b538-8d3e-4a2a-9041-6b73ece9be4f,2026-05-18,b20d8f39-c2e2-4853-a202-6f43e0041828,86c9d449-3f66-41d2-bfdb-d40385eca579,fb0ad8e0-e5e4-48b7-8eea-9e2a90d87475,16.0,L,50.4,False
bdef1e03-5332-4eb7-88d2-fb35c92f968b,2026-05-19,b20d8f39-c2e2-4853-a202-6f43e0041828,86c9d449-3f66-41d2-bfdb-d40385eca579,fb0ad8e0-e5e4-48b7-8eea-9e2a90d87475,28.0,L,54.97,False
d2ba8cad-443c-4fae-add7-aad6ce6993a1,2026-05-20,b20d8f39-c2e2-4853-a202-6f43e0041828,86c9d449-3f66-41d2-bfdb-d40385eca579,fb0ad8e0-e5e4-48b7-8eea-9e2a90d87475,22.0,L,61.24,False
f11613dd-555a-45cd-a1d5-4429ae14cc74,2026-05-21,b20d8f39-c2e2-4853-a202-6f43e0041828,86c9d449-3f66-41d2-bfdb-d40385eca579,fb0ad8e0-e5e4-48b7-8eea-9e2a90d87475,24.0,L,60.57,False
6b895895-e2fb-43d7-922b-c4e89e8ffb04,2026-05-22,b20d8f39-c2e2-4853-a202-6f43e0041828,86c9d449-3f66-41d2-bfdb-d40385eca579,fb0ad8e0-e5e4-48b7-8eea-9e2a90d87475,26.0,L,55.95,False
b2538c40-cdb9-4633-89f8-05d844a0dfa5,2026-05-23,b20d8f39-c2e2-4853-a202-6f43e0041828,86c9d449-3f66-41d2-bfdb-d40385eca579,fb0ad8e0-e5e4-48b7-8eea-9e2a90d87475,31.0,L,57.29,False
5feae5f5-e64a-4dfd-a907-78033b2f6fc7,2026-05-24,b20d8f39-c2e2-4853-a202-6f43e0041828,86c9d449-3f66-41d2-bfdb-d40385eca579,fb0ad8e0-e5e4-48b7-8eea-9e2a90d87475,40.0,L,52.95,True
311219af-7d6b-4918-a6aa-c4f0f64f3789,2026-05-25,b20d8f39-c2e2-4853-a202-6f43e0041828,86c9d449-3f66-41d2-bfdb-d40385eca579,fb0ad8e0-e5e4-48b7-8eea-9e2a90d87475,22.0,L,57.46,False
cb25f1ed-006e-4599-894a-1468754b9dca,2026-05-26,b20d8f39-c2e2-4853-a202-6f43e0041828,86c9d449-3f66-41d2-bfdb-d40385eca579,fb0ad8e0-e5e4-48b7-8eea-9e2a90d87475,26.0,L,51.12,False
4798a600-94a4-4735-bf0f-a5516c0f73da,2026-05-27,b20d8f39-c2e2-4853-a202-6f43e0041828,86c9d449-3f66-41d2-bfdb-d40385eca579,fb0ad8e0-e5e4-48b7-8eea-9e2a90d87475,23.0,L,66.74,False
9ab5b425-b12c-4a10-9474-f8201263b9f6,2026-05-28,b20d8f39-c2e2-4853-a202-6f43e0041828,86c9d449-3f66-41d2-bfdb-d40385eca579,fb0ad8e0-e5e4-48b7-8eea-9e2a90d87475,27.0,L,55.83,False
9fb41c6e-a5fb-48c9-b11c-1ca7615af7e9,2026-05-29,b20d8f39-c2e2-4853-a202-6f43e0041828,86c9d449-3f66-41d2-bfdb-d40385eca579,fb0ad8e0-e5e4-48b7-8eea-9e2a90d87475,26.0,L,51.99,False
82c52f7e-975f-4f8b-a6bc-fcab53cf3492,2026-05-30,b20d8f39-c2e2-4853-a202-6f43e0041828,86c9d449-3f66-41d2-bfdb-d40385eca579,fb0ad8e0-e5e4-48b7-8eea-9e2a90d87475,25.0,L,65.98,False
318919cc-9113-4a11-ab0e-ed008c8ee4b9,2026-05-31,b20d8f39-c2e2-4853-a202-6f43e0041828,86c9d449-3f66-41d2-bfdb-d40385eca579,fb0ad8e0-e5e4-48b7-8eea-9e2a90d87475,35.0,L,51.24,False
4c28a51c-1d97-4ef5-ad13-b817ec876e2f,2026-06-01,b20d8f39-c2e2-4853-a202-6f43e0041828,86c9d449-3f66-41d2-bfdb-d40385eca579,fb0ad8e0-e5e4-48b7-8eea-9e2a90d87475,22.0,L,53.83,False
a03021b1-51dc-47de-a9d2-80a26d6246c5,2026-06-02,b20d8f39-c2e2-4853-a202-6f43e0041828,86c9d449-3f66-41d2-bfdb-d40385eca579,fb0ad8e0-e5e4-48b7-8eea-9e2a90d87475,27.0,L,49.91,False
62e7797d-c678-4020-a8ec-b19dbe5387f3,2026-06-03,b20d8f39-c2e2-4853-a202-6f43e0041828,86c9d449-3f66-41d2-bfdb-d40385eca579,fb0ad8e0-e5e4-48b7-8eea-9e2a90d87475,30.0,L,58.95,True
91196a59-2c47-4e0d-99c3-bf00398c33c2,2026-06-04,b20d8f39-c2e2-4853-a202-6f43e0041828,86c9d449-3f66-41d2-bfdb-d40385eca579,fb0ad8e0-e5e4-48b7-8eea-9e2a90d87475,37.0,L,60.52,True
680a045d-11cf-45a6-96fe-0f68375dd7d4,2026-06-05,b20d8f39-c2e2-4853-a202-6f43e0041828,86c9d449-3f66-41d2-bfdb-d40385eca579,fb0ad8e0-e5e4-48b7-8eea-9e2a90d87475,23.0,L,60.69,False
d45574bf-e195-4f4b-918c-a495723ab97f,2026-06-06,b20d8f39-c2e2-4853-a202-6f43e0041828,86c9d449-3f66-41d2-bfdb-d40385eca579,fb0ad8e0-e5e4-48b7-8eea-9e2a90d87475,28.0,L,59.71,False
98c015cc-2a96-462f-ba5e-9e12e4c1df17,2026-06-07,b20d8f39-c2e2-4853-a202-6f43e0041828,86c9d449-3f66-41d2-bfdb-d40385eca579,fb0ad8e0-e5e4-48b7-8eea-9e2a90d87475,29.0,L,58.21,False
335c04da-c8ad-489e-bc7e-ceac2d4791da,2026-06-08,b20d8f39-c2e2-4853-a202-6f43e0041828,86c9d449-3f66-41d2-bfdb-d40385eca579,fb0ad8e0-e5e4-48b7-8eea-9e2a90d87475,22.0,L,55.98,False
4dc7fa68-b29f-4622-aefb-f58764ff1566,2026-06-09,b20d8f39-c2e2-4853-a202-6f43e0041828,86c9d449-3f66-41d2-bfdb-d40385eca579,fb0ad8e0-e5e4-48b7-8eea-9e2a90d87475,27.0,L,64.52,False
524219ac-03df-4905-a46e-91c78577d53c,2026-06-10,b20d8f39-c2e2-4853-a202-6f43e0041828,86c9d449-3f66-41d2-bfdb-d40385eca579,fb0ad8e0-e5e4-48b7-8eea-9e2a90d87475,17.0,L,54.41,False
f234b70a-13ce-40fc-8173-f50a49415f17,2026-06-11,b20d8f39-c2e2-4853-a202-6f43e0041828,86c9d449-3f66-41d2-bfdb-d40385eca579,fb0ad8e0-e5e4-48b7-8eea-9e2a90d87475,19.0,L,56.63,False
c12fe9f2-c4b2-4fde-b2f2-57e38632120e,2026-06-12,b20d8f39-c2e2-4853-a202-6f43e0041828,86c9d449-3f66-41d2-bfdb-d40385eca579,fb0ad8e0-e5e4-48b7-8eea-9e2a90d87475,19.0,L,62.22,False
816960bc-a384-466d-9631-33a5ed408cfa,2026-06-13,b20d8f39-c2e2-4853-a202-6f43e0041828,86c9d449-3f66-41d2-bfdb-d40385eca579,fb0ad8e0-e5e4-48b7-8eea-9e2a90d87475,34.0,L,65.24,False
82c4a954-2ae3-4633-a55e-4d2f303cb360,2026-06-14,b20d8f39-c2e2-4853-a202-6f43e0041828,86c9d449-3f66-41d2-bfdb-d40385eca579,fb0ad8e0-e5e4-48b7-8eea-9e2a90d87475,37.0,L,51.78,False
7dac7e2c-db55-4565-a893-bb979d0b73c0,2026-06-15,b20d8f39-c2e2-4853-a202-6f43e0041828,86c9d449-3f66-41d2-bfdb-d40385eca579,fb0ad8e0-e5e4-48b7-8eea-9e2a90d87475,23.0,L,57.67,False
008c584c-9694-4d7d-b61c-d2dfa67981fc,2026-06-16,b20d8f39-c2e2-4853-a202-6f43e0041828,86c9d449-3f66-41d2-bfdb-d40385eca579,fb0ad8e0-e5e4-48b7-8eea-9e2a90d87475,23.0,L,62.15,False
3a0e238f-d780-4287-b341-618ef2a4118e,2026-06-17,b20d8f39-c2e2-4853-a202-6f43e0041828,86c9d449-3f66-41d2-bfdb-d40385eca579,fb0ad8e0-e5e4-48b7-8eea-9e2a90d87475,23.0,L,63.75,False
59c1ce2f-edde-4c0d-84dc-8f1dd1e149d9,2026-06-18,b20d8f39-c2e2-4853-a202-6f43e0041828,86c9d449-3f66-41d2-bfdb-d40385eca579,fb0ad8e0-e5e4-48b7-8eea-9e2a90d87475,27.0,L,55.83,False
0d196141-2217-44a2-95f0-c0b74b8140db,2026-06-19,b20d8f39-c2e2-4853-a202-6f43e0041828,86c9d449-3f66-41d2-bfdb-d40385eca579,fb0ad8e0-e5e4-48b7-8eea-9e2a90d87475,20.0,L,58.54,False
a4793cc8-e6bf-4cde-9a5f-6664f7917394,2026-06-20,b20d8f39-c2e2-4853-a202-6f43e0041828,86c9d449-3f66-41d2-bfdb-d40385eca579,fb0ad8e0-e5e4-48b7-8eea-9e2a90d87475,36.0,L,56.06,True
b3f25325-aa35-42e3-8cd7-d7aadc501959,2026-06-21,b20d8f39-c2e2-4853-a202-6f43e0041828,86c9d449-3f66-41d2-bfdb-d40385eca579,fb0ad8e0-e5e4-48b7-8eea-9e2a90d87475,40.0,L,52.64,True
913d8d66-3647-496b-813e-02eed59f367a,2026-06-22,b20d8f39-c2e2-4853-a202-6f43e0041828,86c9d449-3f66-41d2-bfdb-d40385eca579,fb0ad8e0-e5e4-48b7-8eea-9e2a90d87475,25.0,L,58.16,False
28b7c5c5-92d3-42bb-ac2d-4e55609f8ad4,2026-06-23,b20d8f39-c2e2-4853-a202-6f43e0041828,86c9d449-3f66-41d2-bfdb-d40385eca579,fb0ad8e0-e5e4-48b7-8eea-9e2a90d87475,24.0,L,49.28,False
415d9ddc-3131-4b98-ab2d-1e885ef8a415,2026-06-24,b20d8f39-c2e2-4853-a202-6f43e0041828,86c9d449-3f66-41d2-bfdb-d40385eca579,fb0ad8e0-e5e4-48b7-8eea-9e2a90d87475,27.0,L,55.11,False
140d4318-28d0-4298-85a3-e50b30f0f352,2026-06-25,b20d8f39-c2e2-4853-a202-6f43e0041828,86c9d449-3f66-41d2-bfdb-d40385eca579,fb0ad8e0-e5e4-48b7-8eea-9e2a90d87475,13.0,L,59.25,False
1e6bcbb6-bf26-4830-89bb-d2b654b10a3e,2026-06-26,b20d8f39-c2e2-4853-a202-6f43e0041828,86c9d449-3f66-41d2-bfdb-d40385eca579,fb0ad8e0-e5e4-48b7-8eea-9e2a90d87475,25.0,L,65.83,False
4ab768e8-d8cd-4973-94e2-26be262caa9a,2026-06-27,b20d8f39-c2e2-4853-a202-6f43e0041828,86c9d449-3f66-41d2-bfdb-d40385eca579,fb0ad8e0-e5e4-48b7-8eea-9e2a90d87475,25.0,L,51.95,False
3ab28065-c797-4742-98f6-8774e25ca341,2026-06-28,b20d8f39-c2e2-4853-a202-6f43e0041828,86c9d449-3f66-41d2-bfdb-d40385eca579,fb0ad8e0-e5e4-48b7-8eea-9e2a90d87475,20.0,L,55.97,False
6821c30b-c201-4d13-9281-1c0261e65919,2026-06-29,b20d8f39-c2e2-4853-a202-6f43e0041828,86c9d449-3f66-41d2-bfdb-d40385eca579,fb0ad8e0-e5e4-48b7-8eea-9e2a90d87475,24.0,L,65.84,False
e6ee7382-3583-4dbc-948c-bf16daae582d,2026-06-30,b20d8f39-c2e2-4853-a202-6f43e0041828,86c9d449-3f66-41d2-bfdb-d40385eca579,fb0ad8e0-e5e4-48b7-8eea-9e2a90d87475,28.0,L,56.2,False
c52eddb7-1d12-426b-b03c-25fe00204c92,2026-07-01,b20d8f39-c2e2-4853-a202-6f43e0041828,86c9d449-3f66-41d2-bfdb-d40385eca579,fb0ad8e0-e5e4-48b7-8eea-9e2a90d87475,22.0,L,59.14,False
5ec9cf55-9201-4f95-a611-2ba6a279219e,2026-07-02,b20d8f39-c2e2-4853-a202-6f43e0041828,86c9d449-3f66-41d2-bfdb-d40385eca579,fb0ad8e0-e5e4-48b7-8eea-9e2a90d87475,26.0,L,58.52,False
c7dfff50-72c3-41a5-990c-3eba84a0bc2f,2026-07-03,b20d8f39-c2e2-4853-a202-6f43e0041828,86c9d449-3f66-41d2-bfdb-d40385eca579,fb0ad8e0-e5e4-48b7-8eea-9e2a90d87475,28.0,L,60.99,False
d7f4a3c2-f8b8-4c55-8508-76a74a07a92b,2026-07-04,b20d8f39-c2e2-4853-a202-6f43e0041828,86c9d449-3f66-41d2-bfdb-d40385eca579,fb0ad8e0-e5e4-48b7-8eea-9e2a90d87475,34.0,L,51.22,False
ed4333d2-06e7-424d-817b-f81a4a1edc7a,2026-07-05,b20d8f39-c2e2-4853-a202-6f43e0041828,86c9d449-3f66-41d2-bfdb-d40385eca579,fb0ad8e0-e5e4-48b7-8eea-9e2a90d87475,35.0,L,49.92,False
463565f3-4f85-49af-ac50-5163268d3287,2026-07-06,b20d8f39-c2e2-4853-a202-6f43e0041828,86c9d449-3f66-41d2-bfdb-d40385eca579,fb0ad8e0-e5e4-48b7-8eea-9e2a90d87475,25.0,L,52.74,False
1ecdb580-914a-4d77-a8c3-d49120042515,2026-07-07,b20d8f39-c2e2-4853-a202-6f43e0041828,86c9d449-3f66-41d2-bfdb-d40385eca579,fb0ad8e0-e5e4-48b7-8eea-9e2a90d87475,23.0,L,55.91,False
f6efe35c-0389-4319-b4cc-11155c8a4485,2026-07-08,b20d8f39-c2e2-4853-a202-6f43e0041828,86c9d449-3f66-41d2-bfdb-d40385eca579,fb0ad8e0-e5e4-48b7-8eea-9e2a90d87475,17.0,L,53.14,False
55de1c8b-1c6d-4f99-9506-2b4b88e5e64d,2026-07-09,b20d8f39-c2e2-4853-a202-6f43e0041828,86c9d449-3f66-41d2-bfdb-d40385eca579,fb0ad8e0-e5e4-48b7-8eea-9e2a90d87475,21.0,L,63.43,False
ac24de2e-53db-4b70-baaa-035480c5f17c,2026-07-10,b20d8f39-c2e2-4853-a202-6f43e0041828,86c9d449-3f66-41d2-bfdb-d40385eca579,fb0ad8e0-e5e4-48b7-8eea-9e2a90d87475,19.0,L,58.36,False
d47f87c3-526a-4f34-8903-add69f94a1fe,2026-07-11,b20d8f39-c2e2-4853-a202-6f43e0041828,86c9d449-3f66-41d2-bfdb-d40385eca579,fb0ad8e0-e5e4-48b7-8eea-9e2a90d87475,37.0,L,51.69,False
044019bc-8b85-4880-882b-89233f69bfc0,2026-07-12,b20d8f39-c2e2-4853-a202-6f43e0041828,86c9d449-3f66-41d2-bfdb-d40385eca579,fb0ad8e0-e5e4-48b7-8eea-9e2a90d87475,27.0,L,49.21,False
864765da-50ea-467f-ae65-6974b01902b1,2026-07-13,b20d8f39-c2e2-4853-a202-6f43e0041828,86c9d449-3f66-41d2-bfdb-d40385eca579,fb0ad8e0-e5e4-48b7-8eea-9e2a90d87475,22.0,L,51.68,False
30f04c59-2342-441d-a5da-c4344e524653,2026-07-14,b20d8f39-c2e2-4853-a202-6f43e0041828,86c9d449-3f66-41d2-bfdb-d40385eca579,fb0ad8e0-e5e4-48b7-8eea-9e2a90d87475,24.0,L,49.12,False
020a1121-b301-45ea-a80d-386620624c96,2026-07-15,b20d8f39-c2e2-4853-a202-6f43e0041828,86c9d449-3f66-41d2-bfdb-d40385eca579,fb0ad8e0-e5e4-48b7-8eea-9e2a90d87475,22.0,L,49.47,False
4097e473-c0f7-4ab8-ae82-0d0c23bb1bc1,2026-07-16,b20d8f39-c2e2-4853-a202-6f43e0041828,86c9d449-3f66-41d2-bfdb-d40385eca579,fb0ad8e0-e5e4-48b7-8eea-9e2a90d87475,28.0,L,68.42,False
49c0b229-a550-4378-bd1a-b2ddd7871fa2,2026-07-17,b20d8f39-c2e2-4853-a202-6f43e0041828,86c9d449-3f66-41d2-bfdb-d40385eca579,fb0ad8e0-e5e4-48b7-8eea-9e2a90d87475,20.0,L,60.14,False
15c63c8f-ebec-4fa4-a17c-8a7bc6e7edf0,2026-07-18,b20d8f39-c2e2-4853-a202-6f43e0041828,86c9d449-3f66-41d2-bfdb-d40385eca579,fb0ad8e0-e5e4-48b7-8eea-9e2a90d87475,34.0,L,63.41,True
65cd6ca9-ad34-45f3-8e6c-db2c49cb2949,2026-07-19,b20d8f39-c2e2-4853-a202-6f43e0041828,86c9d449-3f66-41d2-bfdb-d40385eca579,fb0ad8e0-e5e4-48b7-8eea-9e2a90d87475,24.0,L,54.25,False
84f32325-77d1-41e9-93a0-a461445f4e19,2026-07-20,b20d8f39-c2e2-4853-a202-6f43e0041828,86c9d449-3f66-41d2-bfdb-d40385eca579,fb0ad8e0-e5e4-48b7-8eea-9e2a90d87475,17.0,L,69.15,False
564d76e7-2c36-4211-9f58-0bdd9c87809a,2026-07-21,b20d8f39-c2e2-4853-a202-6f43e0041828,86c9d449-3f66-41d2-bfdb-d40385eca579,fb0ad8e0-e5e4-48b7-8eea-9e2a90d87475,19.0,L,51.88,False
2fe99ba2-7a85-4563-82eb-bf98a446df1e,2026-07-22,b20d8f39-c2e2-4853-a202-6f43e0041828,86c9d449-3f66-41d2-bfdb-d40385eca579,fb0ad8e0-e5e4-48b7-8eea-9e2a90d87475,21.0,L,60.92,False
2e5f4da2-8af4-46ff-bd2d-dc51f4568468,2026-07-23,b20d8f39-c2e2-4853-a202-6f43e0041828,86c9d449-3f66-41d2-bfdb-d40385eca579,fb0ad8e0-e5e4-48b7-8eea-9e2a90d87475,20.0,L,65.53,False
3f736a76-b79b-487a-9d8a-fb13cac2e661,2026-07-24,b20d8f39-c2e2-4853-a202-6f43e0041828,86c9d449-3f66-41d2-bfdb-d40385eca579,fb0ad8e0-e5e4-48b7-8eea-9e2a90d87475,19.0,L,62.15,False
cfb6d733-1b7c-4840-873b-59c6bd6ab759,2026-07-25,b20d8f39-c2e2-4853-a202-6f43e0041828,86c9d449-3f66-41d2-bfdb-d40385eca579,fb0ad8e0-e5e4-48b7-8eea-9e2a90d87475,21.0,L,63.51,False
a26def37-96f1-432e-83db-7c41d334ebb2,2026-07-26,b20d8f39-c2e2-4853-a202-6f43e0041828,86c9d449-3f66-41d2-bfdb-d40385eca579,fb0ad8e0-e5e4-48b7-8eea-9e2a90d87475,26.0,L,60.7,False
4b263927-176b-4922-862f-258d767f441e,2026-07-27,b20d8f39-c2e2-4853-a202-6f43e0041828,86c9d449-3f66-41d2-bfdb-d40385eca579,fb0ad8e0-e5e4-48b7-8eea-9e2a90d87475,16.0,L,56.39,False
3965775c-44bc-4220-a653-0009f5aca38d,2026-07-28,b20d8f39-c2e2-4853-a202-6f43e0041828,86c9d449-3f66-41d2-bfdb-d40385eca579,fb0ad8e0-e5e4-48b7-8eea-9e2a90d87475,24.0,L,52.55,False
af312c9e-1bde-4227-9b1d-b343e8c3a2eb,2026-07-29,b20d8f39-c2e2-4853-a202-6f43e0041828,86c9d449-3f66-41d2-bfdb-d40385eca579,fb0ad8e0-e5e4-48b7-8eea-9e2a90d87475,22.0,L,58.89,False
4a6b71e3-fdd9-4213-ba2d-bce0110f29ec,2026-07-30,b20d8f39-c2e2-4853-a202-6f43e0041828,86c9d449-3f66-41d2-bfdb-d40385eca579,fb0ad8e0-e5e4-48b7-8eea-9e2a90d87475,16.0,L,51.44,False
a6fe1ee4-080d-4561-89c6-f06bdf6ce56f,2026-07-31,b20d8f39-c2e2-4853-a202-6f43e0041828,86c9d449-3f66-41d2-bfdb-d40385eca579,fb0ad8e0-e5e4-48b7-8eea-9e2a90d87475,20.0,L,58.29,False
45fa7472-e38b-41c5-a94d-c80a6c69af95,2026-08-01,b20d8f39-c2e2-4853-a202-6f43e0041828,86c9d449-3f66-41d2-bfdb-d40385eca579,fb0ad8e0-e5e4-48b7-8eea-9e2a90d87475,23.0,L,64.76,False
11f8eecf-e3a6-4523-9d2c-b94c5495dedc,2026-08-02,b20d8f39-c2e2-4853-a202-6f43e0041828,86c9d449-3f66-41d2-bfdb-d40385eca579,fb0ad8e0-e5e4-48b7-8eea-9e2a90d87475,28.0,L,50.77,False
f6d49f90-fd2f-4228-aaf0-26d58ea8d108,2026-08-03,b20d8f39-c2e2-4853-a202-6f43e0041828,86c9d449-3f66-41d2-bfdb-d40385eca579,fb0ad8e0-e5e4-48b7-8eea-9e2a90d87475,26.0,L,51.04,False
da6afff4-afba-410b-9b38-56fcae571018,2026-08-04,b20d8f39-c2e2-4853-a202-6f43e0041828,86c9d449-3f66-41d2-bfdb-d40385eca579,fb0ad8e0-e5e4-48b7-8eea-9e2a90d87475,15.0,L,65.68,False
f03135dd-5b2d-49c2-bb09-9f104c10c527,2026-08-05,b20d8f39-c2e2-4853-a202-6f43e0041828,86c9d449-3f66-41d2-bfdb-d40385eca579,fb0ad8e0-e5e4-48b7-8eea-9e2a90d87475,21.0,L,61.93,False
d54a4e5d-962f-498b-97c6-cdc882e93d1e,2026-08-06,b20d8f39-c2e2-4853-a202-6f43e0041828,86c9d449-3f66-41d2-bfdb-d40385eca579,fb0ad8e0-e5e4-48b7-8eea-9e2a90d87475,20.0,L,56.08,False
b301631b-1fa1-4f33-9917-e35e195aa519,2026-08-07,b20d8f39-c2e2-4853-a202-6f43e0041828,86c9d449-3f66-41d2-bfdb-d40385eca579,fb0ad8e0-e5e4-48b7-8eea-9e2a90d87475,28.0,L,59.43,True
3c88aed7-e3bb-4c43-9ab2-b0d777feac35,2026-08-08,b20d8f39-c2e2-4853-a202-6f43e0041828,86c9d449-3f66-41d2-bfdb-d40385eca579,fb0ad8e0-e5e4-48b7-8eea-9e2a90d87475,27.0,L,65.15,False
200cf0c9-ab94-424b-bf4d-96176ede2af7,2026-08-09,b20d8f39-c2e2-4853-a202-6f43e0041828,86c9d449-3f66-41d2-bfdb-d40385eca579,fb0ad8e0-e5e4-48b7-8eea-9e2a90d87475,23.0,L,56.31,False
e52ebcf6-e75c-44c7-b04e-6aa11ac20053,2026-08-10,b20d8f39-c2e2-4853-a202-6f43e0041828,86c9d449-3f66-41d2-bfdb-d40385eca579,fb0ad8e0-e5e4-48b7-8eea-9e2a90d87475,20.0,L,63.87,False
e1f3983a-0ac1-4a68-9ef9-3fb4924bb6b7,2026-08-11,b20d8f39-c2e2-4853-a202-6f43e0041828,86c9d449-3f66-41d2-bfdb-d40385eca579,fb0ad8e0-e5e4-48b7-8eea-9e2a90d87475,18.0,L,62.93,False
0314acc1-2bba-4cec-8082-a4cee2b0b18b,2026-08-12,b20d8f39-c2e2-4853-a202-6f43e0041828,86c9d449-3f66-41d2-bfdb-d40385eca579,fb0ad8e0-e5e4-48b7-8eea-9e2a90d87475,24.0,L,58.32,False
057e28be-b675-4c9b-8216-4e17ba9fadc4,2026-08-13,b20d8f39-c2e2-4853-a202-6f43e0041828,86c9d449-3f66-41d2-bfdb-d40385eca579,fb0ad8e0-e5e4-48b7-8eea-9e2a90d87475,21.0,L,66.34,False
d99d7e31-88de-4cfe-b7c3-31be65813f22,2026-08-14,b20d8f39-c2e2-4853-a202-6f43e0041828,86c9d449-3f66-41d2-bfdb-d40385eca579,fb0ad8e0-e5e4-48b7-8eea-9e2a90d87475,27.0,L,66.71,False
fe2fa692-69b6-4a19-9684-529949f43796,2026-08-15,b20d8f39-c2e2-4853-a202-6f43e0041828,86c9d449-3f66-41d2-bfdb-d40385eca579,fb0ad8e0-e5e4-48b7-8eea-9e2a90d87475,26.0,L,52.27,False
89a8f801-139d-47b0-b209-44b676ffd9ae,2026-08-16,b20d8f39-c2e2-4853-a202-6f43e0041828,86c9d449-3f66-41d2-bfdb-d40385eca579,fb0ad8e0-e5e4-48b7-8eea-9e2a90d87475,23.0,L,60.44,False
a3885b57-d3ee-4224-b9d7-15c7dbfb8bf5,2026-08-17,b20d8f39-c2e2-4853-a202-6f43e0041828,86c9d449-3f66-41d2-bfdb-d40385eca579,fb0ad8e0-e5e4-48b7-8eea-9e2a90d87475,16.0,L,48.45,False
c63fe84e-152a-4110-921c-42ba235c01b1,2026-08-18,b20d8f39-c2e2-4853-a202-6f43e0041828,86c9d449-3f66-41d2-bfdb-d40385eca579,fb0ad8e0-e5e4-48b7-8eea-9e2a90d87475,15.0,L,62.74,False
217d7621-35d8-43af-8e95-6fced4dcd587,2026-08-19,b20d8f39-c2e2-4853-a202-6f43e0041828,86c9d449-3f66-41d2-bfdb-d40385eca579,fb0ad8e0-e5e4-48b7-8eea-9e2a90d87475,15.0,L,55.91,False
7617eb2a-134e-4ae8-8f00-4865bd85998e,2026-08-20,b20d8f39-c2e2-4853-a202-6f43e0041828,86c9d449-3f66-41d2-bfdb-d40385eca579,fb0ad8e0-e5e4-48b7-8eea-9e2a90d87475,21.0,L,61.98,False
2adb7178-9452-4715-a096-c0a76992573e,2026-08-21,b20d8f39-c2e2-4853-a202-6f43e0041828,86c9d449-3f66-41d2-bfdb-d40385eca579,fb0ad8e0-e5e4-48b7-8eea-9e2a90d87475,22.0,L,66.25,False
095bec6f-6ab4-4fe2-a86c-277f42f9ad91,2026-08-22,b20d8f39-c2e2-4853-a202-6f43e0041828,86c9d449-3f66-41d2-bfdb-d40385eca579,fb0ad8e0-e5e4-48b7-8eea-9e2a90d87475,19.0,L,55.98,False
c1c463d7-cf26-4791-b6b8-dfef20eae3ab,2026-08-23,b20d8f39-c2e2-4853-a202-6f43e0041828,86c9d449-3f66-41d2-bfdb-d40385eca579,fb0ad8e0-e5e4-48b7-8eea-9e2a90d87475,29.0,L,64.15,False
553fd201-c3c0-4fb2-a78c-302f956fe2c3,2026-08-24,b20d8f39-c2e2-4853-a202-6f43e0041828,86c9d449-3f66-41d2-bfdb-d40385eca579,fb0ad8e0-e5e4-48b7-8eea-9e2a90d87475,19.0,L,58.43,False
238adfa0-b04c-4fdb-9d15-a4e171248976,2026-08-25,b20d8f39-c2e2-4853-a202-6f43e0041828,86c9d449-3f66-41d2-bfdb-d40385eca579,fb0ad8e0-e5e4-48b7-8eea-9e2a90d87475,21.0,L,53.63,False
d503079c-234b-45b1-8822-af2030a81a33,2026-08-26,b20d8f39-c2e2-4853-a202-6f43e0041828,86c9d449-3f66-41d2-bfdb-d40385eca579,fb0ad8e0-e5e4-48b7-8eea-9e2a90d87475,26.0,L,63.75,False
2a307b5e-cc85-4bc0-9abe-02630ed25dac,2026-08-27,b20d8f39-c2e2-4853-a202-6f43e0041828,86c9d449-3f66-41d2-bfdb-d40385eca579,fb0ad8e0-e5e4-48b7-8eea-9e2a90d87475,23.0,L,64.0,False
d5439d0f-d2a3-4610-9b57-f31060fb6ae6,2026-08-28,b20d8f39-c2e2-4853-a202-6f43e0041828,86c9d449-3f66-41d2-bfdb-d40385eca579,fb0ad8e0-e5e4-48b7-8eea-9e2a90d87475,19.0,L,52.8,False
ba7ea60e-ee11-4cb5-8ae6-9a66c781493a,2026-08-29,b20d8f39-c2e2-4853-a202-6f43e0041828,86c9d449-3f66-41d2-bfdb-d40385eca579,fb0ad8e0-e5e4-48b7-8eea-9e2a90d87475,22.0,L,59.86,False
f948611d-ef0b-44c2-b157-543195fa4911,2026-08-30,b20d8f39-c2e2-4853-a202-6f43e0041828,86c9d449-3f66-41d2-bfdb-d40385eca579,fb0ad8e0-e5e4-48b7-8eea-9e2a90d87475,17.0,L,68.56,False
babf9a8b-6598-40d7-a652-236aa5481bf5,2026-08-31,b20d8f39-c2e2-4853-a202-6f43e0041828,86c9d449-3f66-41d2-bfdb-d40385eca579,fb0ad8e0-e5e4-48b7-8eea-9e2a90d87475,21.0,L,51.35,True
6b2d3a1b-8943-4f49-8064-284900f48778,2026-09-01,b20d8f39-c2e2-4853-a202-6f43e0041828,86c9d449-3f66-41d2-bfdb-d40385eca579,fb0ad8e0-e5e4-48b7-8eea-9e2a90d87475,19.0,L,52.96,False
1d6eb78c-744c-482b-b9a8-79075c2b3e3e,2026-09-02,b20d8f39-c2e2-4853-a202-6f43e0041828,86c9d449-3f66-41d2-bfdb-d40385eca579,fb0ad8e0-e5e4-48b7-8eea-9e2a90d87475,17.0,L,56.37,False
bf27b25d-efa6-44cd-b2f0-1959990f1ad4,2026-09-03,b20d8f39-c2e2-4853-a202-6f43e0041828,86c9d449-3f66-41d2-bfdb-d40385eca579,fb0ad8e0-e5e4-48b7-8eea-9e2a90d87475,20.0,L,63.24,False
f0aa8812-f8e5-460b-93f3-c8ba5cb8b58d,2026-09-04,b20d8f39-c2e2-4853-a202-6f43e0041828,86c9d449-3f66-41d2-bfdb-d40385eca579,fb0ad8e0-e5e4-48b7-8eea-9e2a90d87475,20.0,L,61.75,False
98b520b0-893c-4a65-bc05-4be399902194,2026-09-05,b20d8f39-c2e2-4853-a202-6f43e0041828,86c9d449-3f66-41d2-bfdb-d40385eca579,fb0ad8e0-e5e4-48b7-8eea-9e2a90d87475,24.0,L,65.18,False
f7a505ce-ef48-4e20-b45d-29576cbea032,2026-09-06,b20d8f39-c2e2-4853-a202-6f43e0041828,86c9d449-3f66-41d2-bfdb-d40385eca579,fb0ad8e0-e5e4-48b7-8eea-9e2a90d87475,22.0,L,59.13,False
7989f755-4fde-4498-a433-080995565649,2026-09-07,b20d8f39-c2e2-4853-a202-6f43e0041828,86c9d449-3f66-41d2-bfdb-d40385eca579,fb0ad8e0-e5e4-48b7-8eea-9e2a90d87475,21.0,L,53.32,False
e80e119c-848c-4dd5-87ef-2fae91193c59,2025-09-08,b20d8f39-c2e2-4853-a202-6f43e0041828,89414700-a29c-442e-84b4-bd0e350e2a09,9d693283-bf30-4162-af2e-08ff4700e06a,11.0,kg,57.69,True
c5d0d398-b9d5-49d5-917a-75dc57a4e886,2025-09-09,b20d8f39-c2e2-4853-a202-6f43e0041828,89414700-a29c-442e-84b4-bd0e350e2a09,9d693283-bf30-4162-af2e-08ff4700e06a,7.0,kg,46.43,False
416a1828-f1a5-490e-9bc6-b9ea891a7145,2025-09-10,b20d8f39-c2e2-4853-a202-6f43e0041828,89414700-a29c-442e-84b4-bd0e350e2a09,9d693283-bf30-4162-af2e-08ff4700e06a,11.0,kg,50.51,False
f99d7d09-71f0-4061-88bd-1f2186779d4b,2025-09-11,b20d8f39-c2e2-4853-a202-6f43e0041828,89414700-a29c-442e-84b4-bd0e350e2a09,9d693283-bf30-4162-af2e-08ff4700e06a,9.0,kg,53.15,False
27a61b99-42e9-4718-815b-cfc8798fd189,2025-09-12,b20d8f39-c2e2-4853-a202-6f43e0041828,89414700-a29c-442e-84b4-bd0e350e2a09,9d693283-bf30-4162-af2e-08ff4700e06a,11.0,kg,45.23,True
c8571337-60bb-4b2d-8b4e-8cfe9cfbb195,2025-09-13,b20d8f39-c2e2-4853-a202-6f43e0041828,89414700-a29c-442e-84b4-bd0e350e2a09,9d693283-bf30-4162-af2e-08ff4700e06a,12.0,kg,56.26,False
7cefc6f9-e702-4ff7-8a3d-3ec964aaa113,2025-09-14,b20d8f39-c2e2-4853-a202-6f43e0041828,89414700-a29c-442e-84b4-bd0e350e2a09,9d693283-bf30-4162-af2e-08ff4700e06a,11.0,kg,57.11,False
961e91ba-6c53-44ed-ad66-6f50d64b09af,2025-09-15,b20d8f39-c2e2-4853-a202-6f43e0041828,89414700-a29c-442e-84b4-bd0e350e2a09,9d693283-bf30-4162-af2e-08ff4700e06a,10.0,kg,50.86,False
aff7cdc2-ca1e-4425-a25c-3c863cf15af2,2025-09-16,b20d8f39-c2e2-4853-a202-6f43e0041828,89414700-a29c-442e-84b4-bd0e350e2a09,9d693283-bf30-4162-af2e-08ff4700e06a,9.0,kg,50.31,False
26244553-2b29-44a2-9568-e0dfb3127335,2025-09-17,b20d8f39-c2e2-4853-a202-6f43e0041828,89414700-a29c-442e-84b4-bd0e350e2a09,9d693283-bf30-4162-af2e-08ff4700e06a,8.0,kg,47.37,False
7b7a85bf-4626-49e5-8a2a-e97cbbc01958,2025-09-18,b20d8f39-c2e2-4853-a202-6f43e0041828,89414700-a29c-442e-84b4-bd0e350e2a09,9d693283-bf30-4162-af2e-08ff4700e06a,9.0,kg,41.52,False
b9a456e1-554f-41a8-9459-82e79d395911,2025-09-19,b20d8f39-c2e2-4853-a202-6f43e0041828,89414700-a29c-442e-84b4-bd0e350e2a09,9d693283-bf30-4162-af2e-08ff4700e06a,7.0,kg,56.82,False
3a51bf3a-c567-4f61-8f59-2adf1771837a,2025-09-20,b20d8f39-c2e2-4853-a202-6f43e0041828,89414700-a29c-442e-84b4-bd0e350e2a09,9d693283-bf30-4162-af2e-08ff4700e06a,11.0,kg,56.99,False
a71123a3-4b64-4fcc-8ffb-74bfcbdf09ae,2025-09-21,b20d8f39-c2e2-4853-a202-6f43e0041828,89414700-a29c-442e-84b4-bd0e350e2a09,9d693283-bf30-4162-af2e-08ff4700e06a,11.0,kg,54.48,False
2344ecd1-4933-4ef6-96cd-8ad05a70f4f0,2025-09-22,b20d8f39-c2e2-4853-a202-6f43e0041828,89414700-a29c-442e-84b4-bd0e350e2a09,9d693283-bf30-4162-af2e-08ff4700e06a,9.0,kg,52.4,False
0d8c2241-ee1d-4840-b570-5a3148d24cf9,2025-09-23,b20d8f39-c2e2-4853-a202-6f43e0041828,89414700-a29c-442e-84b4-bd0e350e2a09,9d693283-bf30-4162-af2e-08ff4700e06a,9.0,kg,50.11,False
9227d39d-75b2-438f-bad1-583b6d23616d,2025-09-24,b20d8f39-c2e2-4853-a202-6f43e0041828,89414700-a29c-442e-84b4-bd0e350e2a09,9d693283-bf30-4162-af2e-08ff4700e06a,6.0,kg,57.07,False
64ebe5ff-9b2d-4878-b603-9fc6ccc6191f,2025-09-25,b20d8f39-c2e2-4853-a202-6f43e0041828,89414700-a29c-442e-84b4-bd0e350e2a09,9d693283-bf30-4162-af2e-08ff4700e06a,8.0,kg,48.31,False
52fd7e90-828f-499c-a678-0c93dc76d7dc,2025-09-26,b20d8f39-c2e2-4853-a202-6f43e0041828,89414700-a29c-442e-84b4-bd0e350e2a09,9d693283-bf30-4162-af2e-08ff4700e06a,9.0,kg,40.73,False
5e660100-1222-4672-a641-5314f52ddd82,2025-09-27,b20d8f39-c2e2-4853-a202-6f43e0041828,89414700-a29c-442e-84b4-bd0e350e2a09,9d693283-bf30-4162-af2e-08ff4700e06a,11.0,kg,41.43,False
20296254-ff94-4980-8d99-7b673686eba9,2025-09-28,b20d8f39-c2e2-4853-a202-6f43e0041828,89414700-a29c-442e-84b4-bd0e350e2a09,9d693283-bf30-4162-af2e-08ff4700e06a,9.0,kg,57.65,False
dac3a077-a9bc-4e80-ab14-6c1ead681af8,2025-09-29,b20d8f39-c2e2-4853-a202-6f43e0041828,89414700-a29c-442e-84b4-bd0e350e2a09,9d693283-bf30-4162-af2e-08ff4700e06a,11.0,kg,44.27,False
ab821036-bdc4-49f5-a5c4-a27597bfa856,2025-09-30,b20d8f39-c2e2-4853-a202-6f43e0041828,89414700-a29c-442e-84b4-bd0e350e2a09,9d693283-bf30-4162-af2e-08ff4700e06a,8.0,kg,56.97,False
da3ca6cf-2f1e-4554-9f44-f5e8b500f7bb,2025-10-01,b20d8f39-c2e2-4853-a202-6f43e0041828,89414700-a29c-442e-84b4-bd0e350e2a09,9d693283-bf30-4162-af2e-08ff4700e06a,10.0,kg,54.81,False
c65f7ccd-ad4a-48f4-8249-7700f9e50688,2025-10-02,b20d8f39-c2e2-4853-a202-6f43e0041828,89414700-a29c-442e-84b4-bd0e350e2a09,9d693283-bf30-4162-af2e-08ff4700e06a,9.0,kg,41.88,False
b1f6a5d1-e53b-49ca-8d8d-7d305d1b56d9,2025-10-03,b20d8f39-c2e2-4853-a202-6f43e0041828,89414700-a29c-442e-84b4-bd0e350e2a09,9d693283-bf30-4162-af2e-08ff4700e06a,8.0,kg,54.62,False
87912f83-1e3c-44cf-a22c-a38fe350ebc5,2025-10-04,b20d8f39-c2e2-4853-a202-6f43e0041828,89414700-a29c-442e-84b4-bd0e350e2a09,9d693283-bf30-4162-af2e-08ff4700e06a,17.0,kg,48.59,True
f2982972-a64b-4c81-81cf-fc98b92003aa,2025-10-05,b20d8f39-c2e2-4853-a202-6f43e0041828,89414700-a29c-442e-84b4-bd0e350e2a09,9d693283-bf30-4162-af2e-08ff4700e06a,9.0,kg,55.9,False
31e3b055-b6d2-4a13-b7e8-9c9250f93a99,2025-10-06,b20d8f39-c2e2-4853-a202-6f43e0041828,89414700-a29c-442e-84b4-bd0e350e2a09,9d693283-bf30-4162-af2e-08ff4700e06a,10.0,kg,56.82,False
62f5bedc-8e50-46d1-a9ea-77b20726ca23,2025-10-07,b20d8f39-c2e2-4853-a202-6f43e0041828,89414700-a29c-442e-84b4-bd0e350e2a09,9d693283-bf30-4162-af2e-08ff4700e06a,10.0,kg,56.17,False
f0bafe66-0f4c-4775-8808-b9656de2aa02,2025-10-08,b20d8f39-c2e2-4853-a202-6f43e0041828,89414700-a29c-442e-84b4-bd0e350e2a09,9d693283-bf30-4162-af2e-08ff4700e06a,8.0,kg,43.74,False
dce6d6a2-a0fd-4a05-b5c7-361fe136ff85,2025-10-09,b20d8f39-c2e2-4853-a202-6f43e0041828,89414700-a29c-442e-84b4-bd0e350e2a09,9d693283-bf30-4162-af2e-08ff4700e06a,11.0,kg,55.52,False
c3c1b420-52a1-4b6a-b84b-b1d6646621e7,2025-10-10,b20d8f39-c2e2-4853-a202-6f43e0041828,89414700-a29c-442e-84b4-bd0e350e2a09,9d693283-bf30-4162-af2e-08ff4700e06a,8.0,kg,43.8,False
023c1583-3f6b-41b7-835a-29fadc17e6c9,2025-10-11,b20d8f39-c2e2-4853-a202-6f43e0041828,89414700-a29c-442e-84b4-bd0e350e2a09,9d693283-bf30-4162-af2e-08ff4700e06a,12.0,kg,51.08,False
08792856-be6b-4156-b8d8-ac8d5ce48c7f,2025-10-12,b20d8f39-c2e2-4853-a202-6f43e0041828,89414700-a29c-442e-84b4-bd0e350e2a09,9d693283-bf30-4162-af2e-08ff4700e06a,11.0,kg,56.35,False
620d59aa-5281-4f91-8f69-93f4e1762700,2025-10-13,b20d8f39-c2e2-4853-a202-6f43e0041828,89414700-a29c-442e-84b4-bd0e350e2a09,9d693283-bf30-4162-af2e-08ff4700e06a,9.0,kg,51.86,False
4180d420-ac6c-4c93-ac4e-2333205383cf,2025-10-14,b20d8f39-c2e2-4853-a202-6f43e0041828,89414700-a29c-442e-84b4-bd0e350e2a09,9d693283-bf30-4162-af2e-08ff4700e06a,10.0,kg,53.62,False
e797a9ac-1432-4508-9127-fcbe0a3eae24,2025-10-15,b20d8f39-c2e2-4853-a202-6f43e0041828,89414700-a29c-442e-84b4-bd0e350e2a09,9d693283-bf30-4162-af2e-08ff4700e06a,10.0,kg,40.99,False
051d2d9b-7f9a-40cc-bdb0-04d130c9f4fb,2025-10-16,b20d8f39-c2e2-4853-a202-6f43e0041828,89414700-a29c-442e-84b4-bd0e350e2a09,9d693283-bf30-4162-af2e-08ff4700e06a,6.0,kg,48.87,False
10346205-dcdc-435f-bf2c-a99ced959a3f,2025-10-17,b20d8f39-c2e2-4853-a202-6f43e0041828,89414700-a29c-442e-84b4-bd0e350e2a09,9d693283-bf30-4162-af2e-08ff4700e06a,11.0,kg,55.95,False
52b68865-60d0-4296-9dad-72d065855917,2025-10-18,b20d8f39-c2e2-4853-a202-6f43e0041828,89414700-a29c-442e-84b4-bd0e350e2a09,9d693283-bf30-4162-af2e-08ff4700e06a,8.0,kg,48.84,False
740c3421-38d7-413c-9c04-9d41d6bec1b1,2025-10-19,b20d8f39-c2e2-4853-a202-6f43e0041828,89414700-a29c-442e-84b4-bd0e350e2a09,9d693283-bf30-4162-af2e-08ff4700e06a,13.0,kg,56.28,False
ffae6572-0594-4878-9fd8-6f0a2e1f65fc,2025-10-20,b20d8f39-c2e2-4853-a202-6f43e0041828,89414700-a29c-442e-84b4-bd0e350e2a09,9d693283-bf30-4162-af2e-08ff4700e06a,10.0,kg,44.14,False
3aaad1a7-600c-4dc4-a3c8-e55aa1c179ec,2025-10-21,b20d8f39-c2e2-4853-a202-6f43e0041828,89414700-a29c-442e-84b4-bd0e350e2a09,9d693283-bf30-4162-af2e-08ff4700e06a,7.0,kg,41.2,False
a8b8ed81-1dde-4ee6-a7e1-3dc64ca753a0,2025-10-22,b20d8f39-c2e2-4853-a202-6f43e0041828,89414700-a29c-442e-84b4-bd0e350e2a09,9d693283-bf30-4162-af2e-08ff4700e06a,8.0,kg,48.62,False
29f93a2b-3b97-4bea-8965-3a2e0136525d,2025-10-23,b20d8f39-c2e2-4853-a202-6f43e0041828,89414700-a29c-442e-84b4-bd0e350e2a09,9d693283-bf30-4162-af2e-08ff4700e06a,7.0,kg,47.14,False
984c416e-fe6e-4759-9007-7c2f89b0871a,2025-10-24,b20d8f39-c2e2-4853-a202-6f43e0041828,89414700-a29c-442e-84b4-bd0e350e2a09,9d693283-bf30-4162-af2e-08ff4700e06a,9.0,kg,43.31,False
1df8f604-5f50-4fe5-b402-9a8ca28f2c72,2025-10-25,b20d8f39-c2e2-4853-a202-6f43e0041828,89414700-a29c-442e-84b4-bd0e350e2a09,9d693283-bf30-4162-af2e-08ff4700e06a,11.0,kg,52.47,False
a29a5228-df6f-4442-aadf-f0b88b3a64dd,2025-10-26,b20d8f39-c2e2-4853-a202-6f43e0041828,89414700-a29c-442e-84b4-bd0e350e2a09,9d693283-bf30-4162-af2e-08ff4700e06a,13.0,kg,52.31,False
acfc94db-65dc-4ab4-bb31-502393b47a12,2025-10-27,b20d8f39-c2e2-4853-a202-6f43e0041828,89414700-a29c-442e-84b4-bd0e350e2a09,9d693283-bf30-4162-af2e-08ff4700e06a,13.0,kg,43.94,True
0643181d-ac22-4e0e-936f-baa3dc71239b,2025-10-28,b20d8f39-c2e2-4853-a202-6f43e0041828,89414700-a29c-442e-84b4-bd0e350e2a09,9d693283-bf30-4162-af2e-08ff4700e06a,11.0,kg,50.97,False
ae576abc-b191-4364-bd0d-20af57a449ee,2025-10-29,b20d8f39-c2e2-4853-a202-6f43e0041828,89414700-a29c-442e-84b4-bd0e350e2a09,9d693283-bf30-4162-af2e-08ff4700e06a,8.0,kg,49.85,False
b603cf6e-76db-4256-8556-872356a8bd71,2025-10-30,b20d8f39-c2e2-4853-a202-6f43e0041828,89414700-a29c-442e-84b4-bd0e350e2a09,9d693283-bf30-4162-af2e-08ff4700e06a,9.0,kg,48.5,False
822fb8d4-6898-4b47-97f8-4ca9ab7e3170,2025-10-31,b20d8f39-c2e2-4853-a202-6f43e0041828,89414700-a29c-442e-84b4-bd0e350e2a09,9d693283-bf30-4162-af2e-08ff4700e06a,7.0,kg,46.65,False
afdd1509-0398-43a5-a847-9d9186ed8dea,2025-11-01,b20d8f39-c2e2-4853-a202-6f43e0041828,89414700-a29c-442e-84b4-bd0e350e2a09,9d693283-bf30-4162-af2e-08ff4700e06a,10.0,kg,43.93,False
ec219627-c4e4-4cee-be4c-bdbaad723e05,2025-11-02,b20d8f39-c2e2-4853-a202-6f43e0041828,89414700-a29c-442e-84b4-bd0e350e2a09,9d693283-bf30-4162-af2e-08ff4700e06a,13.0,kg,55.2,False
f8402294-a2a2-4286-96e8-531a7d20678c,2025-11-03,b20d8f39-c2e2-4853-a202-6f43e0041828,89414700-a29c-442e-84b4-bd0e350e2a09,9d693283-bf30-4162-af2e-08ff4700e06a,11.0,kg,43.4,False
5f0912ef-e8b8-4e17-8d4a-b522cbaceab2,2025-11-04,b20d8f39-c2e2-4853-a202-6f43e0041828,89414700-a29c-442e-84b4-bd0e350e2a09,9d693283-bf30-4162-af2e-08ff4700e06a,7.0,kg,50.33,False
d8b6fc5f-8918-4696-abbf-c0e692760627,2025-11-05,b20d8f39-c2e2-4853-a202-6f43e0041828,89414700-a29c-442e-84b4-bd0e350e2a09,9d693283-bf30-4162-af2e-08ff4700e06a,8.0,kg,42.0,False
63a69397-c4ca-41c5-ad1c-7c9816d14f2b,2025-11-06,b20d8f39-c2e2-4853-a202-6f43e0041828,89414700-a29c-442e-84b4-bd0e350e2a09,9d693283-bf30-4162-af2e-08ff4700e06a,9.0,kg,44.38,False
d964e94b-0039-450d-9629-b6335588ee9f,2025-11-07,b20d8f39-c2e2-4853-a202-6f43e0041828,89414700-a29c-442e-84b4-bd0e350e2a09,9d693283-bf30-4162-af2e-08ff4700e06a,9.0,kg,46.92,False
f35ff42c-e1c5-4af1-a960-508e26d69a7d,2025-11-08,b20d8f39-c2e2-4853-a202-6f43e0041828,89414700-a29c-442e-84b4-bd0e350e2a09,9d693283-bf30-4162-af2e-08ff4700e06a,10.0,kg,42.87,False
9baa7bc4-6a9c-487e-9fc8-70f94d356e23,2025-11-09,b20d8f39-c2e2-4853-a202-6f43e0041828,89414700-a29c-442e-84b4-bd0e350e2a09,9d693283-bf30-4162-af2e-08ff4700e06a,12.0,kg,43.34,False
1af9aa20-0be0-4374-94ea-ed27377b0b51,2025-11-10,b20d8f39-c2e2-4853-a202-6f43e0041828,89414700-a29c-442e-84b4-bd0e350e2a09,9d693283-bf30-4162-af2e-08ff4700e06a,8.0,kg,57.67,False
8f51315f-e56e-42f7-8331-fef6dae18158,2025-11-11,b20d8f39-c2e2-4853-a202-6f43e0041828,89414700-a29c-442e-84b4-bd0e350e2a09,9d693283-bf30-4162-af2e-08ff4700e06a,9.0,kg,49.3,False
4f6239b5-dde7-4e2d-a765-a41030aeaa20,2025-11-12,b20d8f39-c2e2-4853-a202-6f43e0041828,89414700-a29c-442e-84b4-bd0e350e2a09,9d693283-bf30-4162-af2e-08ff4700e06a,10.0,kg,53.99,False
59f5dfe2-645f-4905-9438-39e8d7bdf467,2025-11-13,b20d8f39-c2e2-4853-a202-6f43e0041828,89414700-a29c-442e-84b4-bd0e350e2a09,9d693283-bf30-4162-af2e-08ff4700e06a,9.0,kg,50.09,False
a896582c-5b46-44b6-8b38-47a4c4cba175,2025-11-14,b20d8f39-c2e2-4853-a202-6f43e0041828,89414700-a29c-442e-84b4-bd0e350e2a09,9d693283-bf30-4162-af2e-08ff4700e06a,8.0,kg,47.22,False
b541063b-02e8-4bb4-87b3-b881a38f66de,2025-11-15,b20d8f39-c2e2-4853-a202-6f43e0041828,89414700-a29c-442e-84b4-bd0e350e2a09,9d693283-bf30-4162-af2e-08ff4700e06a,11.0,kg,54.49,False
3f582ca6-74e9-462a-a799-0eb7e83a3c7b,2025-11-16,b20d8f39-c2e2-4853-a202-6f43e0041828,89414700-a29c-442e-84b4-bd0e350e2a09,9d693283-bf30-4162-af2e-08ff4700e06a,11.0,kg,51.27,False
9a08c9aa-491a-4727-9ac9-e77843c79892,2025-11-17,b20d8f39-c2e2-4853-a202-6f43e0041828,89414700-a29c-442e-84b4-bd0e350e2a09,9d693283-bf30-4162-af2e-08ff4700e06a,9.0,kg,46.11,False
716b45b9-1ddc-4af8-be86-6bc17fb23ac8,2025-11-18,b20d8f39-c2e2-4853-a202-6f43e0041828,89414700-a29c-442e-84b4-bd0e350e2a09,9d693283-bf30-4162-af2e-08ff4700e06a,9.0,kg,50.06,False
77f8499e-7d86-4b06-bdc3-e2a04bddab4c,2025-11-19,b20d8f39-c2e2-4853-a202-6f43e0041828,89414700-a29c-442e-84b4-bd0e350e2a09,9d693283-bf30-4162-af2e-08ff4700e06a,12.0,kg,40.6,False
918eadf3-7a94-4ad4-84db-55a7f491cdef,2025-11-20,b20d8f39-c2e2-4853-a202-6f43e0041828,89414700-a29c-442e-84b4-bd0e350e2a09,9d693283-bf30-4162-af2e-08ff4700e06a,10.0,kg,55.43,False
fef5d7a1-fdbf-41a6-95d1-5f85f11fd141,2025-11-21,b20d8f39-c2e2-4853-a202-6f43e0041828,89414700-a29c-442e-84b4-bd0e350e2a09,9d693283-bf30-4162-af2e-08ff4700e06a,9.0,kg,43.73,False
a52f152b-efc4-4968-b88c-61ed79bb585b,2025-11-22,b20d8f39-c2e2-4853-a202-6f43e0041828,89414700-a29c-442e-84b4-bd0e350e2a09,9d693283-bf30-4162-af2e-08ff4700e06a,13.0,kg,51.61,False
92722767-8291-4bb7-9f38-5e9a4d9d043c,2025-11-23,b20d8f39-c2e2-4853-a202-6f43e0041828,89414700-a29c-442e-84b4-bd0e350e2a09,9d693283-bf30-4162-af2e-08ff4700e06a,11.0,kg,53.91,False
794933b1-bade-469b-8f24-c8bbcd2a0923,2025-11-24,b20d8f39-c2e2-4853-a202-6f43e0041828,89414700-a29c-442e-84b4-bd0e350e2a09,9d693283-bf30-4162-af2e-08ff4700e06a,11.0,kg,48.78,False
390969ea-64b5-41bc-8f03-4623397f79fb,2025-11-25,b20d8f39-c2e2-4853-a202-6f43e0041828,89414700-a29c-442e-84b4-bd0e350e2a09,9d693283-bf30-4162-af2e-08ff4700e06a,10.0,kg,55.82,False
0ae3e94a-508e-4e10-94bd-c7df2dfbe9aa,2025-11-26,b20d8f39-c2e2-4853-a202-6f43e0041828,89414700-a29c-442e-84b4-bd0e350e2a09,9d693283-bf30-4162-af2e-08ff4700e06a,9.0,kg,45.26,False
6aab2e4e-170a-4d95-bb8d-a808f0fd2e15,2025-11-27,b20d8f39-c2e2-4853-a202-6f43e0041828,89414700-a29c-442e-84b4-bd0e350e2a09,9d693283-bf30-4162-af2e-08ff4700e06a,10.0,kg,42.78,False
d847ac2c-3ce3-4ffa-ad6a-0b1cf6d9806f,2025-11-28,b20d8f39-c2e2-4853-a202-6f43e0041828,89414700-a29c-442e-84b4-bd0e350e2a09,9d693283-bf30-4162-af2e-08ff4700e06a,7.0,kg,54.39,False
b716eac5-9540-4f7e-a68c-e64953afafba,2025-11-29,b20d8f39-c2e2-4853-a202-6f43e0041828,89414700-a29c-442e-84b4-bd0e350e2a09,9d693283-bf30-4162-af2e-08ff4700e06a,10.0,kg,51.3,False
eb8c41c4-c10b-42f7-9bbc-cf73201cf6b7,2025-11-30,b20d8f39-c2e2-4853-a202-6f43e0041828,89414700-a29c-442e-84b4-bd0e350e2a09,9d693283-bf30-4162-af2e-08ff4700e06a,9.0,kg,55.11,False
07aa13ce-092a-4cb1-87e7-4cfe0abc5f42,2025-12-01,b20d8f39-c2e2-4853-a202-6f43e0041828,89414700-a29c-442e-84b4-bd0e350e2a09,9d693283-bf30-4162-af2e-08ff4700e06a,12.0,kg,44.24,True
3f7c8864-a66d-4619-8a54-78cde1d44aa6,2025-12-02,b20d8f39-c2e2-4853-a202-6f43e0041828,89414700-a29c-442e-84b4-bd0e350e2a09,9d693283-bf30-4162-af2e-08ff4700e06a,12.0,kg,45.35,False
d7060bb2-5809-4dcb-85fe-8699cd86dc3f,2025-12-03,b20d8f39-c2e2-4853-a202-6f43e0041828,89414700-a29c-442e-84b4-bd0e350e2a09,9d693283-bf30-4162-af2e-08ff4700e06a,13.0,kg,51.53,False
34f4819f-9e35-4582-9de2-69e4b970a81d,2025-12-04,b20d8f39-c2e2-4853-a202-6f43e0041828,89414700-a29c-442e-84b4-bd0e350e2a09,9d693283-bf30-4162-af2e-08ff4700e06a,10.0,kg,48.04,False
e845e6a2-55b3-4014-9241-f6252fcf23e7,2025-12-05,b20d8f39-c2e2-4853-a202-6f43e0041828,89414700-a29c-442e-84b4-bd0e350e2a09,9d693283-bf30-4162-af2e-08ff4700e06a,10.0,kg,50.52,False
b131c1f0-2154-43db-9d7f-340e5f8ab441,2025-12-06,b20d8f39-c2e2-4853-a202-6f43e0041828,89414700-a29c-442e-84b4-bd0e350e2a09,9d693283-bf30-4162-af2e-08ff4700e06a,8.0,kg,47.49,False
37378a52-d262-4828-998b-3b7164f09054,2025-12-07,b20d8f39-c2e2-4853-a202-6f43e0041828,89414700-a29c-442e-84b4-bd0e350e2a09,9d693283-bf30-4162-af2e-08ff4700e06a,11.0,kg,40.65,False
7794b285-e10f-4dae-8e6f-5d5e1d63dadb,2025-12-08,b20d8f39-c2e2-4853-a202-6f43e0041828,89414700-a29c-442e-84b4-bd0e350e2a09,9d693283-bf30-4162-af2e-08ff4700e06a,8.0,kg,51.84,False
ec3e435f-8ef1-4b2d-8049-e57eda4c4c46,2025-12-09,b20d8f39-c2e2-4853-a202-6f43e0041828,89414700-a29c-442e-84b4-bd0e350e2a09,9d693283-bf30-4162-af2e-08ff4700e06a,9.0,kg,52.51,False
b88f24e2-d24d-4f87-8416-2e1041112db4,2025-12-10,b20d8f39-c2e2-4853-a202-6f43e0041828,89414700-a29c-442e-84b4-bd0e350e2a09,9d693283-bf30-4162-af2e-08ff4700e06a,9.0,kg,42.05,False
9f82753a-5d23-45b1-b7ce-b13b6eac361f,2025-12-11,b20d8f39-c2e2-4853-a202-6f43e0041828,89414700-a29c-442e-84b4-bd0e350e2a09,9d693283-bf30-4162-af2e-08ff4700e06a,11.0,kg,55.63,True
d45e7c79-21a1-4616-865a-45b3da51f4ec,2025-12-12,b20d8f39-c2e2-4853-a202-6f43e0041828,89414700-a29c-442e-84b4-bd0e350e2a09,9d693283-bf30-4162-af2e-08ff4700e06a,7.0,kg,40.71,False
4fd05f68-1055-4230-bd2f-981bc38deedb,2025-12-13,b20d8f39-c2e2-4853-a202-6f43e0041828,89414700-a29c-442e-84b4-bd0e350e2a09,9d693283-bf30-4162-af2e-08ff4700e06a,13.0,kg,53.64,False
d5695092-7956-45c4-a9cc-0828f801121c,2025-12-14,b20d8f39-c2e2-4853-a202-6f43e0041828,89414700-a29c-442e-84b4-bd0e350e2a09,9d693283-bf30-4162-af2e-08ff4700e06a,10.0,kg,44.84,False
2cdcdd73-d2b8-43af-a7c0-d6eca8070126,2025-12-15,b20d8f39-c2e2-4853-a202-6f43e0041828,89414700-a29c-442e-84b4-bd0e350e2a09,9d693283-bf30-4162-af2e-08ff4700e06a,10.0,kg,55.75,False
831684c9-d484-4eeb-8a78-04784da583f7,2025-12-16,b20d8f39-c2e2-4853-a202-6f43e0041828,89414700-a29c-442e-84b4-bd0e350e2a09,9d693283-bf30-4162-af2e-08ff4700e06a,13.0,kg,44.58,False
41c8056f-4e5e-4d30-bd0f-c5e23f81eb4c,2025-12-17,b20d8f39-c2e2-4853-a202-6f43e0041828,89414700-a29c-442e-84b4-bd0e350e2a09,9d693283-bf30-4162-af2e-08ff4700e06a,8.0,kg,51.21,False
9d72ad0d-15d7-4f35-ba21-ca9ee7d4c3a3,2025-12-18,b20d8f39-c2e2-4853-a202-6f43e0041828,89414700-a29c-442e-84b4-bd0e350e2a09,9d693283-bf30-4162-af2e-08ff4700e06a,6.0,kg,54.92,False
baa7773a-66ea-419a-b61b-00d1a00a0ac0,2025-12-19,b20d8f39-c2e2-4853-a202-6f43e0041828,89414700-a29c-442e-84b4-bd0e350e2a09,9d693283-bf30-4162-af2e-08ff4700e06a,11.0,kg,51.86,True
30f59634-1277-4d1d-a0fc-722ca4a7dc54,2025-12-20,b20d8f39-c2e2-4853-a202-6f43e0041828,89414700-a29c-442e-84b4-bd0e350e2a09,9d693283-bf30-4162-af2e-08ff4700e06a,14.0,kg,45.94,False
471425a2-2b0e-4272-9ff8-be1ed8af2e79,2025-12-21,b20d8f39-c2e2-4853-a202-6f43e0041828,89414700-a29c-442e-84b4-bd0e350e2a09,9d693283-bf30-4162-af2e-08ff4700e06a,16.0,kg,49.71,False
0216b607-feea-4fb8-9d8d-8ce6b6d46833,2025-12-22,b20d8f39-c2e2-4853-a202-6f43e0041828,89414700-a29c-442e-84b4-bd0e350e2a09,9d693283-bf30-4162-af2e-08ff4700e06a,8.0,kg,48.03,False
dd16fca7-7f8a-46e6-bd3c-e57319bd6735,2025-12-23,b20d8f39-c2e2-4853-a202-6f43e0041828,89414700-a29c-442e-84b4-bd0e350e2a09,9d693283-bf30-4162-af2e-08ff4700e06a,11.0,kg,52.46,False
a3844d38-577a-4d48-948a-a4f331e6674e,2025-12-24,b20d8f39-c2e2-4853-a202-6f43e0041828,89414700-a29c-442e-84b4-bd0e350e2a09,9d693283-bf30-4162-af2e-08ff4700e06a,9.0,kg,50.71,False
f61745c8-5075-41e8-afe1-df700d2f8707,2025-12-25,b20d8f39-c2e2-4853-a202-6f43e0041828,89414700-a29c-442e-84b4-bd0e350e2a09,9d693283-bf30-4162-af2e-08ff4700e06a,10.0,kg,51.38,False
0cc1fc53-f0c7-4b01-9ab7-e4dc2e3f25fb,2025-12-26,b20d8f39-c2e2-4853-a202-6f43e0041828,89414700-a29c-442e-84b4-bd0e350e2a09,9d693283-bf30-4162-af2e-08ff4700e06a,14.0,kg,49.41,False
5fe43d2c-4722-4213-a451-c180a2859530,2025-12-27,b20d8f39-c2e2-4853-a202-6f43e0041828,89414700-a29c-442e-84b4-bd0e350e2a09,9d693283-bf30-4162-af2e-08ff4700e06a,9.0,kg,46.33,False
179f89e4-566f-499f-93b8-7744f7a9034d,2025-12-28,b20d8f39-c2e2-4853-a202-6f43e0041828,89414700-a29c-442e-84b4-bd0e350e2a09,9d693283-bf30-4162-af2e-08ff4700e06a,13.0,kg,54.33,False
22ab1452-8016-4db7-963a-18b8ba11c9ed,2025-12-29,b20d8f39-c2e2-4853-a202-6f43e0041828,89414700-a29c-442e-84b4-bd0e350e2a09,9d693283-bf30-4162-af2e-08ff4700e06a,11.0,kg,46.65,False
85a78108-7453-45c4-a92d-947dfb512245,2025-12-30,b20d8f39-c2e2-4853-a202-6f43e0041828,89414700-a29c-442e-84b4-bd0e350e2a09,9d693283-bf30-4162-af2e-08ff4700e06a,12.0,kg,45.56,False
19c162ec-3fb4-45f1-ad96-8a094bd71306,2025-12-31,b20d8f39-c2e2-4853-a202-6f43e0041828,89414700-a29c-442e-84b4-bd0e350e2a09,9d693283-bf30-4162-af2e-08ff4700e06a,12.0,kg,54.52,True
2a0fb568-00cf-4548-8d8d-6bed15ea048f,2026-01-01,b20d8f39-c2e2-4853-a202-6f43e0041828,89414700-a29c-442e-84b4-bd0e350e2a09,9d693283-bf30-4162-af2e-08ff4700e06a,11.0,kg,48.46,False
f14937a9-6eaf-43ba-a715-c284947e4f20,2026-01-02,b20d8f39-c2e2-4853-a202-6f43e0041828,89414700-a29c-442e-84b4-bd0e350e2a09,9d693283-bf30-4162-af2e-08ff4700e06a,11.0,kg,56.39,True
faf0c951-efc5-4f92-b12f-959eaa321471,2026-01-03,b20d8f39-c2e2-4853-a202-6f43e0041828,89414700-a29c-442e-84b4-bd0e350e2a09,9d693283-bf30-4162-af2e-08ff4700e06a,13.0,kg,48.6,False
b8fe79e2-2b92-4ece-ac62-c34d05a3c899,2026-01-04,b20d8f39-c2e2-4853-a202-6f43e0041828,89414700-a29c-442e-84b4-bd0e350e2a09,9d693283-bf30-4162-af2e-08ff4700e06a,14.0,kg,47.78,True
0dce6277-34de-4dd4-892b-cca35018a74e,2026-01-05,b20d8f39-c2e2-4853-a202-6f43e0041828,89414700-a29c-442e-84b4-bd0e350e2a09,9d693283-bf30-4162-af2e-08ff4700e06a,11.0,kg,40.38,False
f3c1fb42-5372-4b02-a64f-f01fa762ab05,2026-01-06,b20d8f39-c2e2-4853-a202-6f43e0041828,89414700-a29c-442e-84b4-bd0e350e2a09,9d693283-bf30-4162-af2e-08ff4700e06a,10.0,kg,47.46,False
f89a6ddb-efe1-42ef-b122-83d28584d1ce,2026-01-07,b20d8f39-c2e2-4853-a202-6f43e0041828,89414700-a29c-442e-84b4-bd0e350e2a09,9d693283-bf30-4162-af2e-08ff4700e06a,11.0,kg,47.16,False
f8b2efe2-e418-42ea-823b-4b9e510b1837,2026-01-08,b20d8f39-c2e2-4853-a202-6f43e0041828,89414700-a29c-442e-84b4-bd0e350e2a09,9d693283-bf30-4162-af2e-08ff4700e06a,10.0,kg,53.15,False
f7cbd6fc-cf65-4fab-b95c-8b02062fa501,2026-01-09,b20d8f39-c2e2-4853-a202-6f43e0041828,89414700-a29c-442e-84b4-bd0e350e2a09,9d693283-bf30-4162-af2e-08ff4700e06a,12.0,kg,44.85,False
49ead3dd-5bff-4675-bb0e-2977dd3c0bf0,2026-01-10,b20d8f39-c2e2-4853-a202-6f43e0041828,89414700-a29c-442e-84b4-bd0e350e2a09,9d693283-bf30-4162-af2e-08ff4700e06a,13.0,kg,44.44,False
3f445f6c-dc56-46fe-a9f5-df3664981548,2026-01-11,b20d8f39-c2e2-4853-a202-6f43e0041828,89414700-a29c-442e-84b4-bd0e350e2a09,9d693283-bf30-4162-af2e-08ff4700e06a,9.0,kg,56.17,False
b17a0ef6-d7c8-47bf-9e55-37a5254eccee,2026-01-12,b20d8f39-c2e2-4853-a202-6f43e0041828,89414700-a29c-442e-84b4-bd0e350e2a09,9d693283-bf30-4162-af2e-08ff4700e06a,12.0,kg,52.23,False
9c304c1f-717b-4633-acdd-0a14da56c452,2026-01-13,b20d8f39-c2e2-4853-a202-6f43e0041828,89414700-a29c-442e-84b4-bd0e350e2a09,9d693283-bf30-4162-af2e-08ff4700e06a,9.0,kg,53.25,False
84a0304e-fb74-4ca3-9958-04991f225416,2026-01-14,b20d8f39-c2e2-4853-a202-6f43e0041828,89414700-a29c-442e-84b4-bd0e350e2a09,9d693283-bf30-4162-af2e-08ff4700e06a,9.0,kg,55.19,False
8077ca63-28f0-4ed6-9517-7cfdd0902827,2026-01-15,b20d8f39-c2e2-4853-a202-6f43e0041828,89414700-a29c-442e-84b4-bd0e350e2a09,9d693283-bf30-4162-af2e-08ff4700e06a,9.0,kg,45.32,False
9b0017e7-e31b-48d5-bfcd-a91a92eda00d,2026-01-16,b20d8f39-c2e2-4853-a202-6f43e0041828,89414700-a29c-442e-84b4-bd0e350e2a09,9d693283-bf30-4162-af2e-08ff4700e06a,13.0,kg,51.06,False
c9988af5-465f-49a3-9079-9281cc5c24da,2026-01-17,b20d8f39-c2e2-4853-a202-6f43e0041828,89414700-a29c-442e-84b4-bd0e350e2a09,9d693283-bf30-4162-af2e-08ff4700e06a,9.0,kg,51.15,False
a1e734f2-5511-46a1-8eb0-457cb1be9690,2026-01-18,b20d8f39-c2e2-4853-a202-6f43e0041828,89414700-a29c-442e-84b4-bd0e350e2a09,9d693283-bf30-4162-af2e-08ff4700e06a,19.0,kg,40.59,False
692944ce-df46-4c0d-a7a6-3a1fd511ca1b,2026-01-19,b20d8f39-c2e2-4853-a202-6f43e0041828,89414700-a29c-442e-84b4-bd0e350e2a09,9d693283-bf30-4162-af2e-08ff4700e06a,15.0,kg,43.5,True
91e130a3-43b6-42ed-9481-a85b2b1442df,2026-01-20,b20d8f39-c2e2-4853-a202-6f43e0041828,89414700-a29c-442e-84b4-bd0e350e2a09,9d693283-bf30-4162-af2e-08ff4700e06a,11.0,kg,44.96,False
452aa934-018a-4cb3-9e13-41ae5590a3a1,2026-01-21,b20d8f39-c2e2-4853-a202-6f43e0041828,89414700-a29c-442e-84b4-bd0e350e2a09,9d693283-bf30-4162-af2e-08ff4700e06a,10.0,kg,52.97,False
b64b020d-2cae-48e2-98c9-10357d640ba8,2026-01-22,b20d8f39-c2e2-4853-a202-6f43e0041828,89414700-a29c-442e-84b4-bd0e350e2a09,9d693283-bf30-4162-af2e-08ff4700e06a,11.0,kg,42.89,False
5b79947c-2bee-42a9-90b4-a138b7daeac1,2026-01-23,b20d8f39-c2e2-4853-a202-6f43e0041828,89414700-a29c-442e-84b4-bd0e350e2a09,9d693283-bf30-4162-af2e-08ff4700e06a,11.0,kg,46.23,False
0a420ccf-f9e1-4654-aeaf-fa8da723bb14,2026-01-24,b20d8f39-c2e2-4853-a202-6f43e0041828,89414700-a29c-442e-84b4-bd0e350e2a09,9d693283-bf30-4162-af2e-08ff4700e06a,14.0,kg,57.71,False
20008c4d-1482-4d3e-80cc-65b553cd5fa8,2026-01-25,b20d8f39-c2e2-4853-a202-6f43e0041828,89414700-a29c-442e-84b4-bd0e350e2a09,9d693283-bf30-4162-af2e-08ff4700e06a,14.0,kg,54.1,False
07e1cd5f-7ca6-41c7-8394-1d3b0a1a1954,2026-01-26,b20d8f39-c2e2-4853-a202-6f43e0041828,89414700-a29c-442e-84b4-bd0e350e2a09,9d693283-bf30-4162-af2e-08ff4700e06a,11.0,kg,55.01,False
03a94940-278d-43ca-811d-5aab780c7670,2026-01-27,b20d8f39-c2e2-4853-a202-6f43e0041828,89414700-a29c-442e-84b4-bd0e350e2a09,9d693283-bf30-4162-af2e-08ff4700e06a,10.0,kg,41.23,False
da45cc4e-3c9f-47a0-bac3-141312b0ce58,2026-01-28,b20d8f39-c2e2-4853-a202-6f43e0041828,89414700-a29c-442e-84b4-bd0e350e2a09,9d693283-bf30-4162-af2e-08ff4700e06a,10.0,kg,41.5,False
bec48373-5526-4628-a582-9c9cec63e30a,2026-01-29,b20d8f39-c2e2-4853-a202-6f43e0041828,89414700-a29c-442e-84b4-bd0e350e2a09,9d693283-bf30-4162-af2e-08ff4700e06a,10.0,kg,43.61,False
f06d3c3b-d108-428e-9e1c-96e9b580ff3b,2026-01-30,b20d8f39-c2e2-4853-a202-6f43e0041828,89414700-a29c-442e-84b4-bd0e350e2a09,9d693283-bf30-4162-af2e-08ff4700e06a,13.0,kg,54.74,False
ca7fa6d2-eb82-4abc-b00d-f3340f0328cf,2026-01-31,b20d8f39-c2e2-4853-a202-6f43e0041828,89414700-a29c-442e-84b4-bd0e350e2a09,9d693283-bf30-4162-af2e-08ff4700e06a,15.0,kg,53.69,False
2492dc67-e237-4c1e-94c6-1a4613c1ba55,2026-02-01,b20d8f39-c2e2-4853-a202-6f43e0041828,89414700-a29c-442e-84b4-bd0e350e2a09,9d693283-bf30-4162-af2e-08ff4700e06a,7.0,kg,53.75,False
f5692692-6881-46af-a6f1-16c898acd7cc,2026-02-02,b20d8f39-c2e2-4853-a202-6f43e0041828,89414700-a29c-442e-84b4-bd0e350e2a09,9d693283-bf30-4162-af2e-08ff4700e06a,12.0,kg,53.16,False
d467e6af-474a-491b-a674-c324800f6864,2026-02-03,b20d8f39-c2e2-4853-a202-6f43e0041828,89414700-a29c-442e-84b4-bd0e350e2a09,9d693283-bf30-4162-af2e-08ff4700e06a,13.0,kg,48.31,True
d41b3591-c5cb-4757-9481-f5cfcecc92f9,2026-02-04,b20d8f39-c2e2-4853-a202-6f43e0041828,89414700-a29c-442e-84b4-bd0e350e2a09,9d693283-bf30-4162-af2e-08ff4700e06a,11.0,kg,49.37,False
51f81f29-bcd6-4b7f-82c1-e8445bf50580,2026-02-05,b20d8f39-c2e2-4853-a202-6f43e0041828,89414700-a29c-442e-84b4-bd0e350e2a09,9d693283-bf30-4162-af2e-08ff4700e06a,10.0,kg,52.18,False
2fdc930d-e488-492f-ac0e-38df2228f064,2026-02-06,b20d8f39-c2e2-4853-a202-6f43e0041828,89414700-a29c-442e-84b4-bd0e350e2a09,9d693283-bf30-4162-af2e-08ff4700e06a,13.0,kg,45.9,False
146e61be-909d-4a8d-8b91-e1405a14d77c,2026-02-07,b20d8f39-c2e2-4853-a202-6f43e0041828,89414700-a29c-442e-84b4-bd0e350e2a09,9d693283-bf30-4162-af2e-08ff4700e06a,15.0,kg,40.99,False
8395cbe8-3512-45b2-8634-d0a482890646,2026-02-08,b20d8f39-c2e2-4853-a202-6f43e0041828,89414700-a29c-442e-84b4-bd0e350e2a09,9d693283-bf30-4162-af2e-08ff4700e06a,12.0,kg,49.37,False
313eb03b-8e89-4707-9ba2-d787e58eb05f,2026-02-09,b20d8f39-c2e2-4853-a202-6f43e0041828,89414700-a29c-442e-84b4-bd0e350e2a09,9d693283-bf30-4162-af2e-08ff4700e06a,11.0,kg,43.73,False
27ad6a2d-2847-4e2c-b7f2-7170a4fe98ca,2026-02-10,b20d8f39-c2e2-4853-a202-6f43e0041828,89414700-a29c-442e-84b4-bd0e350e2a09,9d693283-bf30-4162-af2e-08ff4700e06a,9.0,kg,55.36,False
14041d28-de75-49b0-ab9b-5d1fed88f031,2026-02-11,b20d8f39-c2e2-4853-a202-6f43e0041828,89414700-a29c-442e-84b4-bd0e350e2a09,9d693283-bf30-4162-af2e-08ff4700e06a,8.0,kg,42.23,False
3b894734-3f5f-4e09-8b22-dfc34c55eb95,2026-02-12,b20d8f39-c2e2-4853-a202-6f43e0041828,89414700-a29c-442e-84b4-bd0e350e2a09,9d693283-bf30-4162-af2e-08ff4700e06a,10.0,kg,45.93,False
17d08a90-6d74-4c6b-8eb9-33900f10756e,2026-02-13,b20d8f39-c2e2-4853-a202-6f43e0041828,89414700-a29c-442e-84b4-bd0e350e2a09,9d693283-bf30-4162-af2e-08ff4700e06a,12.0,kg,45.08,False
d510b0f2-3964-4e83-90fe-837418290c17,2026-02-14,b20d8f39-c2e2-4853-a202-6f43e0041828,89414700-a29c-442e-84b4-bd0e350e2a09,9d693283-bf30-4162-af2e-08ff4700e06a,16.0,kg,54.06,False
4b9ffd93-893e-4dbd-bc87-b06d3b3cfafd,2026-02-15,b20d8f39-c2e2-4853-a202-6f43e0041828,89414700-a29c-442e-84b4-bd0e350e2a09,9d693283-bf30-4162-af2e-08ff4700e06a,18.0,kg,53.96,True
0c622b40-eb3a-4d81-9011-be1f5981c1b0,2026-02-16,b20d8f39-c2e2-4853-a202-6f43e0041828,89414700-a29c-442e-84b4-bd0e350e2a09,9d693283-bf30-4162-af2e-08ff4700e06a,12.0,kg,50.68,False
8f3f716f-d644-464f-b7e9-a2e5dcaf3f94,2026-02-17,b20d8f39-c2e2-4853-a202-6f43e0041828,89414700-a29c-442e-84b4-bd0e350e2a09,9d693283-bf30-4162-af2e-08ff4700e06a,12.0,kg,41.82,False
cab9299a-f45d-446c-876e-00a70ece2834,2026-02-18,b20d8f39-c2e2-4853-a202-6f43e0041828,89414700-a29c-442e-84b4-bd0e350e2a09,9d693283-bf30-4162-af2e-08ff4700e06a,10.0,kg,51.08,False
26745405-9b86-479d-97e3-1413ae2a4571,2026-02-19,b20d8f39-c2e2-4853-a202-6f43e0041828,89414700-a29c-442e-84b4-bd0e350e2a09,9d693283-bf30-4162-af2e-08ff4700e06a,12.0,kg,57.7,False
ea21a3db-52fc-4ec9-b88b-a9eb29921d4e,2026-02-20,b20d8f39-c2e2-4853-a202-6f43e0041828,89414700-a29c-442e-84b4-bd0e350e2a09,9d693283-bf30-4162-af2e-08ff4700e06a,12.0,kg,41.3,False
d0c4dbcf-7822-4647-8928-d5014bad0d01,2026-02-21,b20d8f39-c2e2-4853-a202-6f43e0041828,89414700-a29c-442e-84b4-bd0e350e2a09,9d693283-bf30-4162-af2e-08ff4700e06a,15.0,kg,54.1,False
add8f250-ab33-444c-aacf-0d8e1e2156e7,2026-02-22,b20d8f39-c2e2-4853-a202-6f43e0041828,89414700-a29c-442e-84b4-bd0e350e2a09,9d693283-bf30-4162-af2e-08ff4700e06a,16.0,kg,44.32,False
80e96c28-0224-452a-be7d-32ab71d831c5,2026-02-23,b20d8f39-c2e2-4853-a202-6f43e0041828,89414700-a29c-442e-84b4-bd0e350e2a09,9d693283-bf30-4162-af2e-08ff4700e06a,12.0,kg,54.05,False
e4515d92-490d-469c-af08-77950a9cffe1,2026-02-24,b20d8f39-c2e2-4853-a202-6f43e0041828,89414700-a29c-442e-84b4-bd0e350e2a09,9d693283-bf30-4162-af2e-08ff4700e06a,12.0,kg,54.35,False
0422bae8-672f-44ad-a383-cb942b0fdb91,2026-02-25,b20d8f39-c2e2-4853-a202-6f43e0041828,89414700-a29c-442e-84b4-bd0e350e2a09,9d693283-bf30-4162-af2e-08ff4700e06a,13.0,kg,43.63,False
ac32558e-6e3d-45de-b7dc-61b806673ad1,2026-02-26,b20d8f39-c2e2-4853-a202-6f43e0041828,89414700-a29c-442e-84b4-bd0e350e2a09,9d693283-bf30-4162-af2e-08ff4700e06a,11.0,kg,42.61,False
eb8df0df-1d2e-4a00-bd96-2044c6f4eac5,2026-02-27,b20d8f39-c2e2-4853-a202-6f43e0041828,89414700-a29c-442e-84b4-bd0e350e2a09,9d693283-bf30-4162-af2e-08ff4700e06a,9.0,kg,48.74,False
2c844796-01dc-4627-86a9-8214f9fc7a67,2026-02-28,b20d8f39-c2e2-4853-a202-6f43e0041828,89414700-a29c-442e-84b4-bd0e350e2a09,9d693283-bf30-4162-af2e-08ff4700e06a,13.0,kg,45.41,False
523c236e-28da-42bb-a2e6-b0a14d6b2561,2026-03-01,b20d8f39-c2e2-4853-a202-6f43e0041828,89414700-a29c-442e-84b4-bd0e350e2a09,9d693283-bf30-4162-af2e-08ff4700e06a,12.0,kg,43.57,False
e33a65a4-b34e-4c53-afaa-47678bedcc37,2026-03-02,b20d8f39-c2e2-4853-a202-6f43e0041828,89414700-a29c-442e-84b4-bd0e350e2a09,9d693283-bf30-4162-af2e-08ff4700e06a,10.0,kg,46.33,False
4bd05fd2-0a84-49d3-89de-c2d7d559449a,2026-03-03,b20d8f39-c2e2-4853-a202-6f43e0041828,89414700-a29c-442e-84b4-bd0e350e2a09,9d693283-bf30-4162-af2e-08ff4700e06a,11.0,kg,54.8,False
4164bd16-7c76-4d1d-862e-826c6eb4436d,2026-03-04,b20d8f39-c2e2-4853-a202-6f43e0041828,89414700-a29c-442e-84b4-bd0e350e2a09,9d693283-bf30-4162-af2e-08ff4700e06a,10.0,kg,49.95,False
ed3bb0a6-12eb-43dd-9b51-e1bf3cd5ee0d,2026-03-05,b20d8f39-c2e2-4853-a202-6f43e0041828,89414700-a29c-442e-84b4-bd0e350e2a09,9d693283-bf30-4162-af2e-08ff4700e06a,13.0,kg,42.96,True
a7850992-7a8f-4636-89e2-b378478ac1cc,2026-03-06,b20d8f39-c2e2-4853-a202-6f43e0041828,89414700-a29c-442e-84b4-bd0e350e2a09,9d693283-bf30-4162-af2e-08ff4700e06a,8.0,kg,44.86,False
50327898-d803-40b9-a2f4-3232c928f74a,2026-03-07,b20d8f39-c2e2-4853-a202-6f43e0041828,89414700-a29c-442e-84b4-bd0e350e2a09,9d693283-bf30-4162-af2e-08ff4700e06a,14.0,kg,51.42,False
ec1c144a-aad6-4b06-925b-59473bc9c5bf,2026-03-08,b20d8f39-c2e2-4853-a202-6f43e0041828,89414700-a29c-442e-84b4-bd0e350e2a09,9d693283-bf30-4162-af2e-08ff4700e06a,14.0,kg,43.5,False
6c4544aa-3716-42e7-b413-381c60f46b5c,2026-03-09,b20d8f39-c2e2-4853-a202-6f43e0041828,89414700-a29c-442e-84b4-bd0e350e2a09,9d693283-bf30-4162-af2e-08ff4700e06a,12.0,kg,55.24,True
0bdb3fef-ee31-421c-b7de-bc297c31f342,2026-03-10,b20d8f39-c2e2-4853-a202-6f43e0041828,89414700-a29c-442e-84b4-bd0e350e2a09,9d693283-bf30-4162-af2e-08ff4700e06a,12.0,kg,52.87,False
b9c58384-b2ac-46ac-a851-2ceaacae8d02,2026-03-11,b20d8f39-c2e2-4853-a202-6f43e0041828,89414700-a29c-442e-84b4-bd0e350e2a09,9d693283-bf30-4162-af2e-08ff4700e06a,13.0,kg,49.68,False
41cbaf19-075e-412c-a6a0-b35b025566cd,2026-03-12,b20d8f39-c2e2-4853-a202-6f43e0041828,89414700-a29c-442e-84b4-bd0e350e2a09,9d693283-bf30-4162-af2e-08ff4700e06a,8.0,kg,49.42,False
fbc3aaf8-8093-40ed-9eef-fbc7431f53fa,2026-03-13,b20d8f39-c2e2-4853-a202-6f43e0041828,89414700-a29c-442e-84b4-bd0e350e2a09,9d693283-bf30-4162-af2e-08ff4700e06a,10.0,kg,49.9,False
67357811-9f54-40f1-819c-d0676633810f,2026-03-14,b20d8f39-c2e2-4853-a202-6f43e0041828,89414700-a29c-442e-84b4-bd0e350e2a09,9d693283-bf30-4162-af2e-08ff4700e06a,12.0,kg,45.9,False
68bb39a4-09f3-4e83-9d54-53b6da557126,2026-03-15,b20d8f39-c2e2-4853-a202-6f43e0041828,89414700-a29c-442e-84b4-bd0e350e2a09,9d693283-bf30-4162-af2e-08ff4700e06a,12.0,kg,49.41,False
a404f826-8401-4e55-8569-ff1c19d20af1,2026-03-16,b20d8f39-c2e2-4853-a202-6f43e0041828,89414700-a29c-442e-84b4-bd0e350e2a09,9d693283-bf30-4162-af2e-08ff4700e06a,15.0,kg,54.87,True
8abba0ef-3b8c-4c4d-8051-6e995e18c160,2026-03-17,b20d8f39-c2e2-4853-a202-6f43e0041828,89414700-a29c-442e-84b4-bd0e350e2a09,9d693283-bf30-4162-af2e-08ff4700e06a,11.0,kg,55.54,False
a0d2d4fe-71cf-4900-8319-86e6088ab283,2026-03-18,b20d8f39-c2e2-4853-a202-6f43e0041828,89414700-a29c-442e-84b4-bd0e350e2a09,9d693283-bf30-4162-af2e-08ff4700e06a,11.0,kg,41.98,False
48643321-3991-4d71-a412-2c4bdc138d52,2026-03-19,b20d8f39-c2e2-4853-a202-6f43e0041828,89414700-a29c-442e-84b4-bd0e350e2a09,9d693283-bf30-4162-af2e-08ff4700e06a,8.0,kg,54.89,False
f0a60139-f203-4e65-a072-148a076f1771,2026-03-20,b20d8f39-c2e2-4853-a202-6f43e0041828,89414700-a29c-442e-84b4-bd0e350e2a09,9d693283-bf30-4162-af2e-08ff4700e06a,12.0,kg,49.45,False
379ceb70-a7cf-4080-a9bf-eebf7dc637fb,2026-03-21,b20d8f39-c2e2-4853-a202-6f43e0041828,89414700-a29c-442e-84b4-bd0e350e2a09,9d693283-bf30-4162-af2e-08ff4700e06a,11.0,kg,44.73,False
d1540c4c-1b46-448f-8534-b756f0167c83,2026-03-22,b20d8f39-c2e2-4853-a202-6f43e0041828,89414700-a29c-442e-84b4-bd0e350e2a09,9d693283-bf30-4162-af2e-08ff4700e06a,14.0,kg,50.85,False
a46d23a5-74e0-4085-b8a6-11f6d46b44cd,2026-03-23,b20d8f39-c2e2-4853-a202-6f43e0041828,89414700-a29c-442e-84b4-bd0e350e2a09,9d693283-bf30-4162-af2e-08ff4700e06a,14.0,kg,43.9,True
ebfb1761-3adf-445b-b8a8-f5b7c697159b,2026-03-24,b20d8f39-c2e2-4853-a202-6f43e0041828,89414700-a29c-442e-84b4-bd0e350e2a09,9d693283-bf30-4162-af2e-08ff4700e06a,14.0,kg,55.82,False
79121729-9d0b-478c-98ab-18680347054e,2026-03-25,b20d8f39-c2e2-4853-a202-6f43e0041828,89414700-a29c-442e-84b4-bd0e350e2a09,9d693283-bf30-4162-af2e-08ff4700e06a,11.0,kg,54.27,True
7ba70b26-dfc9-49a1-9063-4d8d74d4d513,2026-03-26,b20d8f39-c2e2-4853-a202-6f43e0041828,89414700-a29c-442e-84b4-bd0e350e2a09,9d693283-bf30-4162-af2e-08ff4700e06a,7.0,kg,50.02,True
251cc1cd-52e0-44b4-8be5-e689a6e8ae7c,2026-03-27,b20d8f39-c2e2-4853-a202-6f43e0041828,89414700-a29c-442e-84b4-bd0e350e2a09,9d693283-bf30-4162-af2e-08ff4700e06a,12.0,kg,47.53,False
8ba10787-3600-4743-a5dc-98c24895deab,2026-03-28,b20d8f39-c2e2-4853-a202-6f43e0041828,89414700-a29c-442e-84b4-bd0e350e2a09,9d693283-bf30-4162-af2e-08ff4700e06a,18.0,kg,52.65,False
a8a73065-30fc-4e74-9bc0-8911fb33f7d2,2026-03-29,b20d8f39-c2e2-4853-a202-6f43e0041828,89414700-a29c-442e-84b4-bd0e350e2a09,9d693283-bf30-4162-af2e-08ff4700e06a,17.0,kg,40.96,False
499fde30-2338-4251-9aca-2b539c664b12,2026-03-30,b20d8f39-c2e2-4853-a202-6f43e0041828,89414700-a29c-442e-84b4-bd0e350e2a09,9d693283-bf30-4162-af2e-08ff4700e06a,14.0,kg,45.57,True
6ee6c75b-6540-4522-95dd-b8b854a5df74,2026-03-31,b20d8f39-c2e2-4853-a202-6f43e0041828,89414700-a29c-442e-84b4-bd0e350e2a09,9d693283-bf30-4162-af2e-08ff4700e06a,10.0,kg,57.06,False
8b44aa9c-03af-4f51-a1fe-c57e8b4c752e,2026-04-01,b20d8f39-c2e2-4853-a202-6f43e0041828,89414700-a29c-442e-84b4-bd0e350e2a09,9d693283-bf30-4162-af2e-08ff4700e06a,13.0,kg,49.55,False
d682b9c0-5665-4352-a159-00bc986f45ac,2026-04-02,b20d8f39-c2e2-4853-a202-6f43e0041828,89414700-a29c-442e-84b4-bd0e350e2a09,9d693283-bf30-4162-af2e-08ff4700e06a,9.0,kg,49.46,False
5da990bb-d98f-42df-9856-7129a2bf0cc8,2026-04-03,b20d8f39-c2e2-4853-a202-6f43e0041828,89414700-a29c-442e-84b4-bd0e350e2a09,9d693283-bf30-4162-af2e-08ff4700e06a,12.0,kg,51.19,False
713a4abd-2041-4a79-a1e1-5ae7c87707cc,2026-04-04,b20d8f39-c2e2-4853-a202-6f43e0041828,89414700-a29c-442e-84b4-bd0e350e2a09,9d693283-bf30-4162-af2e-08ff4700e06a,15.0,kg,53.36,False
c3de0624-e790-426b-ac15-6e85de5314c2,2026-04-05,b20d8f39-c2e2-4853-a202-6f43e0041828,89414700-a29c-442e-84b4-bd0e350e2a09,9d693283-bf30-4162-af2e-08ff4700e06a,16.0,kg,42.1,False
9f5082ba-36ca-4948-8e62-b46d1e0faaca,2026-04-06,b20d8f39-c2e2-4853-a202-6f43e0041828,89414700-a29c-442e-84b4-bd0e350e2a09,9d693283-bf30-4162-af2e-08ff4700e06a,16.0,kg,48.28,False
d9d3036c-0fd2-4283-aa8e-3c32cf5eec30,2026-04-07,b20d8f39-c2e2-4853-a202-6f43e0041828,89414700-a29c-442e-84b4-bd0e350e2a09,9d693283-bf30-4162-af2e-08ff4700e06a,12.0,kg,55.7,False
40708abf-c74c-4ec1-930b-35b855a458d4,2026-04-08,b20d8f39-c2e2-4853-a202-6f43e0041828,89414700-a29c-442e-84b4-bd0e350e2a09,9d693283-bf30-4162-af2e-08ff4700e06a,10.0,kg,43.41,False
b40e077c-3c09-467a-907c-bdaf9b60f25e,2026-04-09,b20d8f39-c2e2-4853-a202-6f43e0041828,89414700-a29c-442e-84b4-bd0e350e2a09,9d693283-bf30-4162-af2e-08ff4700e06a,11.0,kg,46.16,False
26a1cb89-0d59-4212-8ae0-df7f8f538572,2026-04-10,b20d8f39-c2e2-4853-a202-6f43e0041828,89414700-a29c-442e-84b4-bd0e350e2a09,9d693283-bf30-4162-af2e-08ff4700e06a,8.0,kg,57.72,False
8fa599fb-cfce-4ffc-a498-8ea6a0a5de4c,2026-04-11,b20d8f39-c2e2-4853-a202-6f43e0041828,89414700-a29c-442e-84b4-bd0e350e2a09,9d693283-bf30-4162-af2e-08ff4700e06a,12.0,kg,45.77,False
cc681fdf-c18a-4635-a259-7d2bc80e239b,2026-04-12,b20d8f39-c2e2-4853-a202-6f43e0041828,89414700-a29c-442e-84b4-bd0e350e2a09,9d693283-bf30-4162-af2e-08ff4700e06a,13.0,kg,45.93,False
4c6112cb-78ad-414f-bc2a-1cc95fba3732,2026-04-13,b20d8f39-c2e2-4853-a202-6f43e0041828,89414700-a29c-442e-84b4-bd0e350e2a09,9d693283-bf30-4162-af2e-08ff4700e06a,10.0,kg,53.62,False
d6dcd463-09ae-4956-a139-8f791bb3e033,2026-04-14,b20d8f39-c2e2-4853-a202-6f43e0041828,89414700-a29c-442e-84b4-bd0e350e2a09,9d693283-bf30-4162-af2e-08ff4700e06a,11.0,kg,52.95,False
1be19997-2fdf-4a31-83b0-d3d3c62d34fe,2026-04-15,b20d8f39-c2e2-4853-a202-6f43e0041828,89414700-a29c-442e-84b4-bd0e350e2a09,9d693283-bf30-4162-af2e-08ff4700e06a,10.0,kg,50.11,False
d47bfd17-10e2-46cd-b91f-afbc65c9c00d,2026-04-16,b20d8f39-c2e2-4853-a202-6f43e0041828,89414700-a29c-442e-84b4-bd0e350e2a09,9d693283-bf30-4162-af2e-08ff4700e06a,13.0,kg,56.46,False
9e6755f7-6a3d-42b4-b758-0f0208f68fc1,2026-04-17,b20d8f39-c2e2-4853-a202-6f43e0041828,89414700-a29c-442e-84b4-bd0e350e2a09,9d693283-bf30-4162-af2e-08ff4700e06a,11.0,kg,57.08,False
cc681969-fbfc-486d-8828-32ad0f9b8db0,2026-04-18,b20d8f39-c2e2-4853-a202-6f43e0041828,89414700-a29c-442e-84b4-bd0e350e2a09,9d693283-bf30-4162-af2e-08ff4700e06a,14.0,kg,47.2,False
ca0ca752-2087-4abf-b2be-66066c8a5462,2026-04-19,b20d8f39-c2e2-4853-a202-6f43e0041828,89414700-a29c-442e-84b4-bd0e350e2a09,9d693283-bf30-4162-af2e-08ff4700e06a,13.0,kg,57.45,False
875f4131-c3dc-4b7c-b83e-9d924fe9ce6f,2026-04-20,b20d8f39-c2e2-4853-a202-6f43e0041828,89414700-a29c-442e-84b4-bd0e350e2a09,9d693283-bf30-4162-af2e-08ff4700e06a,11.0,kg,49.31,False
6e8f6f05-76fa-46ef-9654-beeff68007ed,2026-04-21,b20d8f39-c2e2-4853-a202-6f43e0041828,89414700-a29c-442e-84b4-bd0e350e2a09,9d693283-bf30-4162-af2e-08ff4700e06a,13.0,kg,45.51,False
7100b8c0-1463-4f0b-9180-5e726847066e,2026-04-22,b20d8f39-c2e2-4853-a202-6f43e0041828,89414700-a29c-442e-84b4-bd0e350e2a09,9d693283-bf30-4162-af2e-08ff4700e06a,10.0,kg,55.23,False
f3e6a63e-67ae-4d34-b5b1-4ba9f8200062,2026-04-23,b20d8f39-c2e2-4853-a202-6f43e0041828,89414700-a29c-442e-84b4-bd0e350e2a09,9d693283-bf30-4162-af2e-08ff4700e06a,12.0,kg,54.63,True
ea83569a-6086-46be-85a0-619446e220a0,2026-04-24,b20d8f39-c2e2-4853-a202-6f43e0041828,89414700-a29c-442e-84b4-bd0e350e2a09,9d693283-bf30-4162-af2e-08ff4700e06a,11.0,kg,45.08,False
b0b5dac1-b60e-43fb-a616-760ef608d1a0,2026-04-25,b20d8f39-c2e2-4853-a202-6f43e0041828,89414700-a29c-442e-84b4-bd0e350e2a09,9d693283-bf30-4162-af2e-08ff4700e06a,11.0,kg,49.99,False
9c639898-5cc6-40ea-8c74-894f8eedf697,2026-04-26,b20d8f39-c2e2-4853-a202-6f43e0041828,89414700-a29c-442e-84b4-bd0e350e2a09,9d693283-bf30-4162-af2e-08ff4700e06a,12.0,kg,40.91,False
192fcf5b-95e9-4a6f-9beb-1eff41d173c7,2026-04-27,b20d8f39-c2e2-4853-a202-6f43e0041828,89414700-a29c-442e-84b4-bd0e350e2a09,9d693283-bf30-4162-af2e-08ff4700e06a,10.0,kg,42.67,False
35cc859b-ae9a-4297-b432-26194fe2f62f,2026-04-28,b20d8f39-c2e2-4853-a202-6f43e0041828,89414700-a29c-442e-84b4-bd0e350e2a09,9d693283-bf30-4162-af2e-08ff4700e06a,13.0,kg,50.44,False
6f363b4d-473d-4a6a-988a-7fd76d4ebd18,2026-04-29,b20d8f39-c2e2-4853-a202-6f43e0041828,89414700-a29c-442e-84b4-bd0e350e2a09,9d693283-bf30-4162-af2e-08ff4700e06a,12.0,kg,41.86,False
af928790-1a4c-4ff0-9a48-ce02cf3d623b,2026-04-30,b20d8f39-c2e2-4853-a202-6f43e0041828,89414700-a29c-442e-84b4-bd0e350e2a09,9d693283-bf30-4162-af2e-08ff4700e06a,11.0,kg,56.31,False
012c7e38-cfeb-45b1-a88b-e88e3589438b,2026-05-01,b20d8f39-c2e2-4853-a202-6f43e0041828,89414700-a29c-442e-84b4-bd0e350e2a09,9d693283-bf30-4162-af2e-08ff4700e06a,13.0,kg,52.91,False
705410b6-0129-4270-8920-7eb5f5ddba07,2026-05-02,b20d8f39-c2e2-4853-a202-6f43e0041828,89414700-a29c-442e-84b4-bd0e350e2a09,9d693283-bf30-4162-af2e-08ff4700e06a,13.0,kg,43.28,False
7444bec9-7913-4b8a-a362-a6395a80d094,2026-05-03,b20d8f39-c2e2-4853-a202-6f43e0041828,89414700-a29c-442e-84b4-bd0e350e2a09,9d693283-bf30-4162-af2e-08ff4700e06a,15.0,kg,52.32,False
30c292f5-8ba9-45db-9fee-5900b2b7d9cd,2026-05-04,b20d8f39-c2e2-4853-a202-6f43e0041828,89414700-a29c-442e-84b4-bd0e350e2a09,9d693283-bf30-4162-af2e-08ff4700e06a,11.0,kg,56.13,False
79815ffb-c87f-485e-803b-261fc76adac7,2026-05-05,b20d8f39-c2e2-4853-a202-6f43e0041828,89414700-a29c-442e-84b4-bd0e350e2a09,9d693283-bf30-4162-af2e-08ff4700e06a,11.0,kg,53.04,False
c4c6ae65-610e-4a5a-bd5e-2d31a363a094,2026-05-06,b20d8f39-c2e2-4853-a202-6f43e0041828,89414700-a29c-442e-84b4-bd0e350e2a09,9d693283-bf30-4162-af2e-08ff4700e06a,10.0,kg,41.62,False
e12aad4c-3f37-4792-8f5f-0c5116c1908c,2026-05-07,b20d8f39-c2e2-4853-a202-6f43e0041828,89414700-a29c-442e-84b4-bd0e350e2a09,9d693283-bf30-4162-af2e-08ff4700e06a,8.0,kg,53.74,True
0e834bd9-c4a4-4816-9dce-01d74b72a69b,2026-05-08,b20d8f39-c2e2-4853-a202-6f43e0041828,89414700-a29c-442e-84b4-bd0e350e2a09,9d693283-bf30-4162-af2e-08ff4700e06a,11.0,kg,54.55,False
31dbc756-1774-4777-aa91-dc3e9054334b,2026-05-09,b20d8f39-c2e2-4853-a202-6f43e0041828,89414700-a29c-442e-84b4-bd0e350e2a09,9d693283-bf30-4162-af2e-08ff4700e06a,17.0,kg,55.47,False
07302b47-27ee-4f5f-9859-55e4d6e8d9a2,2026-05-10,b20d8f39-c2e2-4853-a202-6f43e0041828,89414700-a29c-442e-84b4-bd0e350e2a09,9d693283-bf30-4162-af2e-08ff4700e06a,16.0,kg,51.67,False
d3c76ffd-68bd-44f6-a0ee-fcd81c9246aa,2026-05-11,b20d8f39-c2e2-4853-a202-6f43e0041828,89414700-a29c-442e-84b4-bd0e350e2a09,9d693283-bf30-4162-af2e-08ff4700e06a,13.0,kg,40.45,False
a7b3d0ee-65b4-40ef-869f-28e512a56bbf,2026-05-12,b20d8f39-c2e2-4853-a202-6f43e0041828,89414700-a29c-442e-84b4-bd0e350e2a09,9d693283-bf30-4162-af2e-08ff4700e06a,13.0,kg,46.94,False
ca813180-d2a4-4ea5-b41b-be69e6c225c7,2026-05-13,b20d8f39-c2e2-4853-a202-6f43e0041828,89414700-a29c-442e-84b4-bd0e350e2a09,9d693283-bf30-4162-af2e-08ff4700e06a,11.0,kg,40.97,False
5b8eb4ac-c377-430e-856d-a9e4f8e811f8,2026-05-14,b20d8f39-c2e2-4853-a202-6f43e0041828,89414700-a29c-442e-84b4-bd0e350e2a09,9d693283-bf30-4162-af2e-08ff4700e06a,11.0,kg,42.87,False
a34b3d92-8b21-4947-bd27-42b98cad0433,2026-05-15,b20d8f39-c2e2-4853-a202-6f43e0041828,89414700-a29c-442e-84b4-bd0e350e2a09,9d693283-bf30-4162-af2e-08ff4700e06a,10.0,kg,41.13,False
78764dfa-8f24-4e38-b43c-2e3c7d61c726,2026-05-16,b20d8f39-c2e2-4853-a202-6f43e0041828,89414700-a29c-442e-84b4-bd0e350e2a09,9d693283-bf30-4162-af2e-08ff4700e06a,13.0,kg,47.13,False
d4d862dc-745a-4ded-a5a0-4369311ad12e,2026-05-17,b20d8f39-c2e2-4853-a202-6f43e0041828,89414700-a29c-442e-84b4-bd0e350e2a09,9d693283-bf30-4162-af2e-08ff4700e06a,15.0,kg,50.66,False
657ab459-fe05-40ea-ad02-390607f6911a,2026-05-18,b20d8f39-c2e2-4853-a202-6f43e0041828,89414700-a29c-442e-84b4-bd0e350e2a09,9d693283-bf30-4162-af2e-08ff4700e06a,13.0,kg,45.32,False
95a18f13-3203-490c-8d99-6ffba16b8965,2026-05-19,b20d8f39-c2e2-4853-a202-6f43e0041828,89414700-a29c-442e-84b4-bd0e350e2a09,9d693283-bf30-4162-af2e-08ff4700e06a,11.0,kg,42.56,False
80367f4a-9fc5-4cde-9fe8-63c6ee987744,2026-05-20,b20d8f39-c2e2-4853-a202-6f43e0041828,89414700-a29c-442e-84b4-bd0e350e2a09,9d693283-bf30-4162-af2e-08ff4700e06a,10.0,kg,50.25,False
d22d5a4f-b26a-44ff-9505-0930330a19b1,2026-05-21,b20d8f39-c2e2-4853-a202-6f43e0041828,89414700-a29c-442e-84b4-bd0e350e2a09,9d693283-bf30-4162-af2e-08ff4700e06a,13.0,kg,47.24,True
f0284a1a-6999-42d2-8197-8790ec8be49b,2026-05-22,b20d8f39-c2e2-4853-a202-6f43e0041828,89414700-a29c-442e-84b4-bd0e350e2a09,9d693283-bf30-4162-af2e-08ff4700e06a,12.0,kg,53.79,False
45f45d36-bb8d-40a4-8daa-e7813ec07e42,2026-05-23,b20d8f39-c2e2-4853-a202-6f43e0041828,89414700-a29c-442e-84b4-bd0e350e2a09,9d693283-bf30-4162-af2e-08ff4700e06a,10.0,kg,42.61,False
3af0c3b6-a22c-4054-ab1a-9cf11aab9097,2026-05-24,b20d8f39-c2e2-4853-a202-6f43e0041828,89414700-a29c-442e-84b4-bd0e350e2a09,9d693283-bf30-4162-af2e-08ff4700e06a,8.0,kg,48.79,False
f8b500d9-d106-4802-ad05-ac2c75e06cfb,2026-05-25,b20d8f39-c2e2-4853-a202-6f43e0041828,89414700-a29c-442e-84b4-bd0e350e2a09,9d693283-bf30-4162-af2e-08ff4700e06a,10.0,kg,43.68,False
6829a63a-2daa-498e-9c96-9e8608df4aa9,2026-05-26,b20d8f39-c2e2-4853-a202-6f43e0041828,89414700-a29c-442e-84b4-bd0e350e2a09,9d693283-bf30-4162-af2e-08ff4700e06a,9.0,kg,53.12,False
25134f9e-01a7-45d5-b65f-967fa670b0a8,2026-05-27,b20d8f39-c2e2-4853-a202-6f43e0041828,89414700-a29c-442e-84b4-bd0e350e2a09,9d693283-bf30-4162-af2e-08ff4700e06a,10.0,kg,41.5,False
edfbdbcc-a051-4264-83eb-752e6ba2fcd4,2026-05-28,b20d8f39-c2e2-4853-a202-6f43e0041828,89414700-a29c-442e-84b4-bd0e350e2a09,9d693283-bf30-4162-af2e-08ff4700e06a,10.0,kg,56.42,False
11e2e338-266d-4f4c-bc0e-88d110f073b9,2026-05-29,b20d8f39-c2e2-4853-a202-6f43e0041828,89414700-a29c-442e-84b4-bd0e350e2a09,9d693283-bf30-4162-af2e-08ff4700e06a,10.0,kg,52.01,False
756f9fd4-c1b7-425a-8a30-034bed52cdee,2026-05-30,b20d8f39-c2e2-4853-a202-6f43e0041828,89414700-a29c-442e-84b4-bd0e350e2a09,9d693283-bf30-4162-af2e-08ff4700e06a,16.0,kg,46.35,False
ab08bde7-03ff-44fb-a89c-daee436c0b25,2026-05-31,b20d8f39-c2e2-4853-a202-6f43e0041828,89414700-a29c-442e-84b4-bd0e350e2a09,9d693283-bf30-4162-af2e-08ff4700e06a,14.0,kg,50.64,False
6433d492-f7f6-46ab-9035-bfc69e590527,2026-06-01,b20d8f39-c2e2-4853-a202-6f43e0041828,89414700-a29c-442e-84b4-bd0e350e2a09,9d693283-bf30-4162-af2e-08ff4700e06a,13.0,kg,57.53,True
fb0fb3e0-638b-4210-a21f-2bd2dbd30e0c,2026-06-02,b20d8f39-c2e2-4853-a202-6f43e0041828,89414700-a29c-442e-84b4-bd0e350e2a09,9d693283-bf30-4162-af2e-08ff4700e06a,12.0,kg,57.58,False
830baee7-10b8-42bb-a2a5-14d81bba74e0,2026-06-03,b20d8f39-c2e2-4853-a202-6f43e0041828,89414700-a29c-442e-84b4-bd0e350e2a09,9d693283-bf30-4162-af2e-08ff4700e06a,9.0,kg,42.8,False
a1947767-a7b7-45dc-8256-7a8a2b129707,2026-06-04,b20d8f39-c2e2-4853-a202-6f43e0041828,89414700-a29c-442e-84b4-bd0e350e2a09,9d693283-bf30-4162-af2e-08ff4700e06a,15.0,kg,54.57,True
a7196f23-7069-4f72-9a58-e7eeda8b96a0,2026-06-05,b20d8f39-c2e2-4853-a202-6f43e0041828,89414700-a29c-442e-84b4-bd0e350e2a09,9d693283-bf30-4162-af2e-08ff4700e06a,10.0,kg,46.79,False
bc5dbdda-b5f3-4367-bd35-f2f653b9eab7,2026-06-06,b20d8f39-c2e2-4853-a202-6f43e0041828,89414700-a29c-442e-84b4-bd0e350e2a09,9d693283-bf30-4162-af2e-08ff4700e06a,15.0,kg,42.22,False
679ae881-2ab5-4b92-8295-c36a347e0677,2026-06-07,b20d8f39-c2e2-4853-a202-6f43e0041828,89414700-a29c-442e-84b4-bd0e350e2a09,9d693283-bf30-4162-af2e-08ff4700e06a,13.0,kg,56.86,True
4664f471-90cf-407a-b508-8aeffb23f62d,2026-06-08,b20d8f39-c2e2-4853-a202-6f43e0041828,89414700-a29c-442e-84b4-bd0e350e2a09,9d693283-bf30-4162-af2e-08ff4700e06a,8.0,kg,55.45,False
4be2d0a1-05c0-439e-b774-7e556dc61084,2026-06-09,b20d8f39-c2e2-4853-a202-6f43e0041828,89414700-a29c-442e-84b4-bd0e350e2a09,9d693283-bf30-4162-af2e-08ff4700e06a,12.0,kg,40.49,False
0f6af285-13c0-4747-8bf2-74f9536fd033,2026-06-10,b20d8f39-c2e2-4853-a202-6f43e0041828,89414700-a29c-442e-84b4-bd0e350e2a09,9d693283-bf30-4162-af2e-08ff4700e06a,11.0,kg,42.2,False
df904724-5d0a-4099-b19e-cb76335cd675,2026-06-11,b20d8f39-c2e2-4853-a202-6f43e0041828,89414700-a29c-442e-84b4-bd0e350e2a09,9d693283-bf30-4162-af2e-08ff4700e06a,9.0,kg,40.65,False
03a9e20e-8a90-41ae-9138-092826169766,2026-06-12,b20d8f39-c2e2-4853-a202-6f43e0041828,89414700-a29c-442e-84b4-bd0e350e2a09,9d693283-bf30-4162-af2e-08ff4700e06a,9.0,kg,43.82,False
91a95d37-20ab-43a0-a29f-475614b2a572,2026-06-13,b20d8f39-c2e2-4853-a202-6f43e0041828,89414700-a29c-442e-84b4-bd0e350e2a09,9d693283-bf30-4162-af2e-08ff4700e06a,15.0,kg,44.78,False
98c7eb77-376f-4e61-9aef-1d669a34c348,2026-06-14,b20d8f39-c2e2-4853-a202-6f43e0041828,89414700-a29c-442e-84b4-bd0e350e2a09,9d693283-bf30-4162-af2e-08ff4700e06a,10.0,kg,53.02,False
b3025689-2fec-4e04-be78-4711a1f79efa,2026-06-15,b20d8f39-c2e2-4853-a202-6f43e0041828,89414700-a29c-442e-84b4-bd0e350e2a09,9d693283-bf30-4162-af2e-08ff4700e06a,13.0,kg,52.48,False
fc44ecf2-2867-4708-aa45-9243d3788d99,2026-06-16,b20d8f39-c2e2-4853-a202-6f43e0041828,89414700-a29c-442e-84b4-bd0e350e2a09,9d693283-bf30-4162-af2e-08ff4700e06a,11.0,kg,50.45,True
caf6e1cf-747e-4998-ac1f-689facbfd73e,2026-06-17,b20d8f39-c2e2-4853-a202-6f43e0041828,89414700-a29c-442e-84b4-bd0e350e2a09,9d693283-bf30-4162-af2e-08ff4700e06a,11.0,kg,43.23,False
9a3e61f5-e7c3-40aa-82ee-95c43a0acad5,2026-06-18,b20d8f39-c2e2-4853-a202-6f43e0041828,89414700-a29c-442e-84b4-bd0e350e2a09,9d693283-bf30-4162-af2e-08ff4700e06a,10.0,kg,54.06,False
7892a08c-9b12-49a5-9384-ca5ed4a5e8f7,2026-06-19,b20d8f39-c2e2-4853-a202-6f43e0041828,89414700-a29c-442e-84b4-bd0e350e2a09,9d693283-bf30-4162-af2e-08ff4700e06a,11.0,kg,41.18,False
b7e5ea47-7004-4ce8-be0a-7a5f6cbffb67,2026-06-20,b20d8f39-c2e2-4853-a202-6f43e0041828,89414700-a29c-442e-84b4-bd0e350e2a09,9d693283-bf30-4162-af2e-08ff4700e06a,12.0,kg,40.4,False
6391ab53-521b-4938-a336-b8d0eaf43742,2026-06-21,b20d8f39-c2e2-4853-a202-6f43e0041828,89414700-a29c-442e-84b4-bd0e350e2a09,9d693283-bf30-4162-af2e-08ff4700e06a,12.0,kg,55.16,False
27e31ff7-a24a-456f-b98e-0831eea2b936,2026-06-22,b20d8f39-c2e2-4853-a202-6f43e0041828,89414700-a29c-442e-84b4-bd0e350e2a09,9d693283-bf30-4162-af2e-08ff4700e06a,10.0,kg,55.37,False
1ada47d7-8823-47ee-a854-1e90bf124465,2026-06-23,b20d8f39-c2e2-4853-a202-6f43e0041828,89414700-a29c-442e-84b4-bd0e350e2a09,9d693283-bf30-4162-af2e-08ff4700e06a,10.0,kg,55.43,True
a55517e0-633a-4faa-a48d-a8b89989d584,2026-06-24,b20d8f39-c2e2-4853-a202-6f43e0041828,89414700-a29c-442e-84b4-bd0e350e2a09,9d693283-bf30-4162-af2e-08ff4700e06a,11.0,kg,44.3,False
433fc2e5-76eb-45cf-90dd-fd754bb0942e,2026-06-25,b20d8f39-c2e2-4853-a202-6f43e0041828,89414700-a29c-442e-84b4-bd0e350e2a09,9d693283-bf30-4162-af2e-08ff4700e06a,9.0,kg,41.99,False
0c160a1f-36dc-44ea-b8a8-aaef09b8c484,2026-06-26,b20d8f39-c2e2-4853-a202-6f43e0041828,89414700-a29c-442e-84b4-bd0e350e2a09,9d693283-bf30-4162-af2e-08ff4700e06a,10.0,kg,55.42,False
a30d2776-e4be-43f2-a29d-f9da30d1c2a5,2026-06-27,b20d8f39-c2e2-4853-a202-6f43e0041828,89414700-a29c-442e-84b4-bd0e350e2a09,9d693283-bf30-4162-af2e-08ff4700e06a,11.0,kg,43.51,False
d841db9e-e507-4e10-bdc0-46f2d3d8e8d1,2026-06-28,b20d8f39-c2e2-4853-a202-6f43e0041828,89414700-a29c-442e-84b4-bd0e350e2a09,9d693283-bf30-4162-af2e-08ff4700e06a,7.0,kg,48.26,False
3ebaa7b6-75d2-4bda-919b-f1e3bf23555b,2026-06-29,b20d8f39-c2e2-4853-a202-6f43e0041828,89414700-a29c-442e-84b4-bd0e350e2a09,9d693283-bf30-4162-af2e-08ff4700e06a,10.0,kg,40.63,False
3938a293-b5f3-458c-a208-e3191951f600,2026-06-30,b20d8f39-c2e2-4853-a202-6f43e0041828,89414700-a29c-442e-84b4-bd0e350e2a09,9d693283-bf30-4162-af2e-08ff4700e06a,14.0,kg,49.51,False
04d82ef9-5462-4efb-a490-0bad54364293,2026-07-01,b20d8f39-c2e2-4853-a202-6f43e0041828,89414700-a29c-442e-84b4-bd0e350e2a09,9d693283-bf30-4162-af2e-08ff4700e06a,11.0,kg,47.13,False
105fbe60-0605-4deb-b733-499f750d2a5a,2026-07-02,b20d8f39-c2e2-4853-a202-6f43e0041828,89414700-a29c-442e-84b4-bd0e350e2a09,9d693283-bf30-4162-af2e-08ff4700e06a,10.0,kg,46.41,False
f0586e92-670d-4a2e-975e-2717b69d88e4,2026-07-03,b20d8f39-c2e2-4853-a202-6f43e0041828,89414700-a29c-442e-84b4-bd0e350e2a09,9d693283-bf30-4162-af2e-08ff4700e06a,10.0,kg,44.38,False
14ad51d7-9d68-40cb-bfd1-0e51be91c7fb,2026-07-04,b20d8f39-c2e2-4853-a202-6f43e0041828,89414700-a29c-442e-84b4-bd0e350e2a09,9d693283-bf30-4162-af2e-08ff4700e06a,12.0,kg,49.02,False
9f1aad79-7cb5-4d8a-93c6-74ed62c63111,2026-07-05,b20d8f39-c2e2-4853-a202-6f43e0041828,89414700-a29c-442e-84b4-bd0e350e2a09,9d693283-bf30-4162-af2e-08ff4700e06a,13.0,kg,51.2,False
c64821e1-05b5-4f60-adfe-5eee954ce5ed,2026-07-06,b20d8f39-c2e2-4853-a202-6f43e0041828,89414700-a29c-442e-84b4-bd0e350e2a09,9d693283-bf30-4162-af2e-08ff4700e06a,8.0,kg,55.83,False
0dec48c1-b800-476a-8381-231347cf127d,2026-07-07,b20d8f39-c2e2-4853-a202-6f43e0041828,89414700-a29c-442e-84b4-bd0e350e2a09,9d693283-bf30-4162-af2e-08ff4700e06a,12.0,kg,49.96,False
44454e68-306f-40b0-b12f-582f1052af32,2026-07-08,b20d8f39-c2e2-4853-a202-6f43e0041828,89414700-a29c-442e-84b4-bd0e350e2a09,9d693283-bf30-4162-af2e-08ff4700e06a,11.0,kg,42.9,False
21412f4e-4c6b-4deb-8b60-ebf771935bad,2026-07-09,b20d8f39-c2e2-4853-a202-6f43e0041828,89414700-a29c-442e-84b4-bd0e350e2a09,9d693283-bf30-4162-af2e-08ff4700e06a,11.0,kg,51.75,False
d8b96f02-8bc2-4620-b15e-e7dfbc4230de,2026-07-10,b20d8f39-c2e2-4853-a202-6f43e0041828,89414700-a29c-442e-84b4-bd0e350e2a09,9d693283-bf30-4162-af2e-08ff4700e06a,11.0,kg,46.94,False
a4222ea8-0ab0-4e92-9ada-934655e3ccf3,2026-07-11,b20d8f39-c2e2-4853-a202-6f43e0041828,89414700-a29c-442e-84b4-bd0e350e2a09,9d693283-bf30-4162-af2e-08ff4700e06a,12.0,kg,51.2,False
d67360e6-57d3-41cb-8006-6995ffbab982,2026-07-12,b20d8f39-c2e2-4853-a202-6f43e0041828,89414700-a29c-442e-84b4-bd0e350e2a09,9d693283-bf30-4162-af2e-08ff4700e06a,14.0,kg,44.46,False
0c5478ba-42ee-4a28-9b50-6ae9859d43d7,2026-07-13,b20d8f39-c2e2-4853-a202-6f43e0041828,89414700-a29c-442e-84b4-bd0e350e2a09,9d693283-bf30-4162-af2e-08ff4700e06a,11.0,kg,57.23,False
9bc0abbd-8260-4cb7-8a0d-26a51a9840e6,2026-07-14,b20d8f39-c2e2-4853-a202-6f43e0041828,89414700-a29c-442e-84b4-bd0e350e2a09,9d693283-bf30-4162-af2e-08ff4700e06a,9.0,kg,46.01,False
6b041bf7-0f5a-47fb-81be-b1959f1e481c,2026-07-15,b20d8f39-c2e2-4853-a202-6f43e0041828,89414700-a29c-442e-84b4-bd0e350e2a09,9d693283-bf30-4162-af2e-08ff4700e06a,9.0,kg,43.87,False
5b1e4865-3f1d-4518-a20a-57789f4ccfe7,2026-07-16,b20d8f39-c2e2-4853-a202-6f43e0041828,89414700-a29c-442e-84b4-bd0e350e2a09,9d693283-bf30-4162-af2e-08ff4700e06a,10.0,kg,54.25,False
640d414f-ceaf-4a01-8232-f22221cacb6a,2026-07-17,b20d8f39-c2e2-4853-a202-6f43e0041828,89414700-a29c-442e-84b4-bd0e350e2a09,9d693283-bf30-4162-af2e-08ff4700e06a,12.0,kg,45.66,False
386d392e-583e-4e6c-9fac-466dc3dba009,2026-07-18,b20d8f39-c2e2-4853-a202-6f43e0041828,89414700-a29c-442e-84b4-bd0e350e2a09,9d693283-bf30-4162-af2e-08ff4700e06a,10.0,kg,49.42,False
f716eb3b-1053-4ff7-b9b0-fd4889888cf8,2026-07-19,b20d8f39-c2e2-4853-a202-6f43e0041828,89414700-a29c-442e-84b4-bd0e350e2a09,9d693283-bf30-4162-af2e-08ff4700e06a,9.0,kg,57.67,False
e39bb641-aac4-4af4-877f-f21cfddf31a7,2026-07-20,b20d8f39-c2e2-4853-a202-6f43e0041828,89414700-a29c-442e-84b4-bd0e350e2a09,9d693283-bf30-4162-af2e-08ff4700e06a,10.0,kg,42.79,False
cfeeab3a-6620-4eee-8faf-fc1d4208248e,2026-07-21,b20d8f39-c2e2-4853-a202-6f43e0041828,89414700-a29c-442e-84b4-bd0e350e2a09,9d693283-bf30-4162-af2e-08ff4700e06a,10.0,kg,56.3,False
a971e6f2-18bf-4d45-a323-c9020cda30c3,2026-07-22,b20d8f39-c2e2-4853-a202-6f43e0041828,89414700-a29c-442e-84b4-bd0e350e2a09,9d693283-bf30-4162-af2e-08ff4700e06a,10.0,kg,56.85,False
c3687a4b-1659-4697-acc3-97ada4629b9b,2026-07-23,b20d8f39-c2e2-4853-a202-6f43e0041828,89414700-a29c-442e-84b4-bd0e350e2a09,9d693283-bf30-4162-af2e-08ff4700e06a,10.0,kg,45.81,False
60736249-16b2-4f9f-976b-7a9072832c8a,2026-07-24,b20d8f39-c2e2-4853-a202-6f43e0041828,89414700-a29c-442e-84b4-bd0e350e2a09,9d693283-bf30-4162-af2e-08ff4700e06a,9.0,kg,52.97,False
45c8aaac-ec3f-49bb-a75d-962df49109e3,2026-07-25,b20d8f39-c2e2-4853-a202-6f43e0041828,89414700-a29c-442e-84b4-bd0e350e2a09,9d693283-bf30-4162-af2e-08ff4700e06a,15.0,kg,55.65,False
9043a213-bc63-4033-927c-a02aea8ae021,2026-07-26,b20d8f39-c2e2-4853-a202-6f43e0041828,89414700-a29c-442e-84b4-bd0e350e2a09,9d693283-bf30-4162-af2e-08ff4700e06a,9.0,kg,47.45,False
8d9bd627-521d-4a58-9a8d-e6f34c2d0930,2026-07-27,b20d8f39-c2e2-4853-a202-6f43e0041828,89414700-a29c-442e-84b4-bd0e350e2a09,9d693283-bf30-4162-af2e-08ff4700e06a,8.0,kg,56.59,False
22c98b49-53c4-4c9a-a34c-1e4c9273675e,2026-07-28,b20d8f39-c2e2-4853-a202-6f43e0041828,89414700-a29c-442e-84b4-bd0e350e2a09,9d693283-bf30-4162-af2e-08ff4700e06a,9.0,kg,45.04,False
02e1ffed-796a-43b0-b7cf-21b5ad7c5d9f,2026-07-29,b20d8f39-c2e2-4853-a202-6f43e0041828,89414700-a29c-442e-84b4-bd0e350e2a09,9d693283-bf30-4162-af2e-08ff4700e06a,7.0,kg,42.12,False
170fbebf-96b8-4839-9290-cd0fa5526fc2,2026-07-30,b20d8f39-c2e2-4853-a202-6f43e0041828,89414700-a29c-442e-84b4-bd0e350e2a09,9d693283-bf30-4162-af2e-08ff4700e06a,9.0,kg,53.59,False
978ca0ec-0b33-4869-b700-878aa38465a9,2026-07-31,b20d8f39-c2e2-4853-a202-6f43e0041828,89414700-a29c-442e-84b4-bd0e350e2a09,9d693283-bf30-4162-af2e-08ff4700e06a,12.0,kg,44.92,False
7090a513-e526-4814-aca5-3aeaf639b2c2,2026-08-01,b20d8f39-c2e2-4853-a202-6f43e0041828,89414700-a29c-442e-84b4-bd0e350e2a09,9d693283-bf30-4162-af2e-08ff4700e06a,12.0,kg,44.29,False
e568f1a2-67be-41c1-ab6b-5b222447a995,2026-08-02,b20d8f39-c2e2-4853-a202-6f43e0041828,89414700-a29c-442e-84b4-bd0e350e2a09,9d693283-bf30-4162-af2e-08ff4700e06a,12.0,kg,52.28,False
09f7135a-1b75-435e-986e-2522093ce9a0,2026-08-03,b20d8f39-c2e2-4853-a202-6f43e0041828,89414700-a29c-442e-84b4-bd0e350e2a09,9d693283-bf30-4162-af2e-08ff4700e06a,7.0,kg,52.29,False
837b7f17-73a5-42e6-84ea-d2486d5db8d8,2026-08-04,b20d8f39-c2e2-4853-a202-6f43e0041828,89414700-a29c-442e-84b4-bd0e350e2a09,9d693283-bf30-4162-af2e-08ff4700e06a,8.0,kg,50.83,False
e726cf4a-dabc-4b9b-a53a-25752cbf4d9f,2026-08-05,b20d8f39-c2e2-4853-a202-6f43e0041828,89414700-a29c-442e-84b4-bd0e350e2a09,9d693283-bf30-4162-af2e-08ff4700e06a,9.0,kg,46.79,False
954a71df-2f75-48a6-883d-302efbb61c68,2026-08-06,b20d8f39-c2e2-4853-a202-6f43e0041828,89414700-a29c-442e-84b4-bd0e350e2a09,9d693283-bf30-4162-af2e-08ff4700e06a,9.0,kg,48.85,False
31e243ef-0df1-42d4-94f0-795ae4185f28,2026-08-07,b20d8f39-c2e2-4853-a202-6f43e0041828,89414700-a29c-442e-84b4-bd0e350e2a09,9d693283-bf30-4162-af2e-08ff4700e06a,11.0,kg,43.63,False
8b3df4dc-1938-47e3-abdd-034ebd35d939,2026-08-08,b20d8f39-c2e2-4853-a202-6f43e0041828,89414700-a29c-442e-84b4-bd0e350e2a09,9d693283-bf30-4162-af2e-08ff4700e06a,15.0,kg,53.63,True
96f2fcb5-4996-436d-b593-80372bb864a4,2026-08-09,b20d8f39-c2e2-4853-a202-6f43e0041828,89414700-a29c-442e-84b4-bd0e350e2a09,9d693283-bf30-4162-af2e-08ff4700e06a,11.0,kg,47.48,True
b6bc3af6-a2c5-46f0-95c1-d8a53fd990dc,2026-08-10,b20d8f39-c2e2-4853-a202-6f43e0041828,89414700-a29c-442e-84b4-bd0e350e2a09,9d693283-bf30-4162-af2e-08ff4700e06a,10.0,kg,57.54,False
22c07681-87be-4092-928d-bb82d543da7c,2026-08-11,b20d8f39-c2e2-4853-a202-6f43e0041828,89414700-a29c-442e-84b4-bd0e350e2a09,9d693283-bf30-4162-af2e-08ff4700e06a,10.0,kg,41.41,False
ac7cc58a-86b1-429e-ada8-fc7bbce4678a,2026-08-12,b20d8f39-c2e2-4853-a202-6f43e0041828,89414700-a29c-442e-84b4-bd0e350e2a09,9d693283-bf30-4162-af2e-08ff4700e06a,11.0,kg,57.5,False
96610518-fa84-4a2e-b282-cdc9cdae64ea,2026-08-13,b20d8f39-c2e2-4853-a202-6f43e0041828,89414700-a29c-442e-84b4-bd0e350e2a09,9d693283-bf30-4162-af2e-08ff4700e06a,12.0,kg,48.82,False
c0068272-f172-4adb-848f-be5515acd43a,2026-08-14,b20d8f39-c2e2-4853-a202-6f43e0041828,89414700-a29c-442e-84b4-bd0e350e2a09,9d693283-bf30-4162-af2e-08ff4700e06a,8.0,kg,44.57,False
b5e09e18-0519-4e93-852b-cf31e93556f7,2026-08-15,b20d8f39-c2e2-4853-a202-6f43e0041828,89414700-a29c-442e-84b4-bd0e350e2a09,9d693283-bf30-4162-af2e-08ff4700e06a,10.0,kg,40.98,False
9e61f557-e45b-40e9-9bae-dda98da968b5,2026-08-16,b20d8f39-c2e2-4853-a202-6f43e0041828,89414700-a29c-442e-84b4-bd0e350e2a09,9d693283-bf30-4162-af2e-08ff4700e06a,9.0,kg,46.91,False
60a9cf82-e977-4d05-b492-4a2408c18d16,2026-08-17,b20d8f39-c2e2-4853-a202-6f43e0041828,89414700-a29c-442e-84b4-bd0e350e2a09,9d693283-bf30-4162-af2e-08ff4700e06a,9.0,kg,50.95,False
d1988134-b4c9-46bb-a299-ce3ba32ebd51,2026-08-18,b20d8f39-c2e2-4853-a202-6f43e0041828,89414700-a29c-442e-84b4-bd0e350e2a09,9d693283-bf30-4162-af2e-08ff4700e06a,10.0,kg,50.64,False
7e7f9914-2563-4d14-99a3-40872468057f,2026-08-19,b20d8f39-c2e2-4853-a202-6f43e0041828,89414700-a29c-442e-84b4-bd0e350e2a09,9d693283-bf30-4162-af2e-08ff4700e06a,11.0,kg,55.58,False
4239a7ea-c845-4ece-984f-9f23fdac364d,2026-08-20,b20d8f39-c2e2-4853-a202-6f43e0041828,89414700-a29c-442e-84b4-bd0e350e2a09,9d693283-bf30-4162-af2e-08ff4700e06a,9.0,kg,48.15,False
d2ad3812-f217-4dba-8d27-64ac83d056ac,2026-08-21,b20d8f39-c2e2-4853-a202-6f43e0041828,89414700-a29c-442e-84b4-bd0e350e2a09,9d693283-bf30-4162-af2e-08ff4700e06a,9.0,kg,40.99,False
7a4b9feb-f993-4976-bd9c-6c3a933d36e0,2026-08-22,b20d8f39-c2e2-4853-a202-6f43e0041828,89414700-a29c-442e-84b4-bd0e350e2a09,9d693283-bf30-4162-af2e-08ff4700e06a,12.0,kg,49.33,False
893a438e-69f5-40f4-b3a3-67efdacb546b,2026-08-23,b20d8f39-c2e2-4853-a202-6f43e0041828,89414700-a29c-442e-84b4-bd0e350e2a09,9d693283-bf30-4162-af2e-08ff4700e06a,10.0,kg,53.12,False
4b220284-64c0-4307-9533-27a998f6201d,2026-08-24,b20d8f39-c2e2-4853-a202-6f43e0041828,89414700-a29c-442e-84b4-bd0e350e2a09,9d693283-bf30-4162-af2e-08ff4700e06a,12.0,kg,49.28,False
beae616a-01df-4fb1-b1b0-fd58201058c6,2026-08-25,b20d8f39-c2e2-4853-a202-6f43e0041828,89414700-a29c-442e-84b4-bd0e350e2a09,9d693283-bf30-4162-af2e-08ff4700e06a,7.0,kg,41.11,False
ab426f3e-2f71-421c-82f1-677ba6dd2232,2026-08-26,b20d8f39-c2e2-4853-a202-6f43e0041828,89414700-a29c-442e-84b4-bd0e350e2a09,9d693283-bf30-4162-af2e-08ff4700e06a,9.0,kg,45.58,False
15dbb392-b6c8-45a2-b155-886131065af9,2026-08-27,b20d8f39-c2e2-4853-a202-6f43e0041828,89414700-a29c-442e-84b4-bd0e350e2a09,9d693283-bf30-4162-af2e-08ff4700e06a,12.0,kg,48.32,False
43570a3c-4e19-4acf-ab2f-372abb2e8405,2026-08-28,b20d8f39-c2e2-4853-a202-6f43e0041828,89414700-a29c-442e-84b4-bd0e350e2a09,9d693283-bf30-4162-af2e-08ff4700e06a,9.0,kg,50.98,False
89da87c6-1b2b-40cc-9369-0c08416b5071,2026-08-29,b20d8f39-c2e2-4853-a202-6f43e0041828,89414700-a29c-442e-84b4-bd0e350e2a09,9d693283-bf30-4162-af2e-08ff4700e06a,13.0,kg,49.3,True
a3d9042c-f32d-424b-a30b-e4df0907a4c6,2026-08-30,b20d8f39-c2e2-4853-a202-6f43e0041828,89414700-a29c-442e-84b4-bd0e350e2a09,9d693283-bf30-4162-af2e-08ff4700e06a,11.0,kg,54.77,False
542579a8-dc24-44dd-9805-dca6a29042b0,2026-08-31,b20d8f39-c2e2-4853-a202-6f43e0041828,89414700-a29c-442e-84b4-bd0e350e2a09,9d693283-bf30-4162-af2e-08ff4700e06a,9.0,kg,42.23,False
f9529938-841d-4971-8741-d99d0fa3fac1,2026-09-01,b20d8f39-c2e2-4853-a202-6f43e0041828,89414700-a29c-442e-84b4-bd0e350e2a09,9d693283-bf30-4162-af2e-08ff4700e06a,11.0,kg,56.66,False
2a87e623-143c-45f2-b290-daae028fe3bd,2026-09-02,b20d8f39-c2e2-4853-a202-6f43e0041828,89414700-a29c-442e-84b4-bd0e350e2a09,9d693283-bf30-4162-af2e-08ff4700e06a,6.0,kg,42.62,False
7ad29b6b-5e2d-49cd-be69-42b50c7b5c4d,2026-09-03,b20d8f39-c2e2-4853-a202-6f43e0041828,89414700-a29c-442e-84b4-bd0e350e2a09,9d693283-bf30-4162-af2e-08ff4700e06a,11.0,kg,48.14,False
fe73dee0-2300-4efe-96b4-e4b6d3229a43,2026-09-04,b20d8f39-c2e2-4853-a202-6f43e0041828,89414700-a29c-442e-84b4-bd0e350e2a09,9d693283-bf30-4162-af2e-08ff4700e06a,7.0,kg,50.58,False
2a359824-6e11-43e4-94b6-c6ef4e764abe,2026-09-05,b20d8f39-c2e2-4853-a202-6f43e0041828,89414700-a29c-442e-84b4-bd0e350e2a09,9d693283-bf30-4162-af2e-08ff4700e06a,11.0,kg,44.63,False
2bc4c142-1012-42bd-a3b6-2c62dfc4b3e9,2026-09-06,b20d8f39-c2e2-4853-a202-6f43e0041828,89414700-a29c-442e-84b4-bd0e350e2a09,9d693283-bf30-4162-af2e-08ff4700e06a,10.0,kg,52.82,False
7022113d-e92f-4a76-8070-07eeadb385ea,2026-09-07,b20d8f39-c2e2-4853-a202-6f43e0041828,89414700-a29c-442e-84b4-bd0e350e2a09,9d693283-bf30-4162-af2e-08ff4700e06a,10.0,kg,46.6,False
40489af4-e054-429d-a5da-a73b72bd05fd,2025-09-08,de2aa412-e109-4bcf-b6e9-9d9ad0b05e22,b84574d4-874a-4bc8-8811-bf540d30bb51,f88afad5-3d69-4d7f-8a1b-095720bc60a3,40.0,units,0.0,False
fd2660cb-963d-478a-9604-3735a4a3664d,2025-09-09,de2aa412-e109-4bcf-b6e9-9d9ad0b05e22,b84574d4-874a-4bc8-8811-bf540d30bb51,f88afad5-3d69-4d7f-8a1b-095720bc60a3,57.0,units,0.0,False
aec64abc-7d8c-47a8-8d29-4c5dec3d5590,2025-09-10,de2aa412-e109-4bcf-b6e9-9d9ad0b05e22,b84574d4-874a-4bc8-8811-bf540d30bb51,f88afad5-3d69-4d7f-8a1b-095720bc60a3,71.0,units,0.0,False
a8ed7cc0-a998-43ba-90ae-7086942b1ed4,2025-09-11,de2aa412-e109-4bcf-b6e9-9d9ad0b05e22,b84574d4-874a-4bc8-8811-bf540d30bb51,f88afad5-3d69-4d7f-8a1b-095720bc60a3,42.0,units,0.0,False
2aff1aee-c73b-4ca7-b6a2-92318a22eef9,2025-09-12,de2aa412-e109-4bcf-b6e9-9d9ad0b05e22,b84574d4-874a-4bc8-8811-bf540d30bb51,f88afad5-3d69-4d7f-8a1b-095720bc60a3,55.0,units,0.0,False
d1e21d9b-81c8-4c39-a2c1-1a668927a8c0,2025-09-13,de2aa412-e109-4bcf-b6e9-9d9ad0b05e22,b84574d4-874a-4bc8-8811-bf540d30bb51,f88afad5-3d69-4d7f-8a1b-095720bc60a3,59.0,units,0.0,False
6ad01df5-3b15-4eef-b4a6-fd0b6479a7dd,2025-09-14,de2aa412-e109-4bcf-b6e9-9d9ad0b05e22,b84574d4-874a-4bc8-8811-bf540d30bb51,f88afad5-3d69-4d7f-8a1b-095720bc60a3,71.0,units,0.0,False
0a5a2574-2631-4eb5-aa6d-85205a5aa566,2025-09-15,de2aa412-e109-4bcf-b6e9-9d9ad0b05e22,b84574d4-874a-4bc8-8811-bf540d30bb51,f88afad5-3d69-4d7f-8a1b-095720bc60a3,53.0,units,0.0,False
91d6491b-ba97-49cc-a884-4969f33ab781,2025-09-16,de2aa412-e109-4bcf-b6e9-9d9ad0b05e22,b84574d4-874a-4bc8-8811-bf540d30bb51,f88afad5-3d69-4d7f-8a1b-095720bc60a3,48.0,units,0.0,False
3e817ab4-2d76-4d60-9600-b17431b84503,2025-09-17,de2aa412-e109-4bcf-b6e9-9d9ad0b05e22,b84574d4-874a-4bc8-8811-bf540d30bb51,f88afad5-3d69-4d7f-8a1b-095720bc60a3,57.0,units,0.0,False
c336bc4e-f4b0-4897-a861-6a6571c9ea90,2025-09-18,de2aa412-e109-4bcf-b6e9-9d9ad0b05e22,b84574d4-874a-4bc8-8811-bf540d30bb51,f88afad5-3d69-4d7f-8a1b-095720bc60a3,68.0,units,0.0,False
eaebc991-157f-4674-8cc7-36210ee8df11,2025-09-19,de2aa412-e109-4bcf-b6e9-9d9ad0b05e22,b84574d4-874a-4bc8-8811-bf540d30bb51,f88afad5-3d69-4d7f-8a1b-095720bc60a3,51.0,units,0.0,False
ee4e8e3b-7e23-450a-8e84-ae55b867983f,2025-09-20,de2aa412-e109-4bcf-b6e9-9d9ad0b05e22,b84574d4-874a-4bc8-8811-bf540d30bb51,f88afad5-3d69-4d7f-8a1b-095720bc60a3,74.0,units,0.0,False
c4425b03-f477-4d20-992f-22dace5a9a40,2025-09-21,de2aa412-e109-4bcf-b6e9-9d9ad0b05e22,b84574d4-874a-4bc8-8811-bf540d30bb51,f88afad5-3d69-4d7f-8a1b-095720bc60a3,52.0,units,0.0,False
29de31a9-b8a9-422a-b0eb-4af517f08a06,2025-09-22,de2aa412-e109-4bcf-b6e9-9d9ad0b05e22,b84574d4-874a-4bc8-8811-bf540d30bb51,f88afad5-3d69-4d7f-8a1b-095720bc60a3,45.0,units,0.0,False
7ce9e988-664d-4861-9daa-3459ca962883,2025-09-23,de2aa412-e109-4bcf-b6e9-9d9ad0b05e22,b84574d4-874a-4bc8-8811-bf540d30bb51,f88afad5-3d69-4d7f-8a1b-095720bc60a3,57.0,units,0.0,False
4a71c480-9279-42a5-a43c-620af5025041,2025-09-24,de2aa412-e109-4bcf-b6e9-9d9ad0b05e22,b84574d4-874a-4bc8-8811-bf540d30bb51,f88afad5-3d69-4d7f-8a1b-095720bc60a3,65.0,units,0.0,False
692266e8-18e8-4740-87b4-a01f611e6733,2025-09-25,de2aa412-e109-4bcf-b6e9-9d9ad0b05e22,b84574d4-874a-4bc8-8811-bf540d30bb51,f88afad5-3d69-4d7f-8a1b-095720bc60a3,56.0,units,0.0,False
7f00ab38-b92f-4b00-9a12-76d7569bcf14,2025-09-26,de2aa412-e109-4bcf-b6e9-9d9ad0b05e22,b84574d4-874a-4bc8-8811-bf540d30bb51,f88afad5-3d69-4d7f-8a1b-095720bc60a3,50.0,units,0.0,False
73a6d15a-8b36-4bb2-b31c-0beeae7e9853,2025-09-27,de2aa412-e109-4bcf-b6e9-9d9ad0b05e22,b84574d4-874a-4bc8-8811-bf540d30bb51,f88afad5-3d69-4d7f-8a1b-095720bc60a3,66.0,units,0.0,False
fc998b7b-7bbc-4f25-af37-7ec320ea85d7,2025-09-28,de2aa412-e109-4bcf-b6e9-9d9ad0b05e22,b84574d4-874a-4bc8-8811-bf540d30bb51,f88afad5-3d69-4d7f-8a1b-095720bc60a3,63.0,units,0.0,True
ce808068-ee9f-41d9-8571-dbc99c43756e,2025-09-29,de2aa412-e109-4bcf-b6e9-9d9ad0b05e22,b84574d4-874a-4bc8-8811-bf540d30bb51,f88afad5-3d69-4d7f-8a1b-095720bc60a3,58.0,units,0.0,False
37d4fdc6-1915-47c2-a73f-d3856fbd4b1b,2025-09-30,de2aa412-e109-4bcf-b6e9-9d9ad0b05e22,b84574d4-874a-4bc8-8811-bf540d30bb51,f88afad5-3d69-4d7f-8a1b-095720bc60a3,60.0,units,0.0,False
6c47f896-e7fe-425f-a13d-b9d5cf3f5242,2025-10-01,de2aa412-e109-4bcf-b6e9-9d9ad0b05e22,b84574d4-874a-4bc8-8811-bf540d30bb51,f88afad5-3d69-4d7f-8a1b-095720bc60a3,59.0,units,0.0,True
e5932ce5-1bd8-4f97-a240-7afa79144b82,2025-10-02,de2aa412-e109-4bcf-b6e9-9d9ad0b05e22,b84574d4-874a-4bc8-8811-bf540d30bb51,f88afad5-3d69-4d7f-8a1b-095720bc60a3,49.0,units,0.0,False
e96bb649-1fb3-49c8-bc18-9c0669e7af46,2025-10-03,de2aa412-e109-4bcf-b6e9-9d9ad0b05e22,b84574d4-874a-4bc8-8811-bf540d30bb51,f88afad5-3d69-4d7f-8a1b-095720bc60a3,55.0,units,0.0,False
b651374f-de35-46c2-a370-8939918d8602,2025-10-04,de2aa412-e109-4bcf-b6e9-9d9ad0b05e22,b84574d4-874a-4bc8-8811-bf540d30bb51,f88afad5-3d69-4d7f-8a1b-095720bc60a3,61.0,units,0.0,False
a7facb59-798a-4525-a40c-3c4fbe135ec1,2025-10-05,de2aa412-e109-4bcf-b6e9-9d9ad0b05e22,b84574d4-874a-4bc8-8811-bf540d30bb51,f88afad5-3d69-4d7f-8a1b-095720bc60a3,65.0,units,0.0,False
7534b2b8-3ff8-4ab2-b0bb-4d654b5990ad,2025-10-06,de2aa412-e109-4bcf-b6e9-9d9ad0b05e22,b84574d4-874a-4bc8-8811-bf540d30bb51,f88afad5-3d69-4d7f-8a1b-095720bc60a3,71.0,units,0.0,False
beabb528-6b71-4718-a793-abc831768d2f,2025-10-07,de2aa412-e109-4bcf-b6e9-9d9ad0b05e22,b84574d4-874a-4bc8-8811-bf540d30bb51,f88afad5-3d69-4d7f-8a1b-095720bc60a3,51.0,units,0.0,False
6e43bf53-86ad-4d77-a051-2d3075c5529d,2025-10-08,de2aa412-e109-4bcf-b6e9-9d9ad0b05e22,b84574d4-874a-4bc8-8811-bf540d30bb51,f88afad5-3d69-4d7f-8a1b-095720bc60a3,50.0,units,0.0,False
80073c89-41a5-48b1-bb33-cc0c5ca33320,2025-10-09,de2aa412-e109-4bcf-b6e9-9d9ad0b05e22,b84574d4-874a-4bc8-8811-bf540d30bb51,f88afad5-3d69-4d7f-8a1b-095720bc60a3,47.0,units,0.0,False
a55b0d13-1faa-4cef-8d9c-38eccd2b016e,2025-10-10,de2aa412-e109-4bcf-b6e9-9d9ad0b05e22,b84574d4-874a-4bc8-8811-bf540d30bb51,f88afad5-3d69-4d7f-8a1b-095720bc60a3,59.0,units,0.0,False
f997c0ed-30cd-47ea-ae4d-ab6befd1d813,2025-10-11,de2aa412-e109-4bcf-b6e9-9d9ad0b05e22,b84574d4-874a-4bc8-8811-bf540d30bb51,f88afad5-3d69-4d7f-8a1b-095720bc60a3,64.0,units,0.0,False
5e3129b3-22f3-44fd-bfff-3545bafe2c23,2025-10-12,de2aa412-e109-4bcf-b6e9-9d9ad0b05e22,b84574d4-874a-4bc8-8811-bf540d30bb51,f88afad5-3d69-4d7f-8a1b-095720bc60a3,59.0,units,0.0,False
c8653cf0-64f0-460a-93eb-a646272f046d,2025-10-13,de2aa412-e109-4bcf-b6e9-9d9ad0b05e22,b84574d4-874a-4bc8-8811-bf540d30bb51,f88afad5-3d69-4d7f-8a1b-095720bc60a3,64.0,units,0.0,False
3800f426-6a1d-4edd-962b-1546c8f3b250,2025-10-14,de2aa412-e109-4bcf-b6e9-9d9ad0b05e22,b84574d4-874a-4bc8-8811-bf540d30bb51,f88afad5-3d69-4d7f-8a1b-095720bc60a3,65.0,units,0.0,False
fd07e896-0c3f-4cbe-9d37-1c8b4737507f,2025-10-15,de2aa412-e109-4bcf-b6e9-9d9ad0b05e22,b84574d4-874a-4bc8-8811-bf540d30bb51,f88afad5-3d69-4d7f-8a1b-095720bc60a3,48.0,units,0.0,False
012c965e-6d60-4a45-8148-790dcbf81559,2025-10-16,de2aa412-e109-4bcf-b6e9-9d9ad0b05e22,b84574d4-874a-4bc8-8811-bf540d30bb51,f88afad5-3d69-4d7f-8a1b-095720bc60a3,37.0,units,0.0,False
43db3a27-1ca7-4e4c-a947-addc020ec55d,2025-10-17,de2aa412-e109-4bcf-b6e9-9d9ad0b05e22,b84574d4-874a-4bc8-8811-bf540d30bb51,f88afad5-3d69-4d7f-8a1b-095720bc60a3,62.0,units,0.0,False
41770c32-9171-4437-9a37-ee96bc4c938f,2025-10-18,de2aa412-e109-4bcf-b6e9-9d9ad0b05e22,b84574d4-874a-4bc8-8811-bf540d30bb51,f88afad5-3d69-4d7f-8a1b-095720bc60a3,59.0,units,0.0,False
bd14ea14-ceb5-452f-9d4b-cdac32f7f95d,2025-10-19,de2aa412-e109-4bcf-b6e9-9d9ad0b05e22,b84574d4-874a-4bc8-8811-bf540d30bb51,f88afad5-3d69-4d7f-8a1b-095720bc60a3,75.0,units,0.0,False
06204469-7f32-4b90-a4e8-929b59ebc8d1,2025-10-20,de2aa412-e109-4bcf-b6e9-9d9ad0b05e22,b84574d4-874a-4bc8-8811-bf540d30bb51,f88afad5-3d69-4d7f-8a1b-095720bc60a3,36.0,units,0.0,False
7d14464f-6bb5-4315-88cb-46cd62826f9b,2025-10-21,de2aa412-e109-4bcf-b6e9-9d9ad0b05e22,b84574d4-874a-4bc8-8811-bf540d30bb51,f88afad5-3d69-4d7f-8a1b-095720bc60a3,61.0,units,0.0,False
d6e5e48d-daf7-47d3-a5c1-840e32e5ddf1,2025-10-22,de2aa412-e109-4bcf-b6e9-9d9ad0b05e22,b84574d4-874a-4bc8-8811-bf540d30bb51,f88afad5-3d69-4d7f-8a1b-095720bc60a3,43.0,units,0.0,False
29c24315-84f5-400c-847f-53af45c7654b,2025-10-23,de2aa412-e109-4bcf-b6e9-9d9ad0b05e22,b84574d4-874a-4bc8-8811-bf540d30bb51,f88afad5-3d69-4d7f-8a1b-095720bc60a3,60.0,units,0.0,False
37295fd3-8680-48bd-aa76-f20e717d82d8,2025-10-24,de2aa412-e109-4bcf-b6e9-9d9ad0b05e22,b84574d4-874a-4bc8-8811-bf540d30bb51,f88afad5-3d69-4d7f-8a1b-095720bc60a3,64.0,units,0.0,True
7961a3fd-fc0e-48fe-9c3f-bad7503c891e,2025-10-25,de2aa412-e109-4bcf-b6e9-9d9ad0b05e22,b84574d4-874a-4bc8-8811-bf540d30bb51,f88afad5-3d69-4d7f-8a1b-095720bc60a3,57.0,units,0.0,False
04746ac6-3154-40e2-8596-a0f3a42ad101,2025-10-26,de2aa412-e109-4bcf-b6e9-9d9ad0b05e22,b84574d4-874a-4bc8-8811-bf540d30bb51,f88afad5-3d69-4d7f-8a1b-095720bc60a3,62.0,units,0.0,False
aaab3d33-0e70-4384-9a3a-ca9d6bbb8853,2025-10-27,de2aa412-e109-4bcf-b6e9-9d9ad0b05e22,b84574d4-874a-4bc8-8811-bf540d30bb51,f88afad5-3d69-4d7f-8a1b-095720bc60a3,59.0,units,0.0,False
d2e8bdd8-fd3b-477a-8538-da5895394aba,2025-10-28,de2aa412-e109-4bcf-b6e9-9d9ad0b05e22,b84574d4-874a-4bc8-8811-bf540d30bb51,f88afad5-3d69-4d7f-8a1b-095720bc60a3,54.0,units,0.0,False
9cb2279b-8374-49f0-9fbb-a5675232b4bd,2025-10-29,de2aa412-e109-4bcf-b6e9-9d9ad0b05e22,b84574d4-874a-4bc8-8811-bf540d30bb51,f88afad5-3d69-4d7f-8a1b-095720bc60a3,70.0,units,0.0,True
5efc2376-586f-4c31-80c5-a3d15e7fbd30,2025-10-30,de2aa412-e109-4bcf-b6e9-9d9ad0b05e22,b84574d4-874a-4bc8-8811-bf540d30bb51,f88afad5-3d69-4d7f-8a1b-095720bc60a3,71.0,units,0.0,False
5bbffb77-848a-4e69-a770-e5988c3e749d,2025-10-31,de2aa412-e109-4bcf-b6e9-9d9ad0b05e22,b84574d4-874a-4bc8-8811-bf540d30bb51,f88afad5-3d69-4d7f-8a1b-095720bc60a3,40.0,units,0.0,False
a9061c26-47cb-4239-ae7e-d93271c850e0,2025-11-01,de2aa412-e109-4bcf-b6e9-9d9ad0b05e22,b84574d4-874a-4bc8-8811-bf540d30bb51,f88afad5-3d69-4d7f-8a1b-095720bc60a3,85.0,units,0.0,False
a1b3d035-3895-4956-aada-2329e2533d8c,2025-11-02,de2aa412-e109-4bcf-b6e9-9d9ad0b05e22,b84574d4-874a-4bc8-8811-bf540d30bb51,f88afad5-3d69-4d7f-8a1b-095720bc60a3,68.0,units,0.0,False
40582e76-aeb2-44ce-8ddb-8f1040754f5e,2025-11-03,de2aa412-e109-4bcf-b6e9-9d9ad0b05e22,b84574d4-874a-4bc8-8811-bf540d30bb51,f88afad5-3d69-4d7f-8a1b-095720bc60a3,46.0,units,0.0,False
6e0b0dc1-b7e9-468b-a0c7-6f16882e0079,2025-11-04,de2aa412-e109-4bcf-b6e9-9d9ad0b05e22,b84574d4-874a-4bc8-8811-bf540d30bb51,f88afad5-3d69-4d7f-8a1b-095720bc60a3,43.0,units,0.0,False
bc1828fc-cb5d-46c5-bd16-4fda7570b685,2025-11-05,de2aa412-e109-4bcf-b6e9-9d9ad0b05e22,b84574d4-874a-4bc8-8811-bf540d30bb51,f88afad5-3d69-4d7f-8a1b-095720bc60a3,52.0,units,0.0,False
9f30b47f-bc19-43e9-99e2-6c86e83357a2,2025-11-06,de2aa412-e109-4bcf-b6e9-9d9ad0b05e22,b84574d4-874a-4bc8-8811-bf540d30bb51,f88afad5-3d69-4d7f-8a1b-095720bc60a3,62.0,units,0.0,False
7c79d184-a7f6-4d71-ab48-2ba952355ab1,2025-11-07,de2aa412-e109-4bcf-b6e9-9d9ad0b05e22,b84574d4-874a-4bc8-8811-bf540d30bb51,f88afad5-3d69-4d7f-8a1b-095720bc60a3,53.0,units,0.0,False
ada05be2-5679-4a43-88e0-3c525b8d5dbd,2025-11-08,de2aa412-e109-4bcf-b6e9-9d9ad0b05e22,b84574d4-874a-4bc8-8811-bf540d30bb51,f88afad5-3d69-4d7f-8a1b-095720bc60a3,84.0,units,0.0,False
717e9ca2-41a9-4fb1-8152-1cc00ccf263b,2025-11-09,de2aa412-e109-4bcf-b6e9-9d9ad0b05e22,b84574d4-874a-4bc8-8811-bf540d30bb51,f88afad5-3d69-4d7f-8a1b-095720bc60a3,52.0,units,0.0,False
663c0645-92ca-4284-81fe-366813df49b5,2025-11-10,de2aa412-e109-4bcf-b6e9-9d9ad0b05e22,b84574d4-874a-4bc8-8811-bf540d30bb51,f88afad5-3d69-4d7f-8a1b-095720bc60a3,54.0,units,0.0,False
69b847a3-0e4c-487c-b4cb-118815b7fea2,2025-11-11,de2aa412-e109-4bcf-b6e9-9d9ad0b05e22,b84574d4-874a-4bc8-8811-bf540d30bb51,f88afad5-3d69-4d7f-8a1b-095720bc60a3,44.0,units,0.0,False
2eb4715f-df6d-4973-921f-3f07ed235775,2025-11-12,de2aa412-e109-4bcf-b6e9-9d9ad0b05e22,b84574d4-874a-4bc8-8811-bf540d30bb51,f88afad5-3d69-4d7f-8a1b-095720bc60a3,58.0,units,0.0,False
9f733535-434d-47a4-b23e-5c87a9a21d0a,2025-11-13,de2aa412-e109-4bcf-b6e9-9d9ad0b05e22,b84574d4-874a-4bc8-8811-bf540d30bb51,f88afad5-3d69-4d7f-8a1b-095720bc60a3,62.0,units,0.0,False
6f9a2e70-2648-43c1-8879-3a50b9d9bf7d,2025-11-14,de2aa412-e109-4bcf-b6e9-9d9ad0b05e22,b84574d4-874a-4bc8-8811-bf540d30bb51,f88afad5-3d69-4d7f-8a1b-095720bc60a3,51.0,units,0.0,False
54307e52-9559-4044-8b57-d2e827a020ca,2025-11-15,de2aa412-e109-4bcf-b6e9-9d9ad0b05e22,b84574d4-874a-4bc8-8811-bf540d30bb51,f88afad5-3d69-4d7f-8a1b-095720bc60a3,40.0,units,0.0,False
b21502c5-9471-4527-b22a-b1a6695b6351,2025-11-16,de2aa412-e109-4bcf-b6e9-9d9ad0b05e22,b84574d4-874a-4bc8-8811-bf540d30bb51,f88afad5-3d69-4d7f-8a1b-095720bc60a3,71.0,units,0.0,False
642f18a4-8459-48f6-8a07-3e4856945a60,2025-11-17,de2aa412-e109-4bcf-b6e9-9d9ad0b05e22,b84574d4-874a-4bc8-8811-bf540d30bb51,f88afad5-3d69-4d7f-8a1b-095720bc60a3,59.0,units,0.0,False
9ea2a609-6a67-4cb9-b5fa-15a449c1ebe7,2025-11-18,de2aa412-e109-4bcf-b6e9-9d9ad0b05e22,b84574d4-874a-4bc8-8811-bf540d30bb51,f88afad5-3d69-4d7f-8a1b-095720bc60a3,59.0,units,0.0,False
d6dde393-e4f9-4eb8-bfb0-0f3d42d9a413,2025-11-19,de2aa412-e109-4bcf-b6e9-9d9ad0b05e22,b84574d4-874a-4bc8-8811-bf540d30bb51,f88afad5-3d69-4d7f-8a1b-095720bc60a3,66.0,units,0.0,False
e17e65b9-f4ed-4158-ad9a-47444f2d0222,2025-11-20,de2aa412-e109-4bcf-b6e9-9d9ad0b05e22,b84574d4-874a-4bc8-8811-bf540d30bb51,f88afad5-3d69-4d7f-8a1b-095720bc60a3,46.0,units,0.0,False
7cbe5ca7-ccee-480d-aa27-dc3d259d9fab,2025-11-21,de2aa412-e109-4bcf-b6e9-9d9ad0b05e22,b84574d4-874a-4bc8-8811-bf540d30bb51,f88afad5-3d69-4d7f-8a1b-095720bc60a3,61.0,units,0.0,False
f69ffb79-4418-4ac6-a14a-2743fd5fd98c,2025-11-22,de2aa412-e109-4bcf-b6e9-9d9ad0b05e22,b84574d4-874a-4bc8-8811-bf540d30bb51,f88afad5-3d69-4d7f-8a1b-095720bc60a3,83.0,units,0.0,False
1bed4705-04ff-4868-b954-66e7fec131b5,2025-11-23,de2aa412-e109-4bcf-b6e9-9d9ad0b05e22,b84574d4-874a-4bc8-8811-bf540d30bb51,f88afad5-3d69-4d7f-8a1b-095720bc60a3,50.0,units,0.0,False
9085f68e-cbcd-4e30-a233-d6708f94b2a9,2025-11-24,de2aa412-e109-4bcf-b6e9-9d9ad0b05e22,b84574d4-874a-4bc8-8811-bf540d30bb51,f88afad5-3d69-4d7f-8a1b-095720bc60a3,59.0,units,0.0,False
9dc4d3c2-8a9c-44cd-a620-2cc014cbca0f,2025-11-25,de2aa412-e109-4bcf-b6e9-9d9ad0b05e22,b84574d4-874a-4bc8-8811-bf540d30bb51,f88afad5-3d69-4d7f-8a1b-095720bc60a3,51.0,units,0.0,False
eb2e93ba-533a-4674-91d5-910b753139ad,2025-11-26,de2aa412-e109-4bcf-b6e9-9d9ad0b05e22,b84574d4-874a-4bc8-8811-bf540d30bb51,f88afad5-3d69-4d7f-8a1b-095720bc60a3,55.0,units,0.0,False
ccde92ea-e291-47f0-8bd6-c7ae7c47d5f5,2025-11-27,de2aa412-e109-4bcf-b6e9-9d9ad0b05e22,b84574d4-874a-4bc8-8811-bf540d30bb51,f88afad5-3d69-4d7f-8a1b-095720bc60a3,59.0,units,0.0,False
1f671a56-454c-4bba-ae6a-eea63bec5ba5,2025-11-28,de2aa412-e109-4bcf-b6e9-9d9ad0b05e22,b84574d4-874a-4bc8-8811-bf540d30bb51,f88afad5-3d69-4d7f-8a1b-095720bc60a3,52.0,units,0.0,False
e8b8e43b-90a1-4899-bd32-2518cf1ad7f9,2025-11-29,de2aa412-e109-4bcf-b6e9-9d9ad0b05e22,b84574d4-874a-4bc8-8811-bf540d30bb51,f88afad5-3d69-4d7f-8a1b-095720bc60a3,63.0,units,0.0,False
0a3c043d-46ec-4f7a-987c-ed456ee64f54,2025-11-30,de2aa412-e109-4bcf-b6e9-9d9ad0b05e22,b84574d4-874a-4bc8-8811-bf540d30bb51,f88afad5-3d69-4d7f-8a1b-095720bc60a3,71.0,units,0.0,False
ec6af134-fad9-445e-9d89-6f55c9dcb525,2025-12-01,de2aa412-e109-4bcf-b6e9-9d9ad0b05e22,b84574d4-874a-4bc8-8811-bf540d30bb51,f88afad5-3d69-4d7f-8a1b-095720bc60a3,47.0,units,0.0,False
37520b98-1585-466e-a9ae-5c0f0d96bb9d,2025-12-02,de2aa412-e109-4bcf-b6e9-9d9ad0b05e22,b84574d4-874a-4bc8-8811-bf540d30bb51,f88afad5-3d69-4d7f-8a1b-095720bc60a3,47.0,units,0.0,False
6a1a254c-3cea-4923-8f2c-987681884be8,2025-12-03,de2aa412-e109-4bcf-b6e9-9d9ad0b05e22,b84574d4-874a-4bc8-8811-bf540d30bb51,f88afad5-3d69-4d7f-8a1b-095720bc60a3,63.0,units,0.0,False
4826bd11-5b7e-4ddd-9116-48fb4a32c12c,2025-12-04,de2aa412-e109-4bcf-b6e9-9d9ad0b05e22,b84574d4-874a-4bc8-8811-bf540d30bb51,f88afad5-3d69-4d7f-8a1b-095720bc60a3,46.0,units,0.0,False
6f394c1d-60ff-4e07-b98d-8151f4d54107,2025-12-05,de2aa412-e109-4bcf-b6e9-9d9ad0b05e22,b84574d4-874a-4bc8-8811-bf540d30bb51,f88afad5-3d69-4d7f-8a1b-095720bc60a3,63.0,units,0.0,False
231d4ec7-9989-4c91-a11e-40dc17f7b7b4,2025-12-06,de2aa412-e109-4bcf-b6e9-9d9ad0b05e22,b84574d4-874a-4bc8-8811-bf540d30bb51,f88afad5-3d69-4d7f-8a1b-095720bc60a3,92.0,units,0.0,True
4924a24f-d329-4d26-a95b-b4f9fd9ff474,2025-12-07,de2aa412-e109-4bcf-b6e9-9d9ad0b05e22,b84574d4-874a-4bc8-8811-bf540d30bb51,f88afad5-3d69-4d7f-8a1b-095720bc60a3,52.0,units,0.0,False
4989dc92-43fd-4089-bacc-b211ae6ac2c6,2025-12-08,de2aa412-e109-4bcf-b6e9-9d9ad0b05e22,b84574d4-874a-4bc8-8811-bf540d30bb51,f88afad5-3d69-4d7f-8a1b-095720bc60a3,51.0,units,0.0,False
990d43b9-39cb-4f2f-91e7-2818f908c6c2,2025-12-09,de2aa412-e109-4bcf-b6e9-9d9ad0b05e22,b84574d4-874a-4bc8-8811-bf540d30bb51,f88afad5-3d69-4d7f-8a1b-095720bc60a3,68.0,units,0.0,False
f1e0f9ab-4827-4a55-9aaa-0c0c20d0b186,2025-12-10,de2aa412-e109-4bcf-b6e9-9d9ad0b05e22,b84574d4-874a-4bc8-8811-bf540d30bb51,f88afad5-3d69-4d7f-8a1b-095720bc60a3,48.0,units,0.0,False
417d13f0-c32e-4830-9358-75df605f7c53,2025-12-11,de2aa412-e109-4bcf-b6e9-9d9ad0b05e22,b84574d4-874a-4bc8-8811-bf540d30bb51,f88afad5-3d69-4d7f-8a1b-095720bc60a3,53.0,units,0.0,False
c2941e5f-f1aa-489f-8ad4-67ac4c6e260e,2025-12-12,de2aa412-e109-4bcf-b6e9-9d9ad0b05e22,b84574d4-874a-4bc8-8811-bf540d30bb51,f88afad5-3d69-4d7f-8a1b-095720bc60a3,62.0,units,0.0,False
de9d882b-05d9-46c8-a314-5fd9c6624f8f,2025-12-13,de2aa412-e109-4bcf-b6e9-9d9ad0b05e22,b84574d4-874a-4bc8-8811-bf540d30bb51,f88afad5-3d69-4d7f-8a1b-095720bc60a3,81.0,units,0.0,False
419d7a96-f3b4-42bd-ac0d-af8b548b5db4,2025-12-14,de2aa412-e109-4bcf-b6e9-9d9ad0b05e22,b84574d4-874a-4bc8-8811-bf540d30bb51,f88afad5-3d69-4d7f-8a1b-095720bc60a3,69.0,units,0.0,False
945dbaa7-4413-4bcc-aa79-4d1ac166090c,2025-12-15,de2aa412-e109-4bcf-b6e9-9d9ad0b05e22,b84574d4-874a-4bc8-8811-bf540d30bb51,f88afad5-3d69-4d7f-8a1b-095720bc60a3,52.0,units,0.0,False
4de346b9-d111-4cc5-911f-e0bdef4a6af3,2025-12-16,de2aa412-e109-4bcf-b6e9-9d9ad0b05e22,b84574d4-874a-4bc8-8811-bf540d30bb51,f88afad5-3d69-4d7f-8a1b-095720bc60a3,71.0,units,0.0,False
d81fea79-0320-4059-ac78-a091529968d1,2025-12-17,de2aa412-e109-4bcf-b6e9-9d9ad0b05e22,b84574d4-874a-4bc8-8811-bf540d30bb51,f88afad5-3d69-4d7f-8a1b-095720bc60a3,74.0,units,0.0,False
4ae51868-e748-4183-ba1d-8707ccdf6965,2025-12-18,de2aa412-e109-4bcf-b6e9-9d9ad0b05e22,b84574d4-874a-4bc8-8811-bf540d30bb51,f88afad5-3d69-4d7f-8a1b-095720bc60a3,68.0,units,0.0,False
4444474d-0ee4-4a2e-9c5c-314f7eb3136f,2025-12-19,de2aa412-e109-4bcf-b6e9-9d9ad0b05e22,b84574d4-874a-4bc8-8811-bf540d30bb51,f88afad5-3d69-4d7f-8a1b-095720bc60a3,59.0,units,0.0,False
9f86ccfc-6d71-4e99-964f-fb1bd700dc3d,2025-12-20,de2aa412-e109-4bcf-b6e9-9d9ad0b05e22,b84574d4-874a-4bc8-8811-bf540d30bb51,f88afad5-3d69-4d7f-8a1b-095720bc60a3,77.0,units,0.0,True
0e92216c-54b3-4345-b10f-48ef064dc820,2025-12-21,de2aa412-e109-4bcf-b6e9-9d9ad0b05e22,b84574d4-874a-4bc8-8811-bf540d30bb51,f88afad5-3d69-4d7f-8a1b-095720bc60a3,64.0,units,0.0,False
d0382f96-5708-4f4d-854b-dddc09c06185,2025-12-22,de2aa412-e109-4bcf-b6e9-9d9ad0b05e22,b84574d4-874a-4bc8-8811-bf540d30bb51,f88afad5-3d69-4d7f-8a1b-095720bc60a3,64.0,units,0.0,False
04522cb1-991a-4a6a-b6c0-1d8ae988ca14,2025-12-23,de2aa412-e109-4bcf-b6e9-9d9ad0b05e22,b84574d4-874a-4bc8-8811-bf540d30bb51,f88afad5-3d69-4d7f-8a1b-095720bc60a3,63.0,units,0.0,False
2f37ad87-aeb8-4ebb-bda0-78614cf5f363,2025-12-24,de2aa412-e109-4bcf-b6e9-9d9ad0b05e22,b84574d4-874a-4bc8-8811-bf540d30bb51,f88afad5-3d69-4d7f-8a1b-095720bc60a3,72.0,units,0.0,False
5aa9cfad-6a32-435b-84e2-fc5813eb2812,2025-12-25,de2aa412-e109-4bcf-b6e9-9d9ad0b05e22,b84574d4-874a-4bc8-8811-bf540d30bb51,f88afad5-3d69-4d7f-8a1b-095720bc60a3,65.0,units,0.0,False
81a8d996-931d-40f5-9e9a-629075e2e461,2025-12-26,de2aa412-e109-4bcf-b6e9-9d9ad0b05e22,b84574d4-874a-4bc8-8811-bf540d30bb51,f88afad5-3d69-4d7f-8a1b-095720bc60a3,45.0,units,0.0,False
3880dac3-493a-4fb7-8922-0055b4d65e40,2025-12-27,de2aa412-e109-4bcf-b6e9-9d9ad0b05e22,b84574d4-874a-4bc8-8811-bf540d30bb51,f88afad5-3d69-4d7f-8a1b-095720bc60a3,87.0,units,0.0,False
7751e786-66fe-4c6c-bfca-c22d1f4d09c8,2025-12-28,de2aa412-e109-4bcf-b6e9-9d9ad0b05e22,b84574d4-874a-4bc8-8811-bf540d30bb51,f88afad5-3d69-4d7f-8a1b-095720bc60a3,63.0,units,0.0,False
3972d633-f477-41f9-a47d-6fa413570492,2025-12-29,de2aa412-e109-4bcf-b6e9-9d9ad0b05e22,b84574d4-874a-4bc8-8811-bf540d30bb51,f88afad5-3d69-4d7f-8a1b-095720bc60a3,56.0,units,0.0,False
091fdde7-e3f0-42d7-aefe-9846963c6e2c,2025-12-30,de2aa412-e109-4bcf-b6e9-9d9ad0b05e22,b84574d4-874a-4bc8-8811-bf540d30bb51,f88afad5-3d69-4d7f-8a1b-095720bc60a3,62.0,units,0.0,False
5d2a75d6-9e1c-475a-9c22-f72ef3912165,2025-12-31,de2aa412-e109-4bcf-b6e9-9d9ad0b05e22,b84574d4-874a-4bc8-8811-bf540d30bb51,f88afad5-3d69-4d7f-8a1b-095720bc60a3,79.0,units,0.0,False
ffe83f01-999f-40f0-bc59-5afa8b4593f9,2026-01-01,de2aa412-e109-4bcf-b6e9-9d9ad0b05e22,b84574d4-874a-4bc8-8811-bf540d30bb51,f88afad5-3d69-4d7f-8a1b-095720bc60a3,90.0,units,0.0,False
a91b155b-91ad-4f05-a3c6-feca1706dc94,2026-01-02,de2aa412-e109-4bcf-b6e9-9d9ad0b05e22,b84574d4-874a-4bc8-8811-bf540d30bb51,f88afad5-3d69-4d7f-8a1b-095720bc60a3,66.0,units,0.0,False
0b4decb1-d38d-49d5-916a-d039cb7f2edc,2026-01-03,de2aa412-e109-4bcf-b6e9-9d9ad0b05e22,b84574d4-874a-4bc8-8811-bf540d30bb51,f88afad5-3d69-4d7f-8a1b-095720bc60a3,73.0,units,0.0,False
a5276405-c8c6-4e30-b7e1-011b5caa038b,2026-01-04,de2aa412-e109-4bcf-b6e9-9d9ad0b05e22,b84574d4-874a-4bc8-8811-bf540d30bb51,f88afad5-3d69-4d7f-8a1b-095720bc60a3,82.0,units,0.0,False
6b627195-adfc-4b63-804b-0440e4fe62db,2026-01-05,de2aa412-e109-4bcf-b6e9-9d9ad0b05e22,b84574d4-874a-4bc8-8811-bf540d30bb51,f88afad5-3d69-4d7f-8a1b-095720bc60a3,69.0,units,0.0,False
aa262dfc-304a-479e-bda2-96f0b6e9d024,2026-01-06,de2aa412-e109-4bcf-b6e9-9d9ad0b05e22,b84574d4-874a-4bc8-8811-bf540d30bb51,f88afad5-3d69-4d7f-8a1b-095720bc60a3,58.0,units,0.0,False
254803dc-5d25-4acd-9971-9202acf7f609,2026-01-07,de2aa412-e109-4bcf-b6e9-9d9ad0b05e22,b84574d4-874a-4bc8-8811-bf540d30bb51,f88afad5-3d69-4d7f-8a1b-095720bc60a3,78.0,units,0.0,False
b0dbccef-08a5-4943-ba72-e27c160cb67d,2026-01-08,de2aa412-e109-4bcf-b6e9-9d9ad0b05e22,b84574d4-874a-4bc8-8811-bf540d30bb51,f88afad5-3d69-4d7f-8a1b-095720bc60a3,63.0,units,0.0,False
9a0507cf-f46b-4450-ade3-9ea2f0f2d4c2,2026-01-09,de2aa412-e109-4bcf-b6e9-9d9ad0b05e22,b84574d4-874a-4bc8-8811-bf540d30bb51,f88afad5-3d69-4d7f-8a1b-095720bc60a3,66.0,units,0.0,False
f0609ecb-8d69-4e7a-9d5e-c328ad09c8a6,2026-01-10,de2aa412-e109-4bcf-b6e9-9d9ad0b05e22,b84574d4-874a-4bc8-8811-bf540d30bb51,f88afad5-3d69-4d7f-8a1b-095720bc60a3,85.0,units,0.0,False
4c0daeb9-56a8-4dad-a897-348608110d21,2026-01-11,de2aa412-e109-4bcf-b6e9-9d9ad0b05e22,b84574d4-874a-4bc8-8811-bf540d30bb51,f88afad5-3d69-4d7f-8a1b-095720bc60a3,82.0,units,0.0,False
6a3b4d2b-0e20-41fa-8c7a-b1c95b04b731,2026-01-12,de2aa412-e109-4bcf-b6e9-9d9ad0b05e22,b84574d4-874a-4bc8-8811-bf540d30bb51,f88afad5-3d69-4d7f-8a1b-095720bc60a3,70.0,units,0.0,False
1a04973c-6723-430d-864d-092b7771fe5f,2026-01-13,de2aa412-e109-4bcf-b6e9-9d9ad0b05e22,b84574d4-874a-4bc8-8811-bf540d30bb51,f88afad5-3d69-4d7f-8a1b-095720bc60a3,56.0,units,0.0,False
ee2f5704-775a-447c-b40a-25e989858e20,2026-01-14,de2aa412-e109-4bcf-b6e9-9d9ad0b05e22,b84574d4-874a-4bc8-8811-bf540d30bb51,f88afad5-3d69-4d7f-8a1b-095720bc60a3,56.0,units,0.0,False
96d94fd0-b528-48a3-a036-aefc8d6a8479,2026-01-15,de2aa412-e109-4bcf-b6e9-9d9ad0b05e22,b84574d4-874a-4bc8-8811-bf540d30bb51,f88afad5-3d69-4d7f-8a1b-095720bc60a3,51.0,units,0.0,False
aaede0eb-1e30-4729-bfe3-a5e488eea825,2026-01-16,de2aa412-e109-4bcf-b6e9-9d9ad0b05e22,b84574d4-874a-4bc8-8811-bf540d30bb51,f88afad5-3d69-4d7f-8a1b-095720bc60a3,66.0,units,0.0,False
58483687-7835-4b5a-8902-73864c12895f,2026-01-17,de2aa412-e109-4bcf-b6e9-9d9ad0b05e22,b84574d4-874a-4bc8-8811-bf540d30bb51,f88afad5-3d69-4d7f-8a1b-095720bc60a3,87.0,units,0.0,False
68ad937e-36b4-44f5-ae12-947b4d2a33ab,2026-01-18,de2aa412-e109-4bcf-b6e9-9d9ad0b05e22,b84574d4-874a-4bc8-8811-bf540d30bb51,f88afad5-3d69-4d7f-8a1b-095720bc60a3,83.0,units,0.0,False
e9bca9b5-5100-427a-99cb-10ca271eca36,2026-01-19,de2aa412-e109-4bcf-b6e9-9d9ad0b05e22,b84574d4-874a-4bc8-8811-bf540d30bb51,f88afad5-3d69-4d7f-8a1b-095720bc60a3,79.0,units,0.0,False
56012208-796d-4fd4-8a72-0a2a8fb44c8c,2026-01-20,de2aa412-e109-4bcf-b6e9-9d9ad0b05e22,b84574d4-874a-4bc8-8811-bf540d30bb51,f88afad5-3d69-4d7f-8a1b-095720bc60a3,62.0,units,0.0,False
1c05e912-cf74-42b0-a49f-79e9b9e33b09,2026-01-21,de2aa412-e109-4bcf-b6e9-9d9ad0b05e22,b84574d4-874a-4bc8-8811-bf540d30bb51,f88afad5-3d69-4d7f-8a1b-095720bc60a3,69.0,units,0.0,False
5925437f-140e-419d-87e4-c5e5ac7ec069,2026-01-22,de2aa412-e109-4bcf-b6e9-9d9ad0b05e22,b84574d4-874a-4bc8-8811-bf540d30bb51,f88afad5-3d69-4d7f-8a1b-095720bc60a3,52.0,units,0.0,False
074f06f2-d508-44fa-8a7d-602e77b49f6d,2026-01-23,de2aa412-e109-4bcf-b6e9-9d9ad0b05e22,b84574d4-874a-4bc8-8811-bf540d30bb51,f88afad5-3d69-4d7f-8a1b-095720bc60a3,59.0,units,0.0,False
032833da-c25d-4601-b54f-f8f1456e31c8,2026-01-24,de2aa412-e109-4bcf-b6e9-9d9ad0b05e22,b84574d4-874a-4bc8-8811-bf540d30bb51,f88afad5-3d69-4d7f-8a1b-095720bc60a3,87.0,units,0.0,False
17c3b3b1-320b-4f39-821f-646396878df1,2026-01-25,de2aa412-e109-4bcf-b6e9-9d9ad0b05e22,b84574d4-874a-4bc8-8811-bf540d30bb51,f88afad5-3d69-4d7f-8a1b-095720bc60a3,89.0,units,0.0,False
b4302300-ff55-4275-b40b-e59fd9ea036b,2026-01-26,de2aa412-e109-4bcf-b6e9-9d9ad0b05e22,b84574d4-874a-4bc8-8811-bf540d30bb51,f88afad5-3d69-4d7f-8a1b-095720bc60a3,60.0,units,0.0,False
32c91daf-8095-4945-8117-8f8d176f6657,2026-01-27,de2aa412-e109-4bcf-b6e9-9d9ad0b05e22,b84574d4-874a-4bc8-8811-bf540d30bb51,f88afad5-3d69-4d7f-8a1b-095720bc60a3,75.0,units,0.0,True
8a7279ff-f6a9-4f51-acce-cdb016dcbfdb,2026-01-28,de2aa412-e109-4bcf-b6e9-9d9ad0b05e22,b84574d4-874a-4bc8-8811-bf540d30bb51,f88afad5-3d69-4d7f-8a1b-095720bc60a3,48.0,units,0.0,False
a20c7aa3-062a-44f7-947f-7ac444cbbbc2,2026-01-29,de2aa412-e109-4bcf-b6e9-9d9ad0b05e22,b84574d4-874a-4bc8-8811-bf540d30bb51,f88afad5-3d69-4d7f-8a1b-095720bc60a3,60.0,units,0.0,False
b211a7b9-7d32-484e-8b00-429031d3991e,2026-01-30,de2aa412-e109-4bcf-b6e9-9d9ad0b05e22,b84574d4-874a-4bc8-8811-bf540d30bb51,f88afad5-3d69-4d7f-8a1b-095720bc60a3,73.0,units,0.0,False
43a03113-cea0-40ed-bb5b-e99fd6f6a363,2026-01-31,de2aa412-e109-4bcf-b6e9-9d9ad0b05e22,b84574d4-874a-4bc8-8811-bf540d30bb51,f88afad5-3d69-4d7f-8a1b-095720bc60a3,87.0,units,0.0,False
9363f0ec-0678-45cd-b058-005e466e8eaf,2026-02-01,de2aa412-e109-4bcf-b6e9-9d9ad0b05e22,b84574d4-874a-4bc8-8811-bf540d30bb51,f88afad5-3d69-4d7f-8a1b-095720bc60a3,86.0,units,0.0,False
fc290519-4952-4823-8f6a-b327fbd3a723,2026-02-02,de2aa412-e109-4bcf-b6e9-9d9ad0b05e22,b84574d4-874a-4bc8-8811-bf540d30bb51,f88afad5-3d69-4d7f-8a1b-095720bc60a3,64.0,units,0.0,False
3da12686-2a48-4c9b-a88c-f250e08ff3ef,2026-02-03,de2aa412-e109-4bcf-b6e9-9d9ad0b05e22,b84574d4-874a-4bc8-8811-bf540d30bb51,f88afad5-3d69-4d7f-8a1b-095720bc60a3,64.0,units,0.0,False
515a6a75-8fe5-4bab-bc68-e42f54d2bfc7,2026-02-04,de2aa412-e109-4bcf-b6e9-9d9ad0b05e22,b84574d4-874a-4bc8-8811-bf540d30bb51,f88afad5-3d69-4d7f-8a1b-095720bc60a3,57.0,units,0.0,False
ea6b00fe-51ec-47c0-86f4-0d9b66428dca,2026-02-05,de2aa412-e109-4bcf-b6e9-9d9ad0b05e22,b84574d4-874a-4bc8-8811-bf540d30bb51,f88afad5-3d69-4d7f-8a1b-095720bc60a3,71.0,units,0.0,False
f45784e1-4cc2-430c-b328-cd5e700e0486,2026-02-06,de2aa412-e109-4bcf-b6e9-9d9ad0b05e22,b84574d4-874a-4bc8-8811-bf540d30bb51,f88afad5-3d69-4d7f-8a1b-095720bc60a3,69.0,units,0.0,False
22ac93cf-52d3-4965-969a-709a182407f9,2026-02-07,de2aa412-e109-4bcf-b6e9-9d9ad0b05e22,b84574d4-874a-4bc8-8811-bf540d30bb51,f88afad5-3d69-4d7f-8a1b-095720bc60a3,87.0,units,0.0,False
32d41625-29b5-453f-b1fe-58e9fb206c14,2026-02-08,de2aa412-e109-4bcf-b6e9-9d9ad0b05e22,b84574d4-874a-4bc8-8811-bf540d30bb51,f88afad5-3d69-4d7f-8a1b-095720bc60a3,74.0,units,0.0,False
0e0e62a1-fdf6-45cd-9071-f5091fbfae93,2026-02-09,de2aa412-e109-4bcf-b6e9-9d9ad0b05e22,b84574d4-874a-4bc8-8811-bf540d30bb51,f88afad5-3d69-4d7f-8a1b-095720bc60a3,51.0,units,0.0,True
05c75f2b-b7fd-4300-9e79-e9954672830e,2026-02-10,de2aa412-e109-4bcf-b6e9-9d9ad0b05e22,b84574d4-874a-4bc8-8811-bf540d30bb51,f88afad5-3d69-4d7f-8a1b-095720bc60a3,76.0,units,0.0,False
5d2cee5b-5431-492b-b86b-53c2b3d222d7,2026-02-11,de2aa412-e109-4bcf-b6e9-9d9ad0b05e22,b84574d4-874a-4bc8-8811-bf540d30bb51,f88afad5-3d69-4d7f-8a1b-095720bc60a3,60.0,units,0.0,False
97169c6a-4307-4edd-84ee-643710d560e0,2026-02-12,de2aa412-e109-4bcf-b6e9-9d9ad0b05e22,b84574d4-874a-4bc8-8811-bf540d30bb51,f88afad5-3d69-4d7f-8a1b-095720bc60a3,67.0,units,0.0,True
65aa3b92-b05f-46f6-baeb-a7fa658a496c,2026-02-13,de2aa412-e109-4bcf-b6e9-9d9ad0b05e22,b84574d4-874a-4bc8-8811-bf540d30bb51,f88afad5-3d69-4d7f-8a1b-095720bc60a3,72.0,units,0.0,False
0f6729ae-b706-4706-85d3-3f509dec9619,2026-02-14,de2aa412-e109-4bcf-b6e9-9d9ad0b05e22,b84574d4-874a-4bc8-8811-bf540d30bb51,f88afad5-3d69-4d7f-8a1b-095720bc60a3,76.0,units,0.0,False
41c5f9c2-e063-43c4-a859-c2a2981a8d86,2026-02-15,de2aa412-e109-4bcf-b6e9-9d9ad0b05e22,b84574d4-874a-4bc8-8811-bf540d30bb51,f88afad5-3d69-4d7f-8a1b-095720bc60a3,95.0,units,0.0,False
06325ed4-f8a4-489a-bd0d-2874e23c0fea,2026-02-16,de2aa412-e109-4bcf-b6e9-9d9ad0b05e22,b84574d4-874a-4bc8-8811-bf540d30bb51,f88afad5-3d69-4d7f-8a1b-095720bc60a3,72.0,units,0.0,False
a0b1b627-cf51-45d0-ac81-d9efd531bad6,2026-02-17,de2aa412-e109-4bcf-b6e9-9d9ad0b05e22,b84574d4-874a-4bc8-8811-bf540d30bb51,f88afad5-3d69-4d7f-8a1b-095720bc60a3,72.0,units,0.0,False
f2128e42-f5c8-4a75-99de-6e336f10b2a2,2026-02-18,de2aa412-e109-4bcf-b6e9-9d9ad0b05e22,b84574d4-874a-4bc8-8811-bf540d30bb51,f88afad5-3d69-4d7f-8a1b-095720bc60a3,51.0,units,0.0,False
c8a978d7-4f1f-48d8-b92f-eedf783000ec,2026-02-19,de2aa412-e109-4bcf-b6e9-9d9ad0b05e22,b84574d4-874a-4bc8-8811-bf540d30bb51,f88afad5-3d69-4d7f-8a1b-095720bc60a3,78.0,units,0.0,False
401e3b93-122e-4938-ae05-0621039faf07,2026-02-20,de2aa412-e109-4bcf-b6e9-9d9ad0b05e22,b84574d4-874a-4bc8-8811-bf540d30bb51,f88afad5-3d69-4d7f-8a1b-095720bc60a3,68.0,units,0.0,False
da258a39-6ddb-4895-83d2-b50f3e1e7bd1,2026-02-21,de2aa412-e109-4bcf-b6e9-9d9ad0b05e22,b84574d4-874a-4bc8-8811-bf540d30bb51,f88afad5-3d69-4d7f-8a1b-095720bc60a3,77.0,units,0.0,False
f1b172ea-337c-4941-abbf-d8add14a9b2d,2026-02-22,de2aa412-e109-4bcf-b6e9-9d9ad0b05e22,b84574d4-874a-4bc8-8811-bf540d30bb51,f88afad5-3d69-4d7f-8a1b-095720bc60a3,84.0,units,0.0,False
2960c3e9-0f93-448e-8e7b-89c13b97b658,2026-02-23,de2aa412-e109-4bcf-b6e9-9d9ad0b05e22,b84574d4-874a-4bc8-8811-bf540d30bb51,f88afad5-3d69-4d7f-8a1b-095720bc60a3,56.0,units,0.0,True
9c660b85-21dd-47bb-a2a5-0d0a26a509ed,2026-02-24,de2aa412-e109-4bcf-b6e9-9d9ad0b05e22,b84574d4-874a-4bc8-8811-bf540d30bb51,f88afad5-3d69-4d7f-8a1b-095720bc60a3,70.0,units,0.0,False
db8a79df-f139-459d-bcac-10954be4189f,2026-02-25,de2aa412-e109-4bcf-b6e9-9d9ad0b05e22,b84574d4-874a-4bc8-8811-bf540d30bb51,f88afad5-3d69-4d7f-8a1b-095720bc60a3,55.0,units,0.0,False
34a2f953-01a0-4550-8c34-cf4c296f03e5,2026-02-26,de2aa412-e109-4bcf-b6e9-9d9ad0b05e22,b84574d4-874a-4bc8-8811-bf540d30bb51,f88afad5-3d69-4d7f-8a1b-095720bc60a3,52.0,units,0.0,False
18dc49d8-50fd-4c35-8b17-8a6a22bb3aca,2026-02-27,de2aa412-e109-4bcf-b6e9-9d9ad0b05e22,b84574d4-874a-4bc8-8811-bf540d30bb51,f88afad5-3d69-4d7f-8a1b-095720bc60a3,50.0,units,0.0,False
a75de9b6-879d-409f-8420-633dfc26aa5c,2026-02-28,de2aa412-e109-4bcf-b6e9-9d9ad0b05e22,b84574d4-874a-4bc8-8811-bf540d30bb51,f88afad5-3d69-4d7f-8a1b-095720bc60a3,97.0,units,0.0,False
fbfe97ad-8cd3-4e56-8ac1-c2c416fd2165,2026-03-01,de2aa412-e109-4bcf-b6e9-9d9ad0b05e22,b84574d4-874a-4bc8-8811-bf540d30bb51,f88afad5-3d69-4d7f-8a1b-095720bc60a3,74.0,units,0.0,False
c1c3a576-f5b8-4e88-a0fa-55c5a4580405,2026-03-02,de2aa412-e109-4bcf-b6e9-9d9ad0b05e22,b84574d4-874a-4bc8-8811-bf540d30bb51,f88afad5-3d69-4d7f-8a1b-095720bc60a3,83.0,units,0.0,False
b8f32046-69e1-48fd-af29-3cfa54c2833e,2026-03-03,de2aa412-e109-4bcf-b6e9-9d9ad0b05e22,b84574d4-874a-4bc8-8811-bf540d30bb51,f88afad5-3d69-4d7f-8a1b-095720bc60a3,61.0,units,0.0,False
6446bc31-f503-4ad0-aad3-e5be04de17e1,2026-03-04,de2aa412-e109-4bcf-b6e9-9d9ad0b05e22,b84574d4-874a-4bc8-8811-bf540d30bb51,f88afad5-3d69-4d7f-8a1b-095720bc60a3,48.0,units,0.0,False
26a9c603-21f8-4e20-b3cf-45b2b2b6c203,2026-03-05,de2aa412-e109-4bcf-b6e9-9d9ad0b05e22,b84574d4-874a-4bc8-8811-bf540d30bb51,f88afad5-3d69-4d7f-8a1b-095720bc60a3,55.0,units,0.0,False
00049f0f-8bd7-4fb9-97d9-5c8287531c11,2026-03-06,de2aa412-e109-4bcf-b6e9-9d9ad0b05e22,b84574d4-874a-4bc8-8811-bf540d30bb51,f88afad5-3d69-4d7f-8a1b-095720bc60a3,80.0,units,0.0,False
59d944e2-3c3a-4e8f-b1a4-e1502d611505,2026-03-07,de2aa412-e109-4bcf-b6e9-9d9ad0b05e22,b84574d4-874a-4bc8-8811-bf540d30bb51,f88afad5-3d69-4d7f-8a1b-095720bc60a3,81.0,units,0.0,False
2e352ccd-7aea-4cf3-958d-20589f0e50bb,2026-03-08,de2aa412-e109-4bcf-b6e9-9d9ad0b05e22,b84574d4-874a-4bc8-8811-bf540d30bb51,f88afad5-3d69-4d7f-8a1b-095720bc60a3,76.0,units,0.0,False
6c542036-f268-4101-ad4e-4e431698f33d,2026-03-09,de2aa412-e109-4bcf-b6e9-9d9ad0b05e22,b84574d4-874a-4bc8-8811-bf540d30bb51,f88afad5-3d69-4d7f-8a1b-095720bc60a3,68.0,units,0.0,False
e040b76b-586a-4885-98c8-d32d07f366f4,2026-03-10,de2aa412-e109-4bcf-b6e9-9d9ad0b05e22,b84574d4-874a-4bc8-8811-bf540d30bb51,f88afad5-3d69-4d7f-8a1b-095720bc60a3,72.0,units,0.0,False
4116ad59-aafb-4bfe-818d-7cafbd96d042,2026-03-11,de2aa412-e109-4bcf-b6e9-9d9ad0b05e22,b84574d4-874a-4bc8-8811-bf540d30bb51,f88afad5-3d69-4d7f-8a1b-095720bc60a3,79.0,units,0.0,False
2e03d5af-37f9-4690-8b4a-186de416889c,2026-03-12,de2aa412-e109-4bcf-b6e9-9d9ad0b05e22,b84574d4-874a-4bc8-8811-bf540d30bb51,f88afad5-3d69-4d7f-8a1b-095720bc60a3,82.0,units,0.0,False
7f1730c9-7089-4d6c-9f59-41a8d941936a,2026-03-13,de2aa412-e109-4bcf-b6e9-9d9ad0b05e22,b84574d4-874a-4bc8-8811-bf540d30bb51,f88afad5-3d69-4d7f-8a1b-095720bc60a3,63.0,units,0.0,False
0ed18526-fa1f-457b-83ff-2fbf13d8051f,2026-03-14,de2aa412-e109-4bcf-b6e9-9d9ad0b05e22,b84574d4-874a-4bc8-8811-bf540d30bb51,f88afad5-3d69-4d7f-8a1b-095720bc60a3,66.0,units,0.0,False
d8713cad-b5cb-4ddd-97e8-1af7422da0b5,2026-03-15,de2aa412-e109-4bcf-b6e9-9d9ad0b05e22,b84574d4-874a-4bc8-8811-bf540d30bb51,f88afad5-3d69-4d7f-8a1b-095720bc60a3,78.0,units,0.0,False
60cd6a27-8bd8-4a20-ab7d-136940de1770,2026-03-16,de2aa412-e109-4bcf-b6e9-9d9ad0b05e22,b84574d4-874a-4bc8-8811-bf540d30bb51,f88afad5-3d69-4d7f-8a1b-095720bc60a3,70.0,units,0.0,False
911b1f03-6f72-42d3-9e64-6317e2ea49ca,2026-03-17,de2aa412-e109-4bcf-b6e9-9d9ad0b05e22,b84574d4-874a-4bc8-8811-bf540d30bb51,f88afad5-3d69-4d7f-8a1b-095720bc60a3,68.0,units,0.0,True
cc1c385c-f626-4b67-9daf-699e7cd42778,2026-03-18,de2aa412-e109-4bcf-b6e9-9d9ad0b05e22,b84574d4-874a-4bc8-8811-bf540d30bb51,f88afad5-3d69-4d7f-8a1b-095720bc60a3,57.0,units,0.0,False
94b986e0-86db-46f8-83a5-ea493dee727f,2026-03-19,de2aa412-e109-4bcf-b6e9-9d9ad0b05e22,b84574d4-874a-4bc8-8811-bf540d30bb51,f88afad5-3d69-4d7f-8a1b-095720bc60a3,71.0,units,0.0,False
d81c108c-ddf5-4fea-9c0e-c2f6a6213bcc,2026-03-20,de2aa412-e109-4bcf-b6e9-9d9ad0b05e22,b84574d4-874a-4bc8-8811-bf540d30bb51,f88afad5-3d69-4d7f-8a1b-095720bc60a3,67.0,units,0.0,False
7245b219-d9dc-4392-97c0-bb5d995aa58b,2026-03-21,de2aa412-e109-4bcf-b6e9-9d9ad0b05e22,b84574d4-874a-4bc8-8811-bf540d30bb51,f88afad5-3d69-4d7f-8a1b-095720bc60a3,84.0,units,0.0,False
44282043-9cbb-4270-ae42-65d28bd38ae7,2026-03-22,de2aa412-e109-4bcf-b6e9-9d9ad0b05e22,b84574d4-874a-4bc8-8811-bf540d30bb51,f88afad5-3d69-4d7f-8a1b-095720bc60a3,88.0,units,0.0,True
725f23d0-0343-4ed0-a97a-bdd47dce7e90,2026-03-23,de2aa412-e109-4bcf-b6e9-9d9ad0b05e22,b84574d4-874a-4bc8-8811-bf540d30bb51,f88afad5-3d69-4d7f-8a1b-095720bc60a3,65.0,units,0.0,False
68aa5bd8-9ebe-4cf1-832d-6380eab037b5,2026-03-24,de2aa412-e109-4bcf-b6e9-9d9ad0b05e22,b84574d4-874a-4bc8-8811-bf540d30bb51,f88afad5-3d69-4d7f-8a1b-095720bc60a3,69.0,units,0.0,True
9698ebb9-a183-4aab-b26e-1f43ee7f8427,2026-03-25,de2aa412-e109-4bcf-b6e9-9d9ad0b05e22,b84574d4-874a-4bc8-8811-bf540d30bb51,f88afad5-3d69-4d7f-8a1b-095720bc60a3,77.0,units,0.0,False
1dfcb435-0a6d-415b-bcbc-78e1c0496d77,2026-03-26,de2aa412-e109-4bcf-b6e9-9d9ad0b05e22,b84574d4-874a-4bc8-8811-bf540d30bb51,f88afad5-3d69-4d7f-8a1b-095720bc60a3,78.0,units,0.0,False
7258af33-018e-45a3-83c4-a906285de76e,2026-03-27,de2aa412-e109-4bcf-b6e9-9d9ad0b05e22,b84574d4-874a-4bc8-8811-bf540d30bb51,f88afad5-3d69-4d7f-8a1b-095720bc60a3,47.0,units,0.0,False
7651440e-ac82-4960-9c10-8f6dddb6ab9a,2026-03-28,de2aa412-e109-4bcf-b6e9-9d9ad0b05e22,b84574d4-874a-4bc8-8811-bf540d30bb51,f88afad5-3d69-4d7f-8a1b-095720bc60a3,71.0,units,0.0,False
d9b070aa-7a00-42fc-ac3d-b092351a166e,2026-03-29,de2aa412-e109-4bcf-b6e9-9d9ad0b05e22,b84574d4-874a-4bc8-8811-bf540d30bb51,f88afad5-3d69-4d7f-8a1b-095720bc60a3,64.0,units,0.0,False
7b22a777-4f1f-4c3c-8bf4-5469301adcfc,2026-03-30,de2aa412-e109-4bcf-b6e9-9d9ad0b05e22,b84574d4-874a-4bc8-8811-bf540d30bb51,f88afad5-3d69-4d7f-8a1b-095720bc60a3,60.0,units,0.0,False
e93d5470-8788-42c3-8f33-e683e2bccb2d,2026-03-31,de2aa412-e109-4bcf-b6e9-9d9ad0b05e22,b84574d4-874a-4bc8-8811-bf540d30bb51,f88afad5-3d69-4d7f-8a1b-095720bc60a3,80.0,units,0.0,True
8039ad97-edf8-434c-96c6-092d781dc491,2026-04-01,de2aa412-e109-4bcf-b6e9-9d9ad0b05e22,b84574d4-874a-4bc8-8811-bf540d30bb51,f88afad5-3d69-4d7f-8a1b-095720bc60a3,52.0,units,0.0,False
b71348d0-5dd6-4e7b-b405-c052559fbfc3,2026-04-02,de2aa412-e109-4bcf-b6e9-9d9ad0b05e22,b84574d4-874a-4bc8-8811-bf540d30bb51,f88afad5-3d69-4d7f-8a1b-095720bc60a3,57.0,units,0.0,False
6800ebac-cccd-4df7-aa64-f592acb18960,2026-04-03,de2aa412-e109-4bcf-b6e9-9d9ad0b05e22,b84574d4-874a-4bc8-8811-bf540d30bb51,f88afad5-3d69-4d7f-8a1b-095720bc60a3,56.0,units,0.0,False
7eba19ff-b4e4-4fa7-9bb8-4f267b2e02f1,2026-04-04,de2aa412-e109-4bcf-b6e9-9d9ad0b05e22,b84574d4-874a-4bc8-8811-bf540d30bb51,f88afad5-3d69-4d7f-8a1b-095720bc60a3,87.0,units,0.0,False
b60864c6-d385-44d3-8056-c33e4d771b3e,2026-04-05,de2aa412-e109-4bcf-b6e9-9d9ad0b05e22,b84574d4-874a-4bc8-8811-bf540d30bb51,f88afad5-3d69-4d7f-8a1b-095720bc60a3,85.0,units,0.0,False
f7ad7b8c-bfd2-4329-8f53-6693acd01e5c,2026-04-06,de2aa412-e109-4bcf-b6e9-9d9ad0b05e22,b84574d4-874a-4bc8-8811-bf540d30bb51,f88afad5-3d69-4d7f-8a1b-095720bc60a3,59.0,units,0.0,False
1029b69e-7738-4077-9d67-738f878228d7,2026-04-07,de2aa412-e109-4bcf-b6e9-9d9ad0b05e22,b84574d4-874a-4bc8-8811-bf540d30bb51,f88afad5-3d69-4d7f-8a1b-095720bc60a3,69.0,units,0.0,False
6a9abb9a-1e3b-4447-a900-ac8da9fb9150,2026-04-08,de2aa412-e109-4bcf-b6e9-9d9ad0b05e22,b84574d4-874a-4bc8-8811-bf540d30bb51,f88afad5-3d69-4d7f-8a1b-095720bc60a3,61.0,units,0.0,False
e0d60cf0-932c-44e8-bfa4-75445b2c0fd3,2026-04-09,de2aa412-e109-4bcf-b6e9-9d9ad0b05e22,b84574d4-874a-4bc8-8811-bf540d30bb51,f88afad5-3d69-4d7f-8a1b-095720bc60a3,64.0,units,0.0,False
cb017a17-2bef-4c8c-b21b-f6cae5162cd4,2026-04-10,de2aa412-e109-4bcf-b6e9-9d9ad0b05e22,b84574d4-874a-4bc8-8811-bf540d30bb51,f88afad5-3d69-4d7f-8a1b-095720bc60a3,85.0,units,0.0,False
2856d27a-316b-405c-84d3-af92d13b69b3,2026-04-11,de2aa412-e109-4bcf-b6e9-9d9ad0b05e22,b84574d4-874a-4bc8-8811-bf540d30bb51,f88afad5-3d69-4d7f-8a1b-095720bc60a3,102.0,units,0.0,False
ba0c3fd2-2f34-4e8c-9c77-38919c7c6fe6,2026-04-12,de2aa412-e109-4bcf-b6e9-9d9ad0b05e22,b84574d4-874a-4bc8-8811-bf540d30bb51,f88afad5-3d69-4d7f-8a1b-095720bc60a3,66.0,units,0.0,False
9278b854-8b8d-492a-84cd-efe9de19f51d,2026-04-13,de2aa412-e109-4bcf-b6e9-9d9ad0b05e22,b84574d4-874a-4bc8-8811-bf540d30bb51,f88afad5-3d69-4d7f-8a1b-095720bc60a3,76.0,units,0.0,False
b94f1e91-da10-44b6-b31b-9416532618c7,2026-04-14,de2aa412-e109-4bcf-b6e9-9d9ad0b05e22,b84574d4-874a-4bc8-8811-bf540d30bb51,f88afad5-3d69-4d7f-8a1b-095720bc60a3,76.0,units,0.0,False
af05304a-d5cb-4598-9032-493a8f9fb9ce,2026-04-15,de2aa412-e109-4bcf-b6e9-9d9ad0b05e22,b84574d4-874a-4bc8-8811-bf540d30bb51,f88afad5-3d69-4d7f-8a1b-095720bc60a3,55.0,units,0.0,False
b6a3ae3a-3c22-48b4-a023-4121ff5eca47,2026-04-16,de2aa412-e109-4bcf-b6e9-9d9ad0b05e22,b84574d4-874a-4bc8-8811-bf540d30bb51,f88afad5-3d69-4d7f-8a1b-095720bc60a3,76.0,units,0.0,False
b7f333d1-ad6e-4931-945e-a3d5c9ea0593,2026-04-17,de2aa412-e109-4bcf-b6e9-9d9ad0b05e22,b84574d4-874a-4bc8-8811-bf540d30bb51,f88afad5-3d69-4d7f-8a1b-095720bc60a3,83.0,units,0.0,False
be644605-0af9-4ca7-afc7-ed7346dc3c99,2026-04-18,de2aa412-e109-4bcf-b6e9-9d9ad0b05e22,b84574d4-874a-4bc8-8811-bf540d30bb51,f88afad5-3d69-4d7f-8a1b-095720bc60a3,82.0,units,0.0,True
05252e9f-03f7-4a26-b800-06eb37e04ffe,2026-04-19,de2aa412-e109-4bcf-b6e9-9d9ad0b05e22,b84574d4-874a-4bc8-8811-bf540d30bb51,f88afad5-3d69-4d7f-8a1b-095720bc60a3,71.0,units,0.0,False
2684fd7b-b427-45dd-a317-214438f94c02,2026-04-20,de2aa412-e109-4bcf-b6e9-9d9ad0b05e22,b84574d4-874a-4bc8-8811-bf540d30bb51,f88afad5-3d69-4d7f-8a1b-095720bc60a3,78.0,units,0.0,False
c216cbee-62c8-48cd-b801-d5f813d9cc0c,2026-04-21,de2aa412-e109-4bcf-b6e9-9d9ad0b05e22,b84574d4-874a-4bc8-8811-bf540d30bb51,f88afad5-3d69-4d7f-8a1b-095720bc60a3,70.0,units,0.0,False
987beb44-c349-4938-896f-c28d0d0787d2,2026-04-22,de2aa412-e109-4bcf-b6e9-9d9ad0b05e22,b84574d4-874a-4bc8-8811-bf540d30bb51,f88afad5-3d69-4d7f-8a1b-095720bc60a3,73.0,units,0.0,False
53526ad1-2e20-40a9-8ac7-fed4550e228b,2026-04-23,de2aa412-e109-4bcf-b6e9-9d9ad0b05e22,b84574d4-874a-4bc8-8811-bf540d30bb51,f88afad5-3d69-4d7f-8a1b-095720bc60a3,70.0,units,0.0,False
7f2e7670-c56b-4e60-93db-f9c71f0a5b4e,2026-04-24,de2aa412-e109-4bcf-b6e9-9d9ad0b05e22,b84574d4-874a-4bc8-8811-bf540d30bb51,f88afad5-3d69-4d7f-8a1b-095720bc60a3,71.0,units,0.0,False
c66a3a24-f240-4851-90a8-1f4879011240,2026-04-25,de2aa412-e109-4bcf-b6e9-9d9ad0b05e22,b84574d4-874a-4bc8-8811-bf540d30bb51,f88afad5-3d69-4d7f-8a1b-095720bc60a3,66.0,units,0.0,False
cb3074b0-165f-4c73-87e6-4698d3df8b7a,2026-04-26,de2aa412-e109-4bcf-b6e9-9d9ad0b05e22,b84574d4-874a-4bc8-8811-bf540d30bb51,f88afad5-3d69-4d7f-8a1b-095720bc60a3,97.0,units,0.0,False
859eaab7-2b9a-4dcc-a7eb-c6bd66b987b9,2026-04-27,de2aa412-e109-4bcf-b6e9-9d9ad0b05e22,b84574d4-874a-4bc8-8811-bf540d30bb51,f88afad5-3d69-4d7f-8a1b-095720bc60a3,79.0,units,0.0,False
c0c70bd2-fb58-4639-a920-896ebd39afbf,2026-04-28,de2aa412-e109-4bcf-b6e9-9d9ad0b05e22,b84574d4-874a-4bc8-8811-bf540d30bb51,f88afad5-3d69-4d7f-8a1b-095720bc60a3,64.0,units,0.0,False
32ff9fb6-6bb0-4037-8e67-3bbe00f6337c,2026-04-29,de2aa412-e109-4bcf-b6e9-9d9ad0b05e22,b84574d4-874a-4bc8-8811-bf540d30bb51,f88afad5-3d69-4d7f-8a1b-095720bc60a3,66.0,units,0.0,False
1355f35b-14e4-42ff-a79e-e4576699e034,2026-04-30,de2aa412-e109-4bcf-b6e9-9d9ad0b05e22,b84574d4-874a-4bc8-8811-bf540d30bb51,f88afad5-3d69-4d7f-8a1b-095720bc60a3,50.0,units,0.0,False
b4a1cf3e-4303-4456-902d-f27d1053e12b,2026-05-01,de2aa412-e109-4bcf-b6e9-9d9ad0b05e22,b84574d4-874a-4bc8-8811-bf540d30bb51,f88afad5-3d69-4d7f-8a1b-095720bc60a3,86.0,units,0.0,True
cc69c434-d3e1-430c-8ebb-4e5b40d87e4e,2026-05-02,de2aa412-e109-4bcf-b6e9-9d9ad0b05e22,b84574d4-874a-4bc8-8811-bf540d30bb51,f88afad5-3d69-4d7f-8a1b-095720bc60a3,90.0,units,0.0,False
167cbb69-cf4b-481f-99a0-92dde10a1ab6,2026-05-03,de2aa412-e109-4bcf-b6e9-9d9ad0b05e22,b84574d4-874a-4bc8-8811-bf540d30bb51,f88afad5-3d69-4d7f-8a1b-095720bc60a3,82.0,units,0.0,False
a75db550-ca18-4e87-8512-e821c2fe834c,2026-05-04,de2aa412-e109-4bcf-b6e9-9d9ad0b05e22,b84574d4-874a-4bc8-8811-bf540d30bb51,f88afad5-3d69-4d7f-8a1b-095720bc60a3,78.0,units,0.0,False
2fa2167a-e798-4401-8fc3-5b8446688aa5,2026-05-05,de2aa412-e109-4bcf-b6e9-9d9ad0b05e22,b84574d4-874a-4bc8-8811-bf540d30bb51,f88afad5-3d69-4d7f-8a1b-095720bc60a3,62.0,units,0.0,False
93dea841-bd92-4942-aedc-e85293537fe7,2026-05-06,de2aa412-e109-4bcf-b6e9-9d9ad0b05e22,b84574d4-874a-4bc8-8811-bf540d30bb51,f88afad5-3d69-4d7f-8a1b-095720bc60a3,72.0,units,0.0,False
505463fa-e899-4541-a170-637b0d4e14d1,2026-05-07,de2aa412-e109-4bcf-b6e9-9d9ad0b05e22,b84574d4-874a-4bc8-8811-bf540d30bb51,f88afad5-3d69-4d7f-8a1b-095720bc60a3,55.0,units,0.0,False
1fc4f399-90b0-4b5a-a491-a21dc19e99bc,2026-05-08,de2aa412-e109-4bcf-b6e9-9d9ad0b05e22,b84574d4-874a-4bc8-8811-bf540d30bb51,f88afad5-3d69-4d7f-8a1b-095720bc60a3,66.0,units,0.0,False
fa7d1e34-2950-4c86-a9b7-bd6057511d9f,2026-05-09,de2aa412-e109-4bcf-b6e9-9d9ad0b05e22,b84574d4-874a-4bc8-8811-bf540d30bb51,f88afad5-3d69-4d7f-8a1b-095720bc60a3,80.0,units,0.0,False
f1e1779a-75b1-40d6-bde1-d53b1cac848f,2026-05-10,de2aa412-e109-4bcf-b6e9-9d9ad0b05e22,b84574d4-874a-4bc8-8811-bf540d30bb51,f88afad5-3d69-4d7f-8a1b-095720bc60a3,85.0,units,0.0,False
a827ed42-564d-446e-82a2-06b26ffce490,2026-05-11,de2aa412-e109-4bcf-b6e9-9d9ad0b05e22,b84574d4-874a-4bc8-8811-bf540d30bb51,f88afad5-3d69-4d7f-8a1b-095720bc60a3,62.0,units,0.0,False
0f2985f9-581d-467c-9d71-c93dfe00866b,2026-05-12,de2aa412-e109-4bcf-b6e9-9d9ad0b05e22,b84574d4-874a-4bc8-8811-bf540d30bb51,f88afad5-3d69-4d7f-8a1b-095720bc60a3,64.0,units,0.0,False
3ae22d21-e048-4ac6-bd44-41f178129a16,2026-05-13,de2aa412-e109-4bcf-b6e9-9d9ad0b05e22,b84574d4-874a-4bc8-8811-bf540d30bb51,f88afad5-3d69-4d7f-8a1b-095720bc60a3,74.0,units,0.0,False
ff34454a-5754-48a6-9bdb-b732fa78dd94,2026-05-14,de2aa412-e109-4bcf-b6e9-9d9ad0b05e22,b84574d4-874a-4bc8-8811-bf540d30bb51,f88afad5-3d69-4d7f-8a1b-095720bc60a3,61.0,units,0.0,False
8f2defc5-014d-45af-87c3-6e6f89a8f66d,2026-05-15,de2aa412-e109-4bcf-b6e9-9d9ad0b05e22,b84574d4-874a-4bc8-8811-bf540d30bb51,f88afad5-3d69-4d7f-8a1b-095720bc60a3,48.0,units,0.0,False
3b9ee28c-463b-4023-9fcb-8a7ab0f8b50a,2026-05-16,de2aa412-e109-4bcf-b6e9-9d9ad0b05e22,b84574d4-874a-4bc8-8811-bf540d30bb51,f88afad5-3d69-4d7f-8a1b-095720bc60a3,104.0,units,0.0,False
fc5b1f7e-5bce-41ab-b4d7-d92accdafcb3,2026-05-17,de2aa412-e109-4bcf-b6e9-9d9ad0b05e22,b84574d4-874a-4bc8-8811-bf540d30bb51,f88afad5-3d69-4d7f-8a1b-095720bc60a3,99.0,units,0.0,False
57881c0f-8052-4569-b295-5179fbf1072f,2026-05-18,de2aa412-e109-4bcf-b6e9-9d9ad0b05e22,b84574d4-874a-4bc8-8811-bf540d30bb51,f88afad5-3d69-4d7f-8a1b-095720bc60a3,52.0,units,0.0,False
51ad78a4-ce6e-414a-818c-2984ef5ddeac,2026-05-19,de2aa412-e109-4bcf-b6e9-9d9ad0b05e22,b84574d4-874a-4bc8-8811-bf540d30bb51,f88afad5-3d69-4d7f-8a1b-095720bc60a3,86.0,units,0.0,True
0ef2fb66-5e71-4266-8a7a-e3458bf644d8,2026-05-20,de2aa412-e109-4bcf-b6e9-9d9ad0b05e22,b84574d4-874a-4bc8-8811-bf540d30bb51,f88afad5-3d69-4d7f-8a1b-095720bc60a3,60.0,units,0.0,False
35d8656e-76e8-4894-a36e-d3b8c1453a4f,2026-05-21,de2aa412-e109-4bcf-b6e9-9d9ad0b05e22,b84574d4-874a-4bc8-8811-bf540d30bb51,f88afad5-3d69-4d7f-8a1b-095720bc60a3,67.0,units,0.0,False
8e895aa3-0511-4b70-846c-b30abda264f2,2026-05-22,de2aa412-e109-4bcf-b6e9-9d9ad0b05e22,b84574d4-874a-4bc8-8811-bf540d30bb51,f88afad5-3d69-4d7f-8a1b-095720bc60a3,68.0,units,0.0,False
1755b6e4-aef4-4fae-98d2-f89ea9608319,2026-05-23,de2aa412-e109-4bcf-b6e9-9d9ad0b05e22,b84574d4-874a-4bc8-8811-bf540d30bb51,f88afad5-3d69-4d7f-8a1b-095720bc60a3,78.0,units,0.0,False
992f6513-78cf-4111-8a59-46be2e900bd6,2026-05-24,de2aa412-e109-4bcf-b6e9-9d9ad0b05e22,b84574d4-874a-4bc8-8811-bf540d30bb51,f88afad5-3d69-4d7f-8a1b-095720bc60a3,70.0,units,0.0,False
c3f9ecdd-49e8-4cff-a6e7-1562a8d21938,2026-05-25,de2aa412-e109-4bcf-b6e9-9d9ad0b05e22,b84574d4-874a-4bc8-8811-bf540d30bb51,f88afad5-3d69-4d7f-8a1b-095720bc60a3,57.0,units,0.0,False
376fb2af-e6cc-4e1b-9fe7-fb593a9ff723,2026-05-26,de2aa412-e109-4bcf-b6e9-9d9ad0b05e22,b84574d4-874a-4bc8-8811-bf540d30bb51,f88afad5-3d69-4d7f-8a1b-095720bc60a3,66.0,units,0.0,True
da2400a9-1b1c-4b69-9ffa-cccd6fd0c8e0,2026-05-27,de2aa412-e109-4bcf-b6e9-9d9ad0b05e22,b84574d4-874a-4bc8-8811-bf540d30bb51,f88afad5-3d69-4d7f-8a1b-095720bc60a3,56.0,units,0.0,False
f87656f1-7b23-4353-aa91-c403f3adc4f2,2026-05-28,de2aa412-e109-4bcf-b6e9-9d9ad0b05e22,b84574d4-874a-4bc8-8811-bf540d30bb51,f88afad5-3d69-4d7f-8a1b-095720bc60a3,63.0,units,0.0,False
e97b3f51-7207-481a-896b-7c80869b26bb,2026-05-29,de2aa412-e109-4bcf-b6e9-9d9ad0b05e22,b84574d4-874a-4bc8-8811-bf540d30bb51,f88afad5-3d69-4d7f-8a1b-095720bc60a3,57.0,units,0.0,False
662eed04-3e63-49a7-813b-16c6a1493dee,2026-05-30,de2aa412-e109-4bcf-b6e9-9d9ad0b05e22,b84574d4-874a-4bc8-8811-bf540d30bb51,f88afad5-3d69-4d7f-8a1b-095720bc60a3,88.0,units,0.0,False
c41f4083-fadd-465f-a3b7-e397f4341164,2026-05-31,de2aa412-e109-4bcf-b6e9-9d9ad0b05e22,b84574d4-874a-4bc8-8811-bf540d30bb51,f88afad5-3d69-4d7f-8a1b-095720bc60a3,99.0,units,0.0,False
22f88533-259c-4778-80df-1b1beb271084,2026-06-01,de2aa412-e109-4bcf-b6e9-9d9ad0b05e22,b84574d4-874a-4bc8-8811-bf540d30bb51,f88afad5-3d69-4d7f-8a1b-095720bc60a3,58.0,units,0.0,False
088ee116-a482-42f4-8ace-dae127f972ee,2026-06-02,de2aa412-e109-4bcf-b6e9-9d9ad0b05e22,b84574d4-874a-4bc8-8811-bf540d30bb51,f88afad5-3d69-4d7f-8a1b-095720bc60a3,66.0,units,0.0,False
865e0299-7f09-43ea-90a5-2b72a311bd2e,2026-06-03,de2aa412-e109-4bcf-b6e9-9d9ad0b05e22,b84574d4-874a-4bc8-8811-bf540d30bb51,f88afad5-3d69-4d7f-8a1b-095720bc60a3,68.0,units,0.0,False
9e1c0ed9-3a23-4ec6-ac78-d0d1d79c4f2b,2026-06-04,de2aa412-e109-4bcf-b6e9-9d9ad0b05e22,b84574d4-874a-4bc8-8811-bf540d30bb51,f88afad5-3d69-4d7f-8a1b-095720bc60a3,68.0,units,0.0,False
0fcd76d5-b7fc-4165-97b8-6372dc45feb2,2026-06-05,de2aa412-e109-4bcf-b6e9-9d9ad0b05e22,b84574d4-874a-4bc8-8811-bf540d30bb51,f88afad5-3d69-4d7f-8a1b-095720bc60a3,77.0,units,0.0,True
3c3280a7-97c5-46a8-95bf-b33f77342799,2026-06-06,de2aa412-e109-4bcf-b6e9-9d9ad0b05e22,b84574d4-874a-4bc8-8811-bf540d30bb51,f88afad5-3d69-4d7f-8a1b-095720bc60a3,88.0,units,0.0,False
74d92f9e-5140-4e43-ae78-b26fa388c816,2026-06-07,de2aa412-e109-4bcf-b6e9-9d9ad0b05e22,b84574d4-874a-4bc8-8811-bf540d30bb51,f88afad5-3d69-4d7f-8a1b-095720bc60a3,85.0,units,0.0,False
0e9741ba-0a23-4cfc-9a17-7f166cebb06f,2026-06-08,de2aa412-e109-4bcf-b6e9-9d9ad0b05e22,b84574d4-874a-4bc8-8811-bf540d30bb51,f88afad5-3d69-4d7f-8a1b-095720bc60a3,50.0,units,0.0,False
c092563b-ee92-4cb4-b8ee-5279f20414d4,2026-06-09,de2aa412-e109-4bcf-b6e9-9d9ad0b05e22,b84574d4-874a-4bc8-8811-bf540d30bb51,f88afad5-3d69-4d7f-8a1b-095720bc60a3,71.0,units,0.0,False
cf5e444e-ad11-4ca4-b3cd-13ad84f9136b,2026-06-10,de2aa412-e109-4bcf-b6e9-9d9ad0b05e22,b84574d4-874a-4bc8-8811-bf540d30bb51,f88afad5-3d69-4d7f-8a1b-095720bc60a3,71.0,units,0.0,False
2bed0184-f88c-4b5c-a9f7-4d9c52e9de91,2026-06-11,de2aa412-e109-4bcf-b6e9-9d9ad0b05e22,b84574d4-874a-4bc8-8811-bf540d30bb51,f88afad5-3d69-4d7f-8a1b-095720bc60a3,55.0,units,0.0,False
8e518d66-c7e1-44b0-8184-5599aa306cc9,2026-06-12,de2aa412-e109-4bcf-b6e9-9d9ad0b05e22,b84574d4-874a-4bc8-8811-bf540d30bb51,f88afad5-3d69-4d7f-8a1b-095720bc60a3,63.0,units,0.0,False
0ffac1ad-fdeb-4556-a6c6-7c31164d5950,2026-06-13,de2aa412-e109-4bcf-b6e9-9d9ad0b05e22,b84574d4-874a-4bc8-8811-bf540d30bb51,f88afad5-3d69-4d7f-8a1b-095720bc60a3,86.0,units,0.0,False
e10d3f58-bc0b-46da-822a-27e0cd2fa946,2026-06-14,de2aa412-e109-4bcf-b6e9-9d9ad0b05e22,b84574d4-874a-4bc8-8811-bf540d30bb51,f88afad5-3d69-4d7f-8a1b-095720bc60a3,75.0,units,0.0,False
fb542b68-c481-45e3-8bec-b38d9a6c8616,2026-06-15,de2aa412-e109-4bcf-b6e9-9d9ad0b05e22,b84574d4-874a-4bc8-8811-bf540d30bb51,f88afad5-3d69-4d7f-8a1b-095720bc60a3,73.0,units,0.0,False
1e9ee791-0c1a-4d54-be04-1d2cb314d0c0,2026-06-16,de2aa412-e109-4bcf-b6e9-9d9ad0b05e22,b84574d4-874a-4bc8-8811-bf540d30bb51,f88afad5-3d69-4d7f-8a1b-095720bc60a3,85.0,units,0.0,False
7f3d2991-e484-4c53-aff3-fcc9be4ab22c,2026-06-17,de2aa412-e109-4bcf-b6e9-9d9ad0b05e22,b84574d4-874a-4bc8-8811-bf540d30bb51,f88afad5-3d69-4d7f-8a1b-095720bc60a3,54.0,units,0.0,False
3199cb2c-8125-474f-9363-89633060b549,2026-06-18,de2aa412-e109-4bcf-b6e9-9d9ad0b05e22,b84574d4-874a-4bc8-8811-bf540d30bb51,f88afad5-3d69-4d7f-8a1b-095720bc60a3,48.0,units,0.0,False
3957bbfa-2a21-4250-a8b8-a7978cc383db,2026-06-19,de2aa412-e109-4bcf-b6e9-9d9ad0b05e22,b84574d4-874a-4bc8-8811-bf540d30bb51,f88afad5-3d69-4d7f-8a1b-095720bc60a3,65.0,units,0.0,False
9d4c6524-2a51-4f91-b3fe-81a159499e00,2026-06-20,de2aa412-e109-4bcf-b6e9-9d9ad0b05e22,b84574d4-874a-4bc8-8811-bf540d30bb51,f88afad5-3d69-4d7f-8a1b-095720bc60a3,86.0,units,0.0,False
14c4429a-0f7b-4399-bf20-fdb2366b146e,2026-06-21,de2aa412-e109-4bcf-b6e9-9d9ad0b05e22,b84574d4-874a-4bc8-8811-bf540d30bb51,f88afad5-3d69-4d7f-8a1b-095720bc60a3,74.0,units,0.0,False
3bd53dba-a5bd-4ab9-84d6-c89faa0d6d1a,2026-06-22,de2aa412-e109-4bcf-b6e9-9d9ad0b05e22,b84574d4-874a-4bc8-8811-bf540d30bb51,f88afad5-3d69-4d7f-8a1b-095720bc60a3,75.0,units,0.0,False
b2c1747d-0b32-4cff-a8a3-a0092cff9a8a,2026-06-23,de2aa412-e109-4bcf-b6e9-9d9ad0b05e22,b84574d4-874a-4bc8-8811-bf540d30bb51,f88afad5-3d69-4d7f-8a1b-095720bc60a3,48.0,units,0.0,False
187721ce-c6ed-4e35-893b-19b151e5f460,2026-06-24,de2aa412-e109-4bcf-b6e9-9d9ad0b05e22,b84574d4-874a-4bc8-8811-bf540d30bb51,f88afad5-3d69-4d7f-8a1b-095720bc60a3,81.0,units,0.0,True
061df40a-263e-4a96-81c2-f4e73b564be5,2026-06-25,de2aa412-e109-4bcf-b6e9-9d9ad0b05e22,b84574d4-874a-4bc8-8811-bf540d30bb51,f88afad5-3d69-4d7f-8a1b-095720bc60a3,66.0,units,0.0,True
b996aa0f-6a08-40a6-91d7-d2712f115e75,2026-06-26,de2aa412-e109-4bcf-b6e9-9d9ad0b05e22,b84574d4-874a-4bc8-8811-bf540d30bb51,f88afad5-3d69-4d7f-8a1b-095720bc60a3,77.0,units,0.0,False
c4dcd6eb-cabe-4066-a1e0-39e83936648e,2026-06-27,de2aa412-e109-4bcf-b6e9-9d9ad0b05e22,b84574d4-874a-4bc8-8811-bf540d30bb51,f88afad5-3d69-4d7f-8a1b-095720bc60a3,100.0,units,0.0,False
7015ba9a-2568-492b-bfa6-f9a04c6caad0,2026-06-28,de2aa412-e109-4bcf-b6e9-9d9ad0b05e22,b84574d4-874a-4bc8-8811-bf540d30bb51,f88afad5-3d69-4d7f-8a1b-095720bc60a3,66.0,units,0.0,False
dfb9e778-51da-41cd-894e-454aa62b2bbe,2026-06-29,de2aa412-e109-4bcf-b6e9-9d9ad0b05e22,b84574d4-874a-4bc8-8811-bf540d30bb51,f88afad5-3d69-4d7f-8a1b-095720bc60a3,55.0,units,0.0,False
35beb283-8215-4d24-8c81-929a172a1794,2026-06-30,de2aa412-e109-4bcf-b6e9-9d9ad0b05e22,b84574d4-874a-4bc8-8811-bf540d30bb51,f88afad5-3d69-4d7f-8a1b-095720bc60a3,68.0,units,0.0,False
45abcc35-5e80-4994-aa41-eabd6bd1d3c8,2026-07-01,de2aa412-e109-4bcf-b6e9-9d9ad0b05e22,b84574d4-874a-4bc8-8811-bf540d30bb51,f88afad5-3d69-4d7f-8a1b-095720bc60a3,56.0,units,0.0,False
34873992-b282-4802-834c-55c4b3640dbc,2026-07-02,de2aa412-e109-4bcf-b6e9-9d9ad0b05e22,b84574d4-874a-4bc8-8811-bf540d30bb51,f88afad5-3d69-4d7f-8a1b-095720bc60a3,60.0,units,0.0,False
e024c24e-4aab-4d11-be1f-3e4fbb60b0b4,2026-07-03,de2aa412-e109-4bcf-b6e9-9d9ad0b05e22,b84574d4-874a-4bc8-8811-bf540d30bb51,f88afad5-3d69-4d7f-8a1b-095720bc60a3,60.0,units,0.0,False
2e8896be-00e8-469b-b649-e5bbb311ad70,2026-07-04,de2aa412-e109-4bcf-b6e9-9d9ad0b05e22,b84574d4-874a-4bc8-8811-bf540d30bb51,f88afad5-3d69-4d7f-8a1b-095720bc60a3,52.0,units,0.0,False
7342113d-c789-4541-8ba1-caecefcd5cbe,2026-07-05,de2aa412-e109-4bcf-b6e9-9d9ad0b05e22,b84574d4-874a-4bc8-8811-bf540d30bb51,f88afad5-3d69-4d7f-8a1b-095720bc60a3,74.0,units,0.0,False
a68910b1-df7a-44b8-bbce-cf8f880127d9,2026-07-06,de2aa412-e109-4bcf-b6e9-9d9ad0b05e22,b84574d4-874a-4bc8-8811-bf540d30bb51,f88afad5-3d69-4d7f-8a1b-095720bc60a3,53.0,units,0.0,False
63270e36-7176-4ae4-a044-bea9411f0c0e,2026-07-07,de2aa412-e109-4bcf-b6e9-9d9ad0b05e22,b84574d4-874a-4bc8-8811-bf540d30bb51,f88afad5-3d69-4d7f-8a1b-095720bc60a3,55.0,units,0.0,False
1347630d-8605-43ac-91b3-a7654ffc0e17,2026-07-08,de2aa412-e109-4bcf-b6e9-9d9ad0b05e22,b84574d4-874a-4bc8-8811-bf540d30bb51,f88afad5-3d69-4d7f-8a1b-095720bc60a3,73.0,units,0.0,False
f7bfd8e6-307a-425b-b344-07bc0fffe6e7,2026-07-09,de2aa412-e109-4bcf-b6e9-9d9ad0b05e22,b84574d4-874a-4bc8-8811-bf540d30bb51,f88afad5-3d69-4d7f-8a1b-095720bc60a3,47.0,units,0.0,False
683a5de9-0a82-4249-be9f-5023c99b815e,2026-07-10,de2aa412-e109-4bcf-b6e9-9d9ad0b05e22,b84574d4-874a-4bc8-8811-bf540d30bb51,f88afad5-3d69-4d7f-8a1b-095720bc60a3,67.0,units,0.0,False
19d0ec59-e3d4-4e38-bc38-29e78ed85b08,2026-07-11,de2aa412-e109-4bcf-b6e9-9d9ad0b05e22,b84574d4-874a-4bc8-8811-bf540d30bb51,f88afad5-3d69-4d7f-8a1b-095720bc60a3,70.0,units,0.0,False
fe64d1c2-768f-4f98-8703-5953831a6dcc,2026-07-12,de2aa412-e109-4bcf-b6e9-9d9ad0b05e22,b84574d4-874a-4bc8-8811-bf540d30bb51,f88afad5-3d69-4d7f-8a1b-095720bc60a3,70.0,units,0.0,False
bbb30dce-022c-4037-9c16-d7e8b600798c,2026-07-13,de2aa412-e109-4bcf-b6e9-9d9ad0b05e22,b84574d4-874a-4bc8-8811-bf540d30bb51,f88afad5-3d69-4d7f-8a1b-095720bc60a3,66.0,units,0.0,False
edb1b4de-4c20-49a3-802b-a9554cea11bb,2026-07-14,de2aa412-e109-4bcf-b6e9-9d9ad0b05e22,b84574d4-874a-4bc8-8811-bf540d30bb51,f88afad5-3d69-4d7f-8a1b-095720bc60a3,62.0,units,0.0,False
1aea5a70-1bb4-4c57-b94b-48f1f7c0a57e,2026-07-15,de2aa412-e109-4bcf-b6e9-9d9ad0b05e22,b84574d4-874a-4bc8-8811-bf540d30bb51,f88afad5-3d69-4d7f-8a1b-095720bc60a3,64.0,units,0.0,False
8d66dec8-e414-4097-87ca-53516ccfdf37,2026-07-16,de2aa412-e109-4bcf-b6e9-9d9ad0b05e22,b84574d4-874a-4bc8-8811-bf540d30bb51,f88afad5-3d69-4d7f-8a1b-095720bc60a3,67.0,units,0.0,False
3f39b5fd-8d5c-4600-b61f-ace61648ece9,2026-07-17,de2aa412-e109-4bcf-b6e9-9d9ad0b05e22,b84574d4-874a-4bc8-8811-bf540d30bb51,f88afad5-3d69-4d7f-8a1b-095720bc60a3,55.0,units,0.0,False
03114818-6a76-49cd-afee-04598459f50a,2026-07-18,de2aa412-e109-4bcf-b6e9-9d9ad0b05e22,b84574d4-874a-4bc8-8811-bf540d30bb51,f88afad5-3d69-4d7f-8a1b-095720bc60a3,78.0,units,0.0,True
89a53962-b0c2-4718-9705-46bc8ed587ae,2026-07-19,de2aa412-e109-4bcf-b6e9-9d9ad0b05e22,b84574d4-874a-4bc8-8811-bf540d30bb51,f88afad5-3d69-4d7f-8a1b-095720bc60a3,60.0,units,0.0,False
cdf668ac-972b-4d4a-937c-c50f2a5957cc,2026-07-20,de2aa412-e109-4bcf-b6e9-9d9ad0b05e22,b84574d4-874a-4bc8-8811-bf540d30bb51,f88afad5-3d69-4d7f-8a1b-095720bc60a3,50.0,units,0.0,False
4dfc8233-b594-4f0f-b5ec-c42060eb0901,2026-07-21,de2aa412-e109-4bcf-b6e9-9d9ad0b05e22,b84574d4-874a-4bc8-8811-bf540d30bb51,f88afad5-3d69-4d7f-8a1b-095720bc60a3,85.0,units,0.0,False
ad5fe348-93e6-46a4-930f-681489dbf57c,2026-07-22,de2aa412-e109-4bcf-b6e9-9d9ad0b05e22,b84574d4-874a-4bc8-8811-bf540d30bb51,f88afad5-3d69-4d7f-8a1b-095720bc60a3,69.0,units,0.0,False
87b6be14-37e5-4894-a9d3-0a25f6186a9f,2026-07-23,de2aa412-e109-4bcf-b6e9-9d9ad0b05e22,b84574d4-874a-4bc8-8811-bf540d30bb51,f88afad5-3d69-4d7f-8a1b-095720bc60a3,45.0,units,0.0,False
2a2f6d7f-ac34-47f1-b444-dd4e6a58fe2f,2026-07-24,de2aa412-e109-4bcf-b6e9-9d9ad0b05e22,b84574d4-874a-4bc8-8811-bf540d30bb51,f88afad5-3d69-4d7f-8a1b-095720bc60a3,45.0,units,0.0,False
18666a34-354a-45d1-81a8-38812b9b1be7,2026-07-25,de2aa412-e109-4bcf-b6e9-9d9ad0b05e22,b84574d4-874a-4bc8-8811-bf540d30bb51,f88afad5-3d69-4d7f-8a1b-095720bc60a3,77.0,units,0.0,False
d49405ec-0e29-4e77-b62e-be934528c526,2026-07-26,de2aa412-e109-4bcf-b6e9-9d9ad0b05e22,b84574d4-874a-4bc8-8811-bf540d30bb51,f88afad5-3d69-4d7f-8a1b-095720bc60a3,78.0,units,0.0,False
5303a1c5-410d-412c-99cd-a4e1ee6307d0,2026-07-27,de2aa412-e109-4bcf-b6e9-9d9ad0b05e22,b84574d4-874a-4bc8-8811-bf540d30bb51,f88afad5-3d69-4d7f-8a1b-095720bc60a3,62.0,units,0.0,False
564c32a5-ee99-4e4b-ac77-1a52ff222d9a,2026-07-28,de2aa412-e109-4bcf-b6e9-9d9ad0b05e22,b84574d4-874a-4bc8-8811-bf540d30bb51,f88afad5-3d69-4d7f-8a1b-095720bc60a3,65.0,units,0.0,True
5aea8ff6-60fe-4bf9-9463-f7b7d1633d24,2026-07-29,de2aa412-e109-4bcf-b6e9-9d9ad0b05e22,b84574d4-874a-4bc8-8811-bf540d30bb51,f88afad5-3d69-4d7f-8a1b-095720bc60a3,56.0,units,0.0,False
341b7384-3a9a-4688-b741-e3d6d849f137,2026-07-30,de2aa412-e109-4bcf-b6e9-9d9ad0b05e22,b84574d4-874a-4bc8-8811-bf540d30bb51,f88afad5-3d69-4d7f-8a1b-095720bc60a3,60.0,units,0.0,False
17fa6e79-e260-477b-965f-63f67e4e0875,2026-07-31,de2aa412-e109-4bcf-b6e9-9d9ad0b05e22,b84574d4-874a-4bc8-8811-bf540d30bb51,f88afad5-3d69-4d7f-8a1b-095720bc60a3,57.0,units,0.0,False
8d0d6599-ffcd-4809-9dd3-83d64f6ba97d,2026-08-01,de2aa412-e109-4bcf-b6e9-9d9ad0b05e22,b84574d4-874a-4bc8-8811-bf540d30bb51,f88afad5-3d69-4d7f-8a1b-095720bc60a3,45.0,units,0.0,False
427862f1-5bb3-483c-9db6-b566ec46b965,2026-08-02,de2aa412-e109-4bcf-b6e9-9d9ad0b05e22,b84574d4-874a-4bc8-8811-bf540d30bb51,f88afad5-3d69-4d7f-8a1b-095720bc60a3,68.0,units,0.0,False
60209fa8-d0eb-4736-93ea-5d22a11fd972,2026-08-03,de2aa412-e109-4bcf-b6e9-9d9ad0b05e22,b84574d4-874a-4bc8-8811-bf540d30bb51,f88afad5-3d69-4d7f-8a1b-095720bc60a3,49.0,units,0.0,False
407ac9ff-83c3-4d59-a36f-044eae045938,2026-08-04,de2aa412-e109-4bcf-b6e9-9d9ad0b05e22,b84574d4-874a-4bc8-8811-bf540d30bb51,f88afad5-3d69-4d7f-8a1b-095720bc60a3,58.0,units,0.0,False
ef2d068e-fc39-4a8c-ba94-a5a7523d557e,2026-08-05,de2aa412-e109-4bcf-b6e9-9d9ad0b05e22,b84574d4-874a-4bc8-8811-bf540d30bb51,f88afad5-3d69-4d7f-8a1b-095720bc60a3,83.0,units,0.0,False
d3cff157-44b0-44d7-8328-6351b2d814f6,2026-08-06,de2aa412-e109-4bcf-b6e9-9d9ad0b05e22,b84574d4-874a-4bc8-8811-bf540d30bb51,f88afad5-3d69-4d7f-8a1b-095720bc60a3,59.0,units,0.0,False
b5ab04d4-b8c9-4440-85ee-719b26bd7b96,2026-08-07,de2aa412-e109-4bcf-b6e9-9d9ad0b05e22,b84574d4-874a-4bc8-8811-bf540d30bb51,f88afad5-3d69-4d7f-8a1b-095720bc60a3,53.0,units,0.0,False
198eed7d-30f2-4b60-9c21-397c4d3cb3f8,2026-08-08,de2aa412-e109-4bcf-b6e9-9d9ad0b05e22,b84574d4-874a-4bc8-8811-bf540d30bb51,f88afad5-3d69-4d7f-8a1b-095720bc60a3,80.0,units,0.0,False
41ef3ce2-e523-497a-8e73-258c938adeba,2026-08-09,de2aa412-e109-4bcf-b6e9-9d9ad0b05e22,b84574d4-874a-4bc8-8811-bf540d30bb51,f88afad5-3d69-4d7f-8a1b-095720bc60a3,90.0,units,0.0,True
95c91a28-c7cf-4679-a7d8-add1be5dd378,2026-08-10,de2aa412-e109-4bcf-b6e9-9d9ad0b05e22,b84574d4-874a-4bc8-8811-bf540d30bb51,f88afad5-3d69-4d7f-8a1b-095720bc60a3,59.0,units,0.0,False
86648827-98fc-475b-8e76-2c3af6a71d0b,2026-08-11,de2aa412-e109-4bcf-b6e9-9d9ad0b05e22,b84574d4-874a-4bc8-8811-bf540d30bb51,f88afad5-3d69-4d7f-8a1b-095720bc60a3,61.0,units,0.0,False
0ed06f18-eeac-42db-985c-392d6a38c505,2026-08-12,de2aa412-e109-4bcf-b6e9-9d9ad0b05e22,b84574d4-874a-4bc8-8811-bf540d30bb51,f88afad5-3d69-4d7f-8a1b-095720bc60a3,88.0,units,0.0,True
5b96bd48-de20-44dd-a2da-cb37ad765fe7,2026-08-13,de2aa412-e109-4bcf-b6e9-9d9ad0b05e22,b84574d4-874a-4bc8-8811-bf540d30bb51,f88afad5-3d69-4d7f-8a1b-095720bc60a3,45.0,units,0.0,False
0c12395d-99a9-48fd-99dc-540ac3ada532,2026-08-14,de2aa412-e109-4bcf-b6e9-9d9ad0b05e22,b84574d4-874a-4bc8-8811-bf540d30bb51,f88afad5-3d69-4d7f-8a1b-095720bc60a3,59.0,units,0.0,False
5e995ad1-adcc-47d9-bb29-7a3d87748e0a,2026-08-15,de2aa412-e109-4bcf-b6e9-9d9ad0b05e22,b84574d4-874a-4bc8-8811-bf540d30bb51,f88afad5-3d69-4d7f-8a1b-095720bc60a3,59.0,units,0.0,False
30b98533-4bbb-4c6f-8cb2-70268226dbe6,2026-08-16,de2aa412-e109-4bcf-b6e9-9d9ad0b05e22,b84574d4-874a-4bc8-8811-bf540d30bb51,f88afad5-3d69-4d7f-8a1b-095720bc60a3,75.0,units,0.0,False
1d28b280-374e-48c5-bc27-c1b1f6ecec03,2026-08-17,de2aa412-e109-4bcf-b6e9-9d9ad0b05e22,b84574d4-874a-4bc8-8811-bf540d30bb51,f88afad5-3d69-4d7f-8a1b-095720bc60a3,47.0,units,0.0,False
80956bb3-2dc9-4fb9-8587-7ff1c7ebb8f8,2026-08-18,de2aa412-e109-4bcf-b6e9-9d9ad0b05e22,b84574d4-874a-4bc8-8811-bf540d30bb51,f88afad5-3d69-4d7f-8a1b-095720bc60a3,51.0,units,0.0,False
75c4030a-e5fa-40cb-a376-52018e9a9acc,2026-08-19,de2aa412-e109-4bcf-b6e9-9d9ad0b05e22,b84574d4-874a-4bc8-8811-bf540d30bb51,f88afad5-3d69-4d7f-8a1b-095720bc60a3,52.0,units,0.0,False
dca2aadb-3ec6-46fa-aeec-f5c739546dfa,2026-08-20,de2aa412-e109-4bcf-b6e9-9d9ad0b05e22,b84574d4-874a-4bc8-8811-bf540d30bb51,f88afad5-3d69-4d7f-8a1b-095720bc60a3,63.0,units,0.0,False
e1598c2a-3054-4435-af0a-5d0afe87a975,2026-08-21,de2aa412-e109-4bcf-b6e9-9d9ad0b05e22,b84574d4-874a-4bc8-8811-bf540d30bb51,f88afad5-3d69-4d7f-8a1b-095720bc60a3,63.0,units,0.0,False
17b3ec90-adb8-4dc7-9bfd-9afa7d8da47f,2026-08-22,de2aa412-e109-4bcf-b6e9-9d9ad0b05e22,b84574d4-874a-4bc8-8811-bf540d30bb51,f88afad5-3d69-4d7f-8a1b-095720bc60a3,54.0,units,0.0,False
ac760364-da4b-4b85-95f9-90dfdd829832,2026-08-23,de2aa412-e109-4bcf-b6e9-9d9ad0b05e22,b84574d4-874a-4bc8-8811-bf540d30bb51,f88afad5-3d69-4d7f-8a1b-095720bc60a3,69.0,units,0.0,False
c798f37a-d67f-49c8-a38e-fd8ca8588362,2026-08-24,de2aa412-e109-4bcf-b6e9-9d9ad0b05e22,b84574d4-874a-4bc8-8811-bf540d30bb51,f88afad5-3d69-4d7f-8a1b-095720bc60a3,48.0,units,0.0,False
e8008c02-d95f-423b-88ad-470c625a2d87,2026-08-25,de2aa412-e109-4bcf-b6e9-9d9ad0b05e22,b84574d4-874a-4bc8-8811-bf540d30bb51,f88afad5-3d69-4d7f-8a1b-095720bc60a3,43.0,units,0.0,False
a8765864-e620-486c-8af8-cabc99365688,2026-08-26,de2aa412-e109-4bcf-b6e9-9d9ad0b05e22,b84574d4-874a-4bc8-8811-bf540d30bb51,f88afad5-3d69-4d7f-8a1b-095720bc60a3,52.0,units,0.0,False
4b033a6f-cbb3-4e9e-859c-54d90286ce27,2026-08-27,de2aa412-e109-4bcf-b6e9-9d9ad0b05e22,b84574d4-874a-4bc8-8811-bf540d30bb51,f88afad5-3d69-4d7f-8a1b-095720bc60a3,51.0,units,0.0,False
13aabab0-1fa2-49f4-b630-2e5a64da7871,2026-08-28,de2aa412-e109-4bcf-b6e9-9d9ad0b05e22,b84574d4-874a-4bc8-8811-bf540d30bb51,f88afad5-3d69-4d7f-8a1b-095720bc60a3,75.0,units,0.0,False
bdc52701-664f-4942-b996-8c369ec15e85,2026-08-29,de2aa412-e109-4bcf-b6e9-9d9ad0b05e22,b84574d4-874a-4bc8-8811-bf540d30bb51,f88afad5-3d69-4d7f-8a1b-095720bc60a3,72.0,units,0.0,False
b76df62e-508a-44f4-8bb1-855d8f952da0,2026-08-30,de2aa412-e109-4bcf-b6e9-9d9ad0b05e22,b84574d4-874a-4bc8-8811-bf540d30bb51,f88afad5-3d69-4d7f-8a1b-095720bc60a3,52.0,units,0.0,False
b9a745e9-86ac-4774-8a28-732eaa47d5ca,2026-08-31,de2aa412-e109-4bcf-b6e9-9d9ad0b05e22,b84574d4-874a-4bc8-8811-bf540d30bb51,f88afad5-3d69-4d7f-8a1b-095720bc60a3,49.0,units,0.0,False
fa9565b3-37df-441f-b63e-0bf40e6e92d1,2026-09-01,de2aa412-e109-4bcf-b6e9-9d9ad0b05e22,b84574d4-874a-4bc8-8811-bf540d30bb51,f88afad5-3d69-4d7f-8a1b-095720bc60a3,63.0,units,0.0,False
cc592eca-99b2-41c1-a40e-cf2d3d9f2340,2026-09-02,de2aa412-e109-4bcf-b6e9-9d9ad0b05e22,b84574d4-874a-4bc8-8811-bf540d30bb51,f88afad5-3d69-4d7f-8a1b-095720bc60a3,25.87,units,0.0,False
10eeb625-40a4-462b-a9f5-db72daf59c68,2026-09-03,de2aa412-e109-4bcf-b6e9-9d9ad0b05e22,b84574d4-874a-4bc8-8811-bf540d30bb51,f88afad5-3d69-4d7f-8a1b-095720bc60a3,40.0,units,0.0,False
11f1ed00-6902-4a5c-a021-6d74bc444f97,2026-09-04,de2aa412-e109-4bcf-b6e9-9d9ad0b05e22,b84574d4-874a-4bc8-8811-bf540d30bb51,f88afad5-3d69-4d7f-8a1b-095720bc60a3,37.0,units,0.0,False
af41a2ab-20c9-41dd-bd80-50b5aa21bc48,2026-09-05,de2aa412-e109-4bcf-b6e9-9d9ad0b05e22,b84574d4-874a-4bc8-8811-bf540d30bb51,f88afad5-3d69-4d7f-8a1b-095720bc60a3,87.0,units,0.0,False
68c7f9c5-5de7-404b-9e77-d8a2b5d67212,2026-09-06,de2aa412-e109-4bcf-b6e9-9d9ad0b05e22,b84574d4-874a-4bc8-8811-bf540d30bb51,f88afad5-3d69-4d7f-8a1b-095720bc60a3,85.0,units,0.0,True
bebe23be-6994-4b65-885e-84dd9fa31b70,2026-09-07,de2aa412-e109-4bcf-b6e9-9d9ad0b05e22,b84574d4-874a-4bc8-8811-bf540d30bb51,f88afad5-3d69-4d7f-8a1b-095720bc60a3,46.0,units,0.0,False
ae628a01-7e22-45d3-9d62-0f0d2d501f82,2025-09-08,de2aa412-e109-4bcf-b6e9-9d9ad0b05e22,7bd8bcc0-f3ca-44ed-80bc-c680e6693617,e9eb532b-94c4-4dc4-9da9-02c46bdb5835,35.0,units,0.0,True
7da01dac-a453-47cd-b607-5a925d8e934e,2025-09-09,de2aa412-e109-4bcf-b6e9-9d9ad0b05e22,7bd8bcc0-f3ca-44ed-80bc-c680e6693617,e9eb532b-94c4-4dc4-9da9-02c46bdb5835,15.0,units,0.0,False
3624cc39-c8d5-404b-b4ac-2ed90adc941a,2025-09-10,de2aa412-e109-4bcf-b6e9-9d9ad0b05e22,7bd8bcc0-f3ca-44ed-80bc-c680e6693617,e9eb532b-94c4-4dc4-9da9-02c46bdb5835,27.0,units,0.0,False
d015a150-032e-4e91-8505-4d3444cc587c,2025-09-11,de2aa412-e109-4bcf-b6e9-9d9ad0b05e22,7bd8bcc0-f3ca-44ed-80bc-c680e6693617,e9eb532b-94c4-4dc4-9da9-02c46bdb5835,28.0,units,0.0,False
d4294261-54e3-42ef-941e-3f25bef61a74,2025-09-12,de2aa412-e109-4bcf-b6e9-9d9ad0b05e22,7bd8bcc0-f3ca-44ed-80bc-c680e6693617,e9eb532b-94c4-4dc4-9da9-02c46bdb5835,31.0,units,0.0,False
1e80368d-787b-4011-b1e4-0bd7665c4627,2025-09-13,de2aa412-e109-4bcf-b6e9-9d9ad0b05e22,7bd8bcc0-f3ca-44ed-80bc-c680e6693617,e9eb532b-94c4-4dc4-9da9-02c46bdb5835,28.0,units,0.0,False
71e156d3-00b9-41a9-b759-9d49c6ff2689,2025-09-14,de2aa412-e109-4bcf-b6e9-9d9ad0b05e22,7bd8bcc0-f3ca-44ed-80bc-c680e6693617,e9eb532b-94c4-4dc4-9da9-02c46bdb5835,34.0,units,0.0,False
2aa4b34a-1373-4cca-b4be-28d3add8b9d2,2025-09-15,de2aa412-e109-4bcf-b6e9-9d9ad0b05e22,7bd8bcc0-f3ca-44ed-80bc-c680e6693617,e9eb532b-94c4-4dc4-9da9-02c46bdb5835,23.0,units,0.0,False
46170bab-aec5-4a9d-987a-5b6509ca0fdd,2025-09-16,de2aa412-e109-4bcf-b6e9-9d9ad0b05e22,7bd8bcc0-f3ca-44ed-80bc-c680e6693617,e9eb532b-94c4-4dc4-9da9-02c46bdb5835,28.0,units,0.0,False
3752d0e3-c38c-4bae-ab96-599a1024d273,2025-09-17,de2aa412-e109-4bcf-b6e9-9d9ad0b05e22,7bd8bcc0-f3ca-44ed-80bc-c680e6693617,e9eb532b-94c4-4dc4-9da9-02c46bdb5835,23.0,units,0.0,False
bde6cb71-88f0-4b6f-b1f0-286e30bcf244,2025-09-18,de2aa412-e109-4bcf-b6e9-9d9ad0b05e22,7bd8bcc0-f3ca-44ed-80bc-c680e6693617,e9eb532b-94c4-4dc4-9da9-02c46bdb5835,30.0,units,0.0,True
854bece2-5179-4f0d-b73e-e37bc4346ca9,2025-09-19,de2aa412-e109-4bcf-b6e9-9d9ad0b05e22,7bd8bcc0-f3ca-44ed-80bc-c680e6693617,e9eb532b-94c4-4dc4-9da9-02c46bdb5835,22.0,units,0.0,False
7ec35aa6-d7df-4731-bc50-873ab03aa341,2025-09-20,de2aa412-e109-4bcf-b6e9-9d9ad0b05e22,7bd8bcc0-f3ca-44ed-80bc-c680e6693617,e9eb532b-94c4-4dc4-9da9-02c46bdb5835,37.0,units,0.0,False
f67a454f-71e2-4684-a6dc-4ffbbad781f2,2025-09-21,de2aa412-e109-4bcf-b6e9-9d9ad0b05e22,7bd8bcc0-f3ca-44ed-80bc-c680e6693617,e9eb532b-94c4-4dc4-9da9-02c46bdb5835,38.0,units,0.0,False
f71ad74f-116b-4ba8-adea-39427405dfa0,2025-09-22,de2aa412-e109-4bcf-b6e9-9d9ad0b05e22,7bd8bcc0-f3ca-44ed-80bc-c680e6693617,e9eb532b-94c4-4dc4-9da9-02c46bdb5835,25.0,units,0.0,False
b6a085eb-3973-4954-a1b2-ef2690953dd5,2025-09-23,de2aa412-e109-4bcf-b6e9-9d9ad0b05e22,7bd8bcc0-f3ca-44ed-80bc-c680e6693617,e9eb532b-94c4-4dc4-9da9-02c46bdb5835,27.0,units,0.0,False
1a2f313a-2675-43e5-b72e-c99f06a2c0d2,2025-09-24,de2aa412-e109-4bcf-b6e9-9d9ad0b05e22,7bd8bcc0-f3ca-44ed-80bc-c680e6693617,e9eb532b-94c4-4dc4-9da9-02c46bdb5835,24.0,units,0.0,True
a61b7e7b-80fc-41c8-8108-34d4646b89ab,2025-09-25,de2aa412-e109-4bcf-b6e9-9d9ad0b05e22,7bd8bcc0-f3ca-44ed-80bc-c680e6693617,e9eb532b-94c4-4dc4-9da9-02c46bdb5835,25.0,units,0.0,False
37209d62-566f-4933-8329-e6643fd2ecf3,2025-09-26,de2aa412-e109-4bcf-b6e9-9d9ad0b05e22,7bd8bcc0-f3ca-44ed-80bc-c680e6693617,e9eb532b-94c4-4dc4-9da9-02c46bdb5835,26.0,units,0.0,False
c30610fb-d2a0-4a47-bf71-d36168f902a3,2025-09-27,de2aa412-e109-4bcf-b6e9-9d9ad0b05e22,7bd8bcc0-f3ca-44ed-80bc-c680e6693617,e9eb532b-94c4-4dc4-9da9-02c46bdb5835,47.0,units,0.0,False
fb9df909-eae9-495e-bd49-35e9016937e0,2025-09-28,de2aa412-e109-4bcf-b6e9-9d9ad0b05e22,7bd8bcc0-f3ca-44ed-80bc-c680e6693617,e9eb532b-94c4-4dc4-9da9-02c46bdb5835,27.0,units,0.0,False
e1be967e-2b1e-472a-acb0-b9871f6621d8,2025-09-29,de2aa412-e109-4bcf-b6e9-9d9ad0b05e22,7bd8bcc0-f3ca-44ed-80bc-c680e6693617,e9eb532b-94c4-4dc4-9da9-02c46bdb5835,33.0,units,0.0,False
0be64310-0ce6-4e48-8e15-69ea5f4cda6b,2025-09-30,de2aa412-e109-4bcf-b6e9-9d9ad0b05e22,7bd8bcc0-f3ca-44ed-80bc-c680e6693617,e9eb532b-94c4-4dc4-9da9-02c46bdb5835,31.0,units,0.0,False
931f828d-b843-4d09-846c-3cd6ca503a5d,2025-10-01,de2aa412-e109-4bcf-b6e9-9d9ad0b05e22,7bd8bcc0-f3ca-44ed-80bc-c680e6693617,e9eb532b-94c4-4dc4-9da9-02c46bdb5835,28.0,units,0.0,False
5b1a8cbc-32ce-4c4a-80a1-71346a868138,2025-10-02,de2aa412-e109-4bcf-b6e9-9d9ad0b05e22,7bd8bcc0-f3ca-44ed-80bc-c680e6693617,e9eb532b-94c4-4dc4-9da9-02c46bdb5835,34.0,units,0.0,False
e60d1d3c-2a8d-40fd-8472-5d136aaa162c,2025-10-03,de2aa412-e109-4bcf-b6e9-9d9ad0b05e22,7bd8bcc0-f3ca-44ed-80bc-c680e6693617,e9eb532b-94c4-4dc4-9da9-02c46bdb5835,28.0,units,0.0,False
d1b14182-6b11-4c19-94d4-952376db447c,2025-10-04,de2aa412-e109-4bcf-b6e9-9d9ad0b05e22,7bd8bcc0-f3ca-44ed-80bc-c680e6693617,e9eb532b-94c4-4dc4-9da9-02c46bdb5835,35.0,units,0.0,False
31516b07-dc68-4df7-b472-19b519113abf,2025-10-05,de2aa412-e109-4bcf-b6e9-9d9ad0b05e22,7bd8bcc0-f3ca-44ed-80bc-c680e6693617,e9eb532b-94c4-4dc4-9da9-02c46bdb5835,33.0,units,0.0,False
c457c4ba-f72a-41ef-89cc-dc17b31cdaca,2025-10-06,de2aa412-e109-4bcf-b6e9-9d9ad0b05e22,7bd8bcc0-f3ca-44ed-80bc-c680e6693617,e9eb532b-94c4-4dc4-9da9-02c46bdb5835,32.0,units,0.0,False
569625b6-16cf-45b8-91ff-5b45b9aad9ec,2025-10-07,de2aa412-e109-4bcf-b6e9-9d9ad0b05e22,7bd8bcc0-f3ca-44ed-80bc-c680e6693617,e9eb532b-94c4-4dc4-9da9-02c46bdb5835,31.0,units,0.0,False
28cb9db2-90dd-4abf-8da0-6abdcb59cb25,2025-10-08,de2aa412-e109-4bcf-b6e9-9d9ad0b05e22,7bd8bcc0-f3ca-44ed-80bc-c680e6693617,e9eb532b-94c4-4dc4-9da9-02c46bdb5835,24.0,units,0.0,False
58ef78ff-f915-4e2b-906c-18b43b144837,2025-10-09,de2aa412-e109-4bcf-b6e9-9d9ad0b05e22,7bd8bcc0-f3ca-44ed-80bc-c680e6693617,e9eb532b-94c4-4dc4-9da9-02c46bdb5835,21.0,units,0.0,False
63f4eeb7-ba71-4cf8-9cf5-58f353cdf723,2025-10-10,de2aa412-e109-4bcf-b6e9-9d9ad0b05e22,7bd8bcc0-f3ca-44ed-80bc-c680e6693617,e9eb532b-94c4-4dc4-9da9-02c46bdb5835,26.0,units,0.0,False
d0083d85-c846-40e5-b2b8-659703e17afd,2025-10-11,de2aa412-e109-4bcf-b6e9-9d9ad0b05e22,7bd8bcc0-f3ca-44ed-80bc-c680e6693617,e9eb532b-94c4-4dc4-9da9-02c46bdb5835,29.0,units,0.0,False
2b92bf45-2b03-48bc-bde3-1c748ee4f1e1,2025-10-12,de2aa412-e109-4bcf-b6e9-9d9ad0b05e22,7bd8bcc0-f3ca-44ed-80bc-c680e6693617,e9eb532b-94c4-4dc4-9da9-02c46bdb5835,33.0,units,0.0,False
f2bc7d32-4318-44f4-b942-3ad2f8159d57,2025-10-13,de2aa412-e109-4bcf-b6e9-9d9ad0b05e22,7bd8bcc0-f3ca-44ed-80bc-c680e6693617,e9eb532b-94c4-4dc4-9da9-02c46bdb5835,38.0,units,0.0,True
99cef82e-60c6-4b4b-9b1e-cc2c2b15baa0,2025-10-14,de2aa412-e109-4bcf-b6e9-9d9ad0b05e22,7bd8bcc0-f3ca-44ed-80bc-c680e6693617,e9eb532b-94c4-4dc4-9da9-02c46bdb5835,25.0,units,0.0,False
72c36e2b-9994-4ceb-85d0-e0e60e79cfd7,2025-10-15,de2aa412-e109-4bcf-b6e9-9d9ad0b05e22,7bd8bcc0-f3ca-44ed-80bc-c680e6693617,e9eb532b-94c4-4dc4-9da9-02c46bdb5835,26.0,units,0.0,False
60d52ca2-c517-4872-b199-6fd6d3d0f40b,2025-10-16,de2aa412-e109-4bcf-b6e9-9d9ad0b05e22,7bd8bcc0-f3ca-44ed-80bc-c680e6693617,e9eb532b-94c4-4dc4-9da9-02c46bdb5835,27.0,units,0.0,False
cb49911c-7fe3-4e80-a08c-156cd64c6869,2025-10-17,de2aa412-e109-4bcf-b6e9-9d9ad0b05e22,7bd8bcc0-f3ca-44ed-80bc-c680e6693617,e9eb532b-94c4-4dc4-9da9-02c46bdb5835,30.0,units,0.0,False
710e09c7-dcfb-4f23-8997-586264c432c6,2025-10-18,de2aa412-e109-4bcf-b6e9-9d9ad0b05e22,7bd8bcc0-f3ca-44ed-80bc-c680e6693617,e9eb532b-94c4-4dc4-9da9-02c46bdb5835,21.0,units,0.0,False
31d55efc-c099-4413-88dd-e8332c452eb0,2025-10-19,de2aa412-e109-4bcf-b6e9-9d9ad0b05e22,7bd8bcc0-f3ca-44ed-80bc-c680e6693617,e9eb532b-94c4-4dc4-9da9-02c46bdb5835,30.0,units,0.0,False
454ca582-1fc4-4f8d-8166-53065459ac19,2025-10-20,de2aa412-e109-4bcf-b6e9-9d9ad0b05e22,7bd8bcc0-f3ca-44ed-80bc-c680e6693617,e9eb532b-94c4-4dc4-9da9-02c46bdb5835,27.0,units,0.0,False
f07ecf84-2444-421b-aeba-5e6cea825ece,2025-10-21,de2aa412-e109-4bcf-b6e9-9d9ad0b05e22,7bd8bcc0-f3ca-44ed-80bc-c680e6693617,e9eb532b-94c4-4dc4-9da9-02c46bdb5835,32.0,units,0.0,False
693fb328-e7ca-4454-bd8b-381726ef1ac3,2025-10-22,de2aa412-e109-4bcf-b6e9-9d9ad0b05e22,7bd8bcc0-f3ca-44ed-80bc-c680e6693617,e9eb532b-94c4-4dc4-9da9-02c46bdb5835,25.0,units,0.0,False
e1767b9b-04e1-40b2-85a6-aee90182d089,2025-10-23,de2aa412-e109-4bcf-b6e9-9d9ad0b05e22,7bd8bcc0-f3ca-44ed-80bc-c680e6693617,e9eb532b-94c4-4dc4-9da9-02c46bdb5835,22.0,units,0.0,True
fc39be2e-d111-445c-86a9-2c81aa5611b0,2025-10-24,de2aa412-e109-4bcf-b6e9-9d9ad0b05e22,7bd8bcc0-f3ca-44ed-80bc-c680e6693617,e9eb532b-94c4-4dc4-9da9-02c46bdb5835,29.0,units,0.0,False
47554560-93b2-4f4b-b818-7cd3352ccebc,2025-10-25,de2aa412-e109-4bcf-b6e9-9d9ad0b05e22,7bd8bcc0-f3ca-44ed-80bc-c680e6693617,e9eb532b-94c4-4dc4-9da9-02c46bdb5835,30.0,units,0.0,False
5e0acf21-0055-4a9b-b45e-b88c624ff4d6,2025-10-26,de2aa412-e109-4bcf-b6e9-9d9ad0b05e22,7bd8bcc0-f3ca-44ed-80bc-c680e6693617,e9eb532b-94c4-4dc4-9da9-02c46bdb5835,27.0,units,0.0,False
c863dd5e-9571-4241-b60a-737c67d905b8,2025-10-27,de2aa412-e109-4bcf-b6e9-9d9ad0b05e22,7bd8bcc0-f3ca-44ed-80bc-c680e6693617,e9eb532b-94c4-4dc4-9da9-02c46bdb5835,24.0,units,0.0,False
f6ac9d8e-6e5e-4820-8bd1-c55367708c9b,2025-10-28,de2aa412-e109-4bcf-b6e9-9d9ad0b05e22,7bd8bcc0-f3ca-44ed-80bc-c680e6693617,e9eb532b-94c4-4dc4-9da9-02c46bdb5835,26.0,units,0.0,False
ae71fa18-bc8e-420b-915d-87f0ef699bc5,2025-10-29,de2aa412-e109-4bcf-b6e9-9d9ad0b05e22,7bd8bcc0-f3ca-44ed-80bc-c680e6693617,e9eb532b-94c4-4dc4-9da9-02c46bdb5835,24.0,units,0.0,False
61185251-db86-494f-8785-2d1f0b338b4c,2025-10-30,de2aa412-e109-4bcf-b6e9-9d9ad0b05e22,7bd8bcc0-f3ca-44ed-80bc-c680e6693617,e9eb532b-94c4-4dc4-9da9-02c46bdb5835,17.0,units,0.0,False
8160b946-201a-48f7-847b-bc4b415df71c,2025-10-31,de2aa412-e109-4bcf-b6e9-9d9ad0b05e22,7bd8bcc0-f3ca-44ed-80bc-c680e6693617,e9eb532b-94c4-4dc4-9da9-02c46bdb5835,31.0,units,0.0,False
ca8d2f11-9b3b-4123-904e-2b596e340ab5,2025-11-01,de2aa412-e109-4bcf-b6e9-9d9ad0b05e22,7bd8bcc0-f3ca-44ed-80bc-c680e6693617,e9eb532b-94c4-4dc4-9da9-02c46bdb5835,40.0,units,0.0,False
0d541ae0-eee5-4ba2-8d31-5221cdfd1a1a,2025-11-02,de2aa412-e109-4bcf-b6e9-9d9ad0b05e22,7bd8bcc0-f3ca-44ed-80bc-c680e6693617,e9eb532b-94c4-4dc4-9da9-02c46bdb5835,45.0,units,0.0,True
9778aa7b-ac4d-45d0-8c28-3e7b94039828,2025-11-03,de2aa412-e109-4bcf-b6e9-9d9ad0b05e22,7bd8bcc0-f3ca-44ed-80bc-c680e6693617,e9eb532b-94c4-4dc4-9da9-02c46bdb5835,22.0,units,0.0,False
be8723d1-1124-4fb0-96bc-6382305a9a0f,2025-11-04,de2aa412-e109-4bcf-b6e9-9d9ad0b05e22,7bd8bcc0-f3ca-44ed-80bc-c680e6693617,e9eb532b-94c4-4dc4-9da9-02c46bdb5835,26.0,units,0.0,False
a5c2157e-4dfb-492b-aad8-3dc936ecf953,2025-11-05,de2aa412-e109-4bcf-b6e9-9d9ad0b05e22,7bd8bcc0-f3ca-44ed-80bc-c680e6693617,e9eb532b-94c4-4dc4-9da9-02c46bdb5835,27.0,units,0.0,False
cce666a6-4a13-4a74-897f-475a4857e2e0,2025-11-06,de2aa412-e109-4bcf-b6e9-9d9ad0b05e22,7bd8bcc0-f3ca-44ed-80bc-c680e6693617,e9eb532b-94c4-4dc4-9da9-02c46bdb5835,30.0,units,0.0,False
e0140114-6d37-40a4-969f-6ebed996ddbb,2025-11-07,de2aa412-e109-4bcf-b6e9-9d9ad0b05e22,7bd8bcc0-f3ca-44ed-80bc-c680e6693617,e9eb532b-94c4-4dc4-9da9-02c46bdb5835,30.0,units,0.0,False
cbecac9d-6115-4afd-ac97-b75642bdcd10,2025-11-08,de2aa412-e109-4bcf-b6e9-9d9ad0b05e22,7bd8bcc0-f3ca-44ed-80bc-c680e6693617,e9eb532b-94c4-4dc4-9da9-02c46bdb5835,30.0,units,0.0,False
c483d310-39f9-41cc-b4f6-493df96fb907,2025-11-09,de2aa412-e109-4bcf-b6e9-9d9ad0b05e22,7bd8bcc0-f3ca-44ed-80bc-c680e6693617,e9eb532b-94c4-4dc4-9da9-02c46bdb5835,34.0,units,0.0,False
1daefa26-69d9-405c-8d20-105d9641649c,2025-11-10,de2aa412-e109-4bcf-b6e9-9d9ad0b05e22,7bd8bcc0-f3ca-44ed-80bc-c680e6693617,e9eb532b-94c4-4dc4-9da9-02c46bdb5835,29.0,units,0.0,False
80b8fec5-11be-46fe-8711-c7ce69cabf2f,2025-11-11,de2aa412-e109-4bcf-b6e9-9d9ad0b05e22,7bd8bcc0-f3ca-44ed-80bc-c680e6693617,e9eb532b-94c4-4dc4-9da9-02c46bdb5835,34.0,units,0.0,False
78a5e62e-6c4d-4bfe-a2ac-5ef516c881f4,2025-11-12,de2aa412-e109-4bcf-b6e9-9d9ad0b05e22,7bd8bcc0-f3ca-44ed-80bc-c680e6693617,e9eb532b-94c4-4dc4-9da9-02c46bdb5835,30.0,units,0.0,False
4d19e6ee-a477-42b1-ad91-04eb00305115,2025-11-13,de2aa412-e109-4bcf-b6e9-9d9ad0b05e22,7bd8bcc0-f3ca-44ed-80bc-c680e6693617,e9eb532b-94c4-4dc4-9da9-02c46bdb5835,31.0,units,0.0,False
35f6d6a1-076f-456c-8769-365056fdfa61,2025-11-14,de2aa412-e109-4bcf-b6e9-9d9ad0b05e22,7bd8bcc0-f3ca-44ed-80bc-c680e6693617,e9eb532b-94c4-4dc4-9da9-02c46bdb5835,28.0,units,0.0,False
dbe377bf-c484-4451-9864-09991d2f7859,2025-11-15,de2aa412-e109-4bcf-b6e9-9d9ad0b05e22,7bd8bcc0-f3ca-44ed-80bc-c680e6693617,e9eb532b-94c4-4dc4-9da9-02c46bdb5835,42.0,units,0.0,False
45cc413e-ff42-44ab-ae1d-7d72d716b17d,2025-11-16,de2aa412-e109-4bcf-b6e9-9d9ad0b05e22,7bd8bcc0-f3ca-44ed-80bc-c680e6693617,e9eb532b-94c4-4dc4-9da9-02c46bdb5835,37.0,units,0.0,False
ba082305-9103-45a0-9113-ca110a7ddd38,2025-11-17,de2aa412-e109-4bcf-b6e9-9d9ad0b05e22,7bd8bcc0-f3ca-44ed-80bc-c680e6693617,e9eb532b-94c4-4dc4-9da9-02c46bdb5835,24.0,units,0.0,False
2728f59f-f17e-4375-8f33-d385cd50785c,2025-11-18,de2aa412-e109-4bcf-b6e9-9d9ad0b05e22,7bd8bcc0-f3ca-44ed-80bc-c680e6693617,e9eb532b-94c4-4dc4-9da9-02c46bdb5835,34.0,units,0.0,False
a6ed0797-fe7e-4977-b77f-2303fd235414,2025-11-19,de2aa412-e109-4bcf-b6e9-9d9ad0b05e22,7bd8bcc0-f3ca-44ed-80bc-c680e6693617,e9eb532b-94c4-4dc4-9da9-02c46bdb5835,31.0,units,0.0,False
36a59ca5-e88f-4206-b4d7-0c74d60d5afb,2025-11-20,de2aa412-e109-4bcf-b6e9-9d9ad0b05e22,7bd8bcc0-f3ca-44ed-80bc-c680e6693617,e9eb532b-94c4-4dc4-9da9-02c46bdb5835,26.0,units,0.0,False
e0f3cf57-d6b9-4bb8-8784-cb23d55fc41f,2025-11-21,de2aa412-e109-4bcf-b6e9-9d9ad0b05e22,7bd8bcc0-f3ca-44ed-80bc-c680e6693617,e9eb532b-94c4-4dc4-9da9-02c46bdb5835,26.0,units,0.0,False
2110b5c0-d211-463e-85fb-60a8bd43dfd6,2025-11-22,de2aa412-e109-4bcf-b6e9-9d9ad0b05e22,7bd8bcc0-f3ca-44ed-80bc-c680e6693617,e9eb532b-94c4-4dc4-9da9-02c46bdb5835,36.0,units,0.0,False
dbf1d0ef-ca92-4d6d-b500-5d1e2e78f75a,2025-11-23,de2aa412-e109-4bcf-b6e9-9d9ad0b05e22,7bd8bcc0-f3ca-44ed-80bc-c680e6693617,e9eb532b-94c4-4dc4-9da9-02c46bdb5835,37.0,units,0.0,False
784905d6-9f2f-47c1-be45-c6eea1ec6aac,2025-11-24,de2aa412-e109-4bcf-b6e9-9d9ad0b05e22,7bd8bcc0-f3ca-44ed-80bc-c680e6693617,e9eb532b-94c4-4dc4-9da9-02c46bdb5835,29.0,units,0.0,False
ddb58b07-cf00-4b96-934f-91b5cfbc46e8,2025-11-25,de2aa412-e109-4bcf-b6e9-9d9ad0b05e22,7bd8bcc0-f3ca-44ed-80bc-c680e6693617,e9eb532b-94c4-4dc4-9da9-02c46bdb5835,29.0,units,0.0,False
43e7bb3c-994d-446f-9a6b-23d68a0017cb,2025-11-26,de2aa412-e109-4bcf-b6e9-9d9ad0b05e22,7bd8bcc0-f3ca-44ed-80bc-c680e6693617,e9eb532b-94c4-4dc4-9da9-02c46bdb5835,36.0,units,0.0,False
1dfb9e8e-1a3d-4a2a-86ce-21ec67f19633,2025-11-27,de2aa412-e109-4bcf-b6e9-9d9ad0b05e22,7bd8bcc0-f3ca-44ed-80bc-c680e6693617,e9eb532b-94c4-4dc4-9da9-02c46bdb5835,33.0,units,0.0,False
33395aac-426f-4cbf-ba4d-38a3e483be0d,2025-11-28,de2aa412-e109-4bcf-b6e9-9d9ad0b05e22,7bd8bcc0-f3ca-44ed-80bc-c680e6693617,e9eb532b-94c4-4dc4-9da9-02c46bdb5835,29.0,units,0.0,False
e9088818-6f6f-4958-b75b-3c84e4c832e7,2025-11-29,de2aa412-e109-4bcf-b6e9-9d9ad0b05e22,7bd8bcc0-f3ca-44ed-80bc-c680e6693617,e9eb532b-94c4-4dc4-9da9-02c46bdb5835,40.0,units,0.0,False
dae2513e-5003-4d7c-935e-c94fe6d369af,2025-11-30,de2aa412-e109-4bcf-b6e9-9d9ad0b05e22,7bd8bcc0-f3ca-44ed-80bc-c680e6693617,e9eb532b-94c4-4dc4-9da9-02c46bdb5835,35.0,units,0.0,True
16a286e5-04d6-4620-8c49-1d446fbd7c0a,2025-12-01,de2aa412-e109-4bcf-b6e9-9d9ad0b05e22,7bd8bcc0-f3ca-44ed-80bc-c680e6693617,e9eb532b-94c4-4dc4-9da9-02c46bdb5835,30.0,units,0.0,False
1669faf8-54fe-408b-a8c0-b8ba39c249bb,2025-12-02,de2aa412-e109-4bcf-b6e9-9d9ad0b05e22,7bd8bcc0-f3ca-44ed-80bc-c680e6693617,e9eb532b-94c4-4dc4-9da9-02c46bdb5835,36.0,units,0.0,False
2e4bbfe4-5d8c-4703-a012-2f49819da81b,2025-12-03,de2aa412-e109-4bcf-b6e9-9d9ad0b05e22,7bd8bcc0-f3ca-44ed-80bc-c680e6693617,e9eb532b-94c4-4dc4-9da9-02c46bdb5835,27.0,units,0.0,False
61ccfa7b-318b-41a3-a790-bd0620a013fd,2025-12-04,de2aa412-e109-4bcf-b6e9-9d9ad0b05e22,7bd8bcc0-f3ca-44ed-80bc-c680e6693617,e9eb532b-94c4-4dc4-9da9-02c46bdb5835,25.0,units,0.0,False
765aebd5-1a10-4edb-8209-39a7c521a94e,2025-12-05,de2aa412-e109-4bcf-b6e9-9d9ad0b05e22,7bd8bcc0-f3ca-44ed-80bc-c680e6693617,e9eb532b-94c4-4dc4-9da9-02c46bdb5835,25.0,units,0.0,False
f445eaf3-8dde-4e2f-bde9-90cf2887ef18,2025-12-06,de2aa412-e109-4bcf-b6e9-9d9ad0b05e22,7bd8bcc0-f3ca-44ed-80bc-c680e6693617,e9eb532b-94c4-4dc4-9da9-02c46bdb5835,29.0,units,0.0,False
cc310f4d-b621-44ed-b5d4-59376c694b0f,2025-12-07,de2aa412-e109-4bcf-b6e9-9d9ad0b05e22,7bd8bcc0-f3ca-44ed-80bc-c680e6693617,e9eb532b-94c4-4dc4-9da9-02c46bdb5835,31.0,units,0.0,False
5a0627a3-8f7a-4868-af96-8e0dfeff7596,2025-12-08,de2aa412-e109-4bcf-b6e9-9d9ad0b05e22,7bd8bcc0-f3ca-44ed-80bc-c680e6693617,e9eb532b-94c4-4dc4-9da9-02c46bdb5835,27.0,units,0.0,False
901bf74c-7b3c-4ae0-9661-05fdd07b310d,2025-12-09,de2aa412-e109-4bcf-b6e9-9d9ad0b05e22,7bd8bcc0-f3ca-44ed-80bc-c680e6693617,e9eb532b-94c4-4dc4-9da9-02c46bdb5835,22.0,units,0.0,False
01d89623-3e25-481c-b04a-50c930b2085c,2025-12-10,de2aa412-e109-4bcf-b6e9-9d9ad0b05e22,7bd8bcc0-f3ca-44ed-80bc-c680e6693617,e9eb532b-94c4-4dc4-9da9-02c46bdb5835,29.0,units,0.0,False
76efcdd3-0598-48bc-a15e-a3fd3d5345ac,2025-12-11,de2aa412-e109-4bcf-b6e9-9d9ad0b05e22,7bd8bcc0-f3ca-44ed-80bc-c680e6693617,e9eb532b-94c4-4dc4-9da9-02c46bdb5835,33.0,units,0.0,False
905a2ef8-0c0d-455c-8cda-e81d342906ce,2025-12-12,de2aa412-e109-4bcf-b6e9-9d9ad0b05e22,7bd8bcc0-f3ca-44ed-80bc-c680e6693617,e9eb532b-94c4-4dc4-9da9-02c46bdb5835,25.0,units,0.0,False
b5b4c0b5-736d-4a2f-80ec-7724751a6a2a,2025-12-13,de2aa412-e109-4bcf-b6e9-9d9ad0b05e22,7bd8bcc0-f3ca-44ed-80bc-c680e6693617,e9eb532b-94c4-4dc4-9da9-02c46bdb5835,45.0,units,0.0,False
7aaafafd-c81c-4df1-925e-cc7f4a4e146e,2025-12-14,de2aa412-e109-4bcf-b6e9-9d9ad0b05e22,7bd8bcc0-f3ca-44ed-80bc-c680e6693617,e9eb532b-94c4-4dc4-9da9-02c46bdb5835,39.0,units,0.0,False
757af4ca-32fd-4c92-8d7b-5c7fed30c923,2025-12-15,de2aa412-e109-4bcf-b6e9-9d9ad0b05e22,7bd8bcc0-f3ca-44ed-80bc-c680e6693617,e9eb532b-94c4-4dc4-9da9-02c46bdb5835,34.0,units,0.0,False
696d7756-d810-4b83-ac45-96898282c452,2025-12-16,de2aa412-e109-4bcf-b6e9-9d9ad0b05e22,7bd8bcc0-f3ca-44ed-80bc-c680e6693617,e9eb532b-94c4-4dc4-9da9-02c46bdb5835,26.0,units,0.0,False
d0f87aad-672b-46f0-854d-967de250d538,2025-12-17,de2aa412-e109-4bcf-b6e9-9d9ad0b05e22,7bd8bcc0-f3ca-44ed-80bc-c680e6693617,e9eb532b-94c4-4dc4-9da9-02c46bdb5835,33.0,units,0.0,False
597ada27-7bd0-4a61-a29b-f7c804457c6f,2025-12-18,de2aa412-e109-4bcf-b6e9-9d9ad0b05e22,7bd8bcc0-f3ca-44ed-80bc-c680e6693617,e9eb532b-94c4-4dc4-9da9-02c46bdb5835,24.0,units,0.0,False
e02ba00b-e955-40f6-8612-153a92859282,2025-12-19,de2aa412-e109-4bcf-b6e9-9d9ad0b05e22,7bd8bcc0-f3ca-44ed-80bc-c680e6693617,e9eb532b-94c4-4dc4-9da9-02c46bdb5835,33.0,units,0.0,False
b56b2cc7-c6ec-42af-8cb3-385a2e238e31,2025-12-20,de2aa412-e109-4bcf-b6e9-9d9ad0b05e22,7bd8bcc0-f3ca-44ed-80bc-c680e6693617,e9eb532b-94c4-4dc4-9da9-02c46bdb5835,38.0,units,0.0,False
0a2f9964-8920-430b-8b40-bea158c8e2aa,2025-12-21,de2aa412-e109-4bcf-b6e9-9d9ad0b05e22,7bd8bcc0-f3ca-44ed-80bc-c680e6693617,e9eb532b-94c4-4dc4-9da9-02c46bdb5835,40.0,units,0.0,False
d5e04325-9f98-4226-8662-431c7b8f20c9,2025-12-22,de2aa412-e109-4bcf-b6e9-9d9ad0b05e22,7bd8bcc0-f3ca-44ed-80bc-c680e6693617,e9eb532b-94c4-4dc4-9da9-02c46bdb5835,24.0,units,0.0,False
3711bfbb-ee67-4e41-8bcd-e0dc9b3378db,2025-12-23,de2aa412-e109-4bcf-b6e9-9d9ad0b05e22,7bd8bcc0-f3ca-44ed-80bc-c680e6693617,e9eb532b-94c4-4dc4-9da9-02c46bdb5835,25.0,units,0.0,False
c9db9923-a25e-4fb6-abd3-e325301fa62e,2025-12-24,de2aa412-e109-4bcf-b6e9-9d9ad0b05e22,7bd8bcc0-f3ca-44ed-80bc-c680e6693617,e9eb532b-94c4-4dc4-9da9-02c46bdb5835,32.0,units,0.0,False
5ef1e5be-a6e0-4d29-956d-32d1cb2957fb,2025-12-25,de2aa412-e109-4bcf-b6e9-9d9ad0b05e22,7bd8bcc0-f3ca-44ed-80bc-c680e6693617,e9eb532b-94c4-4dc4-9da9-02c46bdb5835,25.0,units,0.0,False
dc8baa08-03dd-42d2-bacb-06c867e91192,2025-12-26,de2aa412-e109-4bcf-b6e9-9d9ad0b05e22,7bd8bcc0-f3ca-44ed-80bc-c680e6693617,e9eb532b-94c4-4dc4-9da9-02c46bdb5835,32.0,units,0.0,False
c9cb97a8-2ed5-4cdb-bae3-5a37ff26d46d,2025-12-27,de2aa412-e109-4bcf-b6e9-9d9ad0b05e22,7bd8bcc0-f3ca-44ed-80bc-c680e6693617,e9eb532b-94c4-4dc4-9da9-02c46bdb5835,35.0,units,0.0,True
66de22b6-d9ac-40fb-8029-c4547d5285dc,2025-12-28,de2aa412-e109-4bcf-b6e9-9d9ad0b05e22,7bd8bcc0-f3ca-44ed-80bc-c680e6693617,e9eb532b-94c4-4dc4-9da9-02c46bdb5835,42.0,units,0.0,False
b9fdcf02-993c-46e1-8687-f92ab22cc456,2025-12-29,de2aa412-e109-4bcf-b6e9-9d9ad0b05e22,7bd8bcc0-f3ca-44ed-80bc-c680e6693617,e9eb532b-94c4-4dc4-9da9-02c46bdb5835,24.0,units,0.0,False
bba84a21-a8d2-4dc7-95c1-516b0bf60d44,2025-12-30,de2aa412-e109-4bcf-b6e9-9d9ad0b05e22,7bd8bcc0-f3ca-44ed-80bc-c680e6693617,e9eb532b-94c4-4dc4-9da9-02c46bdb5835,33.0,units,0.0,False
83638aa3-4fe7-4ef1-89b3-08aeb92c6795,2025-12-31,de2aa412-e109-4bcf-b6e9-9d9ad0b05e22,7bd8bcc0-f3ca-44ed-80bc-c680e6693617,e9eb532b-94c4-4dc4-9da9-02c46bdb5835,33.0,units,0.0,False
7b6d8ed7-371a-4d9e-841b-7cbb03b815cf,2026-01-01,de2aa412-e109-4bcf-b6e9-9d9ad0b05e22,7bd8bcc0-f3ca-44ed-80bc-c680e6693617,e9eb532b-94c4-4dc4-9da9-02c46bdb5835,27.0,units,0.0,False
021c8377-1b2b-4e6a-aef2-abdf9305e12a,2026-01-02,de2aa412-e109-4bcf-b6e9-9d9ad0b05e22,7bd8bcc0-f3ca-44ed-80bc-c680e6693617,e9eb532b-94c4-4dc4-9da9-02c46bdb5835,33.0,units,0.0,False
7369c411-6ce8-4928-8fa5-bacd326c8b25,2026-01-03,de2aa412-e109-4bcf-b6e9-9d9ad0b05e22,7bd8bcc0-f3ca-44ed-80bc-c680e6693617,e9eb532b-94c4-4dc4-9da9-02c46bdb5835,39.0,units,0.0,False
bae5358c-bd96-4927-9016-d338c2352491,2026-01-04,de2aa412-e109-4bcf-b6e9-9d9ad0b05e22,7bd8bcc0-f3ca-44ed-80bc-c680e6693617,e9eb532b-94c4-4dc4-9da9-02c46bdb5835,35.0,units,0.0,False
d2a2e2df-3ff6-4c5e-b662-4efa34be9c43,2026-01-05,de2aa412-e109-4bcf-b6e9-9d9ad0b05e22,7bd8bcc0-f3ca-44ed-80bc-c680e6693617,e9eb532b-94c4-4dc4-9da9-02c46bdb5835,25.0,units,0.0,False
37dc69fd-72b5-4593-ba2f-494a94d60660,2026-01-06,de2aa412-e109-4bcf-b6e9-9d9ad0b05e22,7bd8bcc0-f3ca-44ed-80bc-c680e6693617,e9eb532b-94c4-4dc4-9da9-02c46bdb5835,21.0,units,0.0,False
4d019baa-b237-4d5b-a9a7-983f7817e5a3,2026-01-07,de2aa412-e109-4bcf-b6e9-9d9ad0b05e22,7bd8bcc0-f3ca-44ed-80bc-c680e6693617,e9eb532b-94c4-4dc4-9da9-02c46bdb5835,32.0,units,0.0,False
2a71b69b-c81d-496f-a37c-418ba2ceb2f5,2026-01-08,de2aa412-e109-4bcf-b6e9-9d9ad0b05e22,7bd8bcc0-f3ca-44ed-80bc-c680e6693617,e9eb532b-94c4-4dc4-9da9-02c46bdb5835,23.0,units,0.0,False
4509762a-43a3-471d-9b73-1f086c3722b5,2026-01-09,de2aa412-e109-4bcf-b6e9-9d9ad0b05e22,7bd8bcc0-f3ca-44ed-80bc-c680e6693617,e9eb532b-94c4-4dc4-9da9-02c46bdb5835,31.0,units,0.0,False
217f88c6-7a02-4591-a756-b68d1ded46b9,2026-01-10,de2aa412-e109-4bcf-b6e9-9d9ad0b05e22,7bd8bcc0-f3ca-44ed-80bc-c680e6693617,e9eb532b-94c4-4dc4-9da9-02c46bdb5835,37.0,units,0.0,False
453e2456-b273-4f36-b7e9-6e643d8ff8ef,2026-01-11,de2aa412-e109-4bcf-b6e9-9d9ad0b05e22,7bd8bcc0-f3ca-44ed-80bc-c680e6693617,e9eb532b-94c4-4dc4-9da9-02c46bdb5835,43.0,units,0.0,False
2ac5050b-b0af-45ba-922d-7c290f54a3f9,2026-01-12,de2aa412-e109-4bcf-b6e9-9d9ad0b05e22,7bd8bcc0-f3ca-44ed-80bc-c680e6693617,e9eb532b-94c4-4dc4-9da9-02c46bdb5835,29.0,units,0.0,False
518b86cf-fbf2-4d19-b87f-7ebd4bede154,2026-01-13,de2aa412-e109-4bcf-b6e9-9d9ad0b05e22,7bd8bcc0-f3ca-44ed-80bc-c680e6693617,e9eb532b-94c4-4dc4-9da9-02c46bdb5835,29.0,units,0.0,False
a4c56769-5d04-4cb1-ab79-d30b315a572d,2026-01-14,de2aa412-e109-4bcf-b6e9-9d9ad0b05e22,7bd8bcc0-f3ca-44ed-80bc-c680e6693617,e9eb532b-94c4-4dc4-9da9-02c46bdb5835,34.0,units,0.0,False
e5c6d945-9244-499c-a4bb-907d906ff803,2026-01-15,de2aa412-e109-4bcf-b6e9-9d9ad0b05e22,7bd8bcc0-f3ca-44ed-80bc-c680e6693617,e9eb532b-94c4-4dc4-9da9-02c46bdb5835,33.0,units,0.0,False
69cc339f-c87c-48c5-a60d-d27c1fb7cac8,2026-01-16,de2aa412-e109-4bcf-b6e9-9d9ad0b05e22,7bd8bcc0-f3ca-44ed-80bc-c680e6693617,e9eb532b-94c4-4dc4-9da9-02c46bdb5835,33.0,units,0.0,False
91af3225-4481-4d49-a73c-1d20beb6e250,2026-01-17,de2aa412-e109-4bcf-b6e9-9d9ad0b05e22,7bd8bcc0-f3ca-44ed-80bc-c680e6693617,e9eb532b-94c4-4dc4-9da9-02c46bdb5835,42.0,units,0.0,False
6b1be2af-8a13-4075-857a-ffe3f6a93329,2026-01-18,de2aa412-e109-4bcf-b6e9-9d9ad0b05e22,7bd8bcc0-f3ca-44ed-80bc-c680e6693617,e9eb532b-94c4-4dc4-9da9-02c46bdb5835,29.0,units,0.0,False
2ec50f17-57b8-4a45-a027-e6a684b3c0ca,2026-01-19,de2aa412-e109-4bcf-b6e9-9d9ad0b05e22,7bd8bcc0-f3ca-44ed-80bc-c680e6693617,e9eb532b-94c4-4dc4-9da9-02c46bdb5835,35.0,units,0.0,False
72fd6550-8f5f-4d5b-bba2-6f6d2f5e877b,2026-01-20,de2aa412-e109-4bcf-b6e9-9d9ad0b05e22,7bd8bcc0-f3ca-44ed-80bc-c680e6693617,e9eb532b-94c4-4dc4-9da9-02c46bdb5835,34.0,units,0.0,False
3db2de8b-89d8-4853-af44-d489eba9aced,2026-01-21,de2aa412-e109-4bcf-b6e9-9d9ad0b05e22,7bd8bcc0-f3ca-44ed-80bc-c680e6693617,e9eb532b-94c4-4dc4-9da9-02c46bdb5835,26.0,units,0.0,False
143fd054-b2c0-42cb-9ace-d0c93daa57da,2026-01-22,de2aa412-e109-4bcf-b6e9-9d9ad0b05e22,7bd8bcc0-f3ca-44ed-80bc-c680e6693617,e9eb532b-94c4-4dc4-9da9-02c46bdb5835,30.0,units,0.0,False
398aca1b-ce60-4230-9c42-0496e4cbd329,2026-01-23,de2aa412-e109-4bcf-b6e9-9d9ad0b05e22,7bd8bcc0-f3ca-44ed-80bc-c680e6693617,e9eb532b-94c4-4dc4-9da9-02c46bdb5835,31.0,units,0.0,False
3876aa84-13e2-48f1-b046-3137789be65b,2026-01-24,de2aa412-e109-4bcf-b6e9-9d9ad0b05e22,7bd8bcc0-f3ca-44ed-80bc-c680e6693617,e9eb532b-94c4-4dc4-9da9-02c46bdb5835,38.0,units,0.0,False
08bd65e8-6d08-4970-a363-955560c4167e,2026-01-25,de2aa412-e109-4bcf-b6e9-9d9ad0b05e22,7bd8bcc0-f3ca-44ed-80bc-c680e6693617,e9eb532b-94c4-4dc4-9da9-02c46bdb5835,41.0,units,0.0,False
56de3461-fe90-42f9-85c9-a993d4f92c17,2026-01-26,de2aa412-e109-4bcf-b6e9-9d9ad0b05e22,7bd8bcc0-f3ca-44ed-80bc-c680e6693617,e9eb532b-94c4-4dc4-9da9-02c46bdb5835,39.0,units,0.0,False
3a4f50d2-aaa9-40e4-b0d8-9b554043db5f,2026-01-27,de2aa412-e109-4bcf-b6e9-9d9ad0b05e22,7bd8bcc0-f3ca-44ed-80bc-c680e6693617,e9eb532b-94c4-4dc4-9da9-02c46bdb5835,37.0,units,0.0,False
41a0474a-5f61-4122-8c68-2375310e5ad0,2026-01-28,de2aa412-e109-4bcf-b6e9-9d9ad0b05e22,7bd8bcc0-f3ca-44ed-80bc-c680e6693617,e9eb532b-94c4-4dc4-9da9-02c46bdb5835,25.0,units,0.0,False
07270271-1812-43c5-84b7-e7d6de23eb94,2026-01-29,de2aa412-e109-4bcf-b6e9-9d9ad0b05e22,7bd8bcc0-f3ca-44ed-80bc-c680e6693617,e9eb532b-94c4-4dc4-9da9-02c46bdb5835,42.0,units,0.0,True
e8e6a884-5725-449d-b43f-54bae8498df5,2026-01-30,de2aa412-e109-4bcf-b6e9-9d9ad0b05e22,7bd8bcc0-f3ca-44ed-80bc-c680e6693617,e9eb532b-94c4-4dc4-9da9-02c46bdb5835,39.0,units,0.0,False
446737ca-a5f7-487b-b6a6-e3376063dc64,2026-01-31,de2aa412-e109-4bcf-b6e9-9d9ad0b05e22,7bd8bcc0-f3ca-44ed-80bc-c680e6693617,e9eb532b-94c4-4dc4-9da9-02c46bdb5835,42.0,units,0.0,False
8ee9297a-49f6-4cf4-919c-4710c064afde,2026-02-01,de2aa412-e109-4bcf-b6e9-9d9ad0b05e22,7bd8bcc0-f3ca-44ed-80bc-c680e6693617,e9eb532b-94c4-4dc4-9da9-02c46bdb5835,47.0,units,0.0,False
1dd9a7d0-1daf-4c09-9d76-31fdf0b89ae1,2026-02-02,de2aa412-e109-4bcf-b6e9-9d9ad0b05e22,7bd8bcc0-f3ca-44ed-80bc-c680e6693617,e9eb532b-94c4-4dc4-9da9-02c46bdb5835,42.0,units,0.0,False
27a091c4-3361-45f4-a774-b1053c15aae7,2026-02-03,de2aa412-e109-4bcf-b6e9-9d9ad0b05e22,7bd8bcc0-f3ca-44ed-80bc-c680e6693617,e9eb532b-94c4-4dc4-9da9-02c46bdb5835,37.0,units,0.0,False
f376cde9-38d2-43a8-b56c-aa284a22eb9d,2026-02-04,de2aa412-e109-4bcf-b6e9-9d9ad0b05e22,7bd8bcc0-f3ca-44ed-80bc-c680e6693617,e9eb532b-94c4-4dc4-9da9-02c46bdb5835,33.0,units,0.0,False
473d4c17-c3b5-4ae5-800b-928dc461f1be,2026-02-05,de2aa412-e109-4bcf-b6e9-9d9ad0b05e22,7bd8bcc0-f3ca-44ed-80bc-c680e6693617,e9eb532b-94c4-4dc4-9da9-02c46bdb5835,37.0,units,0.0,False
5a75d3a3-3faa-4d84-bba7-3720f5abbffa,2026-02-06,de2aa412-e109-4bcf-b6e9-9d9ad0b05e22,7bd8bcc0-f3ca-44ed-80bc-c680e6693617,e9eb532b-94c4-4dc4-9da9-02c46bdb5835,33.0,units,0.0,False
10e0cada-4d83-42e4-935e-41a7e35880a9,2026-02-07,de2aa412-e109-4bcf-b6e9-9d9ad0b05e22,7bd8bcc0-f3ca-44ed-80bc-c680e6693617,e9eb532b-94c4-4dc4-9da9-02c46bdb5835,48.0,units,0.0,True
b6b5fd1c-acfc-4e27-ab01-33be4cf6366b,2026-02-08,de2aa412-e109-4bcf-b6e9-9d9ad0b05e22,7bd8bcc0-f3ca-44ed-80bc-c680e6693617,e9eb532b-94c4-4dc4-9da9-02c46bdb5835,38.0,units,0.0,False
1bfee7ee-cca6-49cf-ab13-1c4a46f1e8a6,2026-02-09,de2aa412-e109-4bcf-b6e9-9d9ad0b05e22,7bd8bcc0-f3ca-44ed-80bc-c680e6693617,e9eb532b-94c4-4dc4-9da9-02c46bdb5835,40.0,units,0.0,False
9ce11778-b88f-4d80-b5e9-a68cbb8a19c0,2026-02-10,de2aa412-e109-4bcf-b6e9-9d9ad0b05e22,7bd8bcc0-f3ca-44ed-80bc-c680e6693617,e9eb532b-94c4-4dc4-9da9-02c46bdb5835,28.0,units,0.0,False
e92925bd-5f9c-4a47-ae06-894f3996519e,2026-02-11,de2aa412-e109-4bcf-b6e9-9d9ad0b05e22,7bd8bcc0-f3ca-44ed-80bc-c680e6693617,e9eb532b-94c4-4dc4-9da9-02c46bdb5835,40.0,units,0.0,False
a3d7f54c-f3c0-4216-b558-2a7f4f5e8bd3,2026-02-12,de2aa412-e109-4bcf-b6e9-9d9ad0b05e22,7bd8bcc0-f3ca-44ed-80bc-c680e6693617,e9eb532b-94c4-4dc4-9da9-02c46bdb5835,35.0,units,0.0,False
2a4fcf63-6e4b-4027-8e42-d8a5f6f9ffe3,2026-02-13,de2aa412-e109-4bcf-b6e9-9d9ad0b05e22,7bd8bcc0-f3ca-44ed-80bc-c680e6693617,e9eb532b-94c4-4dc4-9da9-02c46bdb5835,25.0,units,0.0,False
b5e5f52f-85ec-4e4a-8591-542c8adc78ce,2026-02-14,de2aa412-e109-4bcf-b6e9-9d9ad0b05e22,7bd8bcc0-f3ca-44ed-80bc-c680e6693617,e9eb532b-94c4-4dc4-9da9-02c46bdb5835,43.0,units,0.0,False
9873171c-b65f-4dcf-a2d0-012c996be867,2026-02-15,de2aa412-e109-4bcf-b6e9-9d9ad0b05e22,7bd8bcc0-f3ca-44ed-80bc-c680e6693617,e9eb532b-94c4-4dc4-9da9-02c46bdb5835,27.0,units,0.0,False
2d4a4855-4156-453a-9ff7-5bb8237767ba,2026-02-16,de2aa412-e109-4bcf-b6e9-9d9ad0b05e22,7bd8bcc0-f3ca-44ed-80bc-c680e6693617,e9eb532b-94c4-4dc4-9da9-02c46bdb5835,36.0,units,0.0,False
eb87e27c-328d-4a40-8216-1cbb5ee6c756,2026-02-17,de2aa412-e109-4bcf-b6e9-9d9ad0b05e22,7bd8bcc0-f3ca-44ed-80bc-c680e6693617,e9eb532b-94c4-4dc4-9da9-02c46bdb5835,37.0,units,0.0,False
bb446a30-5a4b-44a2-91c1-f0d84e807071,2026-02-18,de2aa412-e109-4bcf-b6e9-9d9ad0b05e22,7bd8bcc0-f3ca-44ed-80bc-c680e6693617,e9eb532b-94c4-4dc4-9da9-02c46bdb5835,30.0,units,0.0,False
de32bbd7-43fc-49bf-bacc-dc68e08374d9,2026-02-19,de2aa412-e109-4bcf-b6e9-9d9ad0b05e22,7bd8bcc0-f3ca-44ed-80bc-c680e6693617,e9eb532b-94c4-4dc4-9da9-02c46bdb5835,33.0,units,0.0,False
c0e5cc30-e8c4-4446-95d1-d9d1736d8d7b,2026-02-20,de2aa412-e109-4bcf-b6e9-9d9ad0b05e22,7bd8bcc0-f3ca-44ed-80bc-c680e6693617,e9eb532b-94c4-4dc4-9da9-02c46bdb5835,43.0,units,0.0,False
15988012-2708-4d6b-85fb-7ca7b9ac284d,2026-02-21,de2aa412-e109-4bcf-b6e9-9d9ad0b05e22,7bd8bcc0-f3ca-44ed-80bc-c680e6693617,e9eb532b-94c4-4dc4-9da9-02c46bdb5835,38.0,units,0.0,False
a2677cd4-b4c1-4a74-a8ec-28b2ff06c72f,2026-02-22,de2aa412-e109-4bcf-b6e9-9d9ad0b05e22,7bd8bcc0-f3ca-44ed-80bc-c680e6693617,e9eb532b-94c4-4dc4-9da9-02c46bdb5835,41.0,units,0.0,True
bba55aad-6bdb-447d-81d5-7808703054a9,2026-02-23,de2aa412-e109-4bcf-b6e9-9d9ad0b05e22,7bd8bcc0-f3ca-44ed-80bc-c680e6693617,e9eb532b-94c4-4dc4-9da9-02c46bdb5835,41.0,units,0.0,False
d90ea44e-2657-47aa-8682-e5a2e0201bb7,2026-02-24,de2aa412-e109-4bcf-b6e9-9d9ad0b05e22,7bd8bcc0-f3ca-44ed-80bc-c680e6693617,e9eb532b-94c4-4dc4-9da9-02c46bdb5835,43.0,units,0.0,False
cd2a1545-da2b-4b5e-a53b-5fab91035612,2026-02-25,de2aa412-e109-4bcf-b6e9-9d9ad0b05e22,7bd8bcc0-f3ca-44ed-80bc-c680e6693617,e9eb532b-94c4-4dc4-9da9-02c46bdb5835,33.0,units,0.0,False
638ac42f-a459-4598-9a42-e9b99822f412,2026-02-26,de2aa412-e109-4bcf-b6e9-9d9ad0b05e22,7bd8bcc0-f3ca-44ed-80bc-c680e6693617,e9eb532b-94c4-4dc4-9da9-02c46bdb5835,38.0,units,0.0,False
ea3ada22-62c4-4ea3-8961-1b9f3295baf2,2026-02-27,de2aa412-e109-4bcf-b6e9-9d9ad0b05e22,7bd8bcc0-f3ca-44ed-80bc-c680e6693617,e9eb532b-94c4-4dc4-9da9-02c46bdb5835,40.0,units,0.0,False
07f6f6e7-8a7e-4319-83d0-937e3c625d9a,2026-02-28,de2aa412-e109-4bcf-b6e9-9d9ad0b05e22,7bd8bcc0-f3ca-44ed-80bc-c680e6693617,e9eb532b-94c4-4dc4-9da9-02c46bdb5835,36.0,units,0.0,False
57aaf14a-1310-4216-91a0-e6da2670ccad,2026-03-01,de2aa412-e109-4bcf-b6e9-9d9ad0b05e22,7bd8bcc0-f3ca-44ed-80bc-c680e6693617,e9eb532b-94c4-4dc4-9da9-02c46bdb5835,38.0,units,0.0,False
979170f2-f3cd-4660-add7-331bef779168,2026-03-02,de2aa412-e109-4bcf-b6e9-9d9ad0b05e22,7bd8bcc0-f3ca-44ed-80bc-c680e6693617,e9eb532b-94c4-4dc4-9da9-02c46bdb5835,40.0,units,0.0,False
2a01ba75-5e31-49ae-92ec-5528ba05ef68,2026-03-03,de2aa412-e109-4bcf-b6e9-9d9ad0b05e22,7bd8bcc0-f3ca-44ed-80bc-c680e6693617,e9eb532b-94c4-4dc4-9da9-02c46bdb5835,42.0,units,0.0,False
66851098-fb7d-4c06-8648-7360b2f90b32,2026-03-04,de2aa412-e109-4bcf-b6e9-9d9ad0b05e22,7bd8bcc0-f3ca-44ed-80bc-c680e6693617,e9eb532b-94c4-4dc4-9da9-02c46bdb5835,36.0,units,0.0,False
5386ef31-760c-4ba6-9241-ef5eb6e4f174,2026-03-05,de2aa412-e109-4bcf-b6e9-9d9ad0b05e22,7bd8bcc0-f3ca-44ed-80bc-c680e6693617,e9eb532b-94c4-4dc4-9da9-02c46bdb5835,29.0,units,0.0,False
a242e649-0a51-4fef-87f8-edab546efd1d,2026-03-06,de2aa412-e109-4bcf-b6e9-9d9ad0b05e22,7bd8bcc0-f3ca-44ed-80bc-c680e6693617,e9eb532b-94c4-4dc4-9da9-02c46bdb5835,44.0,units,0.0,False
8b7f4da2-0e41-436f-9272-34564f49a7b3,2026-03-07,de2aa412-e109-4bcf-b6e9-9d9ad0b05e22,7bd8bcc0-f3ca-44ed-80bc-c680e6693617,e9eb532b-94c4-4dc4-9da9-02c46bdb5835,38.0,units,0.0,False
284c9fc2-8b75-4f5a-bd29-8acb29f2f7fb,2026-03-08,de2aa412-e109-4bcf-b6e9-9d9ad0b05e22,7bd8bcc0-f3ca-44ed-80bc-c680e6693617,e9eb532b-94c4-4dc4-9da9-02c46bdb5835,39.0,units,0.0,False
305617b4-7b31-41aa-bebe-fa0caf4051f1,2026-03-09,de2aa412-e109-4bcf-b6e9-9d9ad0b05e22,7bd8bcc0-f3ca-44ed-80bc-c680e6693617,e9eb532b-94c4-4dc4-9da9-02c46bdb5835,35.0,units,0.0,False
22169e7e-9434-4def-85a6-dfc1794837cb,2026-03-10,de2aa412-e109-4bcf-b6e9-9d9ad0b05e22,7bd8bcc0-f3ca-44ed-80bc-c680e6693617,e9eb532b-94c4-4dc4-9da9-02c46bdb5835,42.0,units,0.0,False
a2c80f47-5403-4fb5-a89c-d38f874f67aa,2026-03-11,de2aa412-e109-4bcf-b6e9-9d9ad0b05e22,7bd8bcc0-f3ca-44ed-80bc-c680e6693617,e9eb532b-94c4-4dc4-9da9-02c46bdb5835,38.0,units,0.0,False
419836a8-7438-4c95-ae59-fcb64f7b59de,2026-03-12,de2aa412-e109-4bcf-b6e9-9d9ad0b05e22,7bd8bcc0-f3ca-44ed-80bc-c680e6693617,e9eb532b-94c4-4dc4-9da9-02c46bdb5835,43.0,units,0.0,True
fac736d3-fbdf-4ca7-8339-374d1a8e9593,2026-03-13,de2aa412-e109-4bcf-b6e9-9d9ad0b05e22,7bd8bcc0-f3ca-44ed-80bc-c680e6693617,e9eb532b-94c4-4dc4-9da9-02c46bdb5835,36.0,units,0.0,False
0c9a7127-f28c-4e1f-8d62-b48621d27ae4,2026-03-14,de2aa412-e109-4bcf-b6e9-9d9ad0b05e22,7bd8bcc0-f3ca-44ed-80bc-c680e6693617,e9eb532b-94c4-4dc4-9da9-02c46bdb5835,42.0,units,0.0,False
607a4961-4932-4d92-8093-77a829a0d373,2026-03-15,de2aa412-e109-4bcf-b6e9-9d9ad0b05e22,7bd8bcc0-f3ca-44ed-80bc-c680e6693617,e9eb532b-94c4-4dc4-9da9-02c46bdb5835,46.0,units,0.0,False
259ef0fd-b6b3-447d-931e-f952722293c4,2026-03-16,de2aa412-e109-4bcf-b6e9-9d9ad0b05e22,7bd8bcc0-f3ca-44ed-80bc-c680e6693617,e9eb532b-94c4-4dc4-9da9-02c46bdb5835,20.0,units,0.0,False
c68d1b30-3a50-4144-a237-16b4661a96ad,2026-03-17,de2aa412-e109-4bcf-b6e9-9d9ad0b05e22,7bd8bcc0-f3ca-44ed-80bc-c680e6693617,e9eb532b-94c4-4dc4-9da9-02c46bdb5835,32.0,units,0.0,False
0f658cc0-4fbe-48dd-ab98-0bb0e93446ff,2026-03-18,de2aa412-e109-4bcf-b6e9-9d9ad0b05e22,7bd8bcc0-f3ca-44ed-80bc-c680e6693617,e9eb532b-94c4-4dc4-9da9-02c46bdb5835,35.0,units,0.0,False
d6fc8045-80a9-4bf4-8dee-0b3b54368818,2026-03-19,de2aa412-e109-4bcf-b6e9-9d9ad0b05e22,7bd8bcc0-f3ca-44ed-80bc-c680e6693617,e9eb532b-94c4-4dc4-9da9-02c46bdb5835,27.0,units,0.0,False
052dba81-3bae-4830-a8a2-6788bda3da68,2026-03-20,de2aa412-e109-4bcf-b6e9-9d9ad0b05e22,7bd8bcc0-f3ca-44ed-80bc-c680e6693617,e9eb532b-94c4-4dc4-9da9-02c46bdb5835,36.0,units,0.0,False
91208a35-fa11-415a-92f3-173ee16d3fdb,2026-03-21,de2aa412-e109-4bcf-b6e9-9d9ad0b05e22,7bd8bcc0-f3ca-44ed-80bc-c680e6693617,e9eb532b-94c4-4dc4-9da9-02c46bdb5835,41.0,units,0.0,False
bfc416f8-2226-46c1-bcb8-7debf0b77d4d,2026-03-22,de2aa412-e109-4bcf-b6e9-9d9ad0b05e22,7bd8bcc0-f3ca-44ed-80bc-c680e6693617,e9eb532b-94c4-4dc4-9da9-02c46bdb5835,54.0,units,0.0,False
bcab2cbb-fc0b-44f5-bd97-3ce4aa83f7df,2026-03-23,de2aa412-e109-4bcf-b6e9-9d9ad0b05e22,7bd8bcc0-f3ca-44ed-80bc-c680e6693617,e9eb532b-94c4-4dc4-9da9-02c46bdb5835,42.0,units,0.0,False
611e6204-a1a7-4e48-977d-dc3d20a2a7da,2026-03-24,de2aa412-e109-4bcf-b6e9-9d9ad0b05e22,7bd8bcc0-f3ca-44ed-80bc-c680e6693617,e9eb532b-94c4-4dc4-9da9-02c46bdb5835,31.0,units,0.0,False
bb1dce2a-9806-4b90-aac4-2841297ebd32,2026-03-25,de2aa412-e109-4bcf-b6e9-9d9ad0b05e22,7bd8bcc0-f3ca-44ed-80bc-c680e6693617,e9eb532b-94c4-4dc4-9da9-02c46bdb5835,33.0,units,0.0,False
f06ec83c-4dfa-41b4-813f-68ae027320e0,2026-03-26,de2aa412-e109-4bcf-b6e9-9d9ad0b05e22,7bd8bcc0-f3ca-44ed-80bc-c680e6693617,e9eb532b-94c4-4dc4-9da9-02c46bdb5835,33.0,units,0.0,False
eab812b5-f33e-4357-b699-3baea6c874ab,2026-03-27,de2aa412-e109-4bcf-b6e9-9d9ad0b05e22,7bd8bcc0-f3ca-44ed-80bc-c680e6693617,e9eb532b-94c4-4dc4-9da9-02c46bdb5835,31.0,units,0.0,False
32138135-8525-458c-bb39-58be1eafd395,2026-03-28,de2aa412-e109-4bcf-b6e9-9d9ad0b05e22,7bd8bcc0-f3ca-44ed-80bc-c680e6693617,e9eb532b-94c4-4dc4-9da9-02c46bdb5835,43.0,units,0.0,False
d64def3d-7977-4243-a381-626908461732,2026-03-29,de2aa412-e109-4bcf-b6e9-9d9ad0b05e22,7bd8bcc0-f3ca-44ed-80bc-c680e6693617,e9eb532b-94c4-4dc4-9da9-02c46bdb5835,37.0,units,0.0,False
075781d1-3ebd-4a6a-a784-714347d9fd9f,2026-03-30,de2aa412-e109-4bcf-b6e9-9d9ad0b05e22,7bd8bcc0-f3ca-44ed-80bc-c680e6693617,e9eb532b-94c4-4dc4-9da9-02c46bdb5835,28.0,units,0.0,False
6a9a18b7-1663-4b89-9005-0cc063c3d74b,2026-03-31,de2aa412-e109-4bcf-b6e9-9d9ad0b05e22,7bd8bcc0-f3ca-44ed-80bc-c680e6693617,e9eb532b-94c4-4dc4-9da9-02c46bdb5835,37.0,units,0.0,False
46d40c55-6605-4ead-ad6a-009ddd37a1be,2026-04-01,de2aa412-e109-4bcf-b6e9-9d9ad0b05e22,7bd8bcc0-f3ca-44ed-80bc-c680e6693617,e9eb532b-94c4-4dc4-9da9-02c46bdb5835,44.0,units,0.0,True
8ae99525-ddf0-44f2-92c2-e894b8359cde,2026-04-02,de2aa412-e109-4bcf-b6e9-9d9ad0b05e22,7bd8bcc0-f3ca-44ed-80bc-c680e6693617,e9eb532b-94c4-4dc4-9da9-02c46bdb5835,29.0,units,0.0,False
1e0f7516-f5d8-4197-ab65-1bae2a6a0e23,2026-04-03,de2aa412-e109-4bcf-b6e9-9d9ad0b05e22,7bd8bcc0-f3ca-44ed-80bc-c680e6693617,e9eb532b-94c4-4dc4-9da9-02c46bdb5835,38.0,units,0.0,False
a0138e76-c42d-4811-85f1-1882ca5df2ac,2026-04-04,de2aa412-e109-4bcf-b6e9-9d9ad0b05e22,7bd8bcc0-f3ca-44ed-80bc-c680e6693617,e9eb532b-94c4-4dc4-9da9-02c46bdb5835,38.0,units,0.0,False
2db1c1c4-17b5-4852-a231-acfd53b2755b,2026-04-05,de2aa412-e109-4bcf-b6e9-9d9ad0b05e22,7bd8bcc0-f3ca-44ed-80bc-c680e6693617,e9eb532b-94c4-4dc4-9da9-02c46bdb5835,52.0,units,0.0,True
c58e37ea-f0cc-4cdb-8c2a-bf059c0740a5,2026-04-06,de2aa412-e109-4bcf-b6e9-9d9ad0b05e22,7bd8bcc0-f3ca-44ed-80bc-c680e6693617,e9eb532b-94c4-4dc4-9da9-02c46bdb5835,38.0,units,0.0,False
09a229bd-e78d-4a56-9b2e-40629145c874,2026-04-07,de2aa412-e109-4bcf-b6e9-9d9ad0b05e22,7bd8bcc0-f3ca-44ed-80bc-c680e6693617,e9eb532b-94c4-4dc4-9da9-02c46bdb5835,33.0,units,0.0,False
7fbee27c-eee8-4903-95ab-d1693b4b93b0,2026-04-08,de2aa412-e109-4bcf-b6e9-9d9ad0b05e22,7bd8bcc0-f3ca-44ed-80bc-c680e6693617,e9eb532b-94c4-4dc4-9da9-02c46bdb5835,36.0,units,0.0,False
c5f4331e-bf9d-4df1-940b-a015c3704c1f,2026-04-09,de2aa412-e109-4bcf-b6e9-9d9ad0b05e22,7bd8bcc0-f3ca-44ed-80bc-c680e6693617,e9eb532b-94c4-4dc4-9da9-02c46bdb5835,31.0,units,0.0,False
6a22e16b-fc4d-4140-b6c0-18c82b3ea2f8,2026-04-10,de2aa412-e109-4bcf-b6e9-9d9ad0b05e22,7bd8bcc0-f3ca-44ed-80bc-c680e6693617,e9eb532b-94c4-4dc4-9da9-02c46bdb5835,33.0,units,0.0,False
ed9b8553-cffd-4710-9f20-113b272a525f,2026-04-11,de2aa412-e109-4bcf-b6e9-9d9ad0b05e22,7bd8bcc0-f3ca-44ed-80bc-c680e6693617,e9eb532b-94c4-4dc4-9da9-02c46bdb5835,41.0,units,0.0,False
901f1a31-c162-40c1-bbef-2968ac419492,2026-04-12,de2aa412-e109-4bcf-b6e9-9d9ad0b05e22,7bd8bcc0-f3ca-44ed-80bc-c680e6693617,e9eb532b-94c4-4dc4-9da9-02c46bdb5835,37.0,units,0.0,False
5dd67a69-e53e-4e92-b09b-5f88d8a935af,2026-04-13,de2aa412-e109-4bcf-b6e9-9d9ad0b05e22,7bd8bcc0-f3ca-44ed-80bc-c680e6693617,e9eb532b-94c4-4dc4-9da9-02c46bdb5835,33.0,units,0.0,False
07fbf962-5f94-434c-9a73-35e7c51db69c,2026-04-14,de2aa412-e109-4bcf-b6e9-9d9ad0b05e22,7bd8bcc0-f3ca-44ed-80bc-c680e6693617,e9eb532b-94c4-4dc4-9da9-02c46bdb5835,25.0,units,0.0,False
2787226a-f0eb-4595-9bac-3f5d5feaa511,2026-04-15,de2aa412-e109-4bcf-b6e9-9d9ad0b05e22,7bd8bcc0-f3ca-44ed-80bc-c680e6693617,e9eb532b-94c4-4dc4-9da9-02c46bdb5835,31.0,units,0.0,False
b099a1fa-4bff-4769-97bd-9f0b275069a5,2026-04-16,de2aa412-e109-4bcf-b6e9-9d9ad0b05e22,7bd8bcc0-f3ca-44ed-80bc-c680e6693617,e9eb532b-94c4-4dc4-9da9-02c46bdb5835,32.0,units,0.0,False
27a476e4-7abd-4072-a0b9-1de9dffff668,2026-04-17,de2aa412-e109-4bcf-b6e9-9d9ad0b05e22,7bd8bcc0-f3ca-44ed-80bc-c680e6693617,e9eb532b-94c4-4dc4-9da9-02c46bdb5835,32.0,units,0.0,False
1e6a8ec6-1fec-4a77-8b6d-04f8bc14c6b8,2026-04-18,de2aa412-e109-4bcf-b6e9-9d9ad0b05e22,7bd8bcc0-f3ca-44ed-80bc-c680e6693617,e9eb532b-94c4-4dc4-9da9-02c46bdb5835,40.0,units,0.0,False
99fde199-90be-4b5e-8ee8-806d2cf0900f,2026-04-19,de2aa412-e109-4bcf-b6e9-9d9ad0b05e22,7bd8bcc0-f3ca-44ed-80bc-c680e6693617,e9eb532b-94c4-4dc4-9da9-02c46bdb5835,41.0,units,0.0,False
29f4e042-997f-4d61-a269-b236abf0d222,2026-04-20,de2aa412-e109-4bcf-b6e9-9d9ad0b05e22,7bd8bcc0-f3ca-44ed-80bc-c680e6693617,e9eb532b-94c4-4dc4-9da9-02c46bdb5835,36.0,units,0.0,False
9ece233a-5d85-4ccb-9de7-292b4792d9b7,2026-04-21,de2aa412-e109-4bcf-b6e9-9d9ad0b05e22,7bd8bcc0-f3ca-44ed-80bc-c680e6693617,e9eb532b-94c4-4dc4-9da9-02c46bdb5835,38.0,units,0.0,False
3ceb40ff-c718-4582-abf5-71e3e20afdba,2026-04-22,de2aa412-e109-4bcf-b6e9-9d9ad0b05e22,7bd8bcc0-f3ca-44ed-80bc-c680e6693617,e9eb532b-94c4-4dc4-9da9-02c46bdb5835,30.0,units,0.0,False
f4b7c860-2eff-410e-93bb-d3df7a490366,2026-04-23,de2aa412-e109-4bcf-b6e9-9d9ad0b05e22,7bd8bcc0-f3ca-44ed-80bc-c680e6693617,e9eb532b-94c4-4dc4-9da9-02c46bdb5835,27.0,units,0.0,False
571c0fdf-aebc-4e37-bfaf-df877efc2a54,2026-04-24,de2aa412-e109-4bcf-b6e9-9d9ad0b05e22,7bd8bcc0-f3ca-44ed-80bc-c680e6693617,e9eb532b-94c4-4dc4-9da9-02c46bdb5835,28.0,units,0.0,False
f68ed51e-2812-4f1b-b244-314d23d230e0,2026-04-25,de2aa412-e109-4bcf-b6e9-9d9ad0b05e22,7bd8bcc0-f3ca-44ed-80bc-c680e6693617,e9eb532b-94c4-4dc4-9da9-02c46bdb5835,46.0,units,0.0,True
3c988d51-528c-4fa3-8e97-bfc87b777e34,2026-04-26,de2aa412-e109-4bcf-b6e9-9d9ad0b05e22,7bd8bcc0-f3ca-44ed-80bc-c680e6693617,e9eb532b-94c4-4dc4-9da9-02c46bdb5835,39.0,units,0.0,False
9b80f82d-ebcd-4288-84a4-9210b7231364,2026-04-27,de2aa412-e109-4bcf-b6e9-9d9ad0b05e22,7bd8bcc0-f3ca-44ed-80bc-c680e6693617,e9eb532b-94c4-4dc4-9da9-02c46bdb5835,29.0,units,0.0,False
8ce2d12e-c587-41b7-b58e-4c6c4439121a,2026-04-28,de2aa412-e109-4bcf-b6e9-9d9ad0b05e22,7bd8bcc0-f3ca-44ed-80bc-c680e6693617,e9eb532b-94c4-4dc4-9da9-02c46bdb5835,26.0,units,0.0,False
5c361626-7531-4f4f-857d-2fdea037e387,2026-04-29,de2aa412-e109-4bcf-b6e9-9d9ad0b05e22,7bd8bcc0-f3ca-44ed-80bc-c680e6693617,e9eb532b-94c4-4dc4-9da9-02c46bdb5835,31.0,units,0.0,False
0db14ac7-02c7-470f-a954-0e6b0573788b,2026-04-30,de2aa412-e109-4bcf-b6e9-9d9ad0b05e22,7bd8bcc0-f3ca-44ed-80bc-c680e6693617,e9eb532b-94c4-4dc4-9da9-02c46bdb5835,34.0,units,0.0,False
dc8f7789-fb59-489d-9726-4ea52ffa3831,2026-05-01,de2aa412-e109-4bcf-b6e9-9d9ad0b05e22,7bd8bcc0-f3ca-44ed-80bc-c680e6693617,e9eb532b-94c4-4dc4-9da9-02c46bdb5835,36.0,units,0.0,False
b60bf423-bddf-46af-a7dc-a51d1e966bd7,2026-05-02,de2aa412-e109-4bcf-b6e9-9d9ad0b05e22,7bd8bcc0-f3ca-44ed-80bc-c680e6693617,e9eb532b-94c4-4dc4-9da9-02c46bdb5835,38.0,units,0.0,False
83e2ea26-4bfb-49b6-93e2-9c69a7b481c4,2026-05-03,de2aa412-e109-4bcf-b6e9-9d9ad0b05e22,7bd8bcc0-f3ca-44ed-80bc-c680e6693617,e9eb532b-94c4-4dc4-9da9-02c46bdb5835,39.0,units,0.0,False
c7b8fd78-7273-44ff-8c6d-a7053102f92d,2026-05-04,de2aa412-e109-4bcf-b6e9-9d9ad0b05e22,7bd8bcc0-f3ca-44ed-80bc-c680e6693617,e9eb532b-94c4-4dc4-9da9-02c46bdb5835,28.0,units,0.0,False
988d3754-f8f1-4908-aee5-0d1b8cff924c,2026-05-05,de2aa412-e109-4bcf-b6e9-9d9ad0b05e22,7bd8bcc0-f3ca-44ed-80bc-c680e6693617,e9eb532b-94c4-4dc4-9da9-02c46bdb5835,33.0,units,0.0,False
577c1f9d-a632-4732-b913-ce2c89f73439,2026-05-06,de2aa412-e109-4bcf-b6e9-9d9ad0b05e22,7bd8bcc0-f3ca-44ed-80bc-c680e6693617,e9eb532b-94c4-4dc4-9da9-02c46bdb5835,28.0,units,0.0,False
0f45f8ad-b625-40f3-a4f1-b87557fbe441,2026-05-07,de2aa412-e109-4bcf-b6e9-9d9ad0b05e22,7bd8bcc0-f3ca-44ed-80bc-c680e6693617,e9eb532b-94c4-4dc4-9da9-02c46bdb5835,36.0,units,0.0,False
4f591462-6198-4812-a4e9-d94d6c3ea0c3,2026-05-08,de2aa412-e109-4bcf-b6e9-9d9ad0b05e22,7bd8bcc0-f3ca-44ed-80bc-c680e6693617,e9eb532b-94c4-4dc4-9da9-02c46bdb5835,24.0,units,0.0,False
b7aa0b2f-b419-44a2-87f7-673e230a1d60,2026-05-09,de2aa412-e109-4bcf-b6e9-9d9ad0b05e22,7bd8bcc0-f3ca-44ed-80bc-c680e6693617,e9eb532b-94c4-4dc4-9da9-02c46bdb5835,39.0,units,0.0,False
1a6d81ee-1209-460c-92bd-8eee38c58431,2026-05-10,de2aa412-e109-4bcf-b6e9-9d9ad0b05e22,7bd8bcc0-f3ca-44ed-80bc-c680e6693617,e9eb532b-94c4-4dc4-9da9-02c46bdb5835,43.0,units,0.0,False
c9cc1204-02f9-42ca-9a9b-7664fb2ac0b3,2026-05-11,de2aa412-e109-4bcf-b6e9-9d9ad0b05e22,7bd8bcc0-f3ca-44ed-80bc-c680e6693617,e9eb532b-94c4-4dc4-9da9-02c46bdb5835,34.0,units,0.0,False
9eb46188-6e03-4ff1-b2bd-8a61390f0640,2026-05-12,de2aa412-e109-4bcf-b6e9-9d9ad0b05e22,7bd8bcc0-f3ca-44ed-80bc-c680e6693617,e9eb532b-94c4-4dc4-9da9-02c46bdb5835,47.0,units,0.0,False
d523638b-cf20-45a3-9818-e50c751affd3,2026-05-13,de2aa412-e109-4bcf-b6e9-9d9ad0b05e22,7bd8bcc0-f3ca-44ed-80bc-c680e6693617,e9eb532b-94c4-4dc4-9da9-02c46bdb5835,35.0,units,0.0,False
d63f6a29-8aa0-46f3-8cc4-2c3cdb36d6db,2026-05-14,de2aa412-e109-4bcf-b6e9-9d9ad0b05e22,7bd8bcc0-f3ca-44ed-80bc-c680e6693617,e9eb532b-94c4-4dc4-9da9-02c46bdb5835,27.0,units,0.0,False
5a7842bf-4041-4352-9d33-f03b8ce4f58b,2026-05-15,de2aa412-e109-4bcf-b6e9-9d9ad0b05e22,7bd8bcc0-f3ca-44ed-80bc-c680e6693617,e9eb532b-94c4-4dc4-9da9-02c46bdb5835,32.0,units,0.0,False
a7bf9504-ae22-4312-a024-01d2604d86b0,2026-05-16,de2aa412-e109-4bcf-b6e9-9d9ad0b05e22,7bd8bcc0-f3ca-44ed-80bc-c680e6693617,e9eb532b-94c4-4dc4-9da9-02c46bdb5835,29.0,units,0.0,False
582cc23f-164c-42a9-8a1a-d1ee4be66129,2026-05-17,de2aa412-e109-4bcf-b6e9-9d9ad0b05e22,7bd8bcc0-f3ca-44ed-80bc-c680e6693617,e9eb532b-94c4-4dc4-9da9-02c46bdb5835,40.0,units,0.0,False
5195eac8-1962-49e1-9b13-75d2cf2968ea,2026-05-18,de2aa412-e109-4bcf-b6e9-9d9ad0b05e22,7bd8bcc0-f3ca-44ed-80bc-c680e6693617,e9eb532b-94c4-4dc4-9da9-02c46bdb5835,28.0,units,0.0,False
a07e23cf-c9f4-4ade-9a16-d00e30e13f46,2026-05-19,de2aa412-e109-4bcf-b6e9-9d9ad0b05e22,7bd8bcc0-f3ca-44ed-80bc-c680e6693617,e9eb532b-94c4-4dc4-9da9-02c46bdb5835,37.0,units,0.0,False
99b9c21d-fbcb-4295-97ca-e3e709188c1f,2026-05-20,de2aa412-e109-4bcf-b6e9-9d9ad0b05e22,7bd8bcc0-f3ca-44ed-80bc-c680e6693617,e9eb532b-94c4-4dc4-9da9-02c46bdb5835,30.0,units,0.0,False
46780023-f222-4e7a-b919-02ac4800bc32,2026-05-21,de2aa412-e109-4bcf-b6e9-9d9ad0b05e22,7bd8bcc0-f3ca-44ed-80bc-c680e6693617,e9eb532b-94c4-4dc4-9da9-02c46bdb5835,38.0,units,0.0,True
375c4f96-7121-475a-b78d-8558b53d7496,2026-05-22,de2aa412-e109-4bcf-b6e9-9d9ad0b05e22,7bd8bcc0-f3ca-44ed-80bc-c680e6693617,e9eb532b-94c4-4dc4-9da9-02c46bdb5835,29.0,units,0.0,False
c8dc002b-826f-4717-8da0-7c636a84f85a,2026-05-23,de2aa412-e109-4bcf-b6e9-9d9ad0b05e22,7bd8bcc0-f3ca-44ed-80bc-c680e6693617,e9eb532b-94c4-4dc4-9da9-02c46bdb5835,52.0,units,0.0,False
d68d5896-0836-4e3b-b0d5-450d52ce5210,2026-05-24,de2aa412-e109-4bcf-b6e9-9d9ad0b05e22,7bd8bcc0-f3ca-44ed-80bc-c680e6693617,e9eb532b-94c4-4dc4-9da9-02c46bdb5835,38.0,units,0.0,False
899c7417-89d9-4139-9cf5-1bf76d0e79bc,2026-05-25,de2aa412-e109-4bcf-b6e9-9d9ad0b05e22,7bd8bcc0-f3ca-44ed-80bc-c680e6693617,e9eb532b-94c4-4dc4-9da9-02c46bdb5835,42.0,units,0.0,False
10efa7f6-5ca1-40c5-a89f-b9cedb37dcd4,2026-05-26,de2aa412-e109-4bcf-b6e9-9d9ad0b05e22,7bd8bcc0-f3ca-44ed-80bc-c680e6693617,e9eb532b-94c4-4dc4-9da9-02c46bdb5835,36.0,units,0.0,False
5da304cc-225f-44c3-a467-53fb5675cd06,2026-05-27,de2aa412-e109-4bcf-b6e9-9d9ad0b05e22,7bd8bcc0-f3ca-44ed-80bc-c680e6693617,e9eb532b-94c4-4dc4-9da9-02c46bdb5835,35.0,units,0.0,False
ba900e10-e653-4ab4-8247-44092a10715b,2026-05-28,de2aa412-e109-4bcf-b6e9-9d9ad0b05e22,7bd8bcc0-f3ca-44ed-80bc-c680e6693617,e9eb532b-94c4-4dc4-9da9-02c46bdb5835,41.0,units,0.0,True
46a763d9-9a4e-4dac-81b7-01b545eee103,2026-05-29,de2aa412-e109-4bcf-b6e9-9d9ad0b05e22,7bd8bcc0-f3ca-44ed-80bc-c680e6693617,e9eb532b-94c4-4dc4-9da9-02c46bdb5835,34.0,units,0.0,False
7f7059b5-b31c-443f-a6d7-530b1923f1a8,2026-05-30,de2aa412-e109-4bcf-b6e9-9d9ad0b05e22,7bd8bcc0-f3ca-44ed-80bc-c680e6693617,e9eb532b-94c4-4dc4-9da9-02c46bdb5835,28.0,units,0.0,False
84cdc8c1-78a2-4011-9fa3-dbe7c3344925,2026-05-31,de2aa412-e109-4bcf-b6e9-9d9ad0b05e22,7bd8bcc0-f3ca-44ed-80bc-c680e6693617,e9eb532b-94c4-4dc4-9da9-02c46bdb5835,38.0,units,0.0,False
22febcd1-f163-4314-969a-e755c2fb827b,2026-06-01,de2aa412-e109-4bcf-b6e9-9d9ad0b05e22,7bd8bcc0-f3ca-44ed-80bc-c680e6693617,e9eb532b-94c4-4dc4-9da9-02c46bdb5835,36.0,units,0.0,False
24f59318-5df0-441b-99a8-6c1b3516fc59,2026-06-02,de2aa412-e109-4bcf-b6e9-9d9ad0b05e22,7bd8bcc0-f3ca-44ed-80bc-c680e6693617,e9eb532b-94c4-4dc4-9da9-02c46bdb5835,32.0,units,0.0,False
7c367978-dab4-4424-9d2f-e37466d7ab8e,2026-06-03,de2aa412-e109-4bcf-b6e9-9d9ad0b05e22,7bd8bcc0-f3ca-44ed-80bc-c680e6693617,e9eb532b-94c4-4dc4-9da9-02c46bdb5835,25.0,units,0.0,False
3992a1dc-08ea-4db7-9754-7e8f95f82045,2026-06-04,de2aa412-e109-4bcf-b6e9-9d9ad0b05e22,7bd8bcc0-f3ca-44ed-80bc-c680e6693617,e9eb532b-94c4-4dc4-9da9-02c46bdb5835,31.0,units,0.0,False
f04dec6b-8e5a-4edd-bc5d-1adf89ac571d,2026-06-05,de2aa412-e109-4bcf-b6e9-9d9ad0b05e22,7bd8bcc0-f3ca-44ed-80bc-c680e6693617,e9eb532b-94c4-4dc4-9da9-02c46bdb5835,40.0,units,0.0,False
856f1b36-d06f-4908-af5b-ab23554fa73e,2026-06-06,de2aa412-e109-4bcf-b6e9-9d9ad0b05e22,7bd8bcc0-f3ca-44ed-80bc-c680e6693617,e9eb532b-94c4-4dc4-9da9-02c46bdb5835,47.0,units,0.0,False
5cfe994f-9f3a-4ca0-a1fc-8d8e8829cc36,2026-06-07,de2aa412-e109-4bcf-b6e9-9d9ad0b05e22,7bd8bcc0-f3ca-44ed-80bc-c680e6693617,e9eb532b-94c4-4dc4-9da9-02c46bdb5835,39.0,units,0.0,False
6ff78d93-970d-4590-8a94-d07cfcee0c55,2026-06-08,de2aa412-e109-4bcf-b6e9-9d9ad0b05e22,7bd8bcc0-f3ca-44ed-80bc-c680e6693617,e9eb532b-94c4-4dc4-9da9-02c46bdb5835,43.0,units,0.0,True
7686f053-54b0-46d3-9b17-7dbecc8b1f50,2026-06-09,de2aa412-e109-4bcf-b6e9-9d9ad0b05e22,7bd8bcc0-f3ca-44ed-80bc-c680e6693617,e9eb532b-94c4-4dc4-9da9-02c46bdb5835,30.0,units,0.0,False
d671c4fd-44a0-4272-a6f4-828705178825,2026-06-10,de2aa412-e109-4bcf-b6e9-9d9ad0b05e22,7bd8bcc0-f3ca-44ed-80bc-c680e6693617,e9eb532b-94c4-4dc4-9da9-02c46bdb5835,23.0,units,0.0,False
9d191553-3cec-4fe0-b364-d8dd23e79cbc,2026-06-11,de2aa412-e109-4bcf-b6e9-9d9ad0b05e22,7bd8bcc0-f3ca-44ed-80bc-c680e6693617,e9eb532b-94c4-4dc4-9da9-02c46bdb5835,27.0,units,0.0,False
ea17323c-076a-4c2d-aedd-516cf226f802,2026-06-12,de2aa412-e109-4bcf-b6e9-9d9ad0b05e22,7bd8bcc0-f3ca-44ed-80bc-c680e6693617,e9eb532b-94c4-4dc4-9da9-02c46bdb5835,39.0,units,0.0,False
cefe214e-0aa7-4fb6-934e-24cdea995551,2026-06-13,de2aa412-e109-4bcf-b6e9-9d9ad0b05e22,7bd8bcc0-f3ca-44ed-80bc-c680e6693617,e9eb532b-94c4-4dc4-9da9-02c46bdb5835,37.0,units,0.0,False
09512ccf-c1ed-4f53-be14-bfb7dd4f49c2,2026-06-14,de2aa412-e109-4bcf-b6e9-9d9ad0b05e22,7bd8bcc0-f3ca-44ed-80bc-c680e6693617,e9eb532b-94c4-4dc4-9da9-02c46bdb5835,37.0,units,0.0,False
e9d8d74c-1ac3-4c8b-b58e-f025b0c55d86,2026-06-15,de2aa412-e109-4bcf-b6e9-9d9ad0b05e22,7bd8bcc0-f3ca-44ed-80bc-c680e6693617,e9eb532b-94c4-4dc4-9da9-02c46bdb5835,35.0,units,0.0,True
94b59d3a-ca47-4394-bd9d-625aa2e699ed,2026-06-16,de2aa412-e109-4bcf-b6e9-9d9ad0b05e22,7bd8bcc0-f3ca-44ed-80bc-c680e6693617,e9eb532b-94c4-4dc4-9da9-02c46bdb5835,40.0,units,0.0,False
b55a2661-ef6a-4a68-8c63-7e003e665bf0,2026-06-17,de2aa412-e109-4bcf-b6e9-9d9ad0b05e22,7bd8bcc0-f3ca-44ed-80bc-c680e6693617,e9eb532b-94c4-4dc4-9da9-02c46bdb5835,39.0,units,0.0,False
a1e9f5d7-8bc1-4bfb-9b22-c2a910755b22,2026-06-18,de2aa412-e109-4bcf-b6e9-9d9ad0b05e22,7bd8bcc0-f3ca-44ed-80bc-c680e6693617,e9eb532b-94c4-4dc4-9da9-02c46bdb5835,42.0,units,0.0,False
f9f98207-d154-4aec-a5d9-dfa15f2d30a2,2026-06-19,de2aa412-e109-4bcf-b6e9-9d9ad0b05e22,7bd8bcc0-f3ca-44ed-80bc-c680e6693617,e9eb532b-94c4-4dc4-9da9-02c46bdb5835,30.0,units,0.0,False
a1af9945-b00a-4a2a-80f9-b0ac796a2bce,2026-06-20,de2aa412-e109-4bcf-b6e9-9d9ad0b05e22,7bd8bcc0-f3ca-44ed-80bc-c680e6693617,e9eb532b-94c4-4dc4-9da9-02c46bdb5835,40.0,units,0.0,False
c54839af-ee12-434a-8e92-76f6c21ab44b,2026-06-21,de2aa412-e109-4bcf-b6e9-9d9ad0b05e22,7bd8bcc0-f3ca-44ed-80bc-c680e6693617,e9eb532b-94c4-4dc4-9da9-02c46bdb5835,29.0,units,0.0,False
3c447a6b-d069-4619-aa97-57c603eb9dc8,2026-06-22,de2aa412-e109-4bcf-b6e9-9d9ad0b05e22,7bd8bcc0-f3ca-44ed-80bc-c680e6693617,e9eb532b-94c4-4dc4-9da9-02c46bdb5835,38.0,units,0.0,False
ae1f7fb7-5c17-4aa2-be32-6c3093faebe2,2026-06-23,de2aa412-e109-4bcf-b6e9-9d9ad0b05e22,7bd8bcc0-f3ca-44ed-80bc-c680e6693617,e9eb532b-94c4-4dc4-9da9-02c46bdb5835,25.0,units,0.0,False
bcad9b5c-48fe-4069-82a0-6be41adefac6,2026-06-24,de2aa412-e109-4bcf-b6e9-9d9ad0b05e22,7bd8bcc0-f3ca-44ed-80bc-c680e6693617,e9eb532b-94c4-4dc4-9da9-02c46bdb5835,32.0,units,0.0,False
5471c114-b803-43f4-859e-35f63ded4305,2026-06-25,de2aa412-e109-4bcf-b6e9-9d9ad0b05e22,7bd8bcc0-f3ca-44ed-80bc-c680e6693617,e9eb532b-94c4-4dc4-9da9-02c46bdb5835,25.0,units,0.0,False
a7292489-3fd8-41e8-806c-407d8c112c8c,2026-06-26,de2aa412-e109-4bcf-b6e9-9d9ad0b05e22,7bd8bcc0-f3ca-44ed-80bc-c680e6693617,e9eb532b-94c4-4dc4-9da9-02c46bdb5835,27.0,units,0.0,False
14ade70f-7470-4ff6-9586-e24452df5152,2026-06-27,de2aa412-e109-4bcf-b6e9-9d9ad0b05e22,7bd8bcc0-f3ca-44ed-80bc-c680e6693617,e9eb532b-94c4-4dc4-9da9-02c46bdb5835,33.0,units,0.0,False
16678bd6-71ae-40bd-bfb7-86800491e6ed,2026-06-28,de2aa412-e109-4bcf-b6e9-9d9ad0b05e22,7bd8bcc0-f3ca-44ed-80bc-c680e6693617,e9eb532b-94c4-4dc4-9da9-02c46bdb5835,34.0,units,0.0,False
69262abd-8303-40c4-b29f-158561c53105,2026-06-29,de2aa412-e109-4bcf-b6e9-9d9ad0b05e22,7bd8bcc0-f3ca-44ed-80bc-c680e6693617,e9eb532b-94c4-4dc4-9da9-02c46bdb5835,28.0,units,0.0,False
32e13849-81f6-4e59-ae7f-b7a86cdf10dc,2026-06-30,de2aa412-e109-4bcf-b6e9-9d9ad0b05e22,7bd8bcc0-f3ca-44ed-80bc-c680e6693617,e9eb532b-94c4-4dc4-9da9-02c46bdb5835,27.0,units,0.0,False
6bc12d7d-d325-49c2-a330-cece6b1b0253,2026-07-01,de2aa412-e109-4bcf-b6e9-9d9ad0b05e22,7bd8bcc0-f3ca-44ed-80bc-c680e6693617,e9eb532b-94c4-4dc4-9da9-02c46bdb5835,34.0,units,0.0,False
2549510a-7cf3-491f-87eb-813599796901,2026-07-02,de2aa412-e109-4bcf-b6e9-9d9ad0b05e22,7bd8bcc0-f3ca-44ed-80bc-c680e6693617,e9eb532b-94c4-4dc4-9da9-02c46bdb5835,25.0,units,0.0,False
6ce0ddc7-38c2-46cd-bc2d-d8a8da9b2cc2,2026-07-03,de2aa412-e109-4bcf-b6e9-9d9ad0b05e22,7bd8bcc0-f3ca-44ed-80bc-c680e6693617,e9eb532b-94c4-4dc4-9da9-02c46bdb5835,31.0,units,0.0,False
a1bd17ee-461e-49c6-98f2-82c4fc7c5a2f,2026-07-04,de2aa412-e109-4bcf-b6e9-9d9ad0b05e22,7bd8bcc0-f3ca-44ed-80bc-c680e6693617,e9eb532b-94c4-4dc4-9da9-02c46bdb5835,45.0,units,0.0,False
fd63174d-82f8-4781-b872-edf4401318db,2026-07-05,de2aa412-e109-4bcf-b6e9-9d9ad0b05e22,7bd8bcc0-f3ca-44ed-80bc-c680e6693617,e9eb532b-94c4-4dc4-9da9-02c46bdb5835,34.0,units,0.0,False
fa834cc5-c2ac-4904-b56a-6f2902beebd0,2026-07-06,de2aa412-e109-4bcf-b6e9-9d9ad0b05e22,7bd8bcc0-f3ca-44ed-80bc-c680e6693617,e9eb532b-94c4-4dc4-9da9-02c46bdb5835,26.0,units,0.0,False
4a0145ca-864e-4fef-aeba-6d568387a909,2026-07-07,de2aa412-e109-4bcf-b6e9-9d9ad0b05e22,7bd8bcc0-f3ca-44ed-80bc-c680e6693617,e9eb532b-94c4-4dc4-9da9-02c46bdb5835,29.0,units,0.0,False
84f031f6-575e-4c6a-8610-fd23cea97756,2026-07-08,de2aa412-e109-4bcf-b6e9-9d9ad0b05e22,7bd8bcc0-f3ca-44ed-80bc-c680e6693617,e9eb532b-94c4-4dc4-9da9-02c46bdb5835,35.0,units,0.0,False
3f84089b-4665-409a-b682-56217ca64e10,2026-07-09,de2aa412-e109-4bcf-b6e9-9d9ad0b05e22,7bd8bcc0-f3ca-44ed-80bc-c680e6693617,e9eb532b-94c4-4dc4-9da9-02c46bdb5835,30.0,units,0.0,False
c0850634-2333-4827-824a-a3e929dd64c7,2026-07-10,de2aa412-e109-4bcf-b6e9-9d9ad0b05e22,7bd8bcc0-f3ca-44ed-80bc-c680e6693617,e9eb532b-94c4-4dc4-9da9-02c46bdb5835,27.0,units,0.0,False
6b37a2e2-e69b-4cce-9d78-6d339ed625b9,2026-07-11,de2aa412-e109-4bcf-b6e9-9d9ad0b05e22,7bd8bcc0-f3ca-44ed-80bc-c680e6693617,e9eb532b-94c4-4dc4-9da9-02c46bdb5835,40.0,units,0.0,False
c40f5977-91a2-42de-93ac-96c2b357f8d0,2026-07-12,de2aa412-e109-4bcf-b6e9-9d9ad0b05e22,7bd8bcc0-f3ca-44ed-80bc-c680e6693617,e9eb532b-94c4-4dc4-9da9-02c46bdb5835,36.0,units,0.0,True
80c9e9fc-a026-4e1c-8798-bef82ee1fdd1,2026-07-13,de2aa412-e109-4bcf-b6e9-9d9ad0b05e22,7bd8bcc0-f3ca-44ed-80bc-c680e6693617,e9eb532b-94c4-4dc4-9da9-02c46bdb5835,32.0,units,0.0,False
7276ff02-5868-4e8b-9f8f-66faaf2c888e,2026-07-14,de2aa412-e109-4bcf-b6e9-9d9ad0b05e22,7bd8bcc0-f3ca-44ed-80bc-c680e6693617,e9eb532b-94c4-4dc4-9da9-02c46bdb5835,31.0,units,0.0,False
f95d9442-9b35-4d1c-8b68-c1df47b2eff7,2026-07-15,de2aa412-e109-4bcf-b6e9-9d9ad0b05e22,7bd8bcc0-f3ca-44ed-80bc-c680e6693617,e9eb532b-94c4-4dc4-9da9-02c46bdb5835,28.0,units,0.0,False
db847474-bd8a-4e75-8f85-a9f80b1e699a,2026-07-16,de2aa412-e109-4bcf-b6e9-9d9ad0b05e22,7bd8bcc0-f3ca-44ed-80bc-c680e6693617,e9eb532b-94c4-4dc4-9da9-02c46bdb5835,25.0,units,0.0,False
9da3ae16-d4b7-451c-a69e-2128af3eb8c4,2026-07-17,de2aa412-e109-4bcf-b6e9-9d9ad0b05e22,7bd8bcc0-f3ca-44ed-80bc-c680e6693617,e9eb532b-94c4-4dc4-9da9-02c46bdb5835,25.0,units,0.0,False
6183b706-3e08-4fdb-9789-586bab9b8cfc,2026-07-18,de2aa412-e109-4bcf-b6e9-9d9ad0b05e22,7bd8bcc0-f3ca-44ed-80bc-c680e6693617,e9eb532b-94c4-4dc4-9da9-02c46bdb5835,39.0,units,0.0,False
e64362be-173f-47d5-b993-5f1cb0dafcb8,2026-07-19,de2aa412-e109-4bcf-b6e9-9d9ad0b05e22,7bd8bcc0-f3ca-44ed-80bc-c680e6693617,e9eb532b-94c4-4dc4-9da9-02c46bdb5835,43.0,units,0.0,False
1f31c2f5-4991-4e8d-8432-44674dc3e3ac,2026-07-20,de2aa412-e109-4bcf-b6e9-9d9ad0b05e22,7bd8bcc0-f3ca-44ed-80bc-c680e6693617,e9eb532b-94c4-4dc4-9da9-02c46bdb5835,26.0,units,0.0,False
589b8822-d866-4dfb-8246-5a7c361019c4,2026-07-21,de2aa412-e109-4bcf-b6e9-9d9ad0b05e22,7bd8bcc0-f3ca-44ed-80bc-c680e6693617,e9eb532b-94c4-4dc4-9da9-02c46bdb5835,31.0,units,0.0,False
069b66d9-83de-4c1f-bb66-5bbf85c488ab,2026-07-22,de2aa412-e109-4bcf-b6e9-9d9ad0b05e22,7bd8bcc0-f3ca-44ed-80bc-c680e6693617,e9eb532b-94c4-4dc4-9da9-02c46bdb5835,19.0,units,0.0,False
3757e427-8003-4db0-9f64-0b0aa411b890,2026-07-23,de2aa412-e109-4bcf-b6e9-9d9ad0b05e22,7bd8bcc0-f3ca-44ed-80bc-c680e6693617,e9eb532b-94c4-4dc4-9da9-02c46bdb5835,26.0,units,0.0,False
d1ad3194-9fdb-45e7-a451-4b1589496817,2026-07-24,de2aa412-e109-4bcf-b6e9-9d9ad0b05e22,7bd8bcc0-f3ca-44ed-80bc-c680e6693617,e9eb532b-94c4-4dc4-9da9-02c46bdb5835,28.0,units,0.0,False
cc4a047e-4965-4ab5-bd67-6f4c5bde39af,2026-07-25,de2aa412-e109-4bcf-b6e9-9d9ad0b05e22,7bd8bcc0-f3ca-44ed-80bc-c680e6693617,e9eb532b-94c4-4dc4-9da9-02c46bdb5835,31.0,units,0.0,False
5b4ed44c-97bf-4ec0-85be-4f90f8e0dd69,2026-07-26,de2aa412-e109-4bcf-b6e9-9d9ad0b05e22,7bd8bcc0-f3ca-44ed-80bc-c680e6693617,e9eb532b-94c4-4dc4-9da9-02c46bdb5835,30.0,units,0.0,False
913a627f-8cbf-4d6f-943c-243e108333f7,2026-07-27,de2aa412-e109-4bcf-b6e9-9d9ad0b05e22,7bd8bcc0-f3ca-44ed-80bc-c680e6693617,e9eb532b-94c4-4dc4-9da9-02c46bdb5835,31.0,units,0.0,True
6088d25f-9972-4b95-adf2-d32fcd42dfc5,2026-07-28,de2aa412-e109-4bcf-b6e9-9d9ad0b05e22,7bd8bcc0-f3ca-44ed-80bc-c680e6693617,e9eb532b-94c4-4dc4-9da9-02c46bdb5835,30.0,units,0.0,False
4ba82193-33d1-4cad-87a3-75a237bce198,2026-07-29,de2aa412-e109-4bcf-b6e9-9d9ad0b05e22,7bd8bcc0-f3ca-44ed-80bc-c680e6693617,e9eb532b-94c4-4dc4-9da9-02c46bdb5835,28.0,units,0.0,False
44f1f461-8e1c-4cfb-a19c-a43857f31f51,2026-07-30,de2aa412-e109-4bcf-b6e9-9d9ad0b05e22,7bd8bcc0-f3ca-44ed-80bc-c680e6693617,e9eb532b-94c4-4dc4-9da9-02c46bdb5835,18.0,units,0.0,False
d9b76870-4035-4df7-a680-68e16c3662dc,2026-07-31,de2aa412-e109-4bcf-b6e9-9d9ad0b05e22,7bd8bcc0-f3ca-44ed-80bc-c680e6693617,e9eb532b-94c4-4dc4-9da9-02c46bdb5835,19.0,units,0.0,False
0df212db-9e52-44fd-a2b5-0d7239049938,2026-08-01,de2aa412-e109-4bcf-b6e9-9d9ad0b05e22,7bd8bcc0-f3ca-44ed-80bc-c680e6693617,e9eb532b-94c4-4dc4-9da9-02c46bdb5835,32.0,units,0.0,False
e4756cf7-d622-4d8f-895d-7dd8bfcbbc65,2026-08-02,de2aa412-e109-4bcf-b6e9-9d9ad0b05e22,7bd8bcc0-f3ca-44ed-80bc-c680e6693617,e9eb532b-94c4-4dc4-9da9-02c46bdb5835,38.0,units,0.0,False
5a48f35a-6ca6-40cf-88c2-40af7b5c6e42,2026-08-03,de2aa412-e109-4bcf-b6e9-9d9ad0b05e22,7bd8bcc0-f3ca-44ed-80bc-c680e6693617,e9eb532b-94c4-4dc4-9da9-02c46bdb5835,16.0,units,0.0,False
1b2b57c1-b00c-47f1-a24d-526c83f5f74c,2026-08-04,de2aa412-e109-4bcf-b6e9-9d9ad0b05e22,7bd8bcc0-f3ca-44ed-80bc-c680e6693617,e9eb532b-94c4-4dc4-9da9-02c46bdb5835,26.0,units,0.0,False
bbac94cd-c46e-4e03-ab0d-1683c14c7d60,2026-08-05,de2aa412-e109-4bcf-b6e9-9d9ad0b05e22,7bd8bcc0-f3ca-44ed-80bc-c680e6693617,e9eb532b-94c4-4dc4-9da9-02c46bdb5835,31.0,units,0.0,True
a2b97ecc-ad8a-4163-9228-852ae74b1e65,2026-08-06,de2aa412-e109-4bcf-b6e9-9d9ad0b05e22,7bd8bcc0-f3ca-44ed-80bc-c680e6693617,e9eb532b-94c4-4dc4-9da9-02c46bdb5835,34.0,units,0.0,False
23c5a102-5b0d-4130-a7e9-11bc4c1db2c2,2026-08-07,de2aa412-e109-4bcf-b6e9-9d9ad0b05e22,7bd8bcc0-f3ca-44ed-80bc-c680e6693617,e9eb532b-94c4-4dc4-9da9-02c46bdb5835,26.0,units,0.0,False
c6385012-df7b-4f0f-9e26-8ee0ef6aebd5,2026-08-08,de2aa412-e109-4bcf-b6e9-9d9ad0b05e22,7bd8bcc0-f3ca-44ed-80bc-c680e6693617,e9eb532b-94c4-4dc4-9da9-02c46bdb5835,37.0,units,0.0,False
1281e302-db31-4919-985a-98353548ff3f,2026-08-09,de2aa412-e109-4bcf-b6e9-9d9ad0b05e22,7bd8bcc0-f3ca-44ed-80bc-c680e6693617,e9eb532b-94c4-4dc4-9da9-02c46bdb5835,36.0,units,0.0,False
8b2e2b78-ab41-4a01-8a23-caf3072a21ea,2026-08-10,de2aa412-e109-4bcf-b6e9-9d9ad0b05e22,7bd8bcc0-f3ca-44ed-80bc-c680e6693617,e9eb532b-94c4-4dc4-9da9-02c46bdb5835,18.0,units,0.0,False
765b7764-9a68-445a-a4e8-43306ff45065,2026-08-11,de2aa412-e109-4bcf-b6e9-9d9ad0b05e22,7bd8bcc0-f3ca-44ed-80bc-c680e6693617,e9eb532b-94c4-4dc4-9da9-02c46bdb5835,31.0,units,0.0,False
2670685b-744f-4f80-b717-7eb181d1eb9f,2026-08-12,de2aa412-e109-4bcf-b6e9-9d9ad0b05e22,7bd8bcc0-f3ca-44ed-80bc-c680e6693617,e9eb532b-94c4-4dc4-9da9-02c46bdb5835,29.0,units,0.0,False
c40b3afa-58ea-4a7d-b4c2-c8ddca49b89c,2026-08-13,de2aa412-e109-4bcf-b6e9-9d9ad0b05e22,7bd8bcc0-f3ca-44ed-80bc-c680e6693617,e9eb532b-94c4-4dc4-9da9-02c46bdb5835,30.0,units,0.0,False
45d7cdac-74ba-47e6-bf4d-ac31ae1f691f,2026-08-14,de2aa412-e109-4bcf-b6e9-9d9ad0b05e22,7bd8bcc0-f3ca-44ed-80bc-c680e6693617,e9eb532b-94c4-4dc4-9da9-02c46bdb5835,45.0,units,0.0,False
7608a1f9-a5f8-45c7-88ac-478886bd79bf,2026-08-15,de2aa412-e109-4bcf-b6e9-9d9ad0b05e22,7bd8bcc0-f3ca-44ed-80bc-c680e6693617,e9eb532b-94c4-4dc4-9da9-02c46bdb5835,23.0,units,0.0,False
f9954cb8-cdab-4d8c-9fcf-289201e7a5fd,2026-08-16,de2aa412-e109-4bcf-b6e9-9d9ad0b05e22,7bd8bcc0-f3ca-44ed-80bc-c680e6693617,e9eb532b-94c4-4dc4-9da9-02c46bdb5835,44.0,units,0.0,False
cb0f90d2-96e6-445f-b481-c6cfba56e9d5,2026-08-17,de2aa412-e109-4bcf-b6e9-9d9ad0b05e22,7bd8bcc0-f3ca-44ed-80bc-c680e6693617,e9eb532b-94c4-4dc4-9da9-02c46bdb5835,26.0,units,0.0,False
79ee7b92-68d1-4144-bc44-918cd47fe72b,2026-08-18,de2aa412-e109-4bcf-b6e9-9d9ad0b05e22,7bd8bcc0-f3ca-44ed-80bc-c680e6693617,e9eb532b-94c4-4dc4-9da9-02c46bdb5835,29.0,units,0.0,False
c692d28a-027c-4135-80c7-ee502e402d26,2026-08-19,de2aa412-e109-4bcf-b6e9-9d9ad0b05e22,7bd8bcc0-f3ca-44ed-80bc-c680e6693617,e9eb532b-94c4-4dc4-9da9-02c46bdb5835,27.0,units,0.0,False
1405c3dd-527c-48aa-a69a-194130086f3e,2026-08-20,de2aa412-e109-4bcf-b6e9-9d9ad0b05e22,7bd8bcc0-f3ca-44ed-80bc-c680e6693617,e9eb532b-94c4-4dc4-9da9-02c46bdb5835,25.0,units,0.0,False
32fd19bb-ea03-4f98-90c5-6e4d078205f4,2026-08-21,de2aa412-e109-4bcf-b6e9-9d9ad0b05e22,7bd8bcc0-f3ca-44ed-80bc-c680e6693617,e9eb532b-94c4-4dc4-9da9-02c46bdb5835,25.0,units,0.0,False
4aa7a3f3-4920-4431-8eb1-9a1b1b6521da,2026-08-22,de2aa412-e109-4bcf-b6e9-9d9ad0b05e22,7bd8bcc0-f3ca-44ed-80bc-c680e6693617,e9eb532b-94c4-4dc4-9da9-02c46bdb5835,36.0,units,0.0,False
b206938e-311e-4019-8669-32249603017f,2026-08-23,de2aa412-e109-4bcf-b6e9-9d9ad0b05e22,7bd8bcc0-f3ca-44ed-80bc-c680e6693617,e9eb532b-94c4-4dc4-9da9-02c46bdb5835,26.0,units,0.0,False
acfaf562-6ddf-4b78-86bb-6bc7d8b71cb5,2026-08-24,de2aa412-e109-4bcf-b6e9-9d9ad0b05e22,7bd8bcc0-f3ca-44ed-80bc-c680e6693617,e9eb532b-94c4-4dc4-9da9-02c46bdb5835,30.0,units,0.0,False
cd3874a0-eb7a-46aa-ab33-9066bcbf802a,2026-08-25,de2aa412-e109-4bcf-b6e9-9d9ad0b05e22,7bd8bcc0-f3ca-44ed-80bc-c680e6693617,e9eb532b-94c4-4dc4-9da9-02c46bdb5835,25.0,units,0.0,False
3ecaf373-fab8-49f0-8a75-a312125ed3f1,2026-08-26,de2aa412-e109-4bcf-b6e9-9d9ad0b05e22,7bd8bcc0-f3ca-44ed-80bc-c680e6693617,e9eb532b-94c4-4dc4-9da9-02c46bdb5835,22.0,units,0.0,False
f9f3dd5a-1b8f-4276-8553-210bec3171e7,2026-08-27,de2aa412-e109-4bcf-b6e9-9d9ad0b05e22,7bd8bcc0-f3ca-44ed-80bc-c680e6693617,e9eb532b-94c4-4dc4-9da9-02c46bdb5835,25.0,units,0.0,False
b98cfa06-8496-45a5-b6c1-6f583b7ee9f6,2026-08-28,de2aa412-e109-4bcf-b6e9-9d9ad0b05e22,7bd8bcc0-f3ca-44ed-80bc-c680e6693617,e9eb532b-94c4-4dc4-9da9-02c46bdb5835,32.0,units,0.0,False
4dc47da4-5df6-43ce-a648-8e158f497c1c,2026-08-29,de2aa412-e109-4bcf-b6e9-9d9ad0b05e22,7bd8bcc0-f3ca-44ed-80bc-c680e6693617,e9eb532b-94c4-4dc4-9da9-02c46bdb5835,31.0,units,0.0,False
7dabc936-4d9b-4bd4-b089-c619e226d296,2026-08-30,de2aa412-e109-4bcf-b6e9-9d9ad0b05e22,7bd8bcc0-f3ca-44ed-80bc-c680e6693617,e9eb532b-94c4-4dc4-9da9-02c46bdb5835,13.41,units,0.0,False
83410371-fc2c-4225-93cd-0426324dc527,2026-08-31,de2aa412-e109-4bcf-b6e9-9d9ad0b05e22,7bd8bcc0-f3ca-44ed-80bc-c680e6693617,e9eb532b-94c4-4dc4-9da9-02c46bdb5835,24.0,units,0.0,False
c43ad02b-4568-4c36-9791-1165ab8bf5f0,2026-09-01,de2aa412-e109-4bcf-b6e9-9d9ad0b05e22,7bd8bcc0-f3ca-44ed-80bc-c680e6693617,e9eb532b-94c4-4dc4-9da9-02c46bdb5835,30.0,units,0.0,False
030be88f-c939-4e4a-9689-bb8ea8bcb8e5,2026-09-02,de2aa412-e109-4bcf-b6e9-9d9ad0b05e22,7bd8bcc0-f3ca-44ed-80bc-c680e6693617,e9eb532b-94c4-4dc4-9da9-02c46bdb5835,30.0,units,0.0,False
867faebd-35db-4b81-a76e-52fee0ea3a4e,2026-09-03,de2aa412-e109-4bcf-b6e9-9d9ad0b05e22,7bd8bcc0-f3ca-44ed-80bc-c680e6693617,e9eb532b-94c4-4dc4-9da9-02c46bdb5835,35.0,units,0.0,False
7fdcb109-9f32-408d-a07d-ff334bc8fad4,2026-09-04,de2aa412-e109-4bcf-b6e9-9d9ad0b05e22,7bd8bcc0-f3ca-44ed-80bc-c680e6693617,e9eb532b-94c4-4dc4-9da9-02c46bdb5835,26.0,units,0.0,False
eabebd8b-340e-4b8a-a7a6-a8243bc7bc3c,2026-09-05,de2aa412-e109-4bcf-b6e9-9d9ad0b05e22,7bd8bcc0-f3ca-44ed-80bc-c680e6693617,e9eb532b-94c4-4dc4-9da9-02c46bdb5835,44.0,units,0.0,True
d2bdbfc2-37a4-4a32-a6a4-2fb6e1e55c59,2026-09-06,de2aa412-e109-4bcf-b6e9-9d9ad0b05e22,7bd8bcc0-f3ca-44ed-80bc-c680e6693617,e9eb532b-94c4-4dc4-9da9-02c46bdb5835,34.0,units,0.0,False
e63e7a99-a5db-4b5e-93d4-9beb5b4fab3d,2026-09-07,de2aa412-e109-4bcf-b6e9-9d9ad0b05e22,7bd8bcc0-f3ca-44ed-80bc-c680e6693617,e9eb532b-94c4-4dc4-9da9-02c46bdb5835,32.0,units,0.0,False
090ddbcd-5491-4ee3-9d01-a83de2274e8d,2025-09-08,de2aa412-e109-4bcf-b6e9-9d9ad0b05e22,634638dd-37cc-4f1e-b442-bc59bc3bfb7c,19375bde-4d5a-47e5-bc1f-92c3473be236,20.0,kg,0.0,False
ea648199-0ee0-4496-82f3-30cd95c71dc6,2025-09-09,de2aa412-e109-4bcf-b6e9-9d9ad0b05e22,634638dd-37cc-4f1e-b442-bc59bc3bfb7c,19375bde-4d5a-47e5-bc1f-92c3473be236,25.0,kg,0.0,False
89a66ee5-1390-48e9-a3f6-b935fca120aa,2025-09-10,de2aa412-e109-4bcf-b6e9-9d9ad0b05e22,634638dd-37cc-4f1e-b442-bc59bc3bfb7c,19375bde-4d5a-47e5-bc1f-92c3473be236,21.0,kg,0.0,False
f4e2d41f-b98f-4cf3-8d95-7f9b184b3c1d,2025-09-11,de2aa412-e109-4bcf-b6e9-9d9ad0b05e22,634638dd-37cc-4f1e-b442-bc59bc3bfb7c,19375bde-4d5a-47e5-bc1f-92c3473be236,22.0,kg,0.0,False
364a1db6-9d18-4656-8a99-518cb0ded0c0,2025-09-12,de2aa412-e109-4bcf-b6e9-9d9ad0b05e22,634638dd-37cc-4f1e-b442-bc59bc3bfb7c,19375bde-4d5a-47e5-bc1f-92c3473be236,22.0,kg,0.0,False
fa1f502f-daa8-41cf-b991-b546df37391f,2025-09-13,de2aa412-e109-4bcf-b6e9-9d9ad0b05e22,634638dd-37cc-4f1e-b442-bc59bc3bfb7c,19375bde-4d5a-47e5-bc1f-92c3473be236,29.0,kg,0.0,False
bf8498c1-07a6-4639-8ea6-27038188b28e,2025-09-14,de2aa412-e109-4bcf-b6e9-9d9ad0b05e22,634638dd-37cc-4f1e-b442-bc59bc3bfb7c,19375bde-4d5a-47e5-bc1f-92c3473be236,27.0,kg,0.0,False
885a08e9-f780-49e1-afb1-4fb00cd63703,2025-09-15,de2aa412-e109-4bcf-b6e9-9d9ad0b05e22,634638dd-37cc-4f1e-b442-bc59bc3bfb7c,19375bde-4d5a-47e5-bc1f-92c3473be236,27.0,kg,0.0,True
f8cbdfe0-e917-45f3-824a-2b6e14998126,2025-09-16,de2aa412-e109-4bcf-b6e9-9d9ad0b05e22,634638dd-37cc-4f1e-b442-bc59bc3bfb7c,19375bde-4d5a-47e5-bc1f-92c3473be236,28.0,kg,0.0,False
8d355d12-97f6-4597-a2f3-b1bff9dcb66c,2025-09-17,de2aa412-e109-4bcf-b6e9-9d9ad0b05e22,634638dd-37cc-4f1e-b442-bc59bc3bfb7c,19375bde-4d5a-47e5-bc1f-92c3473be236,26.0,kg,0.0,False
17ce90cd-b48c-4ec1-a8ad-e917dc6c1c5f,2025-09-18,de2aa412-e109-4bcf-b6e9-9d9ad0b05e22,634638dd-37cc-4f1e-b442-bc59bc3bfb7c,19375bde-4d5a-47e5-bc1f-92c3473be236,25.0,kg,0.0,False
779d0632-e4a9-490b-89cc-4411670f5e6e,2025-09-19,de2aa412-e109-4bcf-b6e9-9d9ad0b05e22,634638dd-37cc-4f1e-b442-bc59bc3bfb7c,19375bde-4d5a-47e5-bc1f-92c3473be236,20.0,kg,0.0,False
bf2f1eee-8d30-457b-906a-8c91f3f9c4fa,2025-09-20,de2aa412-e109-4bcf-b6e9-9d9ad0b05e22,634638dd-37cc-4f1e-b442-bc59bc3bfb7c,19375bde-4d5a-47e5-bc1f-92c3473be236,24.0,kg,0.0,False
87061e6a-51e0-4892-99a4-72dd81373f64,2025-09-21,de2aa412-e109-4bcf-b6e9-9d9ad0b05e22,634638dd-37cc-4f1e-b442-bc59bc3bfb7c,19375bde-4d5a-47e5-bc1f-92c3473be236,32.0,kg,0.0,False
5f496ecb-3921-4625-aad0-ba2e70e8e0fb,2025-09-22,de2aa412-e109-4bcf-b6e9-9d9ad0b05e22,634638dd-37cc-4f1e-b442-bc59bc3bfb7c,19375bde-4d5a-47e5-bc1f-92c3473be236,25.0,kg,0.0,False
fce2886e-a3fb-4a96-ad4e-67118b22ca06,2025-09-23,de2aa412-e109-4bcf-b6e9-9d9ad0b05e22,634638dd-37cc-4f1e-b442-bc59bc3bfb7c,19375bde-4d5a-47e5-bc1f-92c3473be236,27.0,kg,0.0,False
e9ff4646-5fd7-4528-a8ba-8a838f2f6900,2025-09-24,de2aa412-e109-4bcf-b6e9-9d9ad0b05e22,634638dd-37cc-4f1e-b442-bc59bc3bfb7c,19375bde-4d5a-47e5-bc1f-92c3473be236,20.0,kg,0.0,False
d5042bdd-832d-4fca-b2cb-f74a9ec57971,2025-09-25,de2aa412-e109-4bcf-b6e9-9d9ad0b05e22,634638dd-37cc-4f1e-b442-bc59bc3bfb7c,19375bde-4d5a-47e5-bc1f-92c3473be236,21.0,kg,0.0,False
9a8436b3-435c-41d6-afab-55cd7688efb8,2025-09-26,de2aa412-e109-4bcf-b6e9-9d9ad0b05e22,634638dd-37cc-4f1e-b442-bc59bc3bfb7c,19375bde-4d5a-47e5-bc1f-92c3473be236,16.0,kg,0.0,False
03e48178-e16c-4df4-89c1-f6ef68a4731b,2025-09-27,de2aa412-e109-4bcf-b6e9-9d9ad0b05e22,634638dd-37cc-4f1e-b442-bc59bc3bfb7c,19375bde-4d5a-47e5-bc1f-92c3473be236,26.0,kg,0.0,False
4199375f-1562-4225-a29a-6172738800f4,2025-09-28,de2aa412-e109-4bcf-b6e9-9d9ad0b05e22,634638dd-37cc-4f1e-b442-bc59bc3bfb7c,19375bde-4d5a-47e5-bc1f-92c3473be236,32.0,kg,0.0,False
7386ab9e-442d-4474-beab-7366a089f643,2025-09-29,de2aa412-e109-4bcf-b6e9-9d9ad0b05e22,634638dd-37cc-4f1e-b442-bc59bc3bfb7c,19375bde-4d5a-47e5-bc1f-92c3473be236,20.0,kg,0.0,False
fe138b72-7738-4601-96b8-502adbe77a43,2025-09-30,de2aa412-e109-4bcf-b6e9-9d9ad0b05e22,634638dd-37cc-4f1e-b442-bc59bc3bfb7c,19375bde-4d5a-47e5-bc1f-92c3473be236,24.0,kg,0.0,False
adac62ff-6ec4-46b0-ba4e-973d49de1e47,2025-10-01,de2aa412-e109-4bcf-b6e9-9d9ad0b05e22,634638dd-37cc-4f1e-b442-bc59bc3bfb7c,19375bde-4d5a-47e5-bc1f-92c3473be236,21.0,kg,0.0,False
d8b7f3e4-6538-4598-b369-db1c13d80db6,2025-10-02,de2aa412-e109-4bcf-b6e9-9d9ad0b05e22,634638dd-37cc-4f1e-b442-bc59bc3bfb7c,19375bde-4d5a-47e5-bc1f-92c3473be236,23.0,kg,0.0,False
7758ed1c-0706-459a-9739-4b010d98e9d1,2025-10-03,de2aa412-e109-4bcf-b6e9-9d9ad0b05e22,634638dd-37cc-4f1e-b442-bc59bc3bfb7c,19375bde-4d5a-47e5-bc1f-92c3473be236,18.0,kg,0.0,False
7453cf4a-9e8e-406d-a289-6acb5a32f0a3,2025-10-04,de2aa412-e109-4bcf-b6e9-9d9ad0b05e22,634638dd-37cc-4f1e-b442-bc59bc3bfb7c,19375bde-4d5a-47e5-bc1f-92c3473be236,28.0,kg,0.0,False
f0f18285-027d-40f1-b989-acd3c216fef2,2025-10-05,de2aa412-e109-4bcf-b6e9-9d9ad0b05e22,634638dd-37cc-4f1e-b442-bc59bc3bfb7c,19375bde-4d5a-47e5-bc1f-92c3473be236,14.0,kg,0.0,False
033600bb-d795-4bd6-85fe-0324d180301a,2025-10-06,de2aa412-e109-4bcf-b6e9-9d9ad0b05e22,634638dd-37cc-4f1e-b442-bc59bc3bfb7c,19375bde-4d5a-47e5-bc1f-92c3473be236,21.0,kg,0.0,False
8492b764-3921-4a2d-a763-04ea1db65821,2025-10-07,de2aa412-e109-4bcf-b6e9-9d9ad0b05e22,634638dd-37cc-4f1e-b442-bc59bc3bfb7c,19375bde-4d5a-47e5-bc1f-92c3473be236,16.0,kg,0.0,False
6f60c444-a2f3-427f-9b45-203c0b2ba9a3,2025-10-08,de2aa412-e109-4bcf-b6e9-9d9ad0b05e22,634638dd-37cc-4f1e-b442-bc59bc3bfb7c,19375bde-4d5a-47e5-bc1f-92c3473be236,32.0,kg,0.0,True
957fd338-3528-489a-a6bf-dcff062da9a2,2025-10-09,de2aa412-e109-4bcf-b6e9-9d9ad0b05e22,634638dd-37cc-4f1e-b442-bc59bc3bfb7c,19375bde-4d5a-47e5-bc1f-92c3473be236,25.0,kg,0.0,False
b8782eaa-89a7-4682-8abb-efcf50c3c6e9,2025-10-10,de2aa412-e109-4bcf-b6e9-9d9ad0b05e22,634638dd-37cc-4f1e-b442-bc59bc3bfb7c,19375bde-4d5a-47e5-bc1f-92c3473be236,28.0,kg,0.0,True
4f14a465-d3a1-4c49-a084-3f75fa08a119,2025-10-11,de2aa412-e109-4bcf-b6e9-9d9ad0b05e22,634638dd-37cc-4f1e-b442-bc59bc3bfb7c,19375bde-4d5a-47e5-bc1f-92c3473be236,34.0,kg,0.0,False
5e672a12-e13f-4ee3-a834-a8cdd18cca59,2025-10-12,de2aa412-e109-4bcf-b6e9-9d9ad0b05e22,634638dd-37cc-4f1e-b442-bc59bc3bfb7c,19375bde-4d5a-47e5-bc1f-92c3473be236,23.0,kg,0.0,False
e49bf9b0-8b66-4ad0-b36b-bd247cb07434,2025-10-13,de2aa412-e109-4bcf-b6e9-9d9ad0b05e22,634638dd-37cc-4f1e-b442-bc59bc3bfb7c,19375bde-4d5a-47e5-bc1f-92c3473be236,28.0,kg,0.0,False
38b99c03-7615-40b7-ad89-a2a52569f28c,2025-10-14,de2aa412-e109-4bcf-b6e9-9d9ad0b05e22,634638dd-37cc-4f1e-b442-bc59bc3bfb7c,19375bde-4d5a-47e5-bc1f-92c3473be236,25.0,kg,0.0,False
5c9a94ce-9100-48ff-bebc-31c96a6b08e1,2025-10-15,de2aa412-e109-4bcf-b6e9-9d9ad0b05e22,634638dd-37cc-4f1e-b442-bc59bc3bfb7c,19375bde-4d5a-47e5-bc1f-92c3473be236,21.0,kg,0.0,False
c56391a4-dad4-4042-9773-91e085e9fcfc,2025-10-16,de2aa412-e109-4bcf-b6e9-9d9ad0b05e22,634638dd-37cc-4f1e-b442-bc59bc3bfb7c,19375bde-4d5a-47e5-bc1f-92c3473be236,26.0,kg,0.0,False
9ac7ef12-2856-4755-bc9c-a27dcbcdda7c,2025-10-17,de2aa412-e109-4bcf-b6e9-9d9ad0b05e22,634638dd-37cc-4f1e-b442-bc59bc3bfb7c,19375bde-4d5a-47e5-bc1f-92c3473be236,18.0,kg,0.0,False
e7079f9b-92d9-4931-b0f7-de19f7fcede2,2025-10-18,de2aa412-e109-4bcf-b6e9-9d9ad0b05e22,634638dd-37cc-4f1e-b442-bc59bc3bfb7c,19375bde-4d5a-47e5-bc1f-92c3473be236,24.0,kg,0.0,False
91e50417-1b55-403c-9f82-5fb27f06be5e,2025-10-19,de2aa412-e109-4bcf-b6e9-9d9ad0b05e22,634638dd-37cc-4f1e-b442-bc59bc3bfb7c,19375bde-4d5a-47e5-bc1f-92c3473be236,25.0,kg,0.0,False
6882a7d3-3967-45ce-8cd3-b3b66c776c38,2025-10-20,de2aa412-e109-4bcf-b6e9-9d9ad0b05e22,634638dd-37cc-4f1e-b442-bc59bc3bfb7c,19375bde-4d5a-47e5-bc1f-92c3473be236,20.0,kg,0.0,False
abe61417-008a-4f90-8020-9fa987941516,2025-10-21,de2aa412-e109-4bcf-b6e9-9d9ad0b05e22,634638dd-37cc-4f1e-b442-bc59bc3bfb7c,19375bde-4d5a-47e5-bc1f-92c3473be236,22.0,kg,0.0,True
000e891d-915a-499b-b5db-cb7dabb7e635,2025-10-22,de2aa412-e109-4bcf-b6e9-9d9ad0b05e22,634638dd-37cc-4f1e-b442-bc59bc3bfb7c,19375bde-4d5a-47e5-bc1f-92c3473be236,27.0,kg,0.0,False
8c819da5-6dd3-4798-ae02-3a0d0e7659e5,2025-10-23,de2aa412-e109-4bcf-b6e9-9d9ad0b05e22,634638dd-37cc-4f1e-b442-bc59bc3bfb7c,19375bde-4d5a-47e5-bc1f-92c3473be236,26.0,kg,0.0,True
f2934a63-d836-4816-9a59-33ed328ecc00,2025-10-24,de2aa412-e109-4bcf-b6e9-9d9ad0b05e22,634638dd-37cc-4f1e-b442-bc59bc3bfb7c,19375bde-4d5a-47e5-bc1f-92c3473be236,23.0,kg,0.0,False
50c8945d-fae4-45ba-abdc-ed0eb29c9c8a,2025-10-25,de2aa412-e109-4bcf-b6e9-9d9ad0b05e22,634638dd-37cc-4f1e-b442-bc59bc3bfb7c,19375bde-4d5a-47e5-bc1f-92c3473be236,25.0,kg,0.0,False
5d57e9a8-a1df-45ed-9217-551025634104,2025-10-26,de2aa412-e109-4bcf-b6e9-9d9ad0b05e22,634638dd-37cc-4f1e-b442-bc59bc3bfb7c,19375bde-4d5a-47e5-bc1f-92c3473be236,20.0,kg,0.0,False
cb771578-ad46-4c03-b275-34eaee41a46f,2025-10-27,de2aa412-e109-4bcf-b6e9-9d9ad0b05e22,634638dd-37cc-4f1e-b442-bc59bc3bfb7c,19375bde-4d5a-47e5-bc1f-92c3473be236,23.0,kg,0.0,False
d45e81a1-69dc-4d19-80ac-50d43aacc7f9,2025-10-28,de2aa412-e109-4bcf-b6e9-9d9ad0b05e22,634638dd-37cc-4f1e-b442-bc59bc3bfb7c,19375bde-4d5a-47e5-bc1f-92c3473be236,15.0,kg,0.0,False
496c7095-a2c4-4f74-bc90-19b3a7de744f,2025-10-29,de2aa412-e109-4bcf-b6e9-9d9ad0b05e22,634638dd-37cc-4f1e-b442-bc59bc3bfb7c,19375bde-4d5a-47e5-bc1f-92c3473be236,22.0,kg,0.0,False
db8e51f1-9bda-4484-9deb-4b601aaca4ba,2025-10-30,de2aa412-e109-4bcf-b6e9-9d9ad0b05e22,634638dd-37cc-4f1e-b442-bc59bc3bfb7c,19375bde-4d5a-47e5-bc1f-92c3473be236,17.0,kg,0.0,False
732bb52f-8694-4dc5-a66b-df9ac5c861cc,2025-10-31,de2aa412-e109-4bcf-b6e9-9d9ad0b05e22,634638dd-37cc-4f1e-b442-bc59bc3bfb7c,19375bde-4d5a-47e5-bc1f-92c3473be236,30.0,kg,0.0,False
607760be-fab9-45ee-ad1e-100496103d87,2025-11-01,de2aa412-e109-4bcf-b6e9-9d9ad0b05e22,634638dd-37cc-4f1e-b442-bc59bc3bfb7c,19375bde-4d5a-47e5-bc1f-92c3473be236,32.0,kg,0.0,False
59e0e606-d470-4d48-af1d-fc5dc26edffb,2025-11-02,de2aa412-e109-4bcf-b6e9-9d9ad0b05e22,634638dd-37cc-4f1e-b442-bc59bc3bfb7c,19375bde-4d5a-47e5-bc1f-92c3473be236,29.0,kg,0.0,False
696f108c-80ae-4535-b7cb-04cca7e5f264,2025-11-03,de2aa412-e109-4bcf-b6e9-9d9ad0b05e22,634638dd-37cc-4f1e-b442-bc59bc3bfb7c,19375bde-4d5a-47e5-bc1f-92c3473be236,27.0,kg,0.0,False
f0c37d82-efda-4cd7-8b3b-2fd52c4e50ff,2025-11-04,de2aa412-e109-4bcf-b6e9-9d9ad0b05e22,634638dd-37cc-4f1e-b442-bc59bc3bfb7c,19375bde-4d5a-47e5-bc1f-92c3473be236,19.0,kg,0.0,False
a19e465c-b8ec-4854-82b0-6f592e69fbae,2025-11-05,de2aa412-e109-4bcf-b6e9-9d9ad0b05e22,634638dd-37cc-4f1e-b442-bc59bc3bfb7c,19375bde-4d5a-47e5-bc1f-92c3473be236,24.0,kg,0.0,False
3fadaeaa-1dc2-4e47-946e-dfaee05dd513,2025-11-06,de2aa412-e109-4bcf-b6e9-9d9ad0b05e22,634638dd-37cc-4f1e-b442-bc59bc3bfb7c,19375bde-4d5a-47e5-bc1f-92c3473be236,23.0,kg,0.0,False
5034ee2a-de9b-482c-9c55-43e72b0b2bd6,2025-11-07,de2aa412-e109-4bcf-b6e9-9d9ad0b05e22,634638dd-37cc-4f1e-b442-bc59bc3bfb7c,19375bde-4d5a-47e5-bc1f-92c3473be236,24.0,kg,0.0,False
43b25ada-cc2e-4d61-9d8f-08501cad8b24,2025-11-08,de2aa412-e109-4bcf-b6e9-9d9ad0b05e22,634638dd-37cc-4f1e-b442-bc59bc3bfb7c,19375bde-4d5a-47e5-bc1f-92c3473be236,34.0,kg,0.0,False
6079e140-b8e9-4d6f-a303-d88786c15290,2025-11-09,de2aa412-e109-4bcf-b6e9-9d9ad0b05e22,634638dd-37cc-4f1e-b442-bc59bc3bfb7c,19375bde-4d5a-47e5-bc1f-92c3473be236,32.0,kg,0.0,False
4bb98b9c-4c5d-475a-8e2c-351b09171b85,2025-11-10,de2aa412-e109-4bcf-b6e9-9d9ad0b05e22,634638dd-37cc-4f1e-b442-bc59bc3bfb7c,19375bde-4d5a-47e5-bc1f-92c3473be236,24.0,kg,0.0,False
d00fc5a8-b911-41f9-af1c-a6f82d98e015,2025-11-11,de2aa412-e109-4bcf-b6e9-9d9ad0b05e22,634638dd-37cc-4f1e-b442-bc59bc3bfb7c,19375bde-4d5a-47e5-bc1f-92c3473be236,17.0,kg,0.0,False
61a0ce49-ffb1-471b-9b03-0078e2f0807a,2025-11-12,de2aa412-e109-4bcf-b6e9-9d9ad0b05e22,634638dd-37cc-4f1e-b442-bc59bc3bfb7c,19375bde-4d5a-47e5-bc1f-92c3473be236,19.0,kg,0.0,False
f92e130e-acd2-4112-a470-7cb6421caf7c,2025-11-13,de2aa412-e109-4bcf-b6e9-9d9ad0b05e22,634638dd-37cc-4f1e-b442-bc59bc3bfb7c,19375bde-4d5a-47e5-bc1f-92c3473be236,22.0,kg,0.0,False
49b46917-84b3-4280-820a-7eff41161d77,2025-11-14,de2aa412-e109-4bcf-b6e9-9d9ad0b05e22,634638dd-37cc-4f1e-b442-bc59bc3bfb7c,19375bde-4d5a-47e5-bc1f-92c3473be236,23.0,kg,0.0,False
0d97f392-656c-44b2-a3fb-cc34444dbadd,2025-11-15,de2aa412-e109-4bcf-b6e9-9d9ad0b05e22,634638dd-37cc-4f1e-b442-bc59bc3bfb7c,19375bde-4d5a-47e5-bc1f-92c3473be236,23.0,kg,0.0,False
a0b38f79-9a38-42a6-a425-8baaddebb66a,2025-11-16,de2aa412-e109-4bcf-b6e9-9d9ad0b05e22,634638dd-37cc-4f1e-b442-bc59bc3bfb7c,19375bde-4d5a-47e5-bc1f-92c3473be236,40.0,kg,0.0,False
0235235f-461c-4177-a9e1-5b6a485bc136,2025-11-17,de2aa412-e109-4bcf-b6e9-9d9ad0b05e22,634638dd-37cc-4f1e-b442-bc59bc3bfb7c,19375bde-4d5a-47e5-bc1f-92c3473be236,34.0,kg,0.0,True
e8b953d7-9be5-41f8-9656-a43aa91de2b1,2025-11-18,de2aa412-e109-4bcf-b6e9-9d9ad0b05e22,634638dd-37cc-4f1e-b442-bc59bc3bfb7c,19375bde-4d5a-47e5-bc1f-92c3473be236,25.0,kg,0.0,False
ccf73c9e-a36e-43f2-8e63-ece48c7e0b3f,2025-11-19,de2aa412-e109-4bcf-b6e9-9d9ad0b05e22,634638dd-37cc-4f1e-b442-bc59bc3bfb7c,19375bde-4d5a-47e5-bc1f-92c3473be236,23.0,kg,0.0,False
a5a75e00-f1f7-4ea2-98ff-875066795a55,2025-11-20,de2aa412-e109-4bcf-b6e9-9d9ad0b05e22,634638dd-37cc-4f1e-b442-bc59bc3bfb7c,19375bde-4d5a-47e5-bc1f-92c3473be236,22.0,kg,0.0,False
8b646c63-add8-4f05-b2a8-9b9e43ffa594,2025-11-21,de2aa412-e109-4bcf-b6e9-9d9ad0b05e22,634638dd-37cc-4f1e-b442-bc59bc3bfb7c,19375bde-4d5a-47e5-bc1f-92c3473be236,20.0,kg,0.0,False
fdf948ef-10fc-44f0-96df-7cb4a65285b0,2025-11-22,de2aa412-e109-4bcf-b6e9-9d9ad0b05e22,634638dd-37cc-4f1e-b442-bc59bc3bfb7c,19375bde-4d5a-47e5-bc1f-92c3473be236,29.0,kg,0.0,False
3c1da943-6ced-4f50-b43b-e61506e54941,2025-11-23,de2aa412-e109-4bcf-b6e9-9d9ad0b05e22,634638dd-37cc-4f1e-b442-bc59bc3bfb7c,19375bde-4d5a-47e5-bc1f-92c3473be236,30.0,kg,0.0,False
97b7bcba-f401-4de9-a19d-2ce36aa1288e,2025-11-24,de2aa412-e109-4bcf-b6e9-9d9ad0b05e22,634638dd-37cc-4f1e-b442-bc59bc3bfb7c,19375bde-4d5a-47e5-bc1f-92c3473be236,19.0,kg,0.0,False
bc4e9b40-bbf0-47fe-b2b2-3440c2590f07,2025-11-25,de2aa412-e109-4bcf-b6e9-9d9ad0b05e22,634638dd-37cc-4f1e-b442-bc59bc3bfb7c,19375bde-4d5a-47e5-bc1f-92c3473be236,25.0,kg,0.0,False
7d1039d9-9aa5-4718-9a92-3520be19d263,2025-11-26,de2aa412-e109-4bcf-b6e9-9d9ad0b05e22,634638dd-37cc-4f1e-b442-bc59bc3bfb7c,19375bde-4d5a-47e5-bc1f-92c3473be236,23.0,kg,0.0,False
110e3723-12b7-4b4e-886e-9f7ddfbf37cb,2025-11-27,de2aa412-e109-4bcf-b6e9-9d9ad0b05e22,634638dd-37cc-4f1e-b442-bc59bc3bfb7c,19375bde-4d5a-47e5-bc1f-92c3473be236,16.0,kg,0.0,False
01bfa341-69e3-432a-ac1f-700ef2b6ac02,2025-11-28,de2aa412-e109-4bcf-b6e9-9d9ad0b05e22,634638dd-37cc-4f1e-b442-bc59bc3bfb7c,19375bde-4d5a-47e5-bc1f-92c3473be236,20.0,kg,0.0,False
4252c904-302c-48ce-8880-8d9da189b42c,2025-11-29,de2aa412-e109-4bcf-b6e9-9d9ad0b05e22,634638dd-37cc-4f1e-b442-bc59bc3bfb7c,19375bde-4d5a-47e5-bc1f-92c3473be236,27.0,kg,0.0,False
5291afa0-6113-4cd0-9961-5c17f88cda77,2025-11-30,de2aa412-e109-4bcf-b6e9-9d9ad0b05e22,634638dd-37cc-4f1e-b442-bc59bc3bfb7c,19375bde-4d5a-47e5-bc1f-92c3473be236,38.0,kg,0.0,False
ae36c3d3-f5bf-47b5-b0d8-14663e2c0063,2025-12-01,de2aa412-e109-4bcf-b6e9-9d9ad0b05e22,634638dd-37cc-4f1e-b442-bc59bc3bfb7c,19375bde-4d5a-47e5-bc1f-92c3473be236,26.0,kg,0.0,False
49428f60-7489-413d-a694-5a9415b9a9d9,2025-12-02,de2aa412-e109-4bcf-b6e9-9d9ad0b05e22,634638dd-37cc-4f1e-b442-bc59bc3bfb7c,19375bde-4d5a-47e5-bc1f-92c3473be236,19.0,kg,0.0,False
1ccaaa93-c17e-497c-94d1-5fa52821c9ed,2025-12-03,de2aa412-e109-4bcf-b6e9-9d9ad0b05e22,634638dd-37cc-4f1e-b442-bc59bc3bfb7c,19375bde-4d5a-47e5-bc1f-92c3473be236,25.0,kg,0.0,False
3d3c875e-ed03-4446-b48d-f8a23ee4f90a,2025-12-04,de2aa412-e109-4bcf-b6e9-9d9ad0b05e22,634638dd-37cc-4f1e-b442-bc59bc3bfb7c,19375bde-4d5a-47e5-bc1f-92c3473be236,18.0,kg,0.0,False
a709d50f-ad19-491a-98dd-2e348837f8dc,2025-12-05,de2aa412-e109-4bcf-b6e9-9d9ad0b05e22,634638dd-37cc-4f1e-b442-bc59bc3bfb7c,19375bde-4d5a-47e5-bc1f-92c3473be236,28.0,kg,0.0,False
59ab757b-548e-4df3-aac1-2032d413aaa4,2025-12-06,de2aa412-e109-4bcf-b6e9-9d9ad0b05e22,634638dd-37cc-4f1e-b442-bc59bc3bfb7c,19375bde-4d5a-47e5-bc1f-92c3473be236,27.0,kg,0.0,False
9f7c722c-eb16-415a-8970-d526ef473fa0,2025-12-07,de2aa412-e109-4bcf-b6e9-9d9ad0b05e22,634638dd-37cc-4f1e-b442-bc59bc3bfb7c,19375bde-4d5a-47e5-bc1f-92c3473be236,29.0,kg,0.0,False
21519bb3-b50f-4455-ae69-5a562e1fac59,2025-12-08,de2aa412-e109-4bcf-b6e9-9d9ad0b05e22,634638dd-37cc-4f1e-b442-bc59bc3bfb7c,19375bde-4d5a-47e5-bc1f-92c3473be236,29.0,kg,0.0,False
cd54c1b9-d5b4-4bcb-9a6a-fe1c86c83708,2025-12-09,de2aa412-e109-4bcf-b6e9-9d9ad0b05e22,634638dd-37cc-4f1e-b442-bc59bc3bfb7c,19375bde-4d5a-47e5-bc1f-92c3473be236,19.0,kg,0.0,False
5ff75590-5b34-45c8-85c9-1c1622675391,2025-12-10,de2aa412-e109-4bcf-b6e9-9d9ad0b05e22,634638dd-37cc-4f1e-b442-bc59bc3bfb7c,19375bde-4d5a-47e5-bc1f-92c3473be236,19.0,kg,0.0,False
3dc555bb-6bca-4c14-bf13-25dc4981f188,2025-12-11,de2aa412-e109-4bcf-b6e9-9d9ad0b05e22,634638dd-37cc-4f1e-b442-bc59bc3bfb7c,19375bde-4d5a-47e5-bc1f-92c3473be236,22.0,kg,0.0,False
11c19732-a783-4663-b1c2-d2eb8a1b2c0b,2025-12-12,de2aa412-e109-4bcf-b6e9-9d9ad0b05e22,634638dd-37cc-4f1e-b442-bc59bc3bfb7c,19375bde-4d5a-47e5-bc1f-92c3473be236,28.0,kg,0.0,False
9cd7400b-6d31-4709-8c20-53702907aad8,2025-12-13,de2aa412-e109-4bcf-b6e9-9d9ad0b05e22,634638dd-37cc-4f1e-b442-bc59bc3bfb7c,19375bde-4d5a-47e5-bc1f-92c3473be236,23.0,kg,0.0,False
e3895283-9434-4669-932c-e1e3373e7321,2025-12-14,de2aa412-e109-4bcf-b6e9-9d9ad0b05e22,634638dd-37cc-4f1e-b442-bc59bc3bfb7c,19375bde-4d5a-47e5-bc1f-92c3473be236,16.0,kg,0.0,False
0e5aa815-5744-4c0e-b809-19787d876973,2025-12-15,de2aa412-e109-4bcf-b6e9-9d9ad0b05e22,634638dd-37cc-4f1e-b442-bc59bc3bfb7c,19375bde-4d5a-47e5-bc1f-92c3473be236,22.0,kg,0.0,False
de7294da-d1c5-4e19-bce8-0cb982371135,2025-12-16,de2aa412-e109-4bcf-b6e9-9d9ad0b05e22,634638dd-37cc-4f1e-b442-bc59bc3bfb7c,19375bde-4d5a-47e5-bc1f-92c3473be236,26.0,kg,0.0,False
3c2faa7a-5e93-46a9-8daf-3ab82a80c7df,2025-12-17,de2aa412-e109-4bcf-b6e9-9d9ad0b05e22,634638dd-37cc-4f1e-b442-bc59bc3bfb7c,19375bde-4d5a-47e5-bc1f-92c3473be236,29.0,kg,0.0,False
bcc148ac-6bcd-4954-a7a8-cf05b40e2664,2025-12-18,de2aa412-e109-4bcf-b6e9-9d9ad0b05e22,634638dd-37cc-4f1e-b442-bc59bc3bfb7c,19375bde-4d5a-47e5-bc1f-92c3473be236,23.0,kg,0.0,False
f0d0059e-14f4-4fe6-be0d-4277cecb85ce,2025-12-19,de2aa412-e109-4bcf-b6e9-9d9ad0b05e22,634638dd-37cc-4f1e-b442-bc59bc3bfb7c,19375bde-4d5a-47e5-bc1f-92c3473be236,23.0,kg,0.0,False
520b72c7-9ee2-42a5-b1dd-16d1dc4be753,2025-12-20,de2aa412-e109-4bcf-b6e9-9d9ad0b05e22,634638dd-37cc-4f1e-b442-bc59bc3bfb7c,19375bde-4d5a-47e5-bc1f-92c3473be236,36.0,kg,0.0,False
7b9a2fae-ce1b-4304-b091-915151bdafc9,2025-12-21,de2aa412-e109-4bcf-b6e9-9d9ad0b05e22,634638dd-37cc-4f1e-b442-bc59bc3bfb7c,19375bde-4d5a-47e5-bc1f-92c3473be236,21.0,kg,0.0,False
5c952c79-50a8-4bf0-920a-fd6220939c72,2025-12-22,de2aa412-e109-4bcf-b6e9-9d9ad0b05e22,634638dd-37cc-4f1e-b442-bc59bc3bfb7c,19375bde-4d5a-47e5-bc1f-92c3473be236,28.0,kg,0.0,True
603644cb-c1b6-452f-8f03-24111a73b883,2025-12-23,de2aa412-e109-4bcf-b6e9-9d9ad0b05e22,634638dd-37cc-4f1e-b442-bc59bc3bfb7c,19375bde-4d5a-47e5-bc1f-92c3473be236,25.0,kg,0.0,False
c516d8d4-5df7-4f77-9978-74f81b3ae542,2025-12-24,de2aa412-e109-4bcf-b6e9-9d9ad0b05e22,634638dd-37cc-4f1e-b442-bc59bc3bfb7c,19375bde-4d5a-47e5-bc1f-92c3473be236,26.0,kg,0.0,False
1f96bf1f-ddfd-4332-a404-419ce6c5da37,2025-12-25,de2aa412-e109-4bcf-b6e9-9d9ad0b05e22,634638dd-37cc-4f1e-b442-bc59bc3bfb7c,19375bde-4d5a-47e5-bc1f-92c3473be236,23.0,kg,0.0,False
8c906392-9d1b-4868-9a4a-e1ef80b2d242,2025-12-26,de2aa412-e109-4bcf-b6e9-9d9ad0b05e22,634638dd-37cc-4f1e-b442-bc59bc3bfb7c,19375bde-4d5a-47e5-bc1f-92c3473be236,25.0,kg,0.0,False
6db0706e-90a1-4a55-a464-0b7e244e7671,2025-12-27,de2aa412-e109-4bcf-b6e9-9d9ad0b05e22,634638dd-37cc-4f1e-b442-bc59bc3bfb7c,19375bde-4d5a-47e5-bc1f-92c3473be236,19.0,kg,0.0,False
b964ff95-e1a2-4c54-b119-8dfd78ec0188,2025-12-28,de2aa412-e109-4bcf-b6e9-9d9ad0b05e22,634638dd-37cc-4f1e-b442-bc59bc3bfb7c,19375bde-4d5a-47e5-bc1f-92c3473be236,28.0,kg,0.0,False
dbb9bf91-3f7f-4827-9863-7b93b8c08646,2025-12-29,de2aa412-e109-4bcf-b6e9-9d9ad0b05e22,634638dd-37cc-4f1e-b442-bc59bc3bfb7c,19375bde-4d5a-47e5-bc1f-92c3473be236,27.0,kg,0.0,False
e9a7657c-5567-40a3-a627-6dc11e5f89ba,2025-12-30,de2aa412-e109-4bcf-b6e9-9d9ad0b05e22,634638dd-37cc-4f1e-b442-bc59bc3bfb7c,19375bde-4d5a-47e5-bc1f-92c3473be236,21.0,kg,0.0,False
f1acc45f-9511-4154-8cad-592366971d06,2025-12-31,de2aa412-e109-4bcf-b6e9-9d9ad0b05e22,634638dd-37cc-4f1e-b442-bc59bc3bfb7c,19375bde-4d5a-47e5-bc1f-92c3473be236,25.0,kg,0.0,False
abedd740-1348-4923-baa7-38bdaf0d35d2,2026-01-01,de2aa412-e109-4bcf-b6e9-9d9ad0b05e22,634638dd-37cc-4f1e-b442-bc59bc3bfb7c,19375bde-4d5a-47e5-bc1f-92c3473be236,27.0,kg,0.0,False
6f8e6f67-27e0-4902-add2-96cc4420fd8a,2026-01-02,de2aa412-e109-4bcf-b6e9-9d9ad0b05e22,634638dd-37cc-4f1e-b442-bc59bc3bfb7c,19375bde-4d5a-47e5-bc1f-92c3473be236,24.0,kg,0.0,False
2f131a0e-e19f-4961-ba98-4ae0ea61ecda,2026-01-03,de2aa412-e109-4bcf-b6e9-9d9ad0b05e22,634638dd-37cc-4f1e-b442-bc59bc3bfb7c,19375bde-4d5a-47e5-bc1f-92c3473be236,32.0,kg,0.0,False
ef53fd13-2a02-47f6-8ace-6a54d2848680,2026-01-04,de2aa412-e109-4bcf-b6e9-9d9ad0b05e22,634638dd-37cc-4f1e-b442-bc59bc3bfb7c,19375bde-4d5a-47e5-bc1f-92c3473be236,32.0,kg,0.0,True
2bbb97cd-9ba8-4ea5-9dbb-5e4fac10b0cb,2026-01-05,de2aa412-e109-4bcf-b6e9-9d9ad0b05e22,634638dd-37cc-4f1e-b442-bc59bc3bfb7c,19375bde-4d5a-47e5-bc1f-92c3473be236,24.0,kg,0.0,False
c0e6af32-0376-4a28-a6b0-3ea02d8e9417,2026-01-06,de2aa412-e109-4bcf-b6e9-9d9ad0b05e22,634638dd-37cc-4f1e-b442-bc59bc3bfb7c,19375bde-4d5a-47e5-bc1f-92c3473be236,28.0,kg,0.0,False
4d8bdf4f-74a4-4a25-9dae-4fc15ebbc5a5,2026-01-07,de2aa412-e109-4bcf-b6e9-9d9ad0b05e22,634638dd-37cc-4f1e-b442-bc59bc3bfb7c,19375bde-4d5a-47e5-bc1f-92c3473be236,26.0,kg,0.0,False
725b2e1c-71ea-4b58-908e-bd9ad0e27c66,2026-01-08,de2aa412-e109-4bcf-b6e9-9d9ad0b05e22,634638dd-37cc-4f1e-b442-bc59bc3bfb7c,19375bde-4d5a-47e5-bc1f-92c3473be236,23.0,kg,0.0,False
93aa11a8-8242-4439-8fcb-a40527a1ffcc,2026-01-09,de2aa412-e109-4bcf-b6e9-9d9ad0b05e22,634638dd-37cc-4f1e-b442-bc59bc3bfb7c,19375bde-4d5a-47e5-bc1f-92c3473be236,26.0,kg,0.0,False
923fb3e6-22f4-49dc-a688-6b0d941c172e,2026-01-10,de2aa412-e109-4bcf-b6e9-9d9ad0b05e22,634638dd-37cc-4f1e-b442-bc59bc3bfb7c,19375bde-4d5a-47e5-bc1f-92c3473be236,36.0,kg,0.0,False
939086ab-57e4-47d6-8cdf-70f857f5fa4e,2026-01-11,de2aa412-e109-4bcf-b6e9-9d9ad0b05e22,634638dd-37cc-4f1e-b442-bc59bc3bfb7c,19375bde-4d5a-47e5-bc1f-92c3473be236,21.0,kg,0.0,False
dab6d94b-14d5-4712-b6a5-383ddf8eef4e,2026-01-12,de2aa412-e109-4bcf-b6e9-9d9ad0b05e22,634638dd-37cc-4f1e-b442-bc59bc3bfb7c,19375bde-4d5a-47e5-bc1f-92c3473be236,30.0,kg,0.0,False
cafe1744-c203-4ee0-bda5-cac5d6ad9478,2026-01-13,de2aa412-e109-4bcf-b6e9-9d9ad0b05e22,634638dd-37cc-4f1e-b442-bc59bc3bfb7c,19375bde-4d5a-47e5-bc1f-92c3473be236,24.0,kg,0.0,False
2ad37f95-50dc-4b28-b753-7621c1e50fe2,2026-01-14,de2aa412-e109-4bcf-b6e9-9d9ad0b05e22,634638dd-37cc-4f1e-b442-bc59bc3bfb7c,19375bde-4d5a-47e5-bc1f-92c3473be236,27.0,kg,0.0,False
ef5a37b6-1a64-429c-b8bc-22abc8085ce4,2026-01-15,de2aa412-e109-4bcf-b6e9-9d9ad0b05e22,634638dd-37cc-4f1e-b442-bc59bc3bfb7c,19375bde-4d5a-47e5-bc1f-92c3473be236,31.0,kg,0.0,False
8412f637-55b7-4d05-bc88-c6ab2f106657,2026-01-16,de2aa412-e109-4bcf-b6e9-9d9ad0b05e22,634638dd-37cc-4f1e-b442-bc59bc3bfb7c,19375bde-4d5a-47e5-bc1f-92c3473be236,20.0,kg,0.0,False
691bdf09-f21b-49e7-8763-b507313247a9,2026-01-17,de2aa412-e109-4bcf-b6e9-9d9ad0b05e22,634638dd-37cc-4f1e-b442-bc59bc3bfb7c,19375bde-4d5a-47e5-bc1f-92c3473be236,29.0,kg,0.0,False
d72d8591-6d70-4cc0-b7de-c4dc37363df7,2026-01-18,de2aa412-e109-4bcf-b6e9-9d9ad0b05e22,634638dd-37cc-4f1e-b442-bc59bc3bfb7c,19375bde-4d5a-47e5-bc1f-92c3473be236,31.0,kg,0.0,False
53e96fd4-c9a5-487f-8299-336dc8338a2b,2026-01-19,de2aa412-e109-4bcf-b6e9-9d9ad0b05e22,634638dd-37cc-4f1e-b442-bc59bc3bfb7c,19375bde-4d5a-47e5-bc1f-92c3473be236,27.0,kg,0.0,True
a7d06785-18d8-46e5-91ef-0659802ff673,2026-01-20,de2aa412-e109-4bcf-b6e9-9d9ad0b05e22,634638dd-37cc-4f1e-b442-bc59bc3bfb7c,19375bde-4d5a-47e5-bc1f-92c3473be236,33.0,kg,0.0,False
776f3e51-a652-4a15-a8d9-48983420affa,2026-01-21,de2aa412-e109-4bcf-b6e9-9d9ad0b05e22,634638dd-37cc-4f1e-b442-bc59bc3bfb7c,19375bde-4d5a-47e5-bc1f-92c3473be236,22.0,kg,0.0,False
e1416f4f-2cae-457a-85a7-4bdd7ca1a934,2026-01-22,de2aa412-e109-4bcf-b6e9-9d9ad0b05e22,634638dd-37cc-4f1e-b442-bc59bc3bfb7c,19375bde-4d5a-47e5-bc1f-92c3473be236,29.0,kg,0.0,True
bd21b35c-0c30-4eae-a66b-123e79435077,2026-01-23,de2aa412-e109-4bcf-b6e9-9d9ad0b05e22,634638dd-37cc-4f1e-b442-bc59bc3bfb7c,19375bde-4d5a-47e5-bc1f-92c3473be236,27.0,kg,0.0,False
b866d290-5d0c-449c-9fa2-1a2897443247,2026-01-24,de2aa412-e109-4bcf-b6e9-9d9ad0b05e22,634638dd-37cc-4f1e-b442-bc59bc3bfb7c,19375bde-4d5a-47e5-bc1f-92c3473be236,26.0,kg,0.0,False
8b31ff57-8320-4901-a17f-02e30c454643,2026-01-25,de2aa412-e109-4bcf-b6e9-9d9ad0b05e22,634638dd-37cc-4f1e-b442-bc59bc3bfb7c,19375bde-4d5a-47e5-bc1f-92c3473be236,31.0,kg,0.0,False
cfd44b34-1d4e-42c3-ac35-a610ca7567cb,2026-01-26,de2aa412-e109-4bcf-b6e9-9d9ad0b05e22,634638dd-37cc-4f1e-b442-bc59bc3bfb7c,19375bde-4d5a-47e5-bc1f-92c3473be236,33.0,kg,0.0,True
a558db5e-9dc1-4d1d-88c3-eff60636303e,2026-01-27,de2aa412-e109-4bcf-b6e9-9d9ad0b05e22,634638dd-37cc-4f1e-b442-bc59bc3bfb7c,19375bde-4d5a-47e5-bc1f-92c3473be236,25.0,kg,0.0,False
40884a7c-a3a6-40c9-ab03-d0b603974551,2026-01-28,de2aa412-e109-4bcf-b6e9-9d9ad0b05e22,634638dd-37cc-4f1e-b442-bc59bc3bfb7c,19375bde-4d5a-47e5-bc1f-92c3473be236,26.0,kg,0.0,False
1fddb9c0-46d8-4915-961e-8e2079db0471,2026-01-29,de2aa412-e109-4bcf-b6e9-9d9ad0b05e22,634638dd-37cc-4f1e-b442-bc59bc3bfb7c,19375bde-4d5a-47e5-bc1f-92c3473be236,24.0,kg,0.0,False
ba9ee413-9627-4f60-a539-f1355e44b8d9,2026-01-30,de2aa412-e109-4bcf-b6e9-9d9ad0b05e22,634638dd-37cc-4f1e-b442-bc59bc3bfb7c,19375bde-4d5a-47e5-bc1f-92c3473be236,20.0,kg,0.0,False
56aca7ea-042c-4efe-8b51-2e01649ba8be,2026-01-31,de2aa412-e109-4bcf-b6e9-9d9ad0b05e22,634638dd-37cc-4f1e-b442-bc59bc3bfb7c,19375bde-4d5a-47e5-bc1f-92c3473be236,35.0,kg,0.0,False
eeadecbe-aa35-4abf-b254-859f7e64b6d6,2026-02-01,de2aa412-e109-4bcf-b6e9-9d9ad0b05e22,634638dd-37cc-4f1e-b442-bc59bc3bfb7c,19375bde-4d5a-47e5-bc1f-92c3473be236,43.0,kg,0.0,False
0a19d976-bb28-4a18-8456-3b33053e60d7,2026-02-02,de2aa412-e109-4bcf-b6e9-9d9ad0b05e22,634638dd-37cc-4f1e-b442-bc59bc3bfb7c,19375bde-4d5a-47e5-bc1f-92c3473be236,27.0,kg,0.0,False
098383b2-03d4-4aa9-b8be-685a41df40db,2026-02-03,de2aa412-e109-4bcf-b6e9-9d9ad0b05e22,634638dd-37cc-4f1e-b442-bc59bc3bfb7c,19375bde-4d5a-47e5-bc1f-92c3473be236,33.0,kg,0.0,True
226f7cb5-32bb-4129-8810-a55604f25dcd,2026-02-04,de2aa412-e109-4bcf-b6e9-9d9ad0b05e22,634638dd-37cc-4f1e-b442-bc59bc3bfb7c,19375bde-4d5a-47e5-bc1f-92c3473be236,30.0,kg,0.0,False
cf58c06c-2c6c-416e-9631-5d4bc1b83c58,2026-02-05,de2aa412-e109-4bcf-b6e9-9d9ad0b05e22,634638dd-37cc-4f1e-b442-bc59bc3bfb7c,19375bde-4d5a-47e5-bc1f-92c3473be236,21.0,kg,0.0,False
872a128c-b2c7-496c-a7f6-d633d9dcd37f,2026-02-06,de2aa412-e109-4bcf-b6e9-9d9ad0b05e22,634638dd-37cc-4f1e-b442-bc59bc3bfb7c,19375bde-4d5a-47e5-bc1f-92c3473be236,34.0,kg,0.0,False
cc55e716-142b-49e7-928a-4f4e28fda5c0,2026-02-07,de2aa412-e109-4bcf-b6e9-9d9ad0b05e22,634638dd-37cc-4f1e-b442-bc59bc3bfb7c,19375bde-4d5a-47e5-bc1f-92c3473be236,35.0,kg,0.0,False
3a51749c-69ac-4106-81b8-48d2fb3fff25,2026-02-08,de2aa412-e109-4bcf-b6e9-9d9ad0b05e22,634638dd-37cc-4f1e-b442-bc59bc3bfb7c,19375bde-4d5a-47e5-bc1f-92c3473be236,42.0,kg,0.0,False
6ef63176-cff2-487f-8ce5-9d0b55f27cf0,2026-02-09,de2aa412-e109-4bcf-b6e9-9d9ad0b05e22,634638dd-37cc-4f1e-b442-bc59bc3bfb7c,19375bde-4d5a-47e5-bc1f-92c3473be236,24.0,kg,0.0,False
f0de9ede-0bba-40ad-8601-ee1d6813d2c1,2026-02-10,de2aa412-e109-4bcf-b6e9-9d9ad0b05e22,634638dd-37cc-4f1e-b442-bc59bc3bfb7c,19375bde-4d5a-47e5-bc1f-92c3473be236,35.0,kg,0.0,False
a625602f-3407-459c-a294-555d746a54eb,2026-02-11,de2aa412-e109-4bcf-b6e9-9d9ad0b05e22,634638dd-37cc-4f1e-b442-bc59bc3bfb7c,19375bde-4d5a-47e5-bc1f-92c3473be236,30.0,kg,0.0,False
7e43e881-770d-4971-8e77-d18bc898a88f,2026-02-12,de2aa412-e109-4bcf-b6e9-9d9ad0b05e22,634638dd-37cc-4f1e-b442-bc59bc3bfb7c,19375bde-4d5a-47e5-bc1f-92c3473be236,29.0,kg,0.0,False
a209d0d6-a507-4f95-9efb-cc9728c8e36c,2026-02-13,de2aa412-e109-4bcf-b6e9-9d9ad0b05e22,634638dd-37cc-4f1e-b442-bc59bc3bfb7c,19375bde-4d5a-47e5-bc1f-92c3473be236,28.0,kg,0.0,False
74173fc1-f703-4511-9328-f4fc78d2c772,2026-02-14,de2aa412-e109-4bcf-b6e9-9d9ad0b05e22,634638dd-37cc-4f1e-b442-bc59bc3bfb7c,19375bde-4d5a-47e5-bc1f-92c3473be236,33.0,kg,0.0,False
1d02b322-6f59-4af3-811c-2829f6e3cd49,2026-02-15,de2aa412-e109-4bcf-b6e9-9d9ad0b05e22,634638dd-37cc-4f1e-b442-bc59bc3bfb7c,19375bde-4d5a-47e5-bc1f-92c3473be236,40.0,kg,0.0,False
c6ef65ba-82ad-4a31-826e-0d73e6e6fb38,2026-02-16,de2aa412-e109-4bcf-b6e9-9d9ad0b05e22,634638dd-37cc-4f1e-b442-bc59bc3bfb7c,19375bde-4d5a-47e5-bc1f-92c3473be236,28.0,kg,0.0,False
0a775576-4b03-4a3e-9279-ffb7b0d40da4,2026-02-17,de2aa412-e109-4bcf-b6e9-9d9ad0b05e22,634638dd-37cc-4f1e-b442-bc59bc3bfb7c,19375bde-4d5a-47e5-bc1f-92c3473be236,19.0,kg,0.0,False
44df2741-85cf-4731-aa0b-3098732c8d82,2026-02-18,de2aa412-e109-4bcf-b6e9-9d9ad0b05e22,634638dd-37cc-4f1e-b442-bc59bc3bfb7c,19375bde-4d5a-47e5-bc1f-92c3473be236,22.0,kg,0.0,False
6b6c0b7f-3ebd-4dd3-8598-f023a7be00f4,2026-02-19,de2aa412-e109-4bcf-b6e9-9d9ad0b05e22,634638dd-37cc-4f1e-b442-bc59bc3bfb7c,19375bde-4d5a-47e5-bc1f-92c3473be236,26.0,kg,0.0,False
68091262-02b0-4a54-8a08-26b9edbb4076,2026-02-20,de2aa412-e109-4bcf-b6e9-9d9ad0b05e22,634638dd-37cc-4f1e-b442-bc59bc3bfb7c,19375bde-4d5a-47e5-bc1f-92c3473be236,34.0,kg,0.0,True
22ef4629-209d-411c-ad88-e5e1d1809eea,2026-02-21,de2aa412-e109-4bcf-b6e9-9d9ad0b05e22,634638dd-37cc-4f1e-b442-bc59bc3bfb7c,19375bde-4d5a-47e5-bc1f-92c3473be236,41.0,kg,0.0,True
6066cdaa-6388-46c3-bdfc-d0ac0ff98c84,2026-02-22,de2aa412-e109-4bcf-b6e9-9d9ad0b05e22,634638dd-37cc-4f1e-b442-bc59bc3bfb7c,19375bde-4d5a-47e5-bc1f-92c3473be236,41.0,kg,0.0,False
b0a8ef8e-b33c-499d-927c-504f9ef27873,2026-02-23,de2aa412-e109-4bcf-b6e9-9d9ad0b05e22,634638dd-37cc-4f1e-b442-bc59bc3bfb7c,19375bde-4d5a-47e5-bc1f-92c3473be236,19.0,kg,0.0,False
2c14d449-43a9-4284-9e8d-ff05c704a9c1,2026-02-24,de2aa412-e109-4bcf-b6e9-9d9ad0b05e22,634638dd-37cc-4f1e-b442-bc59bc3bfb7c,19375bde-4d5a-47e5-bc1f-92c3473be236,28.0,kg,0.0,False
5c9388f8-aa84-41da-b28b-b58de1932329,2026-02-25,de2aa412-e109-4bcf-b6e9-9d9ad0b05e22,634638dd-37cc-4f1e-b442-bc59bc3bfb7c,19375bde-4d5a-47e5-bc1f-92c3473be236,19.0,kg,0.0,False
4957b68f-e07e-45ba-9209-d36fe46896dc,2026-02-26,de2aa412-e109-4bcf-b6e9-9d9ad0b05e22,634638dd-37cc-4f1e-b442-bc59bc3bfb7c,19375bde-4d5a-47e5-bc1f-92c3473be236,31.0,kg,0.0,False
3d4deb29-1a25-42ad-81e1-91c936de3217,2026-02-27,de2aa412-e109-4bcf-b6e9-9d9ad0b05e22,634638dd-37cc-4f1e-b442-bc59bc3bfb7c,19375bde-4d5a-47e5-bc1f-92c3473be236,27.0,kg,0.0,False
a28b4ca3-bfa6-423a-a448-9618c4b3ecc8,2026-02-28,de2aa412-e109-4bcf-b6e9-9d9ad0b05e22,634638dd-37cc-4f1e-b442-bc59bc3bfb7c,19375bde-4d5a-47e5-bc1f-92c3473be236,37.0,kg,0.0,False
1bb77b22-8c00-4ac4-a4d3-a4f9eae1dae3,2026-03-01,de2aa412-e109-4bcf-b6e9-9d9ad0b05e22,634638dd-37cc-4f1e-b442-bc59bc3bfb7c,19375bde-4d5a-47e5-bc1f-92c3473be236,30.0,kg,0.0,False
902b40b7-7060-49ff-ad8c-7d01994d052c,2026-03-02,de2aa412-e109-4bcf-b6e9-9d9ad0b05e22,634638dd-37cc-4f1e-b442-bc59bc3bfb7c,19375bde-4d5a-47e5-bc1f-92c3473be236,33.0,kg,0.0,False
e5ec1f05-94bb-4f68-b8e4-a2941d38b423,2026-03-03,de2aa412-e109-4bcf-b6e9-9d9ad0b05e22,634638dd-37cc-4f1e-b442-bc59bc3bfb7c,19375bde-4d5a-47e5-bc1f-92c3473be236,32.0,kg,0.0,False
9abd3992-d458-4823-93b1-61ac2cdd755f,2026-03-04,de2aa412-e109-4bcf-b6e9-9d9ad0b05e22,634638dd-37cc-4f1e-b442-bc59bc3bfb7c,19375bde-4d5a-47e5-bc1f-92c3473be236,36.0,kg,0.0,True
04fbc466-295b-428d-a553-24456174f162,2026-03-05,de2aa412-e109-4bcf-b6e9-9d9ad0b05e22,634638dd-37cc-4f1e-b442-bc59bc3bfb7c,19375bde-4d5a-47e5-bc1f-92c3473be236,27.0,kg,0.0,False
2eb47521-2139-47c7-9471-54d3a8e82921,2026-03-06,de2aa412-e109-4bcf-b6e9-9d9ad0b05e22,634638dd-37cc-4f1e-b442-bc59bc3bfb7c,19375bde-4d5a-47e5-bc1f-92c3473be236,30.0,kg,0.0,False
0dbc027e-6276-494e-82b7-1cfca6b83b3f,2026-03-07,de2aa412-e109-4bcf-b6e9-9d9ad0b05e22,634638dd-37cc-4f1e-b442-bc59bc3bfb7c,19375bde-4d5a-47e5-bc1f-92c3473be236,31.0,kg,0.0,False
060f881c-921b-4e6d-826a-b9f4c1352dbe,2026-03-08,de2aa412-e109-4bcf-b6e9-9d9ad0b05e22,634638dd-37cc-4f1e-b442-bc59bc3bfb7c,19375bde-4d5a-47e5-bc1f-92c3473be236,39.0,kg,0.0,False
947260fe-a5d2-4a52-a760-4d9880b42c0e,2026-03-09,de2aa412-e109-4bcf-b6e9-9d9ad0b05e22,634638dd-37cc-4f1e-b442-bc59bc3bfb7c,19375bde-4d5a-47e5-bc1f-92c3473be236,35.0,kg,0.0,False
950d9647-0132-49b7-9602-5551b129b1fe,2026-03-10,de2aa412-e109-4bcf-b6e9-9d9ad0b05e22,634638dd-37cc-4f1e-b442-bc59bc3bfb7c,19375bde-4d5a-47e5-bc1f-92c3473be236,33.0,kg,0.0,False
ed05b491-f892-4d6d-a696-2c627ba8b282,2026-03-11,de2aa412-e109-4bcf-b6e9-9d9ad0b05e22,634638dd-37cc-4f1e-b442-bc59bc3bfb7c,19375bde-4d5a-47e5-bc1f-92c3473be236,29.0,kg,0.0,True
1b8466a9-9b59-4bd7-b410-d28d8e39bc5b,2026-03-12,de2aa412-e109-4bcf-b6e9-9d9ad0b05e22,634638dd-37cc-4f1e-b442-bc59bc3bfb7c,19375bde-4d5a-47e5-bc1f-92c3473be236,29.0,kg,0.0,False
98a25997-3160-4adb-8fab-4bd28cec65f2,2026-03-13,de2aa412-e109-4bcf-b6e9-9d9ad0b05e22,634638dd-37cc-4f1e-b442-bc59bc3bfb7c,19375bde-4d5a-47e5-bc1f-92c3473be236,22.0,kg,0.0,False
0444edf8-2696-456e-8df7-acd792d344f0,2026-03-14,de2aa412-e109-4bcf-b6e9-9d9ad0b05e22,634638dd-37cc-4f1e-b442-bc59bc3bfb7c,19375bde-4d5a-47e5-bc1f-92c3473be236,38.0,kg,0.0,False
951bb465-a71b-499d-b032-7dcfe57acb7a,2026-03-15,de2aa412-e109-4bcf-b6e9-9d9ad0b05e22,634638dd-37cc-4f1e-b442-bc59bc3bfb7c,19375bde-4d5a-47e5-bc1f-92c3473be236,37.0,kg,0.0,False
c0a67ea7-0874-4354-865b-fa4c5073436f,2026-03-16,de2aa412-e109-4bcf-b6e9-9d9ad0b05e22,634638dd-37cc-4f1e-b442-bc59bc3bfb7c,19375bde-4d5a-47e5-bc1f-92c3473be236,20.0,kg,0.0,False
a2a9abc2-6d77-4c56-903f-080d5047e662,2026-03-17,de2aa412-e109-4bcf-b6e9-9d9ad0b05e22,634638dd-37cc-4f1e-b442-bc59bc3bfb7c,19375bde-4d5a-47e5-bc1f-92c3473be236,23.0,kg,0.0,False
9545f79d-1af3-4c7f-ba52-c40ad1815bea,2026-03-18,de2aa412-e109-4bcf-b6e9-9d9ad0b05e22,634638dd-37cc-4f1e-b442-bc59bc3bfb7c,19375bde-4d5a-47e5-bc1f-92c3473be236,27.0,kg,0.0,False
ccf41570-140c-457b-8c6e-20f39e5ec078,2026-03-19,de2aa412-e109-4bcf-b6e9-9d9ad0b05e22,634638dd-37cc-4f1e-b442-bc59bc3bfb7c,19375bde-4d5a-47e5-bc1f-92c3473be236,27.0,kg,0.0,False
248cb771-253c-4cf8-bfea-d60939bd2dfa,2026-03-20,de2aa412-e109-4bcf-b6e9-9d9ad0b05e22,634638dd-37cc-4f1e-b442-bc59bc3bfb7c,19375bde-4d5a-47e5-bc1f-92c3473be236,27.0,kg,0.0,True
7a249f50-824c-45de-9615-db528a22879c,2026-03-21,de2aa412-e109-4bcf-b6e9-9d9ad0b05e22,634638dd-37cc-4f1e-b442-bc59bc3bfb7c,19375bde-4d5a-47e5-bc1f-92c3473be236,37.0,kg,0.0,False
ccbee8ca-e800-412f-a51f-ba9890169029,2026-03-22,de2aa412-e109-4bcf-b6e9-9d9ad0b05e22,634638dd-37cc-4f1e-b442-bc59bc3bfb7c,19375bde-4d5a-47e5-bc1f-92c3473be236,44.0,kg,0.0,True
0a2b1464-2299-489b-bf3f-53bcca81f06c,2026-03-23,de2aa412-e109-4bcf-b6e9-9d9ad0b05e22,634638dd-37cc-4f1e-b442-bc59bc3bfb7c,19375bde-4d5a-47e5-bc1f-92c3473be236,27.0,kg,0.0,False
28c23405-d0df-45f6-a0e3-c8533f495dd2,2026-03-24,de2aa412-e109-4bcf-b6e9-9d9ad0b05e22,634638dd-37cc-4f1e-b442-bc59bc3bfb7c,19375bde-4d5a-47e5-bc1f-92c3473be236,25.0,kg,0.0,False
c751c106-0d05-4716-81f1-6961f5fa112a,2026-03-25,de2aa412-e109-4bcf-b6e9-9d9ad0b05e22,634638dd-37cc-4f1e-b442-bc59bc3bfb7c,19375bde-4d5a-47e5-bc1f-92c3473be236,33.0,kg,0.0,False
3bc6f7f7-3ee3-4c39-a709-00fe57591ab5,2026-03-26,de2aa412-e109-4bcf-b6e9-9d9ad0b05e22,634638dd-37cc-4f1e-b442-bc59bc3bfb7c,19375bde-4d5a-47e5-bc1f-92c3473be236,35.0,kg,0.0,False
815b3f9b-ae5b-43f0-803a-7e2147f7ff19,2026-03-27,de2aa412-e109-4bcf-b6e9-9d9ad0b05e22,634638dd-37cc-4f1e-b442-bc59bc3bfb7c,19375bde-4d5a-47e5-bc1f-92c3473be236,26.0,kg,0.0,False
66aef0fa-7f45-402a-aaf0-c9b45a451f09,2026-03-28,de2aa412-e109-4bcf-b6e9-9d9ad0b05e22,634638dd-37cc-4f1e-b442-bc59bc3bfb7c,19375bde-4d5a-47e5-bc1f-92c3473be236,32.0,kg,0.0,False
af3d78f5-1fb8-4492-998a-b70cae15b8ad,2026-03-29,de2aa412-e109-4bcf-b6e9-9d9ad0b05e22,634638dd-37cc-4f1e-b442-bc59bc3bfb7c,19375bde-4d5a-47e5-bc1f-92c3473be236,38.0,kg,0.0,False
061d416d-82f4-41f0-9c3d-e17100de6647,2026-03-30,de2aa412-e109-4bcf-b6e9-9d9ad0b05e22,634638dd-37cc-4f1e-b442-bc59bc3bfb7c,19375bde-4d5a-47e5-bc1f-92c3473be236,26.0,kg,0.0,False
25cc94b0-83bb-4d2a-aecf-4e26dbc25b36,2026-03-31,de2aa412-e109-4bcf-b6e9-9d9ad0b05e22,634638dd-37cc-4f1e-b442-bc59bc3bfb7c,19375bde-4d5a-47e5-bc1f-92c3473be236,27.0,kg,0.0,False
af645ccd-9929-49b8-b147-c5549c8041d1,2026-04-01,de2aa412-e109-4bcf-b6e9-9d9ad0b05e22,634638dd-37cc-4f1e-b442-bc59bc3bfb7c,19375bde-4d5a-47e5-bc1f-92c3473be236,31.0,kg,0.0,False
5f3b716e-e94b-4599-beb3-7ba1a0c2ba10,2026-04-02,de2aa412-e109-4bcf-b6e9-9d9ad0b05e22,634638dd-37cc-4f1e-b442-bc59bc3bfb7c,19375bde-4d5a-47e5-bc1f-92c3473be236,19.0,kg,0.0,False
4e2501c2-9ba1-4ec4-a9ff-ebfd62ba6e64,2026-04-03,de2aa412-e109-4bcf-b6e9-9d9ad0b05e22,634638dd-37cc-4f1e-b442-bc59bc3bfb7c,19375bde-4d5a-47e5-bc1f-92c3473be236,34.0,kg,0.0,False
a1368126-4277-4e07-b7e3-f29ba25af80d,2026-04-04,de2aa412-e109-4bcf-b6e9-9d9ad0b05e22,634638dd-37cc-4f1e-b442-bc59bc3bfb7c,19375bde-4d5a-47e5-bc1f-92c3473be236,35.0,kg,0.0,False
2ecc71f1-8722-4304-82f9-d478d8145f9b,2026-04-05,de2aa412-e109-4bcf-b6e9-9d9ad0b05e22,634638dd-37cc-4f1e-b442-bc59bc3bfb7c,19375bde-4d5a-47e5-bc1f-92c3473be236,33.0,kg,0.0,False
c62cea10-e2fe-4a99-8d1e-18582b22ccee,2026-04-06,de2aa412-e109-4bcf-b6e9-9d9ad0b05e22,634638dd-37cc-4f1e-b442-bc59bc3bfb7c,19375bde-4d5a-47e5-bc1f-92c3473be236,28.0,kg,0.0,False
c1b97e62-f50d-4c6c-9261-483288838dcf,2026-04-07,de2aa412-e109-4bcf-b6e9-9d9ad0b05e22,634638dd-37cc-4f1e-b442-bc59bc3bfb7c,19375bde-4d5a-47e5-bc1f-92c3473be236,28.0,kg,0.0,False
954f8b3a-24cf-40a8-8865-c1c81a4f9b6f,2026-04-08,de2aa412-e109-4bcf-b6e9-9d9ad0b05e22,634638dd-37cc-4f1e-b442-bc59bc3bfb7c,19375bde-4d5a-47e5-bc1f-92c3473be236,20.0,kg,0.0,False
9d276ae5-bb60-42e1-8245-9ceb5fc138a7,2026-04-09,de2aa412-e109-4bcf-b6e9-9d9ad0b05e22,634638dd-37cc-4f1e-b442-bc59bc3bfb7c,19375bde-4d5a-47e5-bc1f-92c3473be236,35.0,kg,0.0,False
d148869b-a1c9-4c58-8f0c-b2f23b4f9aa0,2026-04-10,de2aa412-e109-4bcf-b6e9-9d9ad0b05e22,634638dd-37cc-4f1e-b442-bc59bc3bfb7c,19375bde-4d5a-47e5-bc1f-92c3473be236,28.0,kg,0.0,False
82a32cb4-7899-4b0b-8176-e61012ae1343,2026-04-11,de2aa412-e109-4bcf-b6e9-9d9ad0b05e22,634638dd-37cc-4f1e-b442-bc59bc3bfb7c,19375bde-4d5a-47e5-bc1f-92c3473be236,37.0,kg,0.0,False
5dc59aff-1990-4c85-9dd9-cbfdb6edf09a,2026-04-12,de2aa412-e109-4bcf-b6e9-9d9ad0b05e22,634638dd-37cc-4f1e-b442-bc59bc3bfb7c,19375bde-4d5a-47e5-bc1f-92c3473be236,40.0,kg,0.0,False
454ed6e6-9363-4ac4-bb8f-fece058885d8,2026-04-13,de2aa412-e109-4bcf-b6e9-9d9ad0b05e22,634638dd-37cc-4f1e-b442-bc59bc3bfb7c,19375bde-4d5a-47e5-bc1f-92c3473be236,23.0,kg,0.0,False
1bafd37e-5fd3-4ad1-ba65-cbf49a6ef2f1,2026-04-14,de2aa412-e109-4bcf-b6e9-9d9ad0b05e22,634638dd-37cc-4f1e-b442-bc59bc3bfb7c,19375bde-4d5a-47e5-bc1f-92c3473be236,30.0,kg,0.0,False
9ccccadb-dc89-4769-a182-5f6fd3ce7a7c,2026-04-15,de2aa412-e109-4bcf-b6e9-9d9ad0b05e22,634638dd-37cc-4f1e-b442-bc59bc3bfb7c,19375bde-4d5a-47e5-bc1f-92c3473be236,27.0,kg,0.0,False
3a4cd1ab-45ba-4f09-97b0-8fafdfd2876e,2026-04-16,de2aa412-e109-4bcf-b6e9-9d9ad0b05e22,634638dd-37cc-4f1e-b442-bc59bc3bfb7c,19375bde-4d5a-47e5-bc1f-92c3473be236,32.0,kg,0.0,False
8a7d8823-1d59-48d9-bc08-379c52cb74a0,2026-04-17,de2aa412-e109-4bcf-b6e9-9d9ad0b05e22,634638dd-37cc-4f1e-b442-bc59bc3bfb7c,19375bde-4d5a-47e5-bc1f-92c3473be236,18.0,kg,0.0,False
567cb5bb-b503-4ca0-81e2-3e0a0c3624c0,2026-04-18,de2aa412-e109-4bcf-b6e9-9d9ad0b05e22,634638dd-37cc-4f1e-b442-bc59bc3bfb7c,19375bde-4d5a-47e5-bc1f-92c3473be236,34.0,kg,0.0,False
a0a006ce-962f-4e89-82b6-ae0e2a535171,2026-04-19,de2aa412-e109-4bcf-b6e9-9d9ad0b05e22,634638dd-37cc-4f1e-b442-bc59bc3bfb7c,19375bde-4d5a-47e5-bc1f-92c3473be236,31.0,kg,0.0,False
43fc6e0f-dd7c-45dc-a1a5-15eb27370d3c,2026-04-20,de2aa412-e109-4bcf-b6e9-9d9ad0b05e22,634638dd-37cc-4f1e-b442-bc59bc3bfb7c,19375bde-4d5a-47e5-bc1f-92c3473be236,36.0,kg,0.0,True
522ec489-81e9-4522-8f94-b35724eba9b0,2026-04-21,de2aa412-e109-4bcf-b6e9-9d9ad0b05e22,634638dd-37cc-4f1e-b442-bc59bc3bfb7c,19375bde-4d5a-47e5-bc1f-92c3473be236,30.0,kg,0.0,False
0f8899f0-7be3-471d-ba38-bed735bfcde6,2026-04-22,de2aa412-e109-4bcf-b6e9-9d9ad0b05e22,634638dd-37cc-4f1e-b442-bc59bc3bfb7c,19375bde-4d5a-47e5-bc1f-92c3473be236,25.0,kg,0.0,False
f1745d32-f820-461d-abbb-16a99ab81ff7,2026-04-23,de2aa412-e109-4bcf-b6e9-9d9ad0b05e22,634638dd-37cc-4f1e-b442-bc59bc3bfb7c,19375bde-4d5a-47e5-bc1f-92c3473be236,25.0,kg,0.0,False
34a4aff9-b52e-4c2a-9026-bed92ca0176f,2026-04-24,de2aa412-e109-4bcf-b6e9-9d9ad0b05e22,634638dd-37cc-4f1e-b442-bc59bc3bfb7c,19375bde-4d5a-47e5-bc1f-92c3473be236,33.0,kg,0.0,True
0aafe6b7-e3d4-4d0b-a740-d2882588f1ae,2026-04-25,de2aa412-e109-4bcf-b6e9-9d9ad0b05e22,634638dd-37cc-4f1e-b442-bc59bc3bfb7c,19375bde-4d5a-47e5-bc1f-92c3473be236,30.0,kg,0.0,False
9b41b2f7-3bca-47c1-9b28-94d9430af6c2,2026-04-26,de2aa412-e109-4bcf-b6e9-9d9ad0b05e22,634638dd-37cc-4f1e-b442-bc59bc3bfb7c,19375bde-4d5a-47e5-bc1f-92c3473be236,39.0,kg,0.0,False
1046c37a-1e23-42a8-8508-5e8a10389ccf,2026-04-27,de2aa412-e109-4bcf-b6e9-9d9ad0b05e22,634638dd-37cc-4f1e-b442-bc59bc3bfb7c,19375bde-4d5a-47e5-bc1f-92c3473be236,26.0,kg,0.0,False
992ea8c3-ca17-43c9-8b65-64e3f746215d,2026-04-28,de2aa412-e109-4bcf-b6e9-9d9ad0b05e22,634638dd-37cc-4f1e-b442-bc59bc3bfb7c,19375bde-4d5a-47e5-bc1f-92c3473be236,15.0,kg,0.0,False
c1474e90-727e-44bd-bd9a-4b96d3451430,2026-04-29,de2aa412-e109-4bcf-b6e9-9d9ad0b05e22,634638dd-37cc-4f1e-b442-bc59bc3bfb7c,19375bde-4d5a-47e5-bc1f-92c3473be236,26.0,kg,0.0,False
a929f88b-5173-4370-afe2-359e70d11b6b,2026-04-30,de2aa412-e109-4bcf-b6e9-9d9ad0b05e22,634638dd-37cc-4f1e-b442-bc59bc3bfb7c,19375bde-4d5a-47e5-bc1f-92c3473be236,23.0,kg,0.0,False
e4b07d9f-2d55-42d8-9fc8-6e576a153966,2026-05-01,de2aa412-e109-4bcf-b6e9-9d9ad0b05e22,634638dd-37cc-4f1e-b442-bc59bc3bfb7c,19375bde-4d5a-47e5-bc1f-92c3473be236,20.0,kg,0.0,False
743d7f6c-a863-43a5-933c-44b2cbe4b290,2026-05-02,de2aa412-e109-4bcf-b6e9-9d9ad0b05e22,634638dd-37cc-4f1e-b442-bc59bc3bfb7c,19375bde-4d5a-47e5-bc1f-92c3473be236,28.0,kg,0.0,False
0b16ea99-3c74-480b-881e-0d90ba7fc989,2026-05-03,de2aa412-e109-4bcf-b6e9-9d9ad0b05e22,634638dd-37cc-4f1e-b442-bc59bc3bfb7c,19375bde-4d5a-47e5-bc1f-92c3473be236,35.0,kg,0.0,False
0c98561a-ecc4-49bc-adfe-dcf0f26b2487,2026-05-04,de2aa412-e109-4bcf-b6e9-9d9ad0b05e22,634638dd-37cc-4f1e-b442-bc59bc3bfb7c,19375bde-4d5a-47e5-bc1f-92c3473be236,33.0,kg,0.0,False
04860445-388f-4eda-935b-f234669b5708,2026-05-05,de2aa412-e109-4bcf-b6e9-9d9ad0b05e22,634638dd-37cc-4f1e-b442-bc59bc3bfb7c,19375bde-4d5a-47e5-bc1f-92c3473be236,29.0,kg,0.0,False
5f1b6ef6-132a-45d0-8c3b-fa90bd0cf970,2026-05-06,de2aa412-e109-4bcf-b6e9-9d9ad0b05e22,634638dd-37cc-4f1e-b442-bc59bc3bfb7c,19375bde-4d5a-47e5-bc1f-92c3473be236,25.0,kg,0.0,False
4cf3fff8-8e54-4424-b8ff-cafb49bad381,2026-05-07,de2aa412-e109-4bcf-b6e9-9d9ad0b05e22,634638dd-37cc-4f1e-b442-bc59bc3bfb7c,19375bde-4d5a-47e5-bc1f-92c3473be236,29.0,kg,0.0,False
45244f82-96f0-4cfd-968f-8c7977df3044,2026-05-08,de2aa412-e109-4bcf-b6e9-9d9ad0b05e22,634638dd-37cc-4f1e-b442-bc59bc3bfb7c,19375bde-4d5a-47e5-bc1f-92c3473be236,25.0,kg,0.0,False
4c84f07d-8958-4723-aab9-95c82e77dee8,2026-05-09,de2aa412-e109-4bcf-b6e9-9d9ad0b05e22,634638dd-37cc-4f1e-b442-bc59bc3bfb7c,19375bde-4d5a-47e5-bc1f-92c3473be236,30.0,kg,0.0,False
a1a5828a-c811-4c7e-8d52-b9ff64fc90c6,2026-05-10,de2aa412-e109-4bcf-b6e9-9d9ad0b05e22,634638dd-37cc-4f1e-b442-bc59bc3bfb7c,19375bde-4d5a-47e5-bc1f-92c3473be236,28.0,kg,0.0,False
88cccb6e-f5b6-47de-b41b-35bce80a8cc8,2026-05-11,de2aa412-e109-4bcf-b6e9-9d9ad0b05e22,634638dd-37cc-4f1e-b442-bc59bc3bfb7c,19375bde-4d5a-47e5-bc1f-92c3473be236,20.0,kg,0.0,False
6f81c240-bdb9-4bb4-878c-3b9b7eb88dd3,2026-05-12,de2aa412-e109-4bcf-b6e9-9d9ad0b05e22,634638dd-37cc-4f1e-b442-bc59bc3bfb7c,19375bde-4d5a-47e5-bc1f-92c3473be236,26.0,kg,0.0,False
2c6661d9-f610-4da9-a6fa-0a144c54fd72,2026-05-13,de2aa412-e109-4bcf-b6e9-9d9ad0b05e22,634638dd-37cc-4f1e-b442-bc59bc3bfb7c,19375bde-4d5a-47e5-bc1f-92c3473be236,28.0,kg,0.0,False
d8b29947-53e3-4178-bbcf-d31a31f71a8f,2026-05-14,de2aa412-e109-4bcf-b6e9-9d9ad0b05e22,634638dd-37cc-4f1e-b442-bc59bc3bfb7c,19375bde-4d5a-47e5-bc1f-92c3473be236,27.0,kg,0.0,False
329ca4e8-c1a4-4f8a-a511-af03bdb993a1,2026-05-15,de2aa412-e109-4bcf-b6e9-9d9ad0b05e22,634638dd-37cc-4f1e-b442-bc59bc3bfb7c,19375bde-4d5a-47e5-bc1f-92c3473be236,25.0,kg,0.0,False
ef2b3e73-e1b7-46b4-bb76-57a54ff7f1f9,2026-05-16,de2aa412-e109-4bcf-b6e9-9d9ad0b05e22,634638dd-37cc-4f1e-b442-bc59bc3bfb7c,19375bde-4d5a-47e5-bc1f-92c3473be236,29.0,kg,0.0,False
3cc4e4ea-07e0-4fed-9f8e-38ef92e326e0,2026-05-17,de2aa412-e109-4bcf-b6e9-9d9ad0b05e22,634638dd-37cc-4f1e-b442-bc59bc3bfb7c,19375bde-4d5a-47e5-bc1f-92c3473be236,37.0,kg,0.0,False
581b69d2-0dc5-47c0-a49b-96a8ee7e66fc,2026-05-18,de2aa412-e109-4bcf-b6e9-9d9ad0b05e22,634638dd-37cc-4f1e-b442-bc59bc3bfb7c,19375bde-4d5a-47e5-bc1f-92c3473be236,26.0,kg,0.0,True
70318e10-92a2-4d65-8011-611a13f9241f,2026-05-19,de2aa412-e109-4bcf-b6e9-9d9ad0b05e22,634638dd-37cc-4f1e-b442-bc59bc3bfb7c,19375bde-4d5a-47e5-bc1f-92c3473be236,30.0,kg,0.0,False
bf4d3abb-a4c8-4dcd-adf6-bc93099a1a42,2026-05-20,de2aa412-e109-4bcf-b6e9-9d9ad0b05e22,634638dd-37cc-4f1e-b442-bc59bc3bfb7c,19375bde-4d5a-47e5-bc1f-92c3473be236,23.0,kg,0.0,False
06c7d53a-984b-4395-9ad8-fcad2f4d7c33,2026-05-21,de2aa412-e109-4bcf-b6e9-9d9ad0b05e22,634638dd-37cc-4f1e-b442-bc59bc3bfb7c,19375bde-4d5a-47e5-bc1f-92c3473be236,24.0,kg,0.0,False
f732aabe-50c8-4aed-b953-996e61c3d391,2026-05-22,de2aa412-e109-4bcf-b6e9-9d9ad0b05e22,634638dd-37cc-4f1e-b442-bc59bc3bfb7c,19375bde-4d5a-47e5-bc1f-92c3473be236,21.0,kg,0.0,False
eefd2893-d7d5-4062-a5b7-2679a4a90c17,2026-05-23,de2aa412-e109-4bcf-b6e9-9d9ad0b05e22,634638dd-37cc-4f1e-b442-bc59bc3bfb7c,19375bde-4d5a-47e5-bc1f-92c3473be236,31.0,kg,0.0,False
b8ccc333-de2f-4c06-8dcc-fe0f3d1fea5d,2026-05-24,de2aa412-e109-4bcf-b6e9-9d9ad0b05e22,634638dd-37cc-4f1e-b442-bc59bc3bfb7c,19375bde-4d5a-47e5-bc1f-92c3473be236,39.0,kg,0.0,False
3c6be30d-8af1-4a38-a3d1-c662470dda9c,2026-05-25,de2aa412-e109-4bcf-b6e9-9d9ad0b05e22,634638dd-37cc-4f1e-b442-bc59bc3bfb7c,19375bde-4d5a-47e5-bc1f-92c3473be236,29.0,kg,0.0,False
9db2816c-0d2a-48b6-bacf-349d9f4c29e0,2026-05-26,de2aa412-e109-4bcf-b6e9-9d9ad0b05e22,634638dd-37cc-4f1e-b442-bc59bc3bfb7c,19375bde-4d5a-47e5-bc1f-92c3473be236,31.0,kg,0.0,False
e3474506-e8b0-45d4-9ca4-4b76d68e3ec7,2026-05-27,de2aa412-e109-4bcf-b6e9-9d9ad0b05e22,634638dd-37cc-4f1e-b442-bc59bc3bfb7c,19375bde-4d5a-47e5-bc1f-92c3473be236,29.0,kg,0.0,False
bfa0f55e-94c4-44dd-bd0c-488a2cc7b0e7,2026-05-28,de2aa412-e109-4bcf-b6e9-9d9ad0b05e22,634638dd-37cc-4f1e-b442-bc59bc3bfb7c,19375bde-4d5a-47e5-bc1f-92c3473be236,22.0,kg,0.0,False
f9138045-0fb7-4869-9306-1f39d6c1dab2,2026-05-29,de2aa412-e109-4bcf-b6e9-9d9ad0b05e22,634638dd-37cc-4f1e-b442-bc59bc3bfb7c,19375bde-4d5a-47e5-bc1f-92c3473be236,25.0,kg,0.0,False
bc48bb16-7093-456a-abf5-c61452d58927,2026-05-30,de2aa412-e109-4bcf-b6e9-9d9ad0b05e22,634638dd-37cc-4f1e-b442-bc59bc3bfb7c,19375bde-4d5a-47e5-bc1f-92c3473be236,29.0,kg,0.0,False
83dc79d9-0d40-4492-9aaa-7ac6c08d700d,2026-05-31,de2aa412-e109-4bcf-b6e9-9d9ad0b05e22,634638dd-37cc-4f1e-b442-bc59bc3bfb7c,19375bde-4d5a-47e5-bc1f-92c3473be236,48.0,kg,0.0,True
288058bc-fa77-47b5-a296-62914d911787,2026-06-01,de2aa412-e109-4bcf-b6e9-9d9ad0b05e22,634638dd-37cc-4f1e-b442-bc59bc3bfb7c,19375bde-4d5a-47e5-bc1f-92c3473be236,21.0,kg,0.0,False
596cbada-4a61-4cca-90c5-4907ae640ecf,2026-06-02,de2aa412-e109-4bcf-b6e9-9d9ad0b05e22,634638dd-37cc-4f1e-b442-bc59bc3bfb7c,19375bde-4d5a-47e5-bc1f-92c3473be236,30.0,kg,0.0,False
595a5fbe-fe37-43b8-b9ed-b1dcb30e0284,2026-06-03,de2aa412-e109-4bcf-b6e9-9d9ad0b05e22,634638dd-37cc-4f1e-b442-bc59bc3bfb7c,19375bde-4d5a-47e5-bc1f-92c3473be236,30.0,kg,0.0,False
5437008e-520a-4443-8905-1b33d92d6de9,2026-06-04,de2aa412-e109-4bcf-b6e9-9d9ad0b05e22,634638dd-37cc-4f1e-b442-bc59bc3bfb7c,19375bde-4d5a-47e5-bc1f-92c3473be236,34.0,kg,0.0,False
eab4b4f0-dea5-4d42-9828-d68b176ae71f,2026-06-05,de2aa412-e109-4bcf-b6e9-9d9ad0b05e22,634638dd-37cc-4f1e-b442-bc59bc3bfb7c,19375bde-4d5a-47e5-bc1f-92c3473be236,25.0,kg,0.0,False
913558b7-78f6-4c47-a071-e66ed0e25b45,2026-06-06,de2aa412-e109-4bcf-b6e9-9d9ad0b05e22,634638dd-37cc-4f1e-b442-bc59bc3bfb7c,19375bde-4d5a-47e5-bc1f-92c3473be236,37.0,kg,0.0,False
70981bc4-6c67-45d2-a0e5-a9fa09edf748,2026-06-07,de2aa412-e109-4bcf-b6e9-9d9ad0b05e22,634638dd-37cc-4f1e-b442-bc59bc3bfb7c,19375bde-4d5a-47e5-bc1f-92c3473be236,54.0,kg,0.0,True
ec43fe18-a861-41b4-898c-d7f11b2d209a,2026-06-08,de2aa412-e109-4bcf-b6e9-9d9ad0b05e22,634638dd-37cc-4f1e-b442-bc59bc3bfb7c,19375bde-4d5a-47e5-bc1f-92c3473be236,24.0,kg,0.0,False
a5eb1c72-60c1-483b-9c98-6b11253f65d6,2026-06-09,de2aa412-e109-4bcf-b6e9-9d9ad0b05e22,634638dd-37cc-4f1e-b442-bc59bc3bfb7c,19375bde-4d5a-47e5-bc1f-92c3473be236,20.0,kg,0.0,False
a03f2b0e-0dc9-431c-8111-efacf0ede445,2026-06-10,de2aa412-e109-4bcf-b6e9-9d9ad0b05e22,634638dd-37cc-4f1e-b442-bc59bc3bfb7c,19375bde-4d5a-47e5-bc1f-92c3473be236,18.0,kg,0.0,False
13e407d7-217f-4e5f-94d3-3e8dfe5ddc7d,2026-06-11,de2aa412-e109-4bcf-b6e9-9d9ad0b05e22,634638dd-37cc-4f1e-b442-bc59bc3bfb7c,19375bde-4d5a-47e5-bc1f-92c3473be236,29.0,kg,0.0,False
b453c4ca-2962-4e01-a72a-aaf90c05a2a9,2026-06-12,de2aa412-e109-4bcf-b6e9-9d9ad0b05e22,634638dd-37cc-4f1e-b442-bc59bc3bfb7c,19375bde-4d5a-47e5-bc1f-92c3473be236,18.0,kg,0.0,False
69db6f04-61ee-4ca0-804a-4bac6859589b,2026-06-13,de2aa412-e109-4bcf-b6e9-9d9ad0b05e22,634638dd-37cc-4f1e-b442-bc59bc3bfb7c,19375bde-4d5a-47e5-bc1f-92c3473be236,30.0,kg,0.0,False
f71e9ba4-08ec-4be0-b6fd-58f336d1433f,2026-06-14,de2aa412-e109-4bcf-b6e9-9d9ad0b05e22,634638dd-37cc-4f1e-b442-bc59bc3bfb7c,19375bde-4d5a-47e5-bc1f-92c3473be236,35.0,kg,0.0,False
4dae5c61-acaf-4902-b1cf-02e321246d0f,2026-06-15,de2aa412-e109-4bcf-b6e9-9d9ad0b05e22,634638dd-37cc-4f1e-b442-bc59bc3bfb7c,19375bde-4d5a-47e5-bc1f-92c3473be236,27.0,kg,0.0,False
f7ad9b37-3229-43cf-af44-669a82f3fbb7,2026-06-16,de2aa412-e109-4bcf-b6e9-9d9ad0b05e22,634638dd-37cc-4f1e-b442-bc59bc3bfb7c,19375bde-4d5a-47e5-bc1f-92c3473be236,28.0,kg,0.0,False
52fab986-c3f0-4f23-bdb1-1445faf2bac6,2026-06-17,de2aa412-e109-4bcf-b6e9-9d9ad0b05e22,634638dd-37cc-4f1e-b442-bc59bc3bfb7c,19375bde-4d5a-47e5-bc1f-92c3473be236,27.0,kg,0.0,False
31a8c83d-c344-40d2-ad38-b81dc792a8f5,2026-06-18,de2aa412-e109-4bcf-b6e9-9d9ad0b05e22,634638dd-37cc-4f1e-b442-bc59bc3bfb7c,19375bde-4d5a-47e5-bc1f-92c3473be236,31.0,kg,0.0,False
a2cac942-43f4-4a89-ad17-c68ca9db2012,2026-06-19,de2aa412-e109-4bcf-b6e9-9d9ad0b05e22,634638dd-37cc-4f1e-b442-bc59bc3bfb7c,19375bde-4d5a-47e5-bc1f-92c3473be236,26.0,kg,0.0,True
95b6c92d-de79-4ea4-a720-2c88a11036d6,2026-06-20,de2aa412-e109-4bcf-b6e9-9d9ad0b05e22,634638dd-37cc-4f1e-b442-bc59bc3bfb7c,19375bde-4d5a-47e5-bc1f-92c3473be236,29.0,kg,0.0,False
e2d42e0e-8414-42ac-b0bd-71eb284efb99,2026-06-21,de2aa412-e109-4bcf-b6e9-9d9ad0b05e22,634638dd-37cc-4f1e-b442-bc59bc3bfb7c,19375bde-4d5a-47e5-bc1f-92c3473be236,34.0,kg,0.0,True
6a79e6be-1875-48b8-bce4-1e4139141f73,2026-06-22,de2aa412-e109-4bcf-b6e9-9d9ad0b05e22,634638dd-37cc-4f1e-b442-bc59bc3bfb7c,19375bde-4d5a-47e5-bc1f-92c3473be236,29.0,kg,0.0,False
cc607dfe-0899-4add-8d7b-35bcd87fe37e,2026-06-23,de2aa412-e109-4bcf-b6e9-9d9ad0b05e22,634638dd-37cc-4f1e-b442-bc59bc3bfb7c,19375bde-4d5a-47e5-bc1f-92c3473be236,29.0,kg,0.0,False
15f2057f-a745-49c9-89fa-a26c2079a68c,2026-06-24,de2aa412-e109-4bcf-b6e9-9d9ad0b05e22,634638dd-37cc-4f1e-b442-bc59bc3bfb7c,19375bde-4d5a-47e5-bc1f-92c3473be236,27.0,kg,0.0,False
b6807a0c-2f0a-4177-92c1-ca1d6dc4b2ad,2026-06-25,de2aa412-e109-4bcf-b6e9-9d9ad0b05e22,634638dd-37cc-4f1e-b442-bc59bc3bfb7c,19375bde-4d5a-47e5-bc1f-92c3473be236,30.0,kg,0.0,False
e3d448c4-20d9-4381-a247-a92dd0ecc418,2026-06-26,de2aa412-e109-4bcf-b6e9-9d9ad0b05e22,634638dd-37cc-4f1e-b442-bc59bc3bfb7c,19375bde-4d5a-47e5-bc1f-92c3473be236,21.0,kg,0.0,False
7f0354e2-e972-4ebc-a2a4-2f0b31f4c200,2026-06-27,de2aa412-e109-4bcf-b6e9-9d9ad0b05e22,634638dd-37cc-4f1e-b442-bc59bc3bfb7c,19375bde-4d5a-47e5-bc1f-92c3473be236,40.0,kg,0.0,False
bd7a41ea-95d4-4bce-97e9-5da5acfe71d0,2026-06-28,de2aa412-e109-4bcf-b6e9-9d9ad0b05e22,634638dd-37cc-4f1e-b442-bc59bc3bfb7c,19375bde-4d5a-47e5-bc1f-92c3473be236,39.0,kg,0.0,False
f97ccd78-d902-4a68-a352-1e3d9fd84e4e,2026-06-29,de2aa412-e109-4bcf-b6e9-9d9ad0b05e22,634638dd-37cc-4f1e-b442-bc59bc3bfb7c,19375bde-4d5a-47e5-bc1f-92c3473be236,28.0,kg,0.0,False
d16c225a-5d1e-4fba-ad53-62ae7f039535,2026-06-30,de2aa412-e109-4bcf-b6e9-9d9ad0b05e22,634638dd-37cc-4f1e-b442-bc59bc3bfb7c,19375bde-4d5a-47e5-bc1f-92c3473be236,32.0,kg,0.0,False
5fd5efac-5404-4192-8ab3-9d8f9cd76e0e,2026-07-01,de2aa412-e109-4bcf-b6e9-9d9ad0b05e22,634638dd-37cc-4f1e-b442-bc59bc3bfb7c,19375bde-4d5a-47e5-bc1f-92c3473be236,18.0,kg,0.0,False
3b200885-bcec-4104-b034-a164bc0a75cd,2026-07-02,de2aa412-e109-4bcf-b6e9-9d9ad0b05e22,634638dd-37cc-4f1e-b442-bc59bc3bfb7c,19375bde-4d5a-47e5-bc1f-92c3473be236,23.0,kg,0.0,False
83db3761-2357-4706-8265-051a62f5cff9,2026-07-03,de2aa412-e109-4bcf-b6e9-9d9ad0b05e22,634638dd-37cc-4f1e-b442-bc59bc3bfb7c,19375bde-4d5a-47e5-bc1f-92c3473be236,22.0,kg,0.0,False
ffd99139-f72a-4a5d-8eed-2e840b7f0522,2026-07-04,de2aa412-e109-4bcf-b6e9-9d9ad0b05e22,634638dd-37cc-4f1e-b442-bc59bc3bfb7c,19375bde-4d5a-47e5-bc1f-92c3473be236,35.0,kg,0.0,False
a9a8bbc1-7d3e-47a8-ab3b-8c7efab162c0,2026-07-05,de2aa412-e109-4bcf-b6e9-9d9ad0b05e22,634638dd-37cc-4f1e-b442-bc59bc3bfb7c,19375bde-4d5a-47e5-bc1f-92c3473be236,26.0,kg,0.0,False
ba58ff50-0802-41ce-9c10-7ea824ef7c4e,2026-07-06,de2aa412-e109-4bcf-b6e9-9d9ad0b05e22,634638dd-37cc-4f1e-b442-bc59bc3bfb7c,19375bde-4d5a-47e5-bc1f-92c3473be236,33.0,kg,0.0,True
8eb330d9-dfd5-4208-a848-016f4f6fff9c,2026-07-07,de2aa412-e109-4bcf-b6e9-9d9ad0b05e22,634638dd-37cc-4f1e-b442-bc59bc3bfb7c,19375bde-4d5a-47e5-bc1f-92c3473be236,30.0,kg,0.0,False
9a09c67a-c1d9-4395-b1f3-71475107ac69,2026-07-08,de2aa412-e109-4bcf-b6e9-9d9ad0b05e22,634638dd-37cc-4f1e-b442-bc59bc3bfb7c,19375bde-4d5a-47e5-bc1f-92c3473be236,27.0,kg,0.0,False
cda02a2e-cf5e-4ddc-985e-70625b50e1d8,2026-07-09,de2aa412-e109-4bcf-b6e9-9d9ad0b05e22,634638dd-37cc-4f1e-b442-bc59bc3bfb7c,19375bde-4d5a-47e5-bc1f-92c3473be236,26.0,kg,0.0,False
d99779ab-3a73-4495-8bf2-57985207f4bb,2026-07-10,de2aa412-e109-4bcf-b6e9-9d9ad0b05e22,634638dd-37cc-4f1e-b442-bc59bc3bfb7c,19375bde-4d5a-47e5-bc1f-92c3473be236,21.0,kg,0.0,False
a79e8c2d-b8ae-4fe0-a002-b5ea45f2459e,2026-07-11,de2aa412-e109-4bcf-b6e9-9d9ad0b05e22,634638dd-37cc-4f1e-b442-bc59bc3bfb7c,19375bde-4d5a-47e5-bc1f-92c3473be236,26.0,kg,0.0,False
27b341e2-fea4-4c15-b69d-02ab2aa06e6a,2026-07-12,de2aa412-e109-4bcf-b6e9-9d9ad0b05e22,634638dd-37cc-4f1e-b442-bc59bc3bfb7c,19375bde-4d5a-47e5-bc1f-92c3473be236,37.0,kg,0.0,False
8c0adcc4-65e3-4c44-878f-2e960cd740af,2026-07-13,de2aa412-e109-4bcf-b6e9-9d9ad0b05e22,634638dd-37cc-4f1e-b442-bc59bc3bfb7c,19375bde-4d5a-47e5-bc1f-92c3473be236,33.0,kg,0.0,True
5e189a2b-1c94-47e3-b472-320d3def8c94,2026-07-14,de2aa412-e109-4bcf-b6e9-9d9ad0b05e22,634638dd-37cc-4f1e-b442-bc59bc3bfb7c,19375bde-4d5a-47e5-bc1f-92c3473be236,24.0,kg,0.0,False
223b8ad9-37d4-4322-8fa2-799855b886c7,2026-07-15,de2aa412-e109-4bcf-b6e9-9d9ad0b05e22,634638dd-37cc-4f1e-b442-bc59bc3bfb7c,19375bde-4d5a-47e5-bc1f-92c3473be236,23.0,kg,0.0,False
5fe3a962-b2c2-43bd-a79a-2d96a292dbf1,2026-07-16,de2aa412-e109-4bcf-b6e9-9d9ad0b05e22,634638dd-37cc-4f1e-b442-bc59bc3bfb7c,19375bde-4d5a-47e5-bc1f-92c3473be236,16.0,kg,0.0,False
ec4fcac4-9ea4-44ec-a39f-69b4a57ead18,2026-07-17,de2aa412-e109-4bcf-b6e9-9d9ad0b05e22,634638dd-37cc-4f1e-b442-bc59bc3bfb7c,19375bde-4d5a-47e5-bc1f-92c3473be236,20.0,kg,0.0,False
8efcadc5-2e2b-4b97-9bb8-0f3bde5935c0,2026-07-18,de2aa412-e109-4bcf-b6e9-9d9ad0b05e22,634638dd-37cc-4f1e-b442-bc59bc3bfb7c,19375bde-4d5a-47e5-bc1f-92c3473be236,47.0,kg,0.0,True
0a73695a-0707-4108-9ccb-6f6a89d44e6f,2026-07-19,de2aa412-e109-4bcf-b6e9-9d9ad0b05e22,634638dd-37cc-4f1e-b442-bc59bc3bfb7c,19375bde-4d5a-47e5-bc1f-92c3473be236,24.0,kg,0.0,False
418f4411-0d97-4543-b198-691518e60913,2026-07-20,de2aa412-e109-4bcf-b6e9-9d9ad0b05e22,634638dd-37cc-4f1e-b442-bc59bc3bfb7c,19375bde-4d5a-47e5-bc1f-92c3473be236,25.0,kg,0.0,False
cb9d9907-9656-4ffc-8185-7f59c4b819bd,2026-07-21,de2aa412-e109-4bcf-b6e9-9d9ad0b05e22,634638dd-37cc-4f1e-b442-bc59bc3bfb7c,19375bde-4d5a-47e5-bc1f-92c3473be236,28.0,kg,0.0,False
9732553b-b836-4f94-a1b9-72c61dbbcdef,2026-07-22,de2aa412-e109-4bcf-b6e9-9d9ad0b05e22,634638dd-37cc-4f1e-b442-bc59bc3bfb7c,19375bde-4d5a-47e5-bc1f-92c3473be236,19.0,kg,0.0,False
d76bc3a6-331b-4f4f-b4a0-bf407e57a894,2026-07-23,de2aa412-e109-4bcf-b6e9-9d9ad0b05e22,634638dd-37cc-4f1e-b442-bc59bc3bfb7c,19375bde-4d5a-47e5-bc1f-92c3473be236,25.0,kg,0.0,False
a578ad6b-4b4e-4262-aa53-0a7b7f067a35,2026-07-24,de2aa412-e109-4bcf-b6e9-9d9ad0b05e22,634638dd-37cc-4f1e-b442-bc59bc3bfb7c,19375bde-4d5a-47e5-bc1f-92c3473be236,27.0,kg,0.0,False
188d641e-594b-4d09-bab3-5fa74b051198,2026-07-25,de2aa412-e109-4bcf-b6e9-9d9ad0b05e22,634638dd-37cc-4f1e-b442-bc59bc3bfb7c,19375bde-4d5a-47e5-bc1f-92c3473be236,30.0,kg,0.0,False
e050d063-5138-485b-af75-f684552c47ac,2026-07-26,de2aa412-e109-4bcf-b6e9-9d9ad0b05e22,634638dd-37cc-4f1e-b442-bc59bc3bfb7c,19375bde-4d5a-47e5-bc1f-92c3473be236,43.0,kg,0.0,False
721bc151-c21b-4f1e-b2ad-8640416e157a,2026-07-27,de2aa412-e109-4bcf-b6e9-9d9ad0b05e22,634638dd-37cc-4f1e-b442-bc59bc3bfb7c,19375bde-4d5a-47e5-bc1f-92c3473be236,17.0,kg,0.0,False
8339b4e4-c8d3-4c79-81e9-4fc015825e80,2026-07-28,de2aa412-e109-4bcf-b6e9-9d9ad0b05e22,634638dd-37cc-4f1e-b442-bc59bc3bfb7c,19375bde-4d5a-47e5-bc1f-92c3473be236,28.0,kg,0.0,False
5421195d-2980-4497-894f-25eca567c7a5,2026-07-29,de2aa412-e109-4bcf-b6e9-9d9ad0b05e22,634638dd-37cc-4f1e-b442-bc59bc3bfb7c,19375bde-4d5a-47e5-bc1f-92c3473be236,23.0,kg,0.0,False
21a5e9fa-c95c-4026-95a6-bd435ce75f3d,2026-07-30,de2aa412-e109-4bcf-b6e9-9d9ad0b05e22,634638dd-37cc-4f1e-b442-bc59bc3bfb7c,19375bde-4d5a-47e5-bc1f-92c3473be236,26.0,kg,0.0,False
b773e1df-e5e9-4c39-b3d8-4bc3afc2ce58,2026-07-31,de2aa412-e109-4bcf-b6e9-9d9ad0b05e22,634638dd-37cc-4f1e-b442-bc59bc3bfb7c,19375bde-4d5a-47e5-bc1f-92c3473be236,25.0,kg,0.0,False
838d654c-6d48-42ce-9f1d-276830c3831f,2026-08-01,de2aa412-e109-4bcf-b6e9-9d9ad0b05e22,634638dd-37cc-4f1e-b442-bc59bc3bfb7c,19375bde-4d5a-47e5-bc1f-92c3473be236,26.0,kg,0.0,False
3b323113-2463-4c93-95ad-ca462c4a535c,2026-08-02,de2aa412-e109-4bcf-b6e9-9d9ad0b05e22,634638dd-37cc-4f1e-b442-bc59bc3bfb7c,19375bde-4d5a-47e5-bc1f-92c3473be236,36.0,kg,0.0,True
4bebfd72-377e-455e-bc03-b6764b17a4e9,2026-08-03,de2aa412-e109-4bcf-b6e9-9d9ad0b05e22,634638dd-37cc-4f1e-b442-bc59bc3bfb7c,19375bde-4d5a-47e5-bc1f-92c3473be236,16.0,kg,0.0,False
e3c257e9-7fea-4839-b9f1-4fd8b468e55e,2026-08-04,de2aa412-e109-4bcf-b6e9-9d9ad0b05e22,634638dd-37cc-4f1e-b442-bc59bc3bfb7c,19375bde-4d5a-47e5-bc1f-92c3473be236,26.0,kg,0.0,False
2e9846a3-6711-4fa3-94ed-e6f892e826bc,2026-08-05,de2aa412-e109-4bcf-b6e9-9d9ad0b05e22,634638dd-37cc-4f1e-b442-bc59bc3bfb7c,19375bde-4d5a-47e5-bc1f-92c3473be236,24.0,kg,0.0,False
c836f553-f4c5-4ed5-9072-39434928c4a0,2026-08-06,de2aa412-e109-4bcf-b6e9-9d9ad0b05e22,634638dd-37cc-4f1e-b442-bc59bc3bfb7c,19375bde-4d5a-47e5-bc1f-92c3473be236,26.0,kg,0.0,False
6013bc13-f39a-4419-a6cf-0610ddffd27e,2026-08-07,de2aa412-e109-4bcf-b6e9-9d9ad0b05e22,634638dd-37cc-4f1e-b442-bc59bc3bfb7c,19375bde-4d5a-47e5-bc1f-92c3473be236,27.0,kg,0.0,False
6c4d0e65-c3e9-4d3b-b712-90f9535fb9fb,2026-08-08,de2aa412-e109-4bcf-b6e9-9d9ad0b05e22,634638dd-37cc-4f1e-b442-bc59bc3bfb7c,19375bde-4d5a-47e5-bc1f-92c3473be236,31.0,kg,0.0,False
2a4cf153-28d3-46dd-83d6-048c927f462b,2026-08-09,de2aa412-e109-4bcf-b6e9-9d9ad0b05e22,634638dd-37cc-4f1e-b442-bc59bc3bfb7c,19375bde-4d5a-47e5-bc1f-92c3473be236,30.0,kg,0.0,False
a6bbe765-1272-4169-9bcf-8cf664a200c1,2026-08-10,de2aa412-e109-4bcf-b6e9-9d9ad0b05e22,634638dd-37cc-4f1e-b442-bc59bc3bfb7c,19375bde-4d5a-47e5-bc1f-92c3473be236,24.0,kg,0.0,True
0a2dde6e-ff06-41eb-8075-9fd595ef8efd,2026-08-11,de2aa412-e109-4bcf-b6e9-9d9ad0b05e22,634638dd-37cc-4f1e-b442-bc59bc3bfb7c,19375bde-4d5a-47e5-bc1f-92c3473be236,20.0,kg,0.0,False
2f6c8d06-65d9-4899-8ab0-a16bdd1c3ace,2026-08-12,de2aa412-e109-4bcf-b6e9-9d9ad0b05e22,634638dd-37cc-4f1e-b442-bc59bc3bfb7c,19375bde-4d5a-47e5-bc1f-92c3473be236,27.0,kg,0.0,False
95163e6b-87c1-45d6-81d6-e02f9582be83,2026-08-13,de2aa412-e109-4bcf-b6e9-9d9ad0b05e22,634638dd-37cc-4f1e-b442-bc59bc3bfb7c,19375bde-4d5a-47e5-bc1f-92c3473be236,28.0,kg,0.0,False
1063a238-889f-4eb5-94e2-e67c3cd82d94,2026-08-14,de2aa412-e109-4bcf-b6e9-9d9ad0b05e22,634638dd-37cc-4f1e-b442-bc59bc3bfb7c,19375bde-4d5a-47e5-bc1f-92c3473be236,22.0,kg,0.0,False
e7d3c165-4149-4388-8917-e9fd85c55c1b,2026-08-15,de2aa412-e109-4bcf-b6e9-9d9ad0b05e22,634638dd-37cc-4f1e-b442-bc59bc3bfb7c,19375bde-4d5a-47e5-bc1f-92c3473be236,29.0,kg,0.0,False
68558b87-a40d-4933-aa70-ec6641e6a687,2026-08-16,de2aa412-e109-4bcf-b6e9-9d9ad0b05e22,634638dd-37cc-4f1e-b442-bc59bc3bfb7c,19375bde-4d5a-47e5-bc1f-92c3473be236,24.0,kg,0.0,False
30cb1698-47ac-4944-851d-b31c702d8641,2026-08-17,de2aa412-e109-4bcf-b6e9-9d9ad0b05e22,634638dd-37cc-4f1e-b442-bc59bc3bfb7c,19375bde-4d5a-47e5-bc1f-92c3473be236,27.0,kg,0.0,False
aa7577d1-91fa-4860-84cf-e0818a565d43,2026-08-18,de2aa412-e109-4bcf-b6e9-9d9ad0b05e22,634638dd-37cc-4f1e-b442-bc59bc3bfb7c,19375bde-4d5a-47e5-bc1f-92c3473be236,25.0,kg,0.0,False
bffa9512-2ad9-471c-86ee-c1325c51f2f8,2026-08-19,de2aa412-e109-4bcf-b6e9-9d9ad0b05e22,634638dd-37cc-4f1e-b442-bc59bc3bfb7c,19375bde-4d5a-47e5-bc1f-92c3473be236,30.0,kg,0.0,False
f8930266-93cd-4539-9c61-3e764b361674,2026-08-20,de2aa412-e109-4bcf-b6e9-9d9ad0b05e22,634638dd-37cc-4f1e-b442-bc59bc3bfb7c,19375bde-4d5a-47e5-bc1f-92c3473be236,23.0,kg,0.0,True
3744b5ee-599e-4251-bb1b-f5d52cece5db,2026-08-21,de2aa412-e109-4bcf-b6e9-9d9ad0b05e22,634638dd-37cc-4f1e-b442-bc59bc3bfb7c,19375bde-4d5a-47e5-bc1f-92c3473be236,21.0,kg,0.0,False
c48f3f57-3984-433f-90f0-ed87cfcc6804,2026-08-22,de2aa412-e109-4bcf-b6e9-9d9ad0b05e22,634638dd-37cc-4f1e-b442-bc59bc3bfb7c,19375bde-4d5a-47e5-bc1f-92c3473be236,29.0,kg,0.0,False
40286457-2be4-4dba-9b45-03c28c975346,2026-08-23,de2aa412-e109-4bcf-b6e9-9d9ad0b05e22,634638dd-37cc-4f1e-b442-bc59bc3bfb7c,19375bde-4d5a-47e5-bc1f-92c3473be236,31.0,kg,0.0,False
8fa8f3b0-fe8b-462d-967d-df8aabf4ee7f,2026-08-24,de2aa412-e109-4bcf-b6e9-9d9ad0b05e22,634638dd-37cc-4f1e-b442-bc59bc3bfb7c,19375bde-4d5a-47e5-bc1f-92c3473be236,22.0,kg,0.0,False
3476a1a0-c7a1-4f00-91e5-6315ab20db93,2026-08-25,de2aa412-e109-4bcf-b6e9-9d9ad0b05e22,634638dd-37cc-4f1e-b442-bc59bc3bfb7c,19375bde-4d5a-47e5-bc1f-92c3473be236,19.0,kg,0.0,False
37fe3d50-2247-4be2-b11a-ff65f4d69149,2026-08-26,de2aa412-e109-4bcf-b6e9-9d9ad0b05e22,634638dd-37cc-4f1e-b442-bc59bc3bfb7c,19375bde-4d5a-47e5-bc1f-92c3473be236,31.0,kg,0.0,True
9b28618c-4811-42eb-be60-2d7f85338a2f,2026-08-27,de2aa412-e109-4bcf-b6e9-9d9ad0b05e22,634638dd-37cc-4f1e-b442-bc59bc3bfb7c,19375bde-4d5a-47e5-bc1f-92c3473be236,25.0,kg,0.0,False
71aad8f9-5025-4173-b865-9ae01b1b9a2d,2026-08-28,de2aa412-e109-4bcf-b6e9-9d9ad0b05e22,634638dd-37cc-4f1e-b442-bc59bc3bfb7c,19375bde-4d5a-47e5-bc1f-92c3473be236,19.0,kg,0.0,False
356251b7-f215-4f8e-8976-3edad7e87199,2026-08-29,de2aa412-e109-4bcf-b6e9-9d9ad0b05e22,634638dd-37cc-4f1e-b442-bc59bc3bfb7c,19375bde-4d5a-47e5-bc1f-92c3473be236,38.46,kg,0.0,True
99aa60b0-3b4c-42ce-a814-76b001164387,2026-08-30,de2aa412-e109-4bcf-b6e9-9d9ad0b05e22,634638dd-37cc-4f1e-b442-bc59bc3bfb7c,19375bde-4d5a-47e5-bc1f-92c3473be236,40.0,kg,0.0,True
a10cbfb0-a57b-49c8-8347-d8390096e32a,2026-08-31,de2aa412-e109-4bcf-b6e9-9d9ad0b05e22,634638dd-37cc-4f1e-b442-bc59bc3bfb7c,19375bde-4d5a-47e5-bc1f-92c3473be236,17.64,kg,0.0,False
fbe4fef9-581d-442a-8a7b-60cc4bfd039f,2026-09-01,de2aa412-e109-4bcf-b6e9-9d9ad0b05e22,634638dd-37cc-4f1e-b442-bc59bc3bfb7c,19375bde-4d5a-47e5-bc1f-92c3473be236,23.0,kg,0.0,False
db9ec14e-aa1e-4c72-aeac-d988b4e97fb0,2026-09-02,de2aa412-e109-4bcf-b6e9-9d9ad0b05e22,634638dd-37cc-4f1e-b442-bc59bc3bfb7c,19375bde-4d5a-47e5-bc1f-92c3473be236,24.0,kg,0.0,False
ff3eaba7-a692-408b-bccc-20cd33157d9d,2026-09-03,de2aa412-e109-4bcf-b6e9-9d9ad0b05e22,634638dd-37cc-4f1e-b442-bc59bc3bfb7c,19375bde-4d5a-47e5-bc1f-92c3473be236,19.0,kg,0.0,False
f31b8529-d70d-437a-8ab0-0e85a7a1e74a,2026-09-04,de2aa412-e109-4bcf-b6e9-9d9ad0b05e22,634638dd-37cc-4f1e-b442-bc59bc3bfb7c,19375bde-4d5a-47e5-bc1f-92c3473be236,22.0,kg,0.0,False
09d7b583-b851-400f-b0d9-41e8f80238a5,2026-09-05,de2aa412-e109-4bcf-b6e9-9d9ad0b05e22,634638dd-37cc-4f1e-b442-bc59bc3bfb7c,19375bde-4d5a-47e5-bc1f-92c3473be236,18.0,kg,0.0,False
5e6b8ff8-67fa-4803-bb07-58e38310ac2b,2026-09-06,de2aa412-e109-4bcf-b6e9-9d9ad0b05e22,634638dd-37cc-4f1e-b442-bc59bc3bfb7c,19375bde-4d5a-47e5-bc1f-92c3473be236,32.0,kg,0.0,False
a6e3d3cc-5a4f-4a00-8d27-909a2be31186,2026-09-07,de2aa412-e109-4bcf-b6e9-9d9ad0b05e22,634638dd-37cc-4f1e-b442-bc59bc3bfb7c,19375bde-4d5a-47e5-bc1f-92c3473be236,20.0,kg,0.0,True
4d501aa4-2b94-492a-8002-59ebcf68050b,2025-09-08,de2aa412-e109-4bcf-b6e9-9d9ad0b05e22,a52866af-8c40-44be-b216-7444874c214c,a11dfc3a-fb4b-45fe-9ab3-73106f58bef8,20.0,kg,0.0,False
1afaaa54-fe84-41e5-95b9-89fe3503de21,2025-09-09,de2aa412-e109-4bcf-b6e9-9d9ad0b05e22,a52866af-8c40-44be-b216-7444874c214c,a11dfc3a-fb4b-45fe-9ab3-73106f58bef8,15.0,kg,0.0,False
1236bb37-6776-40be-8299-5b31c0ecbbfe,2025-09-10,de2aa412-e109-4bcf-b6e9-9d9ad0b05e22,a52866af-8c40-44be-b216-7444874c214c,a11dfc3a-fb4b-45fe-9ab3-73106f58bef8,15.0,kg,0.0,False
890ab06b-8c7a-4832-86c9-5ac34ef8066a,2025-09-11,de2aa412-e109-4bcf-b6e9-9d9ad0b05e22,a52866af-8c40-44be-b216-7444874c214c,a11dfc3a-fb4b-45fe-9ab3-73106f58bef8,17.0,kg,0.0,True
a1da476c-d956-44ec-9c95-315156be379f,2025-09-12,de2aa412-e109-4bcf-b6e9-9d9ad0b05e22,a52866af-8c40-44be-b216-7444874c214c,a11dfc3a-fb4b-45fe-9ab3-73106f58bef8,15.0,kg,0.0,False
02da1c03-235f-4fc8-a37f-78044844bf63,2025-09-13,de2aa412-e109-4bcf-b6e9-9d9ad0b05e22,a52866af-8c40-44be-b216-7444874c214c,a11dfc3a-fb4b-45fe-9ab3-73106f58bef8,24.0,kg,0.0,False
e97dc712-f086-488a-a51b-309aba658a9a,2025-09-14,de2aa412-e109-4bcf-b6e9-9d9ad0b05e22,a52866af-8c40-44be-b216-7444874c214c,a11dfc3a-fb4b-45fe-9ab3-73106f58bef8,12.0,kg,0.0,False
91061e9b-6be2-43e2-9d57-d0a5413c9451,2025-09-15,de2aa412-e109-4bcf-b6e9-9d9ad0b05e22,a52866af-8c40-44be-b216-7444874c214c,a11dfc3a-fb4b-45fe-9ab3-73106f58bef8,19.0,kg,0.0,False
ed524f5d-adfb-4671-b3b2-14a26e8c8361,2025-09-16,de2aa412-e109-4bcf-b6e9-9d9ad0b05e22,a52866af-8c40-44be-b216-7444874c214c,a11dfc3a-fb4b-45fe-9ab3-73106f58bef8,17.0,kg,0.0,False
17b370fb-2bbb-41bf-990d-963e42378013,2025-09-17,de2aa412-e109-4bcf-b6e9-9d9ad0b05e22,a52866af-8c40-44be-b216-7444874c214c,a11dfc3a-fb4b-45fe-9ab3-73106f58bef8,13.0,kg,0.0,False
ec04c67c-b28e-4f87-9739-a351b4b67ecb,2025-09-18,de2aa412-e109-4bcf-b6e9-9d9ad0b05e22,a52866af-8c40-44be-b216-7444874c214c,a11dfc3a-fb4b-45fe-9ab3-73106f58bef8,16.0,kg,0.0,True
c330b109-a519-4a47-819f-fd52c5170343,2025-09-19,de2aa412-e109-4bcf-b6e9-9d9ad0b05e22,a52866af-8c40-44be-b216-7444874c214c,a11dfc3a-fb4b-45fe-9ab3-73106f58bef8,20.0,kg,0.0,False
43d7fe62-bbf9-4ca8-94e9-d6a557150abb,2025-09-20,de2aa412-e109-4bcf-b6e9-9d9ad0b05e22,a52866af-8c40-44be-b216-7444874c214c,a11dfc3a-fb4b-45fe-9ab3-73106f58bef8,17.0,kg,0.0,False
1d2f5dd4-595d-4109-826e-c794fd3ad273,2025-09-21,de2aa412-e109-4bcf-b6e9-9d9ad0b05e22,a52866af-8c40-44be-b216-7444874c214c,a11dfc3a-fb4b-45fe-9ab3-73106f58bef8,16.0,kg,0.0,False
7b7ab3a5-a958-4306-9fa1-5fde9d6edcfb,2025-09-22,de2aa412-e109-4bcf-b6e9-9d9ad0b05e22,a52866af-8c40-44be-b216-7444874c214c,a11dfc3a-fb4b-45fe-9ab3-73106f58bef8,19.0,kg,0.0,False
b5a0abc6-db1b-40a5-90fb-783d24e23441,2025-09-23,de2aa412-e109-4bcf-b6e9-9d9ad0b05e22,a52866af-8c40-44be-b216-7444874c214c,a11dfc3a-fb4b-45fe-9ab3-73106f58bef8,17.0,kg,0.0,False
c5ca02fb-e353-48e9-a6f7-f1402a456523,2025-09-24,de2aa412-e109-4bcf-b6e9-9d9ad0b05e22,a52866af-8c40-44be-b216-7444874c214c,a11dfc3a-fb4b-45fe-9ab3-73106f58bef8,13.0,kg,0.0,False
73e05ede-15a9-49c2-ae9f-7d4f86918e60,2025-09-25,de2aa412-e109-4bcf-b6e9-9d9ad0b05e22,a52866af-8c40-44be-b216-7444874c214c,a11dfc3a-fb4b-45fe-9ab3-73106f58bef8,16.0,kg,0.0,False
6a3b9f17-4e7b-4f9e-b12c-ffce47b3da54,2025-09-26,de2aa412-e109-4bcf-b6e9-9d9ad0b05e22,a52866af-8c40-44be-b216-7444874c214c,a11dfc3a-fb4b-45fe-9ab3-73106f58bef8,13.0,kg,0.0,False
71c2e063-cfa4-4e23-956b-5682b5dc1c56,2025-09-27,de2aa412-e109-4bcf-b6e9-9d9ad0b05e22,a52866af-8c40-44be-b216-7444874c214c,a11dfc3a-fb4b-45fe-9ab3-73106f58bef8,23.0,kg,0.0,False
cc095ec0-abb4-4416-8ec9-80b44c6eb07a,2025-09-28,de2aa412-e109-4bcf-b6e9-9d9ad0b05e22,a52866af-8c40-44be-b216-7444874c214c,a11dfc3a-fb4b-45fe-9ab3-73106f58bef8,28.0,kg,0.0,True
0eb9118a-b180-4071-a04e-44053b77d84e,2025-09-29,de2aa412-e109-4bcf-b6e9-9d9ad0b05e22,a52866af-8c40-44be-b216-7444874c214c,a11dfc3a-fb4b-45fe-9ab3-73106f58bef8,21.0,kg,0.0,True
cca5ed9f-7e29-4c7f-bc97-00700ee653d6,2025-09-30,de2aa412-e109-4bcf-b6e9-9d9ad0b05e22,a52866af-8c40-44be-b216-7444874c214c,a11dfc3a-fb4b-45fe-9ab3-73106f58bef8,17.0,kg,0.0,False
704f3d9e-a92d-4fc8-b2a4-ebc07f6f5078,2025-10-01,de2aa412-e109-4bcf-b6e9-9d9ad0b05e22,a52866af-8c40-44be-b216-7444874c214c,a11dfc3a-fb4b-45fe-9ab3-73106f58bef8,20.0,kg,0.0,False
3f5774bb-bccd-4dd8-905a-ec58188f8bd0,2025-10-02,de2aa412-e109-4bcf-b6e9-9d9ad0b05e22,a52866af-8c40-44be-b216-7444874c214c,a11dfc3a-fb4b-45fe-9ab3-73106f58bef8,16.0,kg,0.0,False
a9b8e280-f394-469b-8780-12eb288b2b8a,2025-10-03,de2aa412-e109-4bcf-b6e9-9d9ad0b05e22,a52866af-8c40-44be-b216-7444874c214c,a11dfc3a-fb4b-45fe-9ab3-73106f58bef8,13.0,kg,0.0,False
560610c0-da76-45d2-884c-da2ca7bdbd0b,2025-10-04,de2aa412-e109-4bcf-b6e9-9d9ad0b05e22,a52866af-8c40-44be-b216-7444874c214c,a11dfc3a-fb4b-45fe-9ab3-73106f58bef8,21.0,kg,0.0,False
f2de479c-b94c-4daa-8363-2a875d8c122b,2025-10-05,de2aa412-e109-4bcf-b6e9-9d9ad0b05e22,a52866af-8c40-44be-b216-7444874c214c,a11dfc3a-fb4b-45fe-9ab3-73106f58bef8,32.0,kg,0.0,True
32bdd7b0-4a86-4777-a105-79eccf575fae,2025-10-06,de2aa412-e109-4bcf-b6e9-9d9ad0b05e22,a52866af-8c40-44be-b216-7444874c214c,a11dfc3a-fb4b-45fe-9ab3-73106f58bef8,13.0,kg,0.0,False
c4a07426-4ce4-4c6a-b57d-586711a12bea,2025-10-07,de2aa412-e109-4bcf-b6e9-9d9ad0b05e22,a52866af-8c40-44be-b216-7444874c214c,a11dfc3a-fb4b-45fe-9ab3-73106f58bef8,15.0,kg,0.0,False
e39551fd-66b5-43dc-abc8-fdf6def97709,2025-10-08,de2aa412-e109-4bcf-b6e9-9d9ad0b05e22,a52866af-8c40-44be-b216-7444874c214c,a11dfc3a-fb4b-45fe-9ab3-73106f58bef8,20.0,kg,0.0,True
e8764849-e0bd-445c-a9ba-f6093430f231,2025-10-09,de2aa412-e109-4bcf-b6e9-9d9ad0b05e22,a52866af-8c40-44be-b216-7444874c214c,a11dfc3a-fb4b-45fe-9ab3-73106f58bef8,16.0,kg,0.0,False
c63fa9e3-2602-42e0-8a85-ac65cf3de85c,2025-10-10,de2aa412-e109-4bcf-b6e9-9d9ad0b05e22,a52866af-8c40-44be-b216-7444874c214c,a11dfc3a-fb4b-45fe-9ab3-73106f58bef8,13.0,kg,0.0,False
c601c8d8-35af-47e8-82af-d7bdab80c219,2025-10-11,de2aa412-e109-4bcf-b6e9-9d9ad0b05e22,a52866af-8c40-44be-b216-7444874c214c,a11dfc3a-fb4b-45fe-9ab3-73106f58bef8,23.0,kg,0.0,False
ce329f84-d15f-4d69-b45c-bbcbee9332f6,2025-10-12,de2aa412-e109-4bcf-b6e9-9d9ad0b05e22,a52866af-8c40-44be-b216-7444874c214c,a11dfc3a-fb4b-45fe-9ab3-73106f58bef8,33.0,kg,0.0,True
f5187229-c083-4a17-892a-bf9547d3d4d9,2025-10-13,de2aa412-e109-4bcf-b6e9-9d9ad0b05e22,a52866af-8c40-44be-b216-7444874c214c,a11dfc3a-fb4b-45fe-9ab3-73106f58bef8,20.0,kg,0.0,True
568b93c4-0453-428c-9eda-4a1d11d65667,2025-10-14,de2aa412-e109-4bcf-b6e9-9d9ad0b05e22,a52866af-8c40-44be-b216-7444874c214c,a11dfc3a-fb4b-45fe-9ab3-73106f58bef8,14.0,kg,0.0,False
c200d06f-79f1-4e1d-a30f-a042ca6165e5,2025-10-15,de2aa412-e109-4bcf-b6e9-9d9ad0b05e22,a52866af-8c40-44be-b216-7444874c214c,a11dfc3a-fb4b-45fe-9ab3-73106f58bef8,12.0,kg,0.0,False
1e7c2f89-c258-457c-968b-e9280d1f7649,2025-10-16,de2aa412-e109-4bcf-b6e9-9d9ad0b05e22,a52866af-8c40-44be-b216-7444874c214c,a11dfc3a-fb4b-45fe-9ab3-73106f58bef8,17.0,kg,0.0,False
6dae66a1-0893-4d41-a76b-bcc01f1bb375,2025-10-17,de2aa412-e109-4bcf-b6e9-9d9ad0b05e22,a52866af-8c40-44be-b216-7444874c214c,a11dfc3a-fb4b-45fe-9ab3-73106f58bef8,19.0,kg,0.0,False
87cd6a28-ce42-4a1e-9778-57f6bbb41e4e,2025-10-18,de2aa412-e109-4bcf-b6e9-9d9ad0b05e22,a52866af-8c40-44be-b216-7444874c214c,a11dfc3a-fb4b-45fe-9ab3-73106f58bef8,21.0,kg,0.0,False
c5279f8a-71e7-4995-9d5c-7e59c71d36da,2025-10-19,de2aa412-e109-4bcf-b6e9-9d9ad0b05e22,a52866af-8c40-44be-b216-7444874c214c,a11dfc3a-fb4b-45fe-9ab3-73106f58bef8,20.0,kg,0.0,False
6dd592b0-369d-41c6-949f-c6859239a2a9,2025-10-20,de2aa412-e109-4bcf-b6e9-9d9ad0b05e22,a52866af-8c40-44be-b216-7444874c214c,a11dfc3a-fb4b-45fe-9ab3-73106f58bef8,17.0,kg,0.0,True
ababf833-3989-4e6d-a8f5-7fb899119e84,2025-10-21,de2aa412-e109-4bcf-b6e9-9d9ad0b05e22,a52866af-8c40-44be-b216-7444874c214c,a11dfc3a-fb4b-45fe-9ab3-73106f58bef8,13.0,kg,0.0,False
a876f82b-f94e-4b40-8d3a-b8e0cf9644de,2025-10-22,de2aa412-e109-4bcf-b6e9-9d9ad0b05e22,a52866af-8c40-44be-b216-7444874c214c,a11dfc3a-fb4b-45fe-9ab3-73106f58bef8,18.0,kg,0.0,False
10274322-6c53-4cbb-b972-b5c84da36625,2025-10-23,de2aa412-e109-4bcf-b6e9-9d9ad0b05e22,a52866af-8c40-44be-b216-7444874c214c,a11dfc3a-fb4b-45fe-9ab3-73106f58bef8,18.0,kg,0.0,False
4fa1df27-6dc3-4748-86d1-9b72b040cc89,2025-10-24,de2aa412-e109-4bcf-b6e9-9d9ad0b05e22,a52866af-8c40-44be-b216-7444874c214c,a11dfc3a-fb4b-45fe-9ab3-73106f58bef8,12.0,kg,0.0,False
695e0e93-748a-4e34-95ec-309065c9527b,2025-10-25,de2aa412-e109-4bcf-b6e9-9d9ad0b05e22,a52866af-8c40-44be-b216-7444874c214c,a11dfc3a-fb4b-45fe-9ab3-73106f58bef8,30.0,kg,0.0,True
034ccc1b-9259-4a94-bfa5-9b9be904f5c0,2025-10-26,de2aa412-e109-4bcf-b6e9-9d9ad0b05e22,a52866af-8c40-44be-b216-7444874c214c,a11dfc3a-fb4b-45fe-9ab3-73106f58bef8,22.0,kg,0.0,False
1683677d-10e7-418f-a76b-09d69bb356f2,2025-10-27,de2aa412-e109-4bcf-b6e9-9d9ad0b05e22,a52866af-8c40-44be-b216-7444874c214c,a11dfc3a-fb4b-45fe-9ab3-73106f58bef8,20.0,kg,0.0,False
a9127711-65e0-4ff4-8ff1-9e30d479e1f3,2025-10-28,de2aa412-e109-4bcf-b6e9-9d9ad0b05e22,a52866af-8c40-44be-b216-7444874c214c,a11dfc3a-fb4b-45fe-9ab3-73106f58bef8,13.0,kg,0.0,False
93320ad8-1293-48fc-9489-50a790dfa9cc,2025-10-29,de2aa412-e109-4bcf-b6e9-9d9ad0b05e22,a52866af-8c40-44be-b216-7444874c214c,a11dfc3a-fb4b-45fe-9ab3-73106f58bef8,13.0,kg,0.0,False
5a6a0453-bc7b-4b58-956c-f0aaf40a54ee,2025-10-30,de2aa412-e109-4bcf-b6e9-9d9ad0b05e22,a52866af-8c40-44be-b216-7444874c214c,a11dfc3a-fb4b-45fe-9ab3-73106f58bef8,16.0,kg,0.0,False
0bf572e5-6105-4441-8ae0-1a633ac03c39,2025-10-31,de2aa412-e109-4bcf-b6e9-9d9ad0b05e22,a52866af-8c40-44be-b216-7444874c214c,a11dfc3a-fb4b-45fe-9ab3-73106f58bef8,17.0,kg,0.0,False
b59cf34f-689a-42ec-b015-e906c8ab6473,2025-11-01,de2aa412-e109-4bcf-b6e9-9d9ad0b05e22,a52866af-8c40-44be-b216-7444874c214c,a11dfc3a-fb4b-45fe-9ab3-73106f58bef8,26.0,kg,0.0,False
47d3b8d3-3926-4505-84af-d9bea5034ab8,2025-11-02,de2aa412-e109-4bcf-b6e9-9d9ad0b05e22,a52866af-8c40-44be-b216-7444874c214c,a11dfc3a-fb4b-45fe-9ab3-73106f58bef8,22.0,kg,0.0,False
64644db0-67f9-462b-bf82-5650c67026ad,2025-11-03,de2aa412-e109-4bcf-b6e9-9d9ad0b05e22,a52866af-8c40-44be-b216-7444874c214c,a11dfc3a-fb4b-45fe-9ab3-73106f58bef8,16.0,kg,0.0,False
96271b27-9681-4f5b-b5a3-93913f36da99,2025-11-04,de2aa412-e109-4bcf-b6e9-9d9ad0b05e22,a52866af-8c40-44be-b216-7444874c214c,a11dfc3a-fb4b-45fe-9ab3-73106f58bef8,14.0,kg,0.0,False
1711add2-fb7a-4fb8-aae8-64b1a7a121eb,2025-11-05,de2aa412-e109-4bcf-b6e9-9d9ad0b05e22,a52866af-8c40-44be-b216-7444874c214c,a11dfc3a-fb4b-45fe-9ab3-73106f58bef8,19.0,kg,0.0,False
b52ab2c6-5a14-4cb2-a917-85e96a5872ac,2025-11-06,de2aa412-e109-4bcf-b6e9-9d9ad0b05e22,a52866af-8c40-44be-b216-7444874c214c,a11dfc3a-fb4b-45fe-9ab3-73106f58bef8,14.0,kg,0.0,False
9455884b-9134-4624-bc55-368d9b7e1bc4,2025-11-07,de2aa412-e109-4bcf-b6e9-9d9ad0b05e22,a52866af-8c40-44be-b216-7444874c214c,a11dfc3a-fb4b-45fe-9ab3-73106f58bef8,21.0,kg,0.0,False
74f7b66c-0c62-4374-aece-228f643ed667,2025-11-08,de2aa412-e109-4bcf-b6e9-9d9ad0b05e22,a52866af-8c40-44be-b216-7444874c214c,a11dfc3a-fb4b-45fe-9ab3-73106f58bef8,19.0,kg,0.0,False
82d2e5fb-e2f8-47a1-bdb7-b5ab50bc4d24,2025-11-09,de2aa412-e109-4bcf-b6e9-9d9ad0b05e22,a52866af-8c40-44be-b216-7444874c214c,a11dfc3a-fb4b-45fe-9ab3-73106f58bef8,26.0,kg,0.0,False
54f6fd28-8a3b-48ba-92ba-b8fb18f52333,2025-11-10,de2aa412-e109-4bcf-b6e9-9d9ad0b05e22,a52866af-8c40-44be-b216-7444874c214c,a11dfc3a-fb4b-45fe-9ab3-73106f58bef8,18.0,kg,0.0,False
88b7c0af-9dd7-499b-8e9e-8e13ae7992a3,2025-11-11,de2aa412-e109-4bcf-b6e9-9d9ad0b05e22,a52866af-8c40-44be-b216-7444874c214c,a11dfc3a-fb4b-45fe-9ab3-73106f58bef8,16.0,kg,0.0,False
be510afa-3ccc-4e9d-b60a-3fe29fe35684,2025-11-12,de2aa412-e109-4bcf-b6e9-9d9ad0b05e22,a52866af-8c40-44be-b216-7444874c214c,a11dfc3a-fb4b-45fe-9ab3-73106f58bef8,15.0,kg,0.0,False
89417eef-4c14-48cc-af4e-73c73d19faf8,2025-11-13,de2aa412-e109-4bcf-b6e9-9d9ad0b05e22,a52866af-8c40-44be-b216-7444874c214c,a11dfc3a-fb4b-45fe-9ab3-73106f58bef8,16.0,kg,0.0,False
5543a4e1-f8bb-4820-b508-9d704da939d7,2025-11-14,de2aa412-e109-4bcf-b6e9-9d9ad0b05e22,a52866af-8c40-44be-b216-7444874c214c,a11dfc3a-fb4b-45fe-9ab3-73106f58bef8,18.0,kg,0.0,False
2a2b1e26-9e83-4b36-aab6-19e635110274,2025-11-15,de2aa412-e109-4bcf-b6e9-9d9ad0b05e22,a52866af-8c40-44be-b216-7444874c214c,a11dfc3a-fb4b-45fe-9ab3-73106f58bef8,21.0,kg,0.0,False
03b058e0-42ac-4e74-8b79-30d04ef11290,2025-11-16,de2aa412-e109-4bcf-b6e9-9d9ad0b05e22,a52866af-8c40-44be-b216-7444874c214c,a11dfc3a-fb4b-45fe-9ab3-73106f58bef8,19.0,kg,0.0,False
654e7cdc-3f51-4394-94d2-636357e9ce95,2025-11-17,de2aa412-e109-4bcf-b6e9-9d9ad0b05e22,a52866af-8c40-44be-b216-7444874c214c,a11dfc3a-fb4b-45fe-9ab3-73106f58bef8,16.0,kg,0.0,False
a63a5c6d-8640-436e-b53d-b2563ce67cae,2025-11-18,de2aa412-e109-4bcf-b6e9-9d9ad0b05e22,a52866af-8c40-44be-b216-7444874c214c,a11dfc3a-fb4b-45fe-9ab3-73106f58bef8,17.0,kg,0.0,False
1e21c99d-f963-4681-a48b-bfa359d75dbd,2025-11-19,de2aa412-e109-4bcf-b6e9-9d9ad0b05e22,a52866af-8c40-44be-b216-7444874c214c,a11dfc3a-fb4b-45fe-9ab3-73106f58bef8,11.0,kg,0.0,False
2ac264a1-605a-4d63-b023-17a6e0de0388,2025-11-20,de2aa412-e109-4bcf-b6e9-9d9ad0b05e22,a52866af-8c40-44be-b216-7444874c214c,a11dfc3a-fb4b-45fe-9ab3-73106f58bef8,18.0,kg,0.0,False
51071e76-f807-485d-bb02-6527d21f50e6,2025-11-21,de2aa412-e109-4bcf-b6e9-9d9ad0b05e22,a52866af-8c40-44be-b216-7444874c214c,a11dfc3a-fb4b-45fe-9ab3-73106f58bef8,14.0,kg,0.0,False
4b6c08fd-7765-425f-9568-d6d650b6a4a2,2025-11-22,de2aa412-e109-4bcf-b6e9-9d9ad0b05e22,a52866af-8c40-44be-b216-7444874c214c,a11dfc3a-fb4b-45fe-9ab3-73106f58bef8,17.0,kg,0.0,False
b2acb880-651b-498f-a7a8-00abfc988739,2025-11-23,de2aa412-e109-4bcf-b6e9-9d9ad0b05e22,a52866af-8c40-44be-b216-7444874c214c,a11dfc3a-fb4b-45fe-9ab3-73106f58bef8,15.0,kg,0.0,False
26c59192-3624-44ee-ae5d-f08ab30cf1e9,2025-11-24,de2aa412-e109-4bcf-b6e9-9d9ad0b05e22,a52866af-8c40-44be-b216-7444874c214c,a11dfc3a-fb4b-45fe-9ab3-73106f58bef8,12.0,kg,0.0,False
1dc193cf-d1cd-47be-aff1-264b8145acaf,2025-11-25,de2aa412-e109-4bcf-b6e9-9d9ad0b05e22,a52866af-8c40-44be-b216-7444874c214c,a11dfc3a-fb4b-45fe-9ab3-73106f58bef8,16.0,kg,0.0,True
28ac5ea5-8d85-4551-80cf-ba15d3077849,2025-11-26,de2aa412-e109-4bcf-b6e9-9d9ad0b05e22,a52866af-8c40-44be-b216-7444874c214c,a11dfc3a-fb4b-45fe-9ab3-73106f58bef8,15.0,kg,0.0,False
84e2a49c-78ee-4392-85c5-20fd15d77b76,2025-11-27,de2aa412-e109-4bcf-b6e9-9d9ad0b05e22,a52866af-8c40-44be-b216-7444874c214c,a11dfc3a-fb4b-45fe-9ab3-73106f58bef8,22.0,kg,0.0,False
addd6caf-6d75-49df-8be4-48435efccaa2,2025-11-28,de2aa412-e109-4bcf-b6e9-9d9ad0b05e22,a52866af-8c40-44be-b216-7444874c214c,a11dfc3a-fb4b-45fe-9ab3-73106f58bef8,15.0,kg,0.0,False
f2aaf500-3bec-4027-8290-3d980eacc830,2025-11-29,de2aa412-e109-4bcf-b6e9-9d9ad0b05e22,a52866af-8c40-44be-b216-7444874c214c,a11dfc3a-fb4b-45fe-9ab3-73106f58bef8,22.0,kg,0.0,False
4746d37f-c2a6-4559-a3e9-df361acc168a,2025-11-30,de2aa412-e109-4bcf-b6e9-9d9ad0b05e22,a52866af-8c40-44be-b216-7444874c214c,a11dfc3a-fb4b-45fe-9ab3-73106f58bef8,22.0,kg,0.0,False
5853686d-59a2-46c8-8c3f-ec83e2978578,2025-12-01,de2aa412-e109-4bcf-b6e9-9d9ad0b05e22,a52866af-8c40-44be-b216-7444874c214c,a11dfc3a-fb4b-45fe-9ab3-73106f58bef8,17.0,kg,0.0,False
6c557c89-2911-40c8-a123-25a30a467028,2025-12-02,de2aa412-e109-4bcf-b6e9-9d9ad0b05e22,a52866af-8c40-44be-b216-7444874c214c,a11dfc3a-fb4b-45fe-9ab3-73106f58bef8,17.0,kg,0.0,False
7ba82737-efd4-4578-a254-2a8b824af98a,2025-12-03,de2aa412-e109-4bcf-b6e9-9d9ad0b05e22,a52866af-8c40-44be-b216-7444874c214c,a11dfc3a-fb4b-45fe-9ab3-73106f58bef8,14.0,kg,0.0,False
af3942cf-1554-4360-82d0-0ebe3276e6d9,2025-12-04,de2aa412-e109-4bcf-b6e9-9d9ad0b05e22,a52866af-8c40-44be-b216-7444874c214c,a11dfc3a-fb4b-45fe-9ab3-73106f58bef8,21.0,kg,0.0,False
70104168-4ba4-46f8-a4ae-456e193feb2c,2025-12-05,de2aa412-e109-4bcf-b6e9-9d9ad0b05e22,a52866af-8c40-44be-b216-7444874c214c,a11dfc3a-fb4b-45fe-9ab3-73106f58bef8,22.0,kg,0.0,False
230744ae-8ffc-4593-89d4-9b7495069807,2025-12-06,de2aa412-e109-4bcf-b6e9-9d9ad0b05e22,a52866af-8c40-44be-b216-7444874c214c,a11dfc3a-fb4b-45fe-9ab3-73106f58bef8,16.0,kg,0.0,False
fe042001-d2d0-41bf-962b-78d44be25640,2025-12-07,de2aa412-e109-4bcf-b6e9-9d9ad0b05e22,a52866af-8c40-44be-b216-7444874c214c,a11dfc3a-fb4b-45fe-9ab3-73106f58bef8,18.0,kg,0.0,False
4f93dd71-c846-4a56-9b42-2a70b8e6308a,2025-12-08,de2aa412-e109-4bcf-b6e9-9d9ad0b05e22,a52866af-8c40-44be-b216-7444874c214c,a11dfc3a-fb4b-45fe-9ab3-73106f58bef8,16.0,kg,0.0,False
e3119210-0cd3-4ae3-ac35-d0b7b7329d8b,2025-12-09,de2aa412-e109-4bcf-b6e9-9d9ad0b05e22,a52866af-8c40-44be-b216-7444874c214c,a11dfc3a-fb4b-45fe-9ab3-73106f58bef8,15.0,kg,0.0,False
aaca55ec-d770-42c2-9574-5748ce6c6c9f,2025-12-10,de2aa412-e109-4bcf-b6e9-9d9ad0b05e22,a52866af-8c40-44be-b216-7444874c214c,a11dfc3a-fb4b-45fe-9ab3-73106f58bef8,19.0,kg,0.0,False
fcc0f741-ae71-4910-b430-0f6356412f8c,2025-12-11,de2aa412-e109-4bcf-b6e9-9d9ad0b05e22,a52866af-8c40-44be-b216-7444874c214c,a11dfc3a-fb4b-45fe-9ab3-73106f58bef8,15.0,kg,0.0,False
f86d8de5-7038-4eda-839c-596edaa9a05d,2025-12-12,de2aa412-e109-4bcf-b6e9-9d9ad0b05e22,a52866af-8c40-44be-b216-7444874c214c,a11dfc3a-fb4b-45fe-9ab3-73106f58bef8,23.0,kg,0.0,False
b93e8adb-2e6d-49ec-a8cf-deb9f883a216,2025-12-13,de2aa412-e109-4bcf-b6e9-9d9ad0b05e22,a52866af-8c40-44be-b216-7444874c214c,a11dfc3a-fb4b-45fe-9ab3-73106f58bef8,26.0,kg,0.0,False
c2453812-fd09-450e-aba5-07d37277aff8,2025-12-14,de2aa412-e109-4bcf-b6e9-9d9ad0b05e22,a52866af-8c40-44be-b216-7444874c214c,a11dfc3a-fb4b-45fe-9ab3-73106f58bef8,22.0,kg,0.0,False
9979eb93-1c9b-4786-bade-00323edc4190,2025-12-15,de2aa412-e109-4bcf-b6e9-9d9ad0b05e22,a52866af-8c40-44be-b216-7444874c214c,a11dfc3a-fb4b-45fe-9ab3-73106f58bef8,20.0,kg,0.0,False
bee97755-32b4-463f-a97f-9cc99aee3ce0,2025-12-16,de2aa412-e109-4bcf-b6e9-9d9ad0b05e22,a52866af-8c40-44be-b216-7444874c214c,a11dfc3a-fb4b-45fe-9ab3-73106f58bef8,21.0,kg,0.0,False
22b31167-b78a-4722-abea-0099469b5c5d,2025-12-17,de2aa412-e109-4bcf-b6e9-9d9ad0b05e22,a52866af-8c40-44be-b216-7444874c214c,a11dfc3a-fb4b-45fe-9ab3-73106f58bef8,16.0,kg,0.0,False
6e679e4e-5caf-4608-8a53-00d465a5cc81,2025-12-18,de2aa412-e109-4bcf-b6e9-9d9ad0b05e22,a52866af-8c40-44be-b216-7444874c214c,a11dfc3a-fb4b-45fe-9ab3-73106f58bef8,15.0,kg,0.0,False
1d235683-b182-4635-9e80-4f3e66a8599b,2025-12-19,de2aa412-e109-4bcf-b6e9-9d9ad0b05e22,a52866af-8c40-44be-b216-7444874c214c,a11dfc3a-fb4b-45fe-9ab3-73106f58bef8,18.0,kg,0.0,False
dffe9563-f125-4b93-9431-3cd512feb427,2025-12-20,de2aa412-e109-4bcf-b6e9-9d9ad0b05e22,a52866af-8c40-44be-b216-7444874c214c,a11dfc3a-fb4b-45fe-9ab3-73106f58bef8,25.0,kg,0.0,False
9f765458-672e-4c34-aede-a8805baace81,2025-12-21,de2aa412-e109-4bcf-b6e9-9d9ad0b05e22,a52866af-8c40-44be-b216-7444874c214c,a11dfc3a-fb4b-45fe-9ab3-73106f58bef8,23.0,kg,0.0,False
46deebc4-c411-4969-966d-fbd7d55f0b14,2025-12-22,de2aa412-e109-4bcf-b6e9-9d9ad0b05e22,a52866af-8c40-44be-b216-7444874c214c,a11dfc3a-fb4b-45fe-9ab3-73106f58bef8,13.0,kg,0.0,False
abf54135-3afc-4a50-8686-e947d1cc0840,2025-12-23,de2aa412-e109-4bcf-b6e9-9d9ad0b05e22,a52866af-8c40-44be-b216-7444874c214c,a11dfc3a-fb4b-45fe-9ab3-73106f58bef8,15.0,kg,0.0,False
2abaffa5-734b-4bd2-a37b-7721642a042b,2025-12-24,de2aa412-e109-4bcf-b6e9-9d9ad0b05e22,a52866af-8c40-44be-b216-7444874c214c,a11dfc3a-fb4b-45fe-9ab3-73106f58bef8,18.0,kg,0.0,False
0591d278-8eab-49df-b452-f172f4636fa7,2025-12-25,de2aa412-e109-4bcf-b6e9-9d9ad0b05e22,a52866af-8c40-44be-b216-7444874c214c,a11dfc3a-fb4b-45fe-9ab3-73106f58bef8,18.0,kg,0.0,False
f101b53a-b85a-4853-a732-43f1671a5634,2025-12-26,de2aa412-e109-4bcf-b6e9-9d9ad0b05e22,a52866af-8c40-44be-b216-7444874c214c,a11dfc3a-fb4b-45fe-9ab3-73106f58bef8,23.0,kg,0.0,False
26813f8f-8dcb-4927-9ce8-de16e888fb80,2025-12-27,de2aa412-e109-4bcf-b6e9-9d9ad0b05e22,a52866af-8c40-44be-b216-7444874c214c,a11dfc3a-fb4b-45fe-9ab3-73106f58bef8,17.0,kg,0.0,False
acc02a79-bd88-40bd-bd8d-48ad6932bee7,2025-12-28,de2aa412-e109-4bcf-b6e9-9d9ad0b05e22,a52866af-8c40-44be-b216-7444874c214c,a11dfc3a-fb4b-45fe-9ab3-73106f58bef8,24.0,kg,0.0,False
c3345880-680f-4448-8c43-29bffe5ae533,2025-12-29,de2aa412-e109-4bcf-b6e9-9d9ad0b05e22,a52866af-8c40-44be-b216-7444874c214c,a11dfc3a-fb4b-45fe-9ab3-73106f58bef8,22.0,kg,0.0,False
52ddf8b2-11fe-43c1-ba04-ffb0715351e8,2025-12-30,de2aa412-e109-4bcf-b6e9-9d9ad0b05e22,a52866af-8c40-44be-b216-7444874c214c,a11dfc3a-fb4b-45fe-9ab3-73106f58bef8,24.0,kg,0.0,False
9d2eb127-9e20-4740-8b89-a4f873ee5156,2025-12-31,de2aa412-e109-4bcf-b6e9-9d9ad0b05e22,a52866af-8c40-44be-b216-7444874c214c,a11dfc3a-fb4b-45fe-9ab3-73106f58bef8,17.0,kg,0.0,False
36526c43-6266-4fa1-b1f2-f62a6c675b2c,2026-01-01,de2aa412-e109-4bcf-b6e9-9d9ad0b05e22,a52866af-8c40-44be-b216-7444874c214c,a11dfc3a-fb4b-45fe-9ab3-73106f58bef8,19.0,kg,0.0,False
5771d702-24da-45be-8323-dda0e716af8d,2026-01-02,de2aa412-e109-4bcf-b6e9-9d9ad0b05e22,a52866af-8c40-44be-b216-7444874c214c,a11dfc3a-fb4b-45fe-9ab3-73106f58bef8,20.0,kg,0.0,False
b34c3876-4ffb-4fff-83d1-fdd377183eeb,2026-01-03,de2aa412-e109-4bcf-b6e9-9d9ad0b05e22,a52866af-8c40-44be-b216-7444874c214c,a11dfc3a-fb4b-45fe-9ab3-73106f58bef8,23.0,kg,0.0,False
b5c04461-b7d6-4a4b-bcac-5f0df398a7bb,2026-01-04,de2aa412-e109-4bcf-b6e9-9d9ad0b05e22,a52866af-8c40-44be-b216-7444874c214c,a11dfc3a-fb4b-45fe-9ab3-73106f58bef8,22.0,kg,0.0,False
0f298f0c-8192-488f-a230-0149e48a9b62,2026-01-05,de2aa412-e109-4bcf-b6e9-9d9ad0b05e22,a52866af-8c40-44be-b216-7444874c214c,a11dfc3a-fb4b-45fe-9ab3-73106f58bef8,23.0,kg,0.0,True
683c085b-44a4-41fd-b3b8-89d7ada7f3af,2026-01-06,de2aa412-e109-4bcf-b6e9-9d9ad0b05e22,a52866af-8c40-44be-b216-7444874c214c,a11dfc3a-fb4b-45fe-9ab3-73106f58bef8,11.0,kg,0.0,False
502ceabb-66d8-4b87-9de6-4b0680e9ee40,2026-01-07,de2aa412-e109-4bcf-b6e9-9d9ad0b05e22,a52866af-8c40-44be-b216-7444874c214c,a11dfc3a-fb4b-45fe-9ab3-73106f58bef8,20.0,kg,0.0,False
614ee017-da86-4090-9f63-ed6e592e72a6,2026-01-08,de2aa412-e109-4bcf-b6e9-9d9ad0b05e22,a52866af-8c40-44be-b216-7444874c214c,a11dfc3a-fb4b-45fe-9ab3-73106f58bef8,19.0,kg,0.0,False
90f259d1-2315-49a6-9db3-6b5093fad3c5,2026-01-09,de2aa412-e109-4bcf-b6e9-9d9ad0b05e22,a52866af-8c40-44be-b216-7444874c214c,a11dfc3a-fb4b-45fe-9ab3-73106f58bef8,21.0,kg,0.0,True
52709a26-e899-431a-8b12-5432835abce3,2026-01-10,de2aa412-e109-4bcf-b6e9-9d9ad0b05e22,a52866af-8c40-44be-b216-7444874c214c,a11dfc3a-fb4b-45fe-9ab3-73106f58bef8,30.0,kg,0.0,False
f88e39c8-d820-4cb5-ba6d-2865b8c47562,2026-01-11,de2aa412-e109-4bcf-b6e9-9d9ad0b05e22,a52866af-8c40-44be-b216-7444874c214c,a11dfc3a-fb4b-45fe-9ab3-73106f58bef8,21.0,kg,0.0,False
f244be70-976c-46bf-8bd3-64a8ff28a5f0,2026-01-12,de2aa412-e109-4bcf-b6e9-9d9ad0b05e22,a52866af-8c40-44be-b216-7444874c214c,a11dfc3a-fb4b-45fe-9ab3-73106f58bef8,17.0,kg,0.0,False
c7754be5-9780-4e1e-aa01-5f4ffca27ed0,2026-01-13,de2aa412-e109-4bcf-b6e9-9d9ad0b05e22,a52866af-8c40-44be-b216-7444874c214c,a11dfc3a-fb4b-45fe-9ab3-73106f58bef8,24.0,kg,0.0,False
c8994a8a-d879-4266-aede-16bb9c78563f,2026-01-14,de2aa412-e109-4bcf-b6e9-9d9ad0b05e22,a52866af-8c40-44be-b216-7444874c214c,a11dfc3a-fb4b-45fe-9ab3-73106f58bef8,16.0,kg,0.0,False
4c3ff1c9-2635-4584-855f-4e911a26c57d,2026-01-15,de2aa412-e109-4bcf-b6e9-9d9ad0b05e22,a52866af-8c40-44be-b216-7444874c214c,a11dfc3a-fb4b-45fe-9ab3-73106f58bef8,17.0,kg,0.0,False
df2df170-723d-494a-b2ea-2648c659f35f,2026-01-16,de2aa412-e109-4bcf-b6e9-9d9ad0b05e22,a52866af-8c40-44be-b216-7444874c214c,a11dfc3a-fb4b-45fe-9ab3-73106f58bef8,18.0,kg,0.0,False
e9a2bae8-a725-4d7a-840b-e6d58bb6bb34,2026-01-17,de2aa412-e109-4bcf-b6e9-9d9ad0b05e22,a52866af-8c40-44be-b216-7444874c214c,a11dfc3a-fb4b-45fe-9ab3-73106f58bef8,26.0,kg,0.0,False
17c573f1-35a4-4986-810b-13d5a1577e00,2026-01-18,de2aa412-e109-4bcf-b6e9-9d9ad0b05e22,a52866af-8c40-44be-b216-7444874c214c,a11dfc3a-fb4b-45fe-9ab3-73106f58bef8,24.0,kg,0.0,False
ec4f4d7b-ffe9-4242-9457-0c2f8341a6db,2026-01-19,de2aa412-e109-4bcf-b6e9-9d9ad0b05e22,a52866af-8c40-44be-b216-7444874c214c,a11dfc3a-fb4b-45fe-9ab3-73106f58bef8,15.0,kg,0.0,False
561c5654-7f67-4176-852f-b8884d947c0a,2026-01-20,de2aa412-e109-4bcf-b6e9-9d9ad0b05e22,a52866af-8c40-44be-b216-7444874c214c,a11dfc3a-fb4b-45fe-9ab3-73106f58bef8,17.0,kg,0.0,False
3c0d89a8-5843-42d1-87f6-003e30126b98,2026-01-21,de2aa412-e109-4bcf-b6e9-9d9ad0b05e22,a52866af-8c40-44be-b216-7444874c214c,a11dfc3a-fb4b-45fe-9ab3-73106f58bef8,17.0,kg,0.0,False
cf5ea731-efdc-4b50-8cec-1a8adaefbe95,2026-01-22,de2aa412-e109-4bcf-b6e9-9d9ad0b05e22,a52866af-8c40-44be-b216-7444874c214c,a11dfc3a-fb4b-45fe-9ab3-73106f58bef8,19.0,kg,0.0,False
171b25c4-c28a-4887-b722-cc5aab588dc7,2026-01-23,de2aa412-e109-4bcf-b6e9-9d9ad0b05e22,a52866af-8c40-44be-b216-7444874c214c,a11dfc3a-fb4b-45fe-9ab3-73106f58bef8,20.0,kg,0.0,False
c6088d55-1905-4d67-ad2f-0974d90cff7c,2026-01-24,de2aa412-e109-4bcf-b6e9-9d9ad0b05e22,a52866af-8c40-44be-b216-7444874c214c,a11dfc3a-fb4b-45fe-9ab3-73106f58bef8,25.0,kg,0.0,False
f9e063ab-fa26-4d91-9903-1775251006ac,2026-01-25,de2aa412-e109-4bcf-b6e9-9d9ad0b05e22,a52866af-8c40-44be-b216-7444874c214c,a11dfc3a-fb4b-45fe-9ab3-73106f58bef8,17.0,kg,0.0,False
d7ae7515-1ce3-41b1-a4b1-5a49cca8f0a7,2026-01-26,de2aa412-e109-4bcf-b6e9-9d9ad0b05e22,a52866af-8c40-44be-b216-7444874c214c,a11dfc3a-fb4b-45fe-9ab3-73106f58bef8,22.0,kg,0.0,False
2a10be35-24ac-46d6-ae81-af7e87084999,2026-01-27,de2aa412-e109-4bcf-b6e9-9d9ad0b05e22,a52866af-8c40-44be-b216-7444874c214c,a11dfc3a-fb4b-45fe-9ab3-73106f58bef8,20.0,kg,0.0,False
77202d07-78fe-4a6a-b209-15e90d03f31a,2026-01-28,de2aa412-e109-4bcf-b6e9-9d9ad0b05e22,a52866af-8c40-44be-b216-7444874c214c,a11dfc3a-fb4b-45fe-9ab3-73106f58bef8,23.0,kg,0.0,False
16b68842-b853-4ee2-add7-ee4b7a7e759b,2026-01-29,de2aa412-e109-4bcf-b6e9-9d9ad0b05e22,a52866af-8c40-44be-b216-7444874c214c,a11dfc3a-fb4b-45fe-9ab3-73106f58bef8,20.0,kg,0.0,False
4ebbbc1d-9ec9-4415-8fc3-054520ea5458,2026-01-30,de2aa412-e109-4bcf-b6e9-9d9ad0b05e22,a52866af-8c40-44be-b216-7444874c214c,a11dfc3a-fb4b-45fe-9ab3-73106f58bef8,22.0,kg,0.0,False
7df70ab1-e45d-4ff5-8864-2aa680884d00,2026-01-31,de2aa412-e109-4bcf-b6e9-9d9ad0b05e22,a52866af-8c40-44be-b216-7444874c214c,a11dfc3a-fb4b-45fe-9ab3-73106f58bef8,26.0,kg,0.0,False
e8f35ef7-0711-491d-bffe-ccbe143fe7ee,2026-02-01,de2aa412-e109-4bcf-b6e9-9d9ad0b05e22,a52866af-8c40-44be-b216-7444874c214c,a11dfc3a-fb4b-45fe-9ab3-73106f58bef8,29.0,kg,0.0,False
e0cae74b-e410-45ee-a1b3-b18c73a0f17b,2026-02-02,de2aa412-e109-4bcf-b6e9-9d9ad0b05e22,a52866af-8c40-44be-b216-7444874c214c,a11dfc3a-fb4b-45fe-9ab3-73106f58bef8,21.0,kg,0.0,False
f05e7fb0-30df-4c4e-9255-185a5048e495,2026-02-03,de2aa412-e109-4bcf-b6e9-9d9ad0b05e22,a52866af-8c40-44be-b216-7444874c214c,a11dfc3a-fb4b-45fe-9ab3-73106f58bef8,19.0,kg,0.0,False
db8f665a-b09e-4910-9bfd-1558c1a2552d,2026-02-04,de2aa412-e109-4bcf-b6e9-9d9ad0b05e22,a52866af-8c40-44be-b216-7444874c214c,a11dfc3a-fb4b-45fe-9ab3-73106f58bef8,26.0,kg,0.0,False
7504bb7b-8195-4730-a9e2-55318e2b9a85,2026-02-05,de2aa412-e109-4bcf-b6e9-9d9ad0b05e22,a52866af-8c40-44be-b216-7444874c214c,a11dfc3a-fb4b-45fe-9ab3-73106f58bef8,22.0,kg,0.0,False
14986c89-fd94-4299-a533-cfcbbf9a8919,2026-02-06,de2aa412-e109-4bcf-b6e9-9d9ad0b05e22,a52866af-8c40-44be-b216-7444874c214c,a11dfc3a-fb4b-45fe-9ab3-73106f58bef8,21.0,kg,0.0,False
5704bdb3-a4ac-479b-b7c7-be1dfe84c18b,2026-02-07,de2aa412-e109-4bcf-b6e9-9d9ad0b05e22,a52866af-8c40-44be-b216-7444874c214c,a11dfc3a-fb4b-45fe-9ab3-73106f58bef8,19.0,kg,0.0,False
77ef9215-55b1-46d1-87bf-393baa1cf41f,2026-02-08,de2aa412-e109-4bcf-b6e9-9d9ad0b05e22,a52866af-8c40-44be-b216-7444874c214c,a11dfc3a-fb4b-45fe-9ab3-73106f58bef8,19.0,kg,0.0,False
a957e1f2-4e82-4838-b04f-3d760c54b83f,2026-02-09,de2aa412-e109-4bcf-b6e9-9d9ad0b05e22,a52866af-8c40-44be-b216-7444874c214c,a11dfc3a-fb4b-45fe-9ab3-73106f58bef8,20.0,kg,0.0,False
c095cd09-7886-4fb2-be3a-6b4f9cc773a9,2026-02-10,de2aa412-e109-4bcf-b6e9-9d9ad0b05e22,a52866af-8c40-44be-b216-7444874c214c,a11dfc3a-fb4b-45fe-9ab3-73106f58bef8,20.0,kg,0.0,False
b1abcb8c-af15-4742-9760-835fbe5f9376,2026-02-11,de2aa412-e109-4bcf-b6e9-9d9ad0b05e22,a52866af-8c40-44be-b216-7444874c214c,a11dfc3a-fb4b-45fe-9ab3-73106f58bef8,18.0,kg,0.0,False
cc0f19f2-2adf-4422-85e5-3b616a5c7b34,2026-02-12,de2aa412-e109-4bcf-b6e9-9d9ad0b05e22,a52866af-8c40-44be-b216-7444874c214c,a11dfc3a-fb4b-45fe-9ab3-73106f58bef8,20.0,kg,0.0,False
e7266f56-bcef-4b3c-9ac0-e28a3b1daab2,2026-02-13,de2aa412-e109-4bcf-b6e9-9d9ad0b05e22,a52866af-8c40-44be-b216-7444874c214c,a11dfc3a-fb4b-45fe-9ab3-73106f58bef8,24.0,kg,0.0,False
ce108285-fbd6-4e4e-8236-949a7265547a,2026-02-14,de2aa412-e109-4bcf-b6e9-9d9ad0b05e22,a52866af-8c40-44be-b216-7444874c214c,a11dfc3a-fb4b-45fe-9ab3-73106f58bef8,27.0,kg,0.0,False
8d612572-c6ef-4269-82f9-9467db356e3f,2026-02-15,de2aa412-e109-4bcf-b6e9-9d9ad0b05e22,a52866af-8c40-44be-b216-7444874c214c,a11dfc3a-fb4b-45fe-9ab3-73106f58bef8,20.0,kg,0.0,False
d1c228dd-0351-4dd5-be0c-943da2cee313,2026-02-16,de2aa412-e109-4bcf-b6e9-9d9ad0b05e22,a52866af-8c40-44be-b216-7444874c214c,a11dfc3a-fb4b-45fe-9ab3-73106f58bef8,19.0,kg,0.0,False
720de720-d20c-4cef-bd69-1a61fae13413,2026-02-17,de2aa412-e109-4bcf-b6e9-9d9ad0b05e22,a52866af-8c40-44be-b216-7444874c214c,a11dfc3a-fb4b-45fe-9ab3-73106f58bef8,20.0,kg,0.0,True
e156c952-d7b4-4012-93ae-cf66f38c36f0,2026-02-18,de2aa412-e109-4bcf-b6e9-9d9ad0b05e22,a52866af-8c40-44be-b216-7444874c214c,a11dfc3a-fb4b-45fe-9ab3-73106f58bef8,18.0,kg,0.0,False
b29565d4-bc05-4621-982c-e6c1ef2a841c,2026-02-19,de2aa412-e109-4bcf-b6e9-9d9ad0b05e22,a52866af-8c40-44be-b216-7444874c214c,a11dfc3a-fb4b-45fe-9ab3-73106f58bef8,18.0,kg,0.0,False
7a5d436b-ef17-48fb-bd3c-dabe99290f45,2026-02-20,de2aa412-e109-4bcf-b6e9-9d9ad0b05e22,a52866af-8c40-44be-b216-7444874c214c,a11dfc3a-fb4b-45fe-9ab3-73106f58bef8,18.0,kg,0.0,False
1dd9376f-6daf-4a6f-b439-7329baf0115e,2026-02-21,de2aa412-e109-4bcf-b6e9-9d9ad0b05e22,a52866af-8c40-44be-b216-7444874c214c,a11dfc3a-fb4b-45fe-9ab3-73106f58bef8,20.0,kg,0.0,False
9c3e273a-c8bc-482f-9ad3-a694829591af,2026-02-22,de2aa412-e109-4bcf-b6e9-9d9ad0b05e22,a52866af-8c40-44be-b216-7444874c214c,a11dfc3a-fb4b-45fe-9ab3-73106f58bef8,29.0,kg,0.0,True
7b5db5a7-50c0-477c-8afc-6e5b39e5a8cd,2026-02-23,de2aa412-e109-4bcf-b6e9-9d9ad0b05e22,a52866af-8c40-44be-b216-7444874c214c,a11dfc3a-fb4b-45fe-9ab3-73106f58bef8,18.0,kg,0.0,False
ed8f7e52-0615-4e9a-9ed4-74fb6bb306bf,2026-02-24,de2aa412-e109-4bcf-b6e9-9d9ad0b05e22,a52866af-8c40-44be-b216-7444874c214c,a11dfc3a-fb4b-45fe-9ab3-73106f58bef8,10.0,kg,0.0,False
0d7848b7-4bca-4f80-81ee-f5fac19175b4,2026-02-25,de2aa412-e109-4bcf-b6e9-9d9ad0b05e22,a52866af-8c40-44be-b216-7444874c214c,a11dfc3a-fb4b-45fe-9ab3-73106f58bef8,26.0,kg,0.0,False
d67e0b79-72f1-44e6-906e-ef2a189447be,2026-02-26,de2aa412-e109-4bcf-b6e9-9d9ad0b05e22,a52866af-8c40-44be-b216-7444874c214c,a11dfc3a-fb4b-45fe-9ab3-73106f58bef8,23.0,kg,0.0,False
9d110dc0-7ab2-48c6-bb7d-e77c4da4c933,2026-02-27,de2aa412-e109-4bcf-b6e9-9d9ad0b05e22,a52866af-8c40-44be-b216-7444874c214c,a11dfc3a-fb4b-45fe-9ab3-73106f58bef8,22.0,kg,0.0,True
4a2ab029-cdf6-4496-9a9a-bb9f9f696054,2026-02-28,de2aa412-e109-4bcf-b6e9-9d9ad0b05e22,a52866af-8c40-44be-b216-7444874c214c,a11dfc3a-fb4b-45fe-9ab3-73106f58bef8,25.0,kg,0.0,False
452b0f2a-e7fc-4559-9d05-d0bd8319fe69,2026-03-01,de2aa412-e109-4bcf-b6e9-9d9ad0b05e22,a52866af-8c40-44be-b216-7444874c214c,a11dfc3a-fb4b-45fe-9ab3-73106f58bef8,20.0,kg,0.0,False
425db14f-a804-4b6c-b4a8-02f88a4fd1c2,2026-03-02,de2aa412-e109-4bcf-b6e9-9d9ad0b05e22,a52866af-8c40-44be-b216-7444874c214c,a11dfc3a-fb4b-45fe-9ab3-73106f58bef8,25.0,kg,0.0,False
1345d04d-98a6-4a69-a8d3-60c10428f6f8,2026-03-03,de2aa412-e109-4bcf-b6e9-9d9ad0b05e22,a52866af-8c40-44be-b216-7444874c214c,a11dfc3a-fb4b-45fe-9ab3-73106f58bef8,26.0,kg,0.0,False
a0544025-7398-480c-81b1-f73c577649db,2026-03-04,de2aa412-e109-4bcf-b6e9-9d9ad0b05e22,a52866af-8c40-44be-b216-7444874c214c,a11dfc3a-fb4b-45fe-9ab3-73106f58bef8,20.0,kg,0.0,False
a3433b25-48cb-494f-9119-2febfb736e13,2026-03-05,de2aa412-e109-4bcf-b6e9-9d9ad0b05e22,a52866af-8c40-44be-b216-7444874c214c,a11dfc3a-fb4b-45fe-9ab3-73106f58bef8,23.0,kg,0.0,False
d19096a1-db87-40c8-80d5-f1815f666439,2026-03-06,de2aa412-e109-4bcf-b6e9-9d9ad0b05e22,a52866af-8c40-44be-b216-7444874c214c,a11dfc3a-fb4b-45fe-9ab3-73106f58bef8,21.0,kg,0.0,False
d5883d03-e702-4eb5-8a62-599f3d46f9f1,2026-03-07,de2aa412-e109-4bcf-b6e9-9d9ad0b05e22,a52866af-8c40-44be-b216-7444874c214c,a11dfc3a-fb4b-45fe-9ab3-73106f58bef8,20.0,kg,0.0,False
319e4fa1-4371-42d3-8c80-a32f0ed46b2a,2026-03-08,de2aa412-e109-4bcf-b6e9-9d9ad0b05e22,a52866af-8c40-44be-b216-7444874c214c,a11dfc3a-fb4b-45fe-9ab3-73106f58bef8,23.0,kg,0.0,False
0b113db9-12ee-4fd9-b775-90c1c9eb2985,2026-03-09,de2aa412-e109-4bcf-b6e9-9d9ad0b05e22,a52866af-8c40-44be-b216-7444874c214c,a11dfc3a-fb4b-45fe-9ab3-73106f58bef8,20.0,kg,0.0,False
8c3562c2-72b1-4d40-ae87-5c48e876557e,2026-03-10,de2aa412-e109-4bcf-b6e9-9d9ad0b05e22,a52866af-8c40-44be-b216-7444874c214c,a11dfc3a-fb4b-45fe-9ab3-73106f58bef8,19.0,kg,0.0,False
ec21a0a7-6037-49f5-87c8-23eba6f14218,2026-03-11,de2aa412-e109-4bcf-b6e9-9d9ad0b05e22,a52866af-8c40-44be-b216-7444874c214c,a11dfc3a-fb4b-45fe-9ab3-73106f58bef8,19.0,kg,0.0,False
af788e19-3f7a-456a-960a-d88f4538bbc6,2026-03-12,de2aa412-e109-4bcf-b6e9-9d9ad0b05e22,a52866af-8c40-44be-b216-7444874c214c,a11dfc3a-fb4b-45fe-9ab3-73106f58bef8,20.0,kg,0.0,False
3d9b9b1b-6686-449b-8fb0-49deccf9b7ee,2026-03-13,de2aa412-e109-4bcf-b6e9-9d9ad0b05e22,a52866af-8c40-44be-b216-7444874c214c,a11dfc3a-fb4b-45fe-9ab3-73106f58bef8,20.0,kg,0.0,False
be66f18a-e2c1-4ae0-965c-ba3c5c4137a5,2026-03-14,de2aa412-e109-4bcf-b6e9-9d9ad0b05e22,a52866af-8c40-44be-b216-7444874c214c,a11dfc3a-fb4b-45fe-9ab3-73106f58bef8,25.0,kg,0.0,False
bc8c249e-e394-42ba-a405-4d27722650ba,2026-03-15,de2aa412-e109-4bcf-b6e9-9d9ad0b05e22,a52866af-8c40-44be-b216-7444874c214c,a11dfc3a-fb4b-45fe-9ab3-73106f58bef8,25.0,kg,0.0,True
feba1d11-484d-4812-a964-767c1c2d5852,2026-03-16,de2aa412-e109-4bcf-b6e9-9d9ad0b05e22,a52866af-8c40-44be-b216-7444874c214c,a11dfc3a-fb4b-45fe-9ab3-73106f58bef8,18.0,kg,0.0,False
c248524b-ec1a-42ae-ae0e-237d0d429257,2026-03-17,de2aa412-e109-4bcf-b6e9-9d9ad0b05e22,a52866af-8c40-44be-b216-7444874c214c,a11dfc3a-fb4b-45fe-9ab3-73106f58bef8,16.0,kg,0.0,False
97242423-4b48-4af1-bc09-b014c14f10c8,2026-03-18,de2aa412-e109-4bcf-b6e9-9d9ad0b05e22,a52866af-8c40-44be-b216-7444874c214c,a11dfc3a-fb4b-45fe-9ab3-73106f58bef8,23.0,kg,0.0,False
973f1f63-a8e6-4e56-9ea8-edaf7a42cbb9,2026-03-19,de2aa412-e109-4bcf-b6e9-9d9ad0b05e22,a52866af-8c40-44be-b216-7444874c214c,a11dfc3a-fb4b-45fe-9ab3-73106f58bef8,13.0,kg,0.0,False
b5075a3e-478c-440a-a309-775402e56864,2026-03-20,de2aa412-e109-4bcf-b6e9-9d9ad0b05e22,a52866af-8c40-44be-b216-7444874c214c,a11dfc3a-fb4b-45fe-9ab3-73106f58bef8,24.0,kg,0.0,False
a1061e5d-141a-4e2d-923a-6c1e8bf41ac0,2026-03-21,de2aa412-e109-4bcf-b6e9-9d9ad0b05e22,a52866af-8c40-44be-b216-7444874c214c,a11dfc3a-fb4b-45fe-9ab3-73106f58bef8,31.0,kg,0.0,False
addaaa44-cfd8-49ff-8ab4-9450c018905a,2026-03-22,de2aa412-e109-4bcf-b6e9-9d9ad0b05e22,a52866af-8c40-44be-b216-7444874c214c,a11dfc3a-fb4b-45fe-9ab3-73106f58bef8,24.0,kg,0.0,False
bd949cf3-291e-4448-b039-5a92a36353ce,2026-03-23,de2aa412-e109-4bcf-b6e9-9d9ad0b05e22,a52866af-8c40-44be-b216-7444874c214c,a11dfc3a-fb4b-45fe-9ab3-73106f58bef8,12.0,kg,0.0,False
95ce251c-7c43-42ee-acfd-8fd8ad494bd7,2026-03-24,de2aa412-e109-4bcf-b6e9-9d9ad0b05e22,a52866af-8c40-44be-b216-7444874c214c,a11dfc3a-fb4b-45fe-9ab3-73106f58bef8,19.0,kg,0.0,False
f71c8d44-b94c-4861-9542-cd958ce0ecb5,2026-03-25,de2aa412-e109-4bcf-b6e9-9d9ad0b05e22,a52866af-8c40-44be-b216-7444874c214c,a11dfc3a-fb4b-45fe-9ab3-73106f58bef8,20.0,kg,0.0,False
7e147936-5257-4ce9-b5a5-5b2d1b0e79df,2026-03-26,de2aa412-e109-4bcf-b6e9-9d9ad0b05e22,a52866af-8c40-44be-b216-7444874c214c,a11dfc3a-fb4b-45fe-9ab3-73106f58bef8,17.0,kg,0.0,False
e1529675-d679-4977-bd5e-1309be147f6a,2026-03-27,de2aa412-e109-4bcf-b6e9-9d9ad0b05e22,a52866af-8c40-44be-b216-7444874c214c,a11dfc3a-fb4b-45fe-9ab3-73106f58bef8,18.0,kg,0.0,False
7eba60a4-c222-4066-b6ab-2eebbb947e9c,2026-03-28,de2aa412-e109-4bcf-b6e9-9d9ad0b05e22,a52866af-8c40-44be-b216-7444874c214c,a11dfc3a-fb4b-45fe-9ab3-73106f58bef8,31.0,kg,0.0,False
179e9a5e-341b-44aa-bf51-5ab9ea9895be,2026-03-29,de2aa412-e109-4bcf-b6e9-9d9ad0b05e22,a52866af-8c40-44be-b216-7444874c214c,a11dfc3a-fb4b-45fe-9ab3-73106f58bef8,28.0,kg,0.0,False
b393a75a-136c-4040-a4e1-26e0cb5484dd,2026-03-30,de2aa412-e109-4bcf-b6e9-9d9ad0b05e22,a52866af-8c40-44be-b216-7444874c214c,a11dfc3a-fb4b-45fe-9ab3-73106f58bef8,17.0,kg,0.0,False
1282280d-15b5-41fc-8dd8-36b6e7815745,2026-03-31,de2aa412-e109-4bcf-b6e9-9d9ad0b05e22,a52866af-8c40-44be-b216-7444874c214c,a11dfc3a-fb4b-45fe-9ab3-73106f58bef8,15.0,kg,0.0,False
126c8f6b-68f8-4edf-a9d6-cf590220e34d,2026-04-01,de2aa412-e109-4bcf-b6e9-9d9ad0b05e22,a52866af-8c40-44be-b216-7444874c214c,a11dfc3a-fb4b-45fe-9ab3-73106f58bef8,19.0,kg,0.0,False
631a1aef-9146-40e8-a159-456c083e5af8,2026-04-02,de2aa412-e109-4bcf-b6e9-9d9ad0b05e22,a52866af-8c40-44be-b216-7444874c214c,a11dfc3a-fb4b-45fe-9ab3-73106f58bef8,19.0,kg,0.0,False
59cfed59-2274-47c7-8674-d6e7431522b2,2026-04-03,de2aa412-e109-4bcf-b6e9-9d9ad0b05e22,a52866af-8c40-44be-b216-7444874c214c,a11dfc3a-fb4b-45fe-9ab3-73106f58bef8,26.0,kg,0.0,True
9b5016d5-7bd2-47b5-a8c7-949a4a70d872,2026-04-04,de2aa412-e109-4bcf-b6e9-9d9ad0b05e22,a52866af-8c40-44be-b216-7444874c214c,a11dfc3a-fb4b-45fe-9ab3-73106f58bef8,23.0,kg,0.0,False
b44cc723-4a7b-437b-8865-0ccd89126fe9,2026-04-05,de2aa412-e109-4bcf-b6e9-9d9ad0b05e22,a52866af-8c40-44be-b216-7444874c214c,a11dfc3a-fb4b-45fe-9ab3-73106f58bef8,27.0,kg,0.0,False
1c84c423-e52f-4ccb-b052-8c31daf36d1a,2026-04-06,de2aa412-e109-4bcf-b6e9-9d9ad0b05e22,a52866af-8c40-44be-b216-7444874c214c,a11dfc3a-fb4b-45fe-9ab3-73106f58bef8,26.0,kg,0.0,False
a6b920d6-3f71-4735-b683-442953212fb9,2026-04-07,de2aa412-e109-4bcf-b6e9-9d9ad0b05e22,a52866af-8c40-44be-b216-7444874c214c,a11dfc3a-fb4b-45fe-9ab3-73106f58bef8,23.0,kg,0.0,False
66e8c445-038a-4eb8-96da-e02f59c3145f,2026-04-08,de2aa412-e109-4bcf-b6e9-9d9ad0b05e22,a52866af-8c40-44be-b216-7444874c214c,a11dfc3a-fb4b-45fe-9ab3-73106f58bef8,20.0,kg,0.0,False
9c90565c-0af3-4979-b82a-cc8ccb381554,2026-04-09,de2aa412-e109-4bcf-b6e9-9d9ad0b05e22,a52866af-8c40-44be-b216-7444874c214c,a11dfc3a-fb4b-45fe-9ab3-73106f58bef8,20.0,kg,0.0,False
11ee324b-bf1b-4796-9fc8-e0d2ff832cad,2026-04-10,de2aa412-e109-4bcf-b6e9-9d9ad0b05e22,a52866af-8c40-44be-b216-7444874c214c,a11dfc3a-fb4b-45fe-9ab3-73106f58bef8,19.0,kg,0.0,False
0496842f-e3b4-4c20-8494-e91848afedb3,2026-04-11,de2aa412-e109-4bcf-b6e9-9d9ad0b05e22,a52866af-8c40-44be-b216-7444874c214c,a11dfc3a-fb4b-45fe-9ab3-73106f58bef8,36.0,kg,0.0,True
1ffec1f2-1bfd-4cc7-a1b1-c1fe739b61db,2026-04-12,de2aa412-e109-4bcf-b6e9-9d9ad0b05e22,a52866af-8c40-44be-b216-7444874c214c,a11dfc3a-fb4b-45fe-9ab3-73106f58bef8,23.0,kg,0.0,False
5962c4c6-7150-424a-9140-a150ad8400ce,2026-04-13,de2aa412-e109-4bcf-b6e9-9d9ad0b05e22,a52866af-8c40-44be-b216-7444874c214c,a11dfc3a-fb4b-45fe-9ab3-73106f58bef8,20.0,kg,0.0,False
28ad8abb-d151-4308-a9a1-92d52d01d1c6,2026-04-14,de2aa412-e109-4bcf-b6e9-9d9ad0b05e22,a52866af-8c40-44be-b216-7444874c214c,a11dfc3a-fb4b-45fe-9ab3-73106f58bef8,20.0,kg,0.0,False
29f5e3d7-3dde-49ab-81a5-0650c632253d,2026-04-15,de2aa412-e109-4bcf-b6e9-9d9ad0b05e22,a52866af-8c40-44be-b216-7444874c214c,a11dfc3a-fb4b-45fe-9ab3-73106f58bef8,18.0,kg,0.0,False
eca453ce-fe7d-46f7-ab41-493b73496eaa,2026-04-16,de2aa412-e109-4bcf-b6e9-9d9ad0b05e22,a52866af-8c40-44be-b216-7444874c214c,a11dfc3a-fb4b-45fe-9ab3-73106f58bef8,16.0,kg,0.0,False
447385a6-64da-4a51-ad66-c5bcc1fa4e59,2026-04-17,de2aa412-e109-4bcf-b6e9-9d9ad0b05e22,a52866af-8c40-44be-b216-7444874c214c,a11dfc3a-fb4b-45fe-9ab3-73106f58bef8,21.0,kg,0.0,False
dfba385e-6502-4cc1-8fb8-fdae27f0e565,2026-04-18,de2aa412-e109-4bcf-b6e9-9d9ad0b05e22,a52866af-8c40-44be-b216-7444874c214c,a11dfc3a-fb4b-45fe-9ab3-73106f58bef8,30.0,kg,0.0,True
39e81b34-8639-4088-8df6-b6211d3b4537,2026-04-19,de2aa412-e109-4bcf-b6e9-9d9ad0b05e22,a52866af-8c40-44be-b216-7444874c214c,a11dfc3a-fb4b-45fe-9ab3-73106f58bef8,27.0,kg,0.0,False
30fe9de8-4346-4878-bc14-a0e162c8ead1,2026-04-20,de2aa412-e109-4bcf-b6e9-9d9ad0b05e22,a52866af-8c40-44be-b216-7444874c214c,a11dfc3a-fb4b-45fe-9ab3-73106f58bef8,18.0,kg,0.0,False
07b8e1ea-78b9-405f-9243-13946bb5e492,2026-04-21,de2aa412-e109-4bcf-b6e9-9d9ad0b05e22,a52866af-8c40-44be-b216-7444874c214c,a11dfc3a-fb4b-45fe-9ab3-73106f58bef8,24.0,kg,0.0,False
09a71f78-754c-4556-90be-63eef92d1c17,2026-04-22,de2aa412-e109-4bcf-b6e9-9d9ad0b05e22,a52866af-8c40-44be-b216-7444874c214c,a11dfc3a-fb4b-45fe-9ab3-73106f58bef8,17.0,kg,0.0,False
cf515dfd-93b7-496c-88a8-0d739c67ca4e,2026-04-23,de2aa412-e109-4bcf-b6e9-9d9ad0b05e22,a52866af-8c40-44be-b216-7444874c214c,a11dfc3a-fb4b-45fe-9ab3-73106f58bef8,25.0,kg,0.0,False
f9f03ae9-bb9a-4797-9cd3-eb8c6c726bcd,2026-04-24,de2aa412-e109-4bcf-b6e9-9d9ad0b05e22,a52866af-8c40-44be-b216-7444874c214c,a11dfc3a-fb4b-45fe-9ab3-73106f58bef8,14.0,kg,0.0,False
de141582-cf0c-4a47-b664-8e0b00068c00,2026-04-25,de2aa412-e109-4bcf-b6e9-9d9ad0b05e22,a52866af-8c40-44be-b216-7444874c214c,a11dfc3a-fb4b-45fe-9ab3-73106f58bef8,27.0,kg,0.0,False
7901812f-bf30-4608-bb8d-d0197f9e198b,2026-04-26,de2aa412-e109-4bcf-b6e9-9d9ad0b05e22,a52866af-8c40-44be-b216-7444874c214c,a11dfc3a-fb4b-45fe-9ab3-73106f58bef8,27.0,kg,0.0,False
82f1c5e4-6a33-45df-b5de-d689241154ed,2026-04-27,de2aa412-e109-4bcf-b6e9-9d9ad0b05e22,a52866af-8c40-44be-b216-7444874c214c,a11dfc3a-fb4b-45fe-9ab3-73106f58bef8,17.0,kg,0.0,False
e38e6f17-e4ea-427c-ba13-f4f0a005d257,2026-04-28,de2aa412-e109-4bcf-b6e9-9d9ad0b05e22,a52866af-8c40-44be-b216-7444874c214c,a11dfc3a-fb4b-45fe-9ab3-73106f58bef8,21.0,kg,0.0,False
772529d3-3b5e-43bf-9c9e-17140da145fb,2026-04-29,de2aa412-e109-4bcf-b6e9-9d9ad0b05e22,a52866af-8c40-44be-b216-7444874c214c,a11dfc3a-fb4b-45fe-9ab3-73106f58bef8,24.0,kg,0.0,False
44a87915-73e0-44ad-a44e-68c6c6f9afdd,2026-04-30,de2aa412-e109-4bcf-b6e9-9d9ad0b05e22,a52866af-8c40-44be-b216-7444874c214c,a11dfc3a-fb4b-45fe-9ab3-73106f58bef8,13.0,kg,0.0,False
ee629133-5776-4ae5-b615-b0e7884a36f8,2026-05-01,de2aa412-e109-4bcf-b6e9-9d9ad0b05e22,a52866af-8c40-44be-b216-7444874c214c,a11dfc3a-fb4b-45fe-9ab3-73106f58bef8,21.0,kg,0.0,False
a6fb25d6-5851-451f-9a4d-0f500343dbfc,2026-05-02,de2aa412-e109-4bcf-b6e9-9d9ad0b05e22,a52866af-8c40-44be-b216-7444874c214c,a11dfc3a-fb4b-45fe-9ab3-73106f58bef8,15.0,kg,0.0,False
10320093-3726-459e-b804-bb2efaf1a9e9,2026-05-03,de2aa412-e109-4bcf-b6e9-9d9ad0b05e22,a52866af-8c40-44be-b216-7444874c214c,a11dfc3a-fb4b-45fe-9ab3-73106f58bef8,21.0,kg,0.0,False
a6a1c7d6-af54-45d1-8218-ca9101fc5c9f,2026-05-04,de2aa412-e109-4bcf-b6e9-9d9ad0b05e22,a52866af-8c40-44be-b216-7444874c214c,a11dfc3a-fb4b-45fe-9ab3-73106f58bef8,25.0,kg,0.0,False
f96f37c5-baf7-47e1-90e0-b01f2ebf1dd6,2026-05-05,de2aa412-e109-4bcf-b6e9-9d9ad0b05e22,a52866af-8c40-44be-b216-7444874c214c,a11dfc3a-fb4b-45fe-9ab3-73106f58bef8,18.0,kg,0.0,False
65cae204-b989-4aef-83b7-d14aca8d4f33,2026-05-06,de2aa412-e109-4bcf-b6e9-9d9ad0b05e22,a52866af-8c40-44be-b216-7444874c214c,a11dfc3a-fb4b-45fe-9ab3-73106f58bef8,16.0,kg,0.0,False
dbd3be96-da4a-4e69-942b-c8a8e14e159a,2026-05-07,de2aa412-e109-4bcf-b6e9-9d9ad0b05e22,a52866af-8c40-44be-b216-7444874c214c,a11dfc3a-fb4b-45fe-9ab3-73106f58bef8,19.0,kg,0.0,False
9ad16a8d-140a-490c-bd1a-1b42ca8e1e79,2026-05-08,de2aa412-e109-4bcf-b6e9-9d9ad0b05e22,a52866af-8c40-44be-b216-7444874c214c,a11dfc3a-fb4b-45fe-9ab3-73106f58bef8,26.0,kg,0.0,False
9c1014b4-e9a6-41b4-841a-498a711efd4c,2026-05-09,de2aa412-e109-4bcf-b6e9-9d9ad0b05e22,a52866af-8c40-44be-b216-7444874c214c,a11dfc3a-fb4b-45fe-9ab3-73106f58bef8,17.0,kg,0.0,False
a268ca3e-bd08-452e-b04b-69107d4b8770,2026-05-10,de2aa412-e109-4bcf-b6e9-9d9ad0b05e22,a52866af-8c40-44be-b216-7444874c214c,a11dfc3a-fb4b-45fe-9ab3-73106f58bef8,20.0,kg,0.0,False
542db597-3cf4-4aba-8dd1-578d6aae7a16,2026-05-11,de2aa412-e109-4bcf-b6e9-9d9ad0b05e22,a52866af-8c40-44be-b216-7444874c214c,a11dfc3a-fb4b-45fe-9ab3-73106f58bef8,29.0,kg,0.0,True
22acff7e-d4ea-43f1-abdf-d956c478fd82,2026-05-12,de2aa412-e109-4bcf-b6e9-9d9ad0b05e22,a52866af-8c40-44be-b216-7444874c214c,a11dfc3a-fb4b-45fe-9ab3-73106f58bef8,25.0,kg,0.0,False
61a7c368-c6e7-4659-9d79-2509c35771a4,2026-05-13,de2aa412-e109-4bcf-b6e9-9d9ad0b05e22,a52866af-8c40-44be-b216-7444874c214c,a11dfc3a-fb4b-45fe-9ab3-73106f58bef8,19.0,kg,0.0,False
6a1d2672-2431-49ef-8185-27cf4c498a97,2026-05-14,de2aa412-e109-4bcf-b6e9-9d9ad0b05e22,a52866af-8c40-44be-b216-7444874c214c,a11dfc3a-fb4b-45fe-9ab3-73106f58bef8,16.0,kg,0.0,False
4c4c2504-dcd0-4a69-9a01-4fb0e40fb36e,2026-05-15,de2aa412-e109-4bcf-b6e9-9d9ad0b05e22,a52866af-8c40-44be-b216-7444874c214c,a11dfc3a-fb4b-45fe-9ab3-73106f58bef8,26.0,kg,0.0,False
d6a352a7-ad95-4ccc-9947-9899ea4cd2cc,2026-05-16,de2aa412-e109-4bcf-b6e9-9d9ad0b05e22,a52866af-8c40-44be-b216-7444874c214c,a11dfc3a-fb4b-45fe-9ab3-73106f58bef8,37.0,kg,0.0,True
62be0132-223d-44b6-b2fe-641530268186,2026-05-17,de2aa412-e109-4bcf-b6e9-9d9ad0b05e22,a52866af-8c40-44be-b216-7444874c214c,a11dfc3a-fb4b-45fe-9ab3-73106f58bef8,27.0,kg,0.0,False
7599f7c0-968e-4607-a136-ff93b8aa5f3c,2026-05-18,de2aa412-e109-4bcf-b6e9-9d9ad0b05e22,a52866af-8c40-44be-b216-7444874c214c,a11dfc3a-fb4b-45fe-9ab3-73106f58bef8,17.0,kg,0.0,False
59b53fff-809d-4c55-9a9c-db0c19a8b4e0,2026-05-19,de2aa412-e109-4bcf-b6e9-9d9ad0b05e22,a52866af-8c40-44be-b216-7444874c214c,a11dfc3a-fb4b-45fe-9ab3-73106f58bef8,19.0,kg,0.0,False
11c4fef6-b212-4726-81d3-8eac911c583b,2026-05-20,de2aa412-e109-4bcf-b6e9-9d9ad0b05e22,a52866af-8c40-44be-b216-7444874c214c,a11dfc3a-fb4b-45fe-9ab3-73106f58bef8,19.0,kg,0.0,False
55227223-0432-4b58-a5ac-386448e2d22d,2026-05-21,de2aa412-e109-4bcf-b6e9-9d9ad0b05e22,a52866af-8c40-44be-b216-7444874c214c,a11dfc3a-fb4b-45fe-9ab3-73106f58bef8,20.0,kg,0.0,False
d35da85b-208e-437f-b3e8-270d1ac39261,2026-05-22,de2aa412-e109-4bcf-b6e9-9d9ad0b05e22,a52866af-8c40-44be-b216-7444874c214c,a11dfc3a-fb4b-45fe-9ab3-73106f58bef8,24.0,kg,0.0,False
286df3cf-0753-4264-9419-cc0a58941aa6,2026-05-23,de2aa412-e109-4bcf-b6e9-9d9ad0b05e22,a52866af-8c40-44be-b216-7444874c214c,a11dfc3a-fb4b-45fe-9ab3-73106f58bef8,28.0,kg,0.0,False
30b05bf5-af1a-4c04-89ed-5ad1320b5990,2026-05-24,de2aa412-e109-4bcf-b6e9-9d9ad0b05e22,a52866af-8c40-44be-b216-7444874c214c,a11dfc3a-fb4b-45fe-9ab3-73106f58bef8,24.0,kg,0.0,True
9d877e77-6121-46b0-8140-c0c59dc8e5d0,2026-05-25,de2aa412-e109-4bcf-b6e9-9d9ad0b05e22,a52866af-8c40-44be-b216-7444874c214c,a11dfc3a-fb4b-45fe-9ab3-73106f58bef8,24.0,kg,0.0,False
7f0fc909-68aa-4485-a919-37d4816a2b68,2026-05-26,de2aa412-e109-4bcf-b6e9-9d9ad0b05e22,a52866af-8c40-44be-b216-7444874c214c,a11dfc3a-fb4b-45fe-9ab3-73106f58bef8,20.0,kg,0.0,False
dc183924-178f-4617-b49d-b760d6c6a2b5,2026-05-27,de2aa412-e109-4bcf-b6e9-9d9ad0b05e22,a52866af-8c40-44be-b216-7444874c214c,a11dfc3a-fb4b-45fe-9ab3-73106f58bef8,21.0,kg,0.0,False
36227771-37af-4549-9691-03a83111fbef,2026-05-28,de2aa412-e109-4bcf-b6e9-9d9ad0b05e22,a52866af-8c40-44be-b216-7444874c214c,a11dfc3a-fb4b-45fe-9ab3-73106f58bef8,24.0,kg,0.0,False
fcb915a5-5547-4b21-afa1-4728042be1bd,2026-05-29,de2aa412-e109-4bcf-b6e9-9d9ad0b05e22,a52866af-8c40-44be-b216-7444874c214c,a11dfc3a-fb4b-45fe-9ab3-73106f58bef8,16.0,kg,0.0,False
7d8273ac-64bf-4d17-b59f-716219bc24a4,2026-05-30,de2aa412-e109-4bcf-b6e9-9d9ad0b05e22,a52866af-8c40-44be-b216-7444874c214c,a11dfc3a-fb4b-45fe-9ab3-73106f58bef8,29.0,kg,0.0,True
2f62ccf6-4a75-490d-9422-eb1f684235c9,2026-05-31,de2aa412-e109-4bcf-b6e9-9d9ad0b05e22,a52866af-8c40-44be-b216-7444874c214c,a11dfc3a-fb4b-45fe-9ab3-73106f58bef8,22.0,kg,0.0,False
14b56164-7136-441e-9efb-290c2f5d37c1,2026-06-01,de2aa412-e109-4bcf-b6e9-9d9ad0b05e22,a52866af-8c40-44be-b216-7444874c214c,a11dfc3a-fb4b-45fe-9ab3-73106f58bef8,14.0,kg,0.0,False
104e341f-fbcd-44ef-9f65-9a1277795066,2026-06-02,de2aa412-e109-4bcf-b6e9-9d9ad0b05e22,a52866af-8c40-44be-b216-7444874c214c,a11dfc3a-fb4b-45fe-9ab3-73106f58bef8,20.0,kg,0.0,False
65a437c7-e89f-4db3-9945-74efee5fd8e2,2026-06-03,de2aa412-e109-4bcf-b6e9-9d9ad0b05e22,a52866af-8c40-44be-b216-7444874c214c,a11dfc3a-fb4b-45fe-9ab3-73106f58bef8,27.0,kg,0.0,False
258ebb49-2dc5-4239-8e4b-2d3067891ed7,2026-06-04,de2aa412-e109-4bcf-b6e9-9d9ad0b05e22,a52866af-8c40-44be-b216-7444874c214c,a11dfc3a-fb4b-45fe-9ab3-73106f58bef8,13.0,kg,0.0,False
10e0edd9-f8b1-4d9c-89a9-5daa8eb1ff6c,2026-06-05,de2aa412-e109-4bcf-b6e9-9d9ad0b05e22,a52866af-8c40-44be-b216-7444874c214c,a11dfc3a-fb4b-45fe-9ab3-73106f58bef8,19.0,kg,0.0,False
d46c3f81-e16b-4b1b-bbe1-a56c943a08b9,2026-06-06,de2aa412-e109-4bcf-b6e9-9d9ad0b05e22,a52866af-8c40-44be-b216-7444874c214c,a11dfc3a-fb4b-45fe-9ab3-73106f58bef8,26.0,kg,0.0,False
914487de-a9af-4191-9ef1-bd72f9110aa1,2026-06-07,de2aa412-e109-4bcf-b6e9-9d9ad0b05e22,a52866af-8c40-44be-b216-7444874c214c,a11dfc3a-fb4b-45fe-9ab3-73106f58bef8,24.0,kg,0.0,False
200ee009-64ee-4017-ad97-4829fc0b1984,2026-06-08,de2aa412-e109-4bcf-b6e9-9d9ad0b05e22,a52866af-8c40-44be-b216-7444874c214c,a11dfc3a-fb4b-45fe-9ab3-73106f58bef8,19.0,kg,0.0,False
182e56a7-9fab-4cc2-b292-bec01356b094,2026-06-09,de2aa412-e109-4bcf-b6e9-9d9ad0b05e22,a52866af-8c40-44be-b216-7444874c214c,a11dfc3a-fb4b-45fe-9ab3-73106f58bef8,15.0,kg,0.0,False
6fee79ff-7540-4584-8952-c102734d77e5,2026-06-10,de2aa412-e109-4bcf-b6e9-9d9ad0b05e22,a52866af-8c40-44be-b216-7444874c214c,a11dfc3a-fb4b-45fe-9ab3-73106f58bef8,19.0,kg,0.0,False
8158a9c4-55d7-43d0-adff-36b0a7185bd8,2026-06-11,de2aa412-e109-4bcf-b6e9-9d9ad0b05e22,a52866af-8c40-44be-b216-7444874c214c,a11dfc3a-fb4b-45fe-9ab3-73106f58bef8,16.0,kg,0.0,False
aa5e8b1d-1a26-4328-a949-dab89854b7d2,2026-06-12,de2aa412-e109-4bcf-b6e9-9d9ad0b05e22,a52866af-8c40-44be-b216-7444874c214c,a11dfc3a-fb4b-45fe-9ab3-73106f58bef8,12.0,kg,0.0,False
17233330-4e1d-4a85-893b-439959c9a9eb,2026-06-13,de2aa412-e109-4bcf-b6e9-9d9ad0b05e22,a52866af-8c40-44be-b216-7444874c214c,a11dfc3a-fb4b-45fe-9ab3-73106f58bef8,33.0,kg,0.0,True
e98f0811-1a2e-4eba-a691-7199e7131ddc,2026-06-14,de2aa412-e109-4bcf-b6e9-9d9ad0b05e22,a52866af-8c40-44be-b216-7444874c214c,a11dfc3a-fb4b-45fe-9ab3-73106f58bef8,27.0,kg,0.0,False
7c39adfb-7094-4120-b47e-ca111fa8fb03,2026-06-15,de2aa412-e109-4bcf-b6e9-9d9ad0b05e22,a52866af-8c40-44be-b216-7444874c214c,a11dfc3a-fb4b-45fe-9ab3-73106f58bef8,19.0,kg,0.0,False
2bb3bae0-6167-40f0-862d-c9f0939b9b39,2026-06-16,de2aa412-e109-4bcf-b6e9-9d9ad0b05e22,a52866af-8c40-44be-b216-7444874c214c,a11dfc3a-fb4b-45fe-9ab3-73106f58bef8,19.0,kg,0.0,False
b5ba7eaa-af96-4cd6-afbf-606036ca160f,2026-06-17,de2aa412-e109-4bcf-b6e9-9d9ad0b05e22,a52866af-8c40-44be-b216-7444874c214c,a11dfc3a-fb4b-45fe-9ab3-73106f58bef8,22.0,kg,0.0,False
8937aa96-8abf-4919-8baf-0fee07765f12,2026-06-18,de2aa412-e109-4bcf-b6e9-9d9ad0b05e22,a52866af-8c40-44be-b216-7444874c214c,a11dfc3a-fb4b-45fe-9ab3-73106f58bef8,19.0,kg,0.0,False
5f74d090-85b9-4e7a-b5e8-ca57bfa5345c,2026-06-19,de2aa412-e109-4bcf-b6e9-9d9ad0b05e22,a52866af-8c40-44be-b216-7444874c214c,a11dfc3a-fb4b-45fe-9ab3-73106f58bef8,21.0,kg,0.0,False
3d140ab1-f788-48f1-9e21-6a6284f3e9f5,2026-06-20,de2aa412-e109-4bcf-b6e9-9d9ad0b05e22,a52866af-8c40-44be-b216-7444874c214c,a11dfc3a-fb4b-45fe-9ab3-73106f58bef8,26.0,kg,0.0,True
262c11ed-c0a9-47ce-a65a-54d4dd1c668f,2026-06-21,de2aa412-e109-4bcf-b6e9-9d9ad0b05e22,a52866af-8c40-44be-b216-7444874c214c,a11dfc3a-fb4b-45fe-9ab3-73106f58bef8,28.0,kg,0.0,False
694594a3-02cb-423a-bf50-e32641b90154,2026-06-22,de2aa412-e109-4bcf-b6e9-9d9ad0b05e22,a52866af-8c40-44be-b216-7444874c214c,a11dfc3a-fb4b-45fe-9ab3-73106f58bef8,19.0,kg,0.0,False
f6006dbc-c36f-483f-8f1d-c0f3076e310c,2026-06-23,de2aa412-e109-4bcf-b6e9-9d9ad0b05e22,a52866af-8c40-44be-b216-7444874c214c,a11dfc3a-fb4b-45fe-9ab3-73106f58bef8,19.0,kg,0.0,False
f8367177-18fd-4ab4-8544-1845d21475b0,2026-06-24,de2aa412-e109-4bcf-b6e9-9d9ad0b05e22,a52866af-8c40-44be-b216-7444874c214c,a11dfc3a-fb4b-45fe-9ab3-73106f58bef8,15.0,kg,0.0,False
e416e00e-e9c9-4ffa-a0b1-25804c6fda84,2026-06-25,de2aa412-e109-4bcf-b6e9-9d9ad0b05e22,a52866af-8c40-44be-b216-7444874c214c,a11dfc3a-fb4b-45fe-9ab3-73106f58bef8,19.0,kg,0.0,False
54f1f5c8-0cc5-4ca6-b673-95f79a1f98f8,2026-06-26,de2aa412-e109-4bcf-b6e9-9d9ad0b05e22,a52866af-8c40-44be-b216-7444874c214c,a11dfc3a-fb4b-45fe-9ab3-73106f58bef8,16.0,kg,0.0,False
8e650a46-9f37-4fde-929c-e3cf5c425c2d,2026-06-27,de2aa412-e109-4bcf-b6e9-9d9ad0b05e22,a52866af-8c40-44be-b216-7444874c214c,a11dfc3a-fb4b-45fe-9ab3-73106f58bef8,20.0,kg,0.0,False
12442400-e18b-41d9-a961-58afb320174f,2026-06-28,de2aa412-e109-4bcf-b6e9-9d9ad0b05e22,a52866af-8c40-44be-b216-7444874c214c,a11dfc3a-fb4b-45fe-9ab3-73106f58bef8,24.0,kg,0.0,True
2fbe9d77-4d02-4cb3-98a2-594ced0bac90,2026-06-29,de2aa412-e109-4bcf-b6e9-9d9ad0b05e22,a52866af-8c40-44be-b216-7444874c214c,a11dfc3a-fb4b-45fe-9ab3-73106f58bef8,18.0,kg,0.0,True
6317e5e7-47fb-4cb1-8231-2f803c7271f4,2026-06-30,de2aa412-e109-4bcf-b6e9-9d9ad0b05e22,a52866af-8c40-44be-b216-7444874c214c,a11dfc3a-fb4b-45fe-9ab3-73106f58bef8,24.0,kg,0.0,False
6b304a98-2248-4aa9-97b1-416862eaccc0,2026-07-01,de2aa412-e109-4bcf-b6e9-9d9ad0b05e22,a52866af-8c40-44be-b216-7444874c214c,a11dfc3a-fb4b-45fe-9ab3-73106f58bef8,26.0,kg,0.0,True
2325572e-8792-47de-b951-b51aa25624d0,2026-07-02,de2aa412-e109-4bcf-b6e9-9d9ad0b05e22,a52866af-8c40-44be-b216-7444874c214c,a11dfc3a-fb4b-45fe-9ab3-73106f58bef8,24.0,kg,0.0,False
f4e3448a-196b-46d0-a9f8-29828c5475e7,2026-07-03,de2aa412-e109-4bcf-b6e9-9d9ad0b05e22,a52866af-8c40-44be-b216-7444874c214c,a11dfc3a-fb4b-45fe-9ab3-73106f58bef8,14.0,kg,0.0,False
32c52156-a5d1-43da-bf91-fd5ff35b8ed7,2026-07-04,de2aa412-e109-4bcf-b6e9-9d9ad0b05e22,a52866af-8c40-44be-b216-7444874c214c,a11dfc3a-fb4b-45fe-9ab3-73106f58bef8,23.0,kg,0.0,False
aaa157f8-fdad-4c8e-8ebb-3a395b1ad141,2026-07-05,de2aa412-e109-4bcf-b6e9-9d9ad0b05e22,a52866af-8c40-44be-b216-7444874c214c,a11dfc3a-fb4b-45fe-9ab3-73106f58bef8,18.0,kg,0.0,False
ae38135b-0138-4ecd-95ab-2e9b135cc834,2026-07-06,de2aa412-e109-4bcf-b6e9-9d9ad0b05e22,a52866af-8c40-44be-b216-7444874c214c,a11dfc3a-fb4b-45fe-9ab3-73106f58bef8,16.0,kg,0.0,False
c1ebf8f4-2b6e-4276-a2d7-a8e1157f9535,2026-07-07,de2aa412-e109-4bcf-b6e9-9d9ad0b05e22,a52866af-8c40-44be-b216-7444874c214c,a11dfc3a-fb4b-45fe-9ab3-73106f58bef8,15.0,kg,0.0,False
f10f7cd0-abd3-4e9d-8029-ae1fd699484e,2026-07-08,de2aa412-e109-4bcf-b6e9-9d9ad0b05e22,a52866af-8c40-44be-b216-7444874c214c,a11dfc3a-fb4b-45fe-9ab3-73106f58bef8,26.0,kg,0.0,True
f9738976-e43a-4215-9a29-9a4a8fc9a500,2026-07-09,de2aa412-e109-4bcf-b6e9-9d9ad0b05e22,a52866af-8c40-44be-b216-7444874c214c,a11dfc3a-fb4b-45fe-9ab3-73106f58bef8,17.0,kg,0.0,False
9812922e-cf80-403e-96fb-b10b6c1b5cd7,2026-07-10,de2aa412-e109-4bcf-b6e9-9d9ad0b05e22,a52866af-8c40-44be-b216-7444874c214c,a11dfc3a-fb4b-45fe-9ab3-73106f58bef8,21.0,kg,0.0,False
5fb9edde-7011-4ba0-aaea-e8b21e127638,2026-07-11,de2aa412-e109-4bcf-b6e9-9d9ad0b05e22,a52866af-8c40-44be-b216-7444874c214c,a11dfc3a-fb4b-45fe-9ab3-73106f58bef8,24.0,kg,0.0,False
77b2ce9b-b542-493b-a8a7-021b1c9f314c,2026-07-12,de2aa412-e109-4bcf-b6e9-9d9ad0b05e22,a52866af-8c40-44be-b216-7444874c214c,a11dfc3a-fb4b-45fe-9ab3-73106f58bef8,30.0,kg,0.0,False
45e64fe3-ca58-48f3-8945-cb39a23960b7,2026-07-13,de2aa412-e109-4bcf-b6e9-9d9ad0b05e22,a52866af-8c40-44be-b216-7444874c214c,a11dfc3a-fb4b-45fe-9ab3-73106f58bef8,13.0,kg,0.0,False
cb6d48b7-502e-4170-b4fc-517eec4e5d16,2026-07-14,de2aa412-e109-4bcf-b6e9-9d9ad0b05e22,a52866af-8c40-44be-b216-7444874c214c,a11dfc3a-fb4b-45fe-9ab3-73106f58bef8,21.0,kg,0.0,False
8fdf08fe-7745-41f2-80d1-fe498b2b401b,2026-07-15,de2aa412-e109-4bcf-b6e9-9d9ad0b05e22,a52866af-8c40-44be-b216-7444874c214c,a11dfc3a-fb4b-45fe-9ab3-73106f58bef8,21.0,kg,0.0,False
54c3e031-60c2-46ea-af2f-6aa26d412bcc,2026-07-16,de2aa412-e109-4bcf-b6e9-9d9ad0b05e22,a52866af-8c40-44be-b216-7444874c214c,a11dfc3a-fb4b-45fe-9ab3-73106f58bef8,15.0,kg,0.0,False
5c05a23c-41c6-4405-9534-ce4159db4f23,2026-07-17,de2aa412-e109-4bcf-b6e9-9d9ad0b05e22,a52866af-8c40-44be-b216-7444874c214c,a11dfc3a-fb4b-45fe-9ab3-73106f58bef8,20.0,kg,0.0,False
5e22080e-704c-4a64-a9e9-fc5aa8b22aca,2026-07-18,de2aa412-e109-4bcf-b6e9-9d9ad0b05e22,a52866af-8c40-44be-b216-7444874c214c,a11dfc3a-fb4b-45fe-9ab3-73106f58bef8,23.0,kg,0.0,False
96b89bb5-d388-48fd-9e93-8b96409bac0d,2026-07-19,de2aa412-e109-4bcf-b6e9-9d9ad0b05e22,a52866af-8c40-44be-b216-7444874c214c,a11dfc3a-fb4b-45fe-9ab3-73106f58bef8,21.0,kg,0.0,False
f1e4fb49-0157-4546-9f64-61ebdfaf4213,2026-07-20,de2aa412-e109-4bcf-b6e9-9d9ad0b05e22,a52866af-8c40-44be-b216-7444874c214c,a11dfc3a-fb4b-45fe-9ab3-73106f58bef8,15.0,kg,0.0,False
bb60989f-f757-48bb-b260-1c0572543c9c,2026-07-21,de2aa412-e109-4bcf-b6e9-9d9ad0b05e22,a52866af-8c40-44be-b216-7444874c214c,a11dfc3a-fb4b-45fe-9ab3-73106f58bef8,15.0,kg,0.0,False
40ebf54b-86b0-4481-b458-54b6d3e2045b,2026-07-22,de2aa412-e109-4bcf-b6e9-9d9ad0b05e22,a52866af-8c40-44be-b216-7444874c214c,a11dfc3a-fb4b-45fe-9ab3-73106f58bef8,23.0,kg,0.0,False
573fc15b-590a-4448-811c-ea2928668212,2026-07-23,de2aa412-e109-4bcf-b6e9-9d9ad0b05e22,a52866af-8c40-44be-b216-7444874c214c,a11dfc3a-fb4b-45fe-9ab3-73106f58bef8,17.0,kg,0.0,False
ccbfec84-8f35-486b-916c-6c85c8ecc604,2026-07-24,de2aa412-e109-4bcf-b6e9-9d9ad0b05e22,a52866af-8c40-44be-b216-7444874c214c,a11dfc3a-fb4b-45fe-9ab3-73106f58bef8,19.0,kg,0.0,False
a509031e-77fa-436a-a91b-cd945cf09153,2026-07-25,de2aa412-e109-4bcf-b6e9-9d9ad0b05e22,a52866af-8c40-44be-b216-7444874c214c,a11dfc3a-fb4b-45fe-9ab3-73106f58bef8,19.0,kg,0.0,False
20f74894-aec0-42ac-bb6a-1de291b24912,2026-07-26,de2aa412-e109-4bcf-b6e9-9d9ad0b05e22,a52866af-8c40-44be-b216-7444874c214c,a11dfc3a-fb4b-45fe-9ab3-73106f58bef8,19.0,kg,0.0,False
1d8811d1-d642-47b3-85f4-481e1353f327,2026-07-27,de2aa412-e109-4bcf-b6e9-9d9ad0b05e22,a52866af-8c40-44be-b216-7444874c214c,a11dfc3a-fb4b-45fe-9ab3-73106f58bef8,20.0,kg,0.0,False
371cd0ea-3d30-47ca-8110-6ca2698e9eaa,2026-07-28,de2aa412-e109-4bcf-b6e9-9d9ad0b05e22,a52866af-8c40-44be-b216-7444874c214c,a11dfc3a-fb4b-45fe-9ab3-73106f58bef8,13.0,kg,0.0,False
efdbde06-2001-4215-854b-9330008c724e,2026-07-29,de2aa412-e109-4bcf-b6e9-9d9ad0b05e22,a52866af-8c40-44be-b216-7444874c214c,a11dfc3a-fb4b-45fe-9ab3-73106f58bef8,16.0,kg,0.0,False
3c5d603e-8709-441c-a716-ab73229e7247,2026-07-30,de2aa412-e109-4bcf-b6e9-9d9ad0b05e22,a52866af-8c40-44be-b216-7444874c214c,a11dfc3a-fb4b-45fe-9ab3-73106f58bef8,17.0,kg,0.0,False
275a7ef2-fb20-4749-941a-c16ca7340dab,2026-07-31,de2aa412-e109-4bcf-b6e9-9d9ad0b05e22,a52866af-8c40-44be-b216-7444874c214c,a11dfc3a-fb4b-45fe-9ab3-73106f58bef8,17.0,kg,0.0,False
0e31d958-94c4-4de3-8acd-d3a21d3a1560,2026-08-01,de2aa412-e109-4bcf-b6e9-9d9ad0b05e22,a52866af-8c40-44be-b216-7444874c214c,a11dfc3a-fb4b-45fe-9ab3-73106f58bef8,21.0,kg,0.0,False
a614e846-520f-49a9-8e7d-8d849a59569f,2026-08-02,de2aa412-e109-4bcf-b6e9-9d9ad0b05e22,a52866af-8c40-44be-b216-7444874c214c,a11dfc3a-fb4b-45fe-9ab3-73106f58bef8,22.0,kg,0.0,False
ba4ab6a4-c6e8-4367-a779-8b16c5d21f01,2026-08-03,de2aa412-e109-4bcf-b6e9-9d9ad0b05e22,a52866af-8c40-44be-b216-7444874c214c,a11dfc3a-fb4b-45fe-9ab3-73106f58bef8,19.0,kg,0.0,False
67012fa7-4547-443e-9b4c-71f4f8fe0fa0,2026-08-04,de2aa412-e109-4bcf-b6e9-9d9ad0b05e22,a52866af-8c40-44be-b216-7444874c214c,a11dfc3a-fb4b-45fe-9ab3-73106f58bef8,19.0,kg,0.0,False
f68d130d-3337-47dc-a57f-2b1478c58e91,2026-08-05,de2aa412-e109-4bcf-b6e9-9d9ad0b05e22,a52866af-8c40-44be-b216-7444874c214c,a11dfc3a-fb4b-45fe-9ab3-73106f58bef8,14.0,kg,0.0,False
0250d75c-29d6-4ea6-b7aa-f659792c7d99,2026-08-06,de2aa412-e109-4bcf-b6e9-9d9ad0b05e22,a52866af-8c40-44be-b216-7444874c214c,a11dfc3a-fb4b-45fe-9ab3-73106f58bef8,16.0,kg,0.0,False
984a760f-77bb-4787-b433-1f61c86b1ebc,2026-08-07,de2aa412-e109-4bcf-b6e9-9d9ad0b05e22,a52866af-8c40-44be-b216-7444874c214c,a11dfc3a-fb4b-45fe-9ab3-73106f58bef8,20.0,kg,0.0,False
d8534a02-46dc-4bdd-8c0b-31bdf469ddc1,2026-08-08,de2aa412-e109-4bcf-b6e9-9d9ad0b05e22,a52866af-8c40-44be-b216-7444874c214c,a11dfc3a-fb4b-45fe-9ab3-73106f58bef8,24.0,kg,0.0,False
1a035fa5-dfdd-4643-8388-d45f944790a6,2026-08-09,de2aa412-e109-4bcf-b6e9-9d9ad0b05e22,a52866af-8c40-44be-b216-7444874c214c,a11dfc3a-fb4b-45fe-9ab3-73106f58bef8,16.0,kg,0.0,False
2fa1aeae-b0af-4f3c-8e26-f531912cea76,2026-08-10,de2aa412-e109-4bcf-b6e9-9d9ad0b05e22,a52866af-8c40-44be-b216-7444874c214c,a11dfc3a-fb4b-45fe-9ab3-73106f58bef8,18.0,kg,0.0,False
83495a0e-e8ba-4ea5-9d14-b45abb1d473e,2026-08-11,de2aa412-e109-4bcf-b6e9-9d9ad0b05e22,a52866af-8c40-44be-b216-7444874c214c,a11dfc3a-fb4b-45fe-9ab3-73106f58bef8,11.0,kg,0.0,False
24aaf64b-cb4c-4cee-a722-70392178e86a,2026-08-12,de2aa412-e109-4bcf-b6e9-9d9ad0b05e22,a52866af-8c40-44be-b216-7444874c214c,a11dfc3a-fb4b-45fe-9ab3-73106f58bef8,17.0,kg,0.0,False
4603f50f-d8cb-44da-82ee-4647f18e958f,2026-08-13,de2aa412-e109-4bcf-b6e9-9d9ad0b05e22,a52866af-8c40-44be-b216-7444874c214c,a11dfc3a-fb4b-45fe-9ab3-73106f58bef8,22.0,kg,0.0,False
bc27d0fe-a4ec-4a45-b668-6e8327c46063,2026-08-14,de2aa412-e109-4bcf-b6e9-9d9ad0b05e22,a52866af-8c40-44be-b216-7444874c214c,a11dfc3a-fb4b-45fe-9ab3-73106f58bef8,14.0,kg,0.0,False
4914bf1a-b3a6-45a5-8c1b-7e942c39660d,2026-08-15,de2aa412-e109-4bcf-b6e9-9d9ad0b05e22,a52866af-8c40-44be-b216-7444874c214c,a11dfc3a-fb4b-45fe-9ab3-73106f58bef8,18.0,kg,0.0,False
d33270e1-0eb8-4fc6-ab0f-e6299d5a56e1,2026-08-16,de2aa412-e109-4bcf-b6e9-9d9ad0b05e22,a52866af-8c40-44be-b216-7444874c214c,a11dfc3a-fb4b-45fe-9ab3-73106f58bef8,23.0,kg,0.0,False
3521b42a-7561-4f71-a0a5-a92d9724d2e6,2026-08-17,de2aa412-e109-4bcf-b6e9-9d9ad0b05e22,a52866af-8c40-44be-b216-7444874c214c,a11dfc3a-fb4b-45fe-9ab3-73106f58bef8,12.0,kg,0.0,False
a74de37a-a66f-4370-937f-0ff512326aef,2026-08-18,de2aa412-e109-4bcf-b6e9-9d9ad0b05e22,a52866af-8c40-44be-b216-7444874c214c,a11dfc3a-fb4b-45fe-9ab3-73106f58bef8,15.0,kg,0.0,False
13970bae-18ef-4124-b790-676fcd8bf672,2026-08-19,de2aa412-e109-4bcf-b6e9-9d9ad0b05e22,a52866af-8c40-44be-b216-7444874c214c,a11dfc3a-fb4b-45fe-9ab3-73106f58bef8,18.0,kg,0.0,False
83863d9b-5035-40d3-ad3a-b9a6506f8cc1,2026-08-20,de2aa412-e109-4bcf-b6e9-9d9ad0b05e22,a52866af-8c40-44be-b216-7444874c214c,a11dfc3a-fb4b-45fe-9ab3-73106f58bef8,15.0,kg,0.0,False
10df7ecf-aa18-4a90-aca7-c6e13871bb11,2026-08-21,de2aa412-e109-4bcf-b6e9-9d9ad0b05e22,a52866af-8c40-44be-b216-7444874c214c,a11dfc3a-fb4b-45fe-9ab3-73106f58bef8,16.0,kg,0.0,False
906391d6-543b-4e9c-ad6f-9063264b8e2f,2026-08-22,de2aa412-e109-4bcf-b6e9-9d9ad0b05e22,a52866af-8c40-44be-b216-7444874c214c,a11dfc3a-fb4b-45fe-9ab3-73106f58bef8,23.0,kg,0.0,False
484189ec-9183-4c9d-9db5-030a5cb7f6a5,2026-08-23,de2aa412-e109-4bcf-b6e9-9d9ad0b05e22,a52866af-8c40-44be-b216-7444874c214c,a11dfc3a-fb4b-45fe-9ab3-73106f58bef8,22.0,kg,0.0,False
a6dd1ffe-b64a-461d-8faa-d3cfb55195d2,2026-08-24,de2aa412-e109-4bcf-b6e9-9d9ad0b05e22,a52866af-8c40-44be-b216-7444874c214c,a11dfc3a-fb4b-45fe-9ab3-73106f58bef8,20.0,kg,0.0,True
dfa87837-18fb-44ea-8d4f-4d3d9e7a439b,2026-08-25,de2aa412-e109-4bcf-b6e9-9d9ad0b05e22,a52866af-8c40-44be-b216-7444874c214c,a11dfc3a-fb4b-45fe-9ab3-73106f58bef8,15.0,kg,0.0,False
4c60f080-0407-46cd-aafa-166eb0f5e965,2026-08-26,de2aa412-e109-4bcf-b6e9-9d9ad0b05e22,a52866af-8c40-44be-b216-7444874c214c,a11dfc3a-fb4b-45fe-9ab3-73106f58bef8,17.0,kg,0.0,False
ef091dea-502c-4736-9092-7d3af2537612,2026-08-27,de2aa412-e109-4bcf-b6e9-9d9ad0b05e22,a52866af-8c40-44be-b216-7444874c214c,a11dfc3a-fb4b-45fe-9ab3-73106f58bef8,16.0,kg,0.0,False
99a05b35-462c-4f9a-9364-924a7deda991,2026-08-28,de2aa412-e109-4bcf-b6e9-9d9ad0b05e22,a52866af-8c40-44be-b216-7444874c214c,a11dfc3a-fb4b-45fe-9ab3-73106f58bef8,17.0,kg,0.0,False
68efd18e-2511-4e71-9956-3cdedb9ee4b9,2026-08-29,de2aa412-e109-4bcf-b6e9-9d9ad0b05e22,a52866af-8c40-44be-b216-7444874c214c,a11dfc3a-fb4b-45fe-9ab3-73106f58bef8,7.3,kg,0.0,False
92b13acf-7c14-4a10-96a0-e5b81574ba5b,2026-08-30,de2aa412-e109-4bcf-b6e9-9d9ad0b05e22,a52866af-8c40-44be-b216-7444874c214c,a11dfc3a-fb4b-45fe-9ab3-73106f58bef8,20.0,kg,0.0,False
36860278-5533-4ca2-8ca1-dbccdc0a4caa,2026-08-31,de2aa412-e109-4bcf-b6e9-9d9ad0b05e22,a52866af-8c40-44be-b216-7444874c214c,a11dfc3a-fb4b-45fe-9ab3-73106f58bef8,12.04,kg,0.0,False
64c4ec83-7ae0-421c-96c8-566b16bf8637,2026-09-01,de2aa412-e109-4bcf-b6e9-9d9ad0b05e22,a52866af-8c40-44be-b216-7444874c214c,a11dfc3a-fb4b-45fe-9ab3-73106f58bef8,16.0,kg,0.0,False
9fe8acab-bd67-4a24-ad71-38ecbba0f523,2026-09-02,de2aa412-e109-4bcf-b6e9-9d9ad0b05e22,a52866af-8c40-44be-b216-7444874c214c,a11dfc3a-fb4b-45fe-9ab3-73106f58bef8,14.0,kg,0.0,False
11439b5e-445e-4f08-a815-a0e9502a1125,2026-09-03,de2aa412-e109-4bcf-b6e9-9d9ad0b05e22,a52866af-8c40-44be-b216-7444874c214c,a11dfc3a-fb4b-45fe-9ab3-73106f58bef8,13.0,kg,0.0,False
1aacb71a-c4d9-4771-b166-19b8434d9d20,2026-09-04,de2aa412-e109-4bcf-b6e9-9d9ad0b05e22,a52866af-8c40-44be-b216-7444874c214c,a11dfc3a-fb4b-45fe-9ab3-73106f58bef8,9.09,kg,0.0,False
9e0c0eb8-78b8-4587-9868-cea7a85bb400,2026-09-05,de2aa412-e109-4bcf-b6e9-9d9ad0b05e22,a52866af-8c40-44be-b216-7444874c214c,a11dfc3a-fb4b-45fe-9ab3-73106f58bef8,21.0,kg,0.0,False
33bab0d2-2070-4b6c-99f3-daad66f5bd78,2026-09-06,de2aa412-e109-4bcf-b6e9-9d9ad0b05e22,a52866af-8c40-44be-b216-7444874c214c,a11dfc3a-fb4b-45fe-9ab3-73106f58bef8,23.0,kg,0.0,False
cc547544-a06c-4769-9b9a-6a08d8ccc5ad,2026-09-07,de2aa412-e109-4bcf-b6e9-9d9ad0b05e22,a52866af-8c40-44be-b216-7444874c214c,a11dfc3a-fb4b-45fe-9ab3-73106f58bef8,15.0,kg,0.0,False
889c97aa-5937-4364-9fcb-d364568b0229,2025-09-08,de2aa412-e109-4bcf-b6e9-9d9ad0b05e22,9cb23577-19df-4574-ab77-553f6d3490d7,2b091509-d73a-4eb4-b3b9-54c74af3107f,14.0,kg,0.0,False
4942d620-0dfe-4e38-aa3e-78b81e1d5d1a,2025-09-09,de2aa412-e109-4bcf-b6e9-9d9ad0b05e22,9cb23577-19df-4574-ab77-553f6d3490d7,2b091509-d73a-4eb4-b3b9-54c74af3107f,14.0,kg,0.0,False
a5a21cc6-0756-40bb-86a4-17849dffc7d5,2025-09-10,de2aa412-e109-4bcf-b6e9-9d9ad0b05e22,9cb23577-19df-4574-ab77-553f6d3490d7,2b091509-d73a-4eb4-b3b9-54c74af3107f,14.0,kg,0.0,False
35cc6db6-5dbf-42a8-92a8-589e498fad32,2025-09-11,de2aa412-e109-4bcf-b6e9-9d9ad0b05e22,9cb23577-19df-4574-ab77-553f6d3490d7,2b091509-d73a-4eb4-b3b9-54c74af3107f,12.0,kg,0.0,False
65609102-f3d7-4526-b257-0e8ebdc95062,2025-09-12,de2aa412-e109-4bcf-b6e9-9d9ad0b05e22,9cb23577-19df-4574-ab77-553f6d3490d7,2b091509-d73a-4eb4-b3b9-54c74af3107f,14.0,kg,0.0,False
2329d420-9fae-4f7d-bd71-e421f14d1151,2025-09-13,de2aa412-e109-4bcf-b6e9-9d9ad0b05e22,9cb23577-19df-4574-ab77-553f6d3490d7,2b091509-d73a-4eb4-b3b9-54c74af3107f,18.0,kg,0.0,False
7e18822c-2e28-479a-8b47-481062cd7af6,2025-09-14,de2aa412-e109-4bcf-b6e9-9d9ad0b05e22,9cb23577-19df-4574-ab77-553f6d3490d7,2b091509-d73a-4eb4-b3b9-54c74af3107f,17.0,kg,0.0,False
dcbf880e-3d12-481e-9e6e-01cacbc1b08b,2025-09-15,de2aa412-e109-4bcf-b6e9-9d9ad0b05e22,9cb23577-19df-4574-ab77-553f6d3490d7,2b091509-d73a-4eb4-b3b9-54c74af3107f,9.0,kg,0.0,False
328f22d8-d0b0-4761-bb44-baab92dcc67a,2025-09-16,de2aa412-e109-4bcf-b6e9-9d9ad0b05e22,9cb23577-19df-4574-ab77-553f6d3490d7,2b091509-d73a-4eb4-b3b9-54c74af3107f,14.0,kg,0.0,False
8cfe9ca3-bf68-452e-915f-338a757afd69,2025-09-17,de2aa412-e109-4bcf-b6e9-9d9ad0b05e22,9cb23577-19df-4574-ab77-553f6d3490d7,2b091509-d73a-4eb4-b3b9-54c74af3107f,18.0,kg,0.0,False
9c0b8f60-1b81-489d-b333-0d1bb09d580f,2025-09-18,de2aa412-e109-4bcf-b6e9-9d9ad0b05e22,9cb23577-19df-4574-ab77-553f6d3490d7,2b091509-d73a-4eb4-b3b9-54c74af3107f,12.0,kg,0.0,False
20e11447-f6f1-49b5-87bf-d29a459049a5,2025-09-19,de2aa412-e109-4bcf-b6e9-9d9ad0b05e22,9cb23577-19df-4574-ab77-553f6d3490d7,2b091509-d73a-4eb4-b3b9-54c74af3107f,12.0,kg,0.0,False
332ff20f-d5fc-4cf7-a04c-746328c1acf8,2025-09-20,de2aa412-e109-4bcf-b6e9-9d9ad0b05e22,9cb23577-19df-4574-ab77-553f6d3490d7,2b091509-d73a-4eb4-b3b9-54c74af3107f,18.0,kg,0.0,False
b0709906-64b9-4fc0-b53f-9fae7dcee21c,2025-09-21,de2aa412-e109-4bcf-b6e9-9d9ad0b05e22,9cb23577-19df-4574-ab77-553f6d3490d7,2b091509-d73a-4eb4-b3b9-54c74af3107f,17.0,kg,0.0,False
df1b7c21-8a65-4c0c-a907-169a8d65e9f7,2025-09-22,de2aa412-e109-4bcf-b6e9-9d9ad0b05e22,9cb23577-19df-4574-ab77-553f6d3490d7,2b091509-d73a-4eb4-b3b9-54c74af3107f,16.0,kg,0.0,False
55b4d11a-7472-476b-b858-23d6c0b3a099,2025-09-23,de2aa412-e109-4bcf-b6e9-9d9ad0b05e22,9cb23577-19df-4574-ab77-553f6d3490d7,2b091509-d73a-4eb4-b3b9-54c74af3107f,11.0,kg,0.0,False
bb6a19a2-1970-40cc-a8e4-db22f5425232,2025-09-24,de2aa412-e109-4bcf-b6e9-9d9ad0b05e22,9cb23577-19df-4574-ab77-553f6d3490d7,2b091509-d73a-4eb4-b3b9-54c74af3107f,15.0,kg,0.0,False
95e84d68-d7bf-4835-a506-deaf7fa961a8,2025-09-25,de2aa412-e109-4bcf-b6e9-9d9ad0b05e22,9cb23577-19df-4574-ab77-553f6d3490d7,2b091509-d73a-4eb4-b3b9-54c74af3107f,14.0,kg,0.0,False
6233b73e-4fce-449d-9f07-91d59254d09a,2025-09-26,de2aa412-e109-4bcf-b6e9-9d9ad0b05e22,9cb23577-19df-4574-ab77-553f6d3490d7,2b091509-d73a-4eb4-b3b9-54c74af3107f,13.0,kg,0.0,False
545e0cfa-e746-41a3-beb4-de7f896de304,2025-09-27,de2aa412-e109-4bcf-b6e9-9d9ad0b05e22,9cb23577-19df-4574-ab77-553f6d3490d7,2b091509-d73a-4eb4-b3b9-54c74af3107f,17.0,kg,0.0,False
65d7d55e-0519-4d72-9fdb-37caeb14b81d,2025-09-28,de2aa412-e109-4bcf-b6e9-9d9ad0b05e22,9cb23577-19df-4574-ab77-553f6d3490d7,2b091509-d73a-4eb4-b3b9-54c74af3107f,19.0,kg,0.0,False
b363aa55-c78e-4260-b817-a1b07d9c1666,2025-09-29,de2aa412-e109-4bcf-b6e9-9d9ad0b05e22,9cb23577-19df-4574-ab77-553f6d3490d7,2b091509-d73a-4eb4-b3b9-54c74af3107f,15.0,kg,0.0,False
57425564-8528-4062-b827-6c2163b7b9b8,2025-09-30,de2aa412-e109-4bcf-b6e9-9d9ad0b05e22,9cb23577-19df-4574-ab77-553f6d3490d7,2b091509-d73a-4eb4-b3b9-54c74af3107f,11.0,kg,0.0,False
d11fb4df-1ea0-4e39-842b-20ff47e067b7,2025-10-01,de2aa412-e109-4bcf-b6e9-9d9ad0b05e22,9cb23577-19df-4574-ab77-553f6d3490d7,2b091509-d73a-4eb4-b3b9-54c74af3107f,15.0,kg,0.0,False
bc786a00-68b2-4243-88f9-baa19ac7aeca,2025-10-02,de2aa412-e109-4bcf-b6e9-9d9ad0b05e22,9cb23577-19df-4574-ab77-553f6d3490d7,2b091509-d73a-4eb4-b3b9-54c74af3107f,13.0,kg,0.0,False
c2c54456-62d9-48a3-b881-712d30737ca8,2025-10-03,de2aa412-e109-4bcf-b6e9-9d9ad0b05e22,9cb23577-19df-4574-ab77-553f6d3490d7,2b091509-d73a-4eb4-b3b9-54c74af3107f,13.0,kg,0.0,False
b871d64b-630a-4da8-8975-76398374b74f,2025-10-04,de2aa412-e109-4bcf-b6e9-9d9ad0b05e22,9cb23577-19df-4574-ab77-553f6d3490d7,2b091509-d73a-4eb4-b3b9-54c74af3107f,17.0,kg,0.0,False
5bebceff-d198-4fed-a030-46c7f2c7ed88,2025-10-05,de2aa412-e109-4bcf-b6e9-9d9ad0b05e22,9cb23577-19df-4574-ab77-553f6d3490d7,2b091509-d73a-4eb4-b3b9-54c74af3107f,16.0,kg,0.0,False
e849e9f8-86a3-4098-a489-f1b68639e29d,2025-10-06,de2aa412-e109-4bcf-b6e9-9d9ad0b05e22,9cb23577-19df-4574-ab77-553f6d3490d7,2b091509-d73a-4eb4-b3b9-54c74af3107f,16.0,kg,0.0,False
412b457c-56dd-4004-87b4-f0eea4cd3672,2025-10-07,de2aa412-e109-4bcf-b6e9-9d9ad0b05e22,9cb23577-19df-4574-ab77-553f6d3490d7,2b091509-d73a-4eb4-b3b9-54c74af3107f,13.0,kg,0.0,False
943893c0-8147-426b-a3a7-207d2d23a4e3,2025-10-08,de2aa412-e109-4bcf-b6e9-9d9ad0b05e22,9cb23577-19df-4574-ab77-553f6d3490d7,2b091509-d73a-4eb4-b3b9-54c74af3107f,11.0,kg,0.0,False
241a0224-2491-4421-a849-972a1627252a,2025-10-09,de2aa412-e109-4bcf-b6e9-9d9ad0b05e22,9cb23577-19df-4574-ab77-553f6d3490d7,2b091509-d73a-4eb4-b3b9-54c74af3107f,12.0,kg,0.0,False
21f5d4ce-f6fd-4f52-9075-dfdc25a12402,2025-10-10,de2aa412-e109-4bcf-b6e9-9d9ad0b05e22,9cb23577-19df-4574-ab77-553f6d3490d7,2b091509-d73a-4eb4-b3b9-54c74af3107f,14.0,kg,0.0,False
9f29a2d0-74a1-4fd9-9c26-a6a726b2ec51,2025-10-11,de2aa412-e109-4bcf-b6e9-9d9ad0b05e22,9cb23577-19df-4574-ab77-553f6d3490d7,2b091509-d73a-4eb4-b3b9-54c74af3107f,20.0,kg,0.0,False
a65e5d78-b6e3-44a0-a1ab-1654ba9202d9,2025-10-12,de2aa412-e109-4bcf-b6e9-9d9ad0b05e22,9cb23577-19df-4574-ab77-553f6d3490d7,2b091509-d73a-4eb4-b3b9-54c74af3107f,18.0,kg,0.0,False
49033857-6732-4640-a00f-2aced084de09,2025-10-13,de2aa412-e109-4bcf-b6e9-9d9ad0b05e22,9cb23577-19df-4574-ab77-553f6d3490d7,2b091509-d73a-4eb4-b3b9-54c74af3107f,14.0,kg,0.0,True
06c49c0b-ae10-487e-a1ba-a04b61e6d10f,2025-10-14,de2aa412-e109-4bcf-b6e9-9d9ad0b05e22,9cb23577-19df-4574-ab77-553f6d3490d7,2b091509-d73a-4eb4-b3b9-54c74af3107f,19.0,kg,0.0,False
f0081434-3917-43f2-902b-f0ab36d3dc6e,2025-10-15,de2aa412-e109-4bcf-b6e9-9d9ad0b05e22,9cb23577-19df-4574-ab77-553f6d3490d7,2b091509-d73a-4eb4-b3b9-54c74af3107f,17.0,kg,0.0,True
7c166a59-a18d-418b-9430-93b1e1d15dfd,2025-10-16,de2aa412-e109-4bcf-b6e9-9d9ad0b05e22,9cb23577-19df-4574-ab77-553f6d3490d7,2b091509-d73a-4eb4-b3b9-54c74af3107f,16.0,kg,0.0,False
2a2e578e-0f90-4c1d-b6a8-dfd6396392de,2025-10-17,de2aa412-e109-4bcf-b6e9-9d9ad0b05e22,9cb23577-19df-4574-ab77-553f6d3490d7,2b091509-d73a-4eb4-b3b9-54c74af3107f,13.0,kg,0.0,False
6b76feeb-78f7-437e-a57d-0175afe026a6,2025-10-18,de2aa412-e109-4bcf-b6e9-9d9ad0b05e22,9cb23577-19df-4574-ab77-553f6d3490d7,2b091509-d73a-4eb4-b3b9-54c74af3107f,18.0,kg,0.0,False
f267b3b1-9d6d-4079-9e13-ff13fdf520a1,2025-10-19,de2aa412-e109-4bcf-b6e9-9d9ad0b05e22,9cb23577-19df-4574-ab77-553f6d3490d7,2b091509-d73a-4eb4-b3b9-54c74af3107f,19.0,kg,0.0,False
3eaeb691-6edd-493c-905e-2450501818cd,2025-10-20,de2aa412-e109-4bcf-b6e9-9d9ad0b05e22,9cb23577-19df-4574-ab77-553f6d3490d7,2b091509-d73a-4eb4-b3b9-54c74af3107f,16.0,kg,0.0,False
ff3a90d7-77c2-4ddd-a841-c2d277053780,2025-10-21,de2aa412-e109-4bcf-b6e9-9d9ad0b05e22,9cb23577-19df-4574-ab77-553f6d3490d7,2b091509-d73a-4eb4-b3b9-54c74af3107f,16.0,kg,0.0,False
e9eb2278-39b5-4e44-bc0f-eb381e3a4a5e,2025-10-22,de2aa412-e109-4bcf-b6e9-9d9ad0b05e22,9cb23577-19df-4574-ab77-553f6d3490d7,2b091509-d73a-4eb4-b3b9-54c74af3107f,15.0,kg,0.0,False
3ae639b6-d100-4923-a831-65f8f8cb4f63,2025-10-23,de2aa412-e109-4bcf-b6e9-9d9ad0b05e22,9cb23577-19df-4574-ab77-553f6d3490d7,2b091509-d73a-4eb4-b3b9-54c74af3107f,13.0,kg,0.0,False
0c6807c8-d0b7-4183-b9a9-c1e704fdc532,2025-10-24,de2aa412-e109-4bcf-b6e9-9d9ad0b05e22,9cb23577-19df-4574-ab77-553f6d3490d7,2b091509-d73a-4eb4-b3b9-54c74af3107f,12.0,kg,0.0,False
d51a67c6-0f1b-4591-a35c-66b0d5da9e42,2025-10-25,de2aa412-e109-4bcf-b6e9-9d9ad0b05e22,9cb23577-19df-4574-ab77-553f6d3490d7,2b091509-d73a-4eb4-b3b9-54c74af3107f,18.0,kg,0.0,False
4a1b6a1a-0f74-427e-b9aa-5f3225558ac6,2025-10-26,de2aa412-e109-4bcf-b6e9-9d9ad0b05e22,9cb23577-19df-4574-ab77-553f6d3490d7,2b091509-d73a-4eb4-b3b9-54c74af3107f,23.0,kg,0.0,True
5e0a5d50-e704-4090-900d-3e101861d316,2025-10-27,de2aa412-e109-4bcf-b6e9-9d9ad0b05e22,9cb23577-19df-4574-ab77-553f6d3490d7,2b091509-d73a-4eb4-b3b9-54c74af3107f,13.0,kg,0.0,False
55b41aba-f5fb-41ca-82ea-fee5124211b4,2025-10-28,de2aa412-e109-4bcf-b6e9-9d9ad0b05e22,9cb23577-19df-4574-ab77-553f6d3490d7,2b091509-d73a-4eb4-b3b9-54c74af3107f,16.0,kg,0.0,False
ba2c5e97-8ed7-476d-b016-abe616dec7e3,2025-10-29,de2aa412-e109-4bcf-b6e9-9d9ad0b05e22,9cb23577-19df-4574-ab77-553f6d3490d7,2b091509-d73a-4eb4-b3b9-54c74af3107f,20.0,kg,0.0,True
8555b788-4bf5-46e3-bb31-6ceb85d0bd59,2025-10-30,de2aa412-e109-4bcf-b6e9-9d9ad0b05e22,9cb23577-19df-4574-ab77-553f6d3490d7,2b091509-d73a-4eb4-b3b9-54c74af3107f,11.0,kg,0.0,False
2f7c8745-f5c1-4c3c-9ceb-ab64bcb2c3e6,2025-10-31,de2aa412-e109-4bcf-b6e9-9d9ad0b05e22,9cb23577-19df-4574-ab77-553f6d3490d7,2b091509-d73a-4eb4-b3b9-54c74af3107f,12.0,kg,0.0,False
b4ea93f7-b249-48c5-84ff-700841091c9f,2025-11-01,de2aa412-e109-4bcf-b6e9-9d9ad0b05e22,9cb23577-19df-4574-ab77-553f6d3490d7,2b091509-d73a-4eb4-b3b9-54c74af3107f,16.0,kg,0.0,False
9eb58ed8-133e-4e4d-a91f-10d07a74f0f0,2025-11-02,de2aa412-e109-4bcf-b6e9-9d9ad0b05e22,9cb23577-19df-4574-ab77-553f6d3490d7,2b091509-d73a-4eb4-b3b9-54c74af3107f,18.0,kg,0.0,False
a633452a-5160-4b36-b4a1-c107222739f7,2025-11-03,de2aa412-e109-4bcf-b6e9-9d9ad0b05e22,9cb23577-19df-4574-ab77-553f6d3490d7,2b091509-d73a-4eb4-b3b9-54c74af3107f,12.0,kg,0.0,False
178890ca-7d7f-4be4-a28b-4ef081096b64,2025-11-04,de2aa412-e109-4bcf-b6e9-9d9ad0b05e22,9cb23577-19df-4574-ab77-553f6d3490d7,2b091509-d73a-4eb4-b3b9-54c74af3107f,16.0,kg,0.0,False
9eae2c7f-590d-43ab-920a-ae8c5c799584,2025-11-05,de2aa412-e109-4bcf-b6e9-9d9ad0b05e22,9cb23577-19df-4574-ab77-553f6d3490d7,2b091509-d73a-4eb4-b3b9-54c74af3107f,14.0,kg,0.0,False
c5f15c97-80fa-4d21-b1b9-faa99543bf47,2025-11-06,de2aa412-e109-4bcf-b6e9-9d9ad0b05e22,9cb23577-19df-4574-ab77-553f6d3490d7,2b091509-d73a-4eb4-b3b9-54c74af3107f,14.0,kg,0.0,False
37cfd5d0-e3f0-4c5d-b182-8be5f45ea646,2025-11-07,de2aa412-e109-4bcf-b6e9-9d9ad0b05e22,9cb23577-19df-4574-ab77-553f6d3490d7,2b091509-d73a-4eb4-b3b9-54c74af3107f,10.0,kg,0.0,False
3e060b68-36c8-49c4-a843-eafc936226a4,2025-11-08,de2aa412-e109-4bcf-b6e9-9d9ad0b05e22,9cb23577-19df-4574-ab77-553f6d3490d7,2b091509-d73a-4eb4-b3b9-54c74af3107f,13.0,kg,0.0,False
f387ce51-f678-4530-8e75-f5de5723fd9a,2025-11-09,de2aa412-e109-4bcf-b6e9-9d9ad0b05e22,9cb23577-19df-4574-ab77-553f6d3490d7,2b091509-d73a-4eb4-b3b9-54c74af3107f,18.0,kg,0.0,False
8b2acb2e-870c-4848-8892-33e2d64e7315,2025-11-10,de2aa412-e109-4bcf-b6e9-9d9ad0b05e22,9cb23577-19df-4574-ab77-553f6d3490d7,2b091509-d73a-4eb4-b3b9-54c74af3107f,11.0,kg,0.0,True
2f6ce240-334a-471b-a922-efddff992d53,2025-11-11,de2aa412-e109-4bcf-b6e9-9d9ad0b05e22,9cb23577-19df-4574-ab77-553f6d3490d7,2b091509-d73a-4eb4-b3b9-54c74af3107f,16.0,kg,0.0,False
28fb3d3f-67b5-4bfb-a6a8-9ce94b6e1370,2025-11-12,de2aa412-e109-4bcf-b6e9-9d9ad0b05e22,9cb23577-19df-4574-ab77-553f6d3490d7,2b091509-d73a-4eb4-b3b9-54c74af3107f,13.0,kg,0.0,False
f8c1fb5c-e95a-4af1-afa1-5f0fdec577c0,2025-11-13,de2aa412-e109-4bcf-b6e9-9d9ad0b05e22,9cb23577-19df-4574-ab77-553f6d3490d7,2b091509-d73a-4eb4-b3b9-54c74af3107f,21.0,kg,0.0,False
4be3b0ff-7db8-45ec-a101-a0132c6cac71,2025-11-14,de2aa412-e109-4bcf-b6e9-9d9ad0b05e22,9cb23577-19df-4574-ab77-553f6d3490d7,2b091509-d73a-4eb4-b3b9-54c74af3107f,19.0,kg,0.0,False
c404802e-83cb-4f3e-ac63-db9e2e016a53,2025-11-15,de2aa412-e109-4bcf-b6e9-9d9ad0b05e22,9cb23577-19df-4574-ab77-553f6d3490d7,2b091509-d73a-4eb4-b3b9-54c74af3107f,17.0,kg,0.0,False
9a48a793-a52c-4604-8080-cc069733b839,2025-11-16,de2aa412-e109-4bcf-b6e9-9d9ad0b05e22,9cb23577-19df-4574-ab77-553f6d3490d7,2b091509-d73a-4eb4-b3b9-54c74af3107f,17.0,kg,0.0,False
67897fac-8ffb-4777-ae8a-3f2e61689ae5,2025-11-17,de2aa412-e109-4bcf-b6e9-9d9ad0b05e22,9cb23577-19df-4574-ab77-553f6d3490d7,2b091509-d73a-4eb4-b3b9-54c74af3107f,16.0,kg,0.0,False
8b95fc82-8c3e-4c87-8ef2-871c91a743af,2025-11-18,de2aa412-e109-4bcf-b6e9-9d9ad0b05e22,9cb23577-19df-4574-ab77-553f6d3490d7,2b091509-d73a-4eb4-b3b9-54c74af3107f,18.0,kg,0.0,False
aa7e77e0-f698-4669-a2ef-2e38b5cd697a,2025-11-19,de2aa412-e109-4bcf-b6e9-9d9ad0b05e22,9cb23577-19df-4574-ab77-553f6d3490d7,2b091509-d73a-4eb4-b3b9-54c74af3107f,10.0,kg,0.0,False
b554cbc1-13f4-4292-8c58-8c6b91874f74,2025-11-20,de2aa412-e109-4bcf-b6e9-9d9ad0b05e22,9cb23577-19df-4574-ab77-553f6d3490d7,2b091509-d73a-4eb4-b3b9-54c74af3107f,10.0,kg,0.0,False
711b95c4-81b3-4f4b-9b7c-a87ae142036b,2025-11-21,de2aa412-e109-4bcf-b6e9-9d9ad0b05e22,9cb23577-19df-4574-ab77-553f6d3490d7,2b091509-d73a-4eb4-b3b9-54c74af3107f,12.0,kg,0.0,False
1effc16d-977d-4c4a-8bc6-2cec111ee273,2025-11-22,de2aa412-e109-4bcf-b6e9-9d9ad0b05e22,9cb23577-19df-4574-ab77-553f6d3490d7,2b091509-d73a-4eb4-b3b9-54c74af3107f,19.0,kg,0.0,False
4d94db8e-7d17-45a9-b682-2e95457e37f3,2025-11-23,de2aa412-e109-4bcf-b6e9-9d9ad0b05e22,9cb23577-19df-4574-ab77-553f6d3490d7,2b091509-d73a-4eb4-b3b9-54c74af3107f,19.0,kg,0.0,False
004f895a-200d-49f3-a490-464ea80976ab,2025-11-24,de2aa412-e109-4bcf-b6e9-9d9ad0b05e22,9cb23577-19df-4574-ab77-553f6d3490d7,2b091509-d73a-4eb4-b3b9-54c74af3107f,16.0,kg,0.0,False
5f16a5cb-5733-494a-80e7-1be8fa0bfa2c,2025-11-25,de2aa412-e109-4bcf-b6e9-9d9ad0b05e22,9cb23577-19df-4574-ab77-553f6d3490d7,2b091509-d73a-4eb4-b3b9-54c74af3107f,11.0,kg,0.0,False
703d949a-7395-4181-bc57-20f6e05f7718,2025-11-26,de2aa412-e109-4bcf-b6e9-9d9ad0b05e22,9cb23577-19df-4574-ab77-553f6d3490d7,2b091509-d73a-4eb4-b3b9-54c74af3107f,9.0,kg,0.0,False
d0332477-911c-4fa0-a90e-baa01ecf26eb,2025-11-27,de2aa412-e109-4bcf-b6e9-9d9ad0b05e22,9cb23577-19df-4574-ab77-553f6d3490d7,2b091509-d73a-4eb4-b3b9-54c74af3107f,16.0,kg,0.0,False
5f4f7623-4020-4b6e-b194-833f5c97e097,2025-11-28,de2aa412-e109-4bcf-b6e9-9d9ad0b05e22,9cb23577-19df-4574-ab77-553f6d3490d7,2b091509-d73a-4eb4-b3b9-54c74af3107f,12.0,kg,0.0,False
a7c051a7-750a-421e-8773-fba8eff64c63,2025-11-29,de2aa412-e109-4bcf-b6e9-9d9ad0b05e22,9cb23577-19df-4574-ab77-553f6d3490d7,2b091509-d73a-4eb4-b3b9-54c74af3107f,12.0,kg,0.0,False
063bfa54-5acf-44f4-ae1a-bf32f4a7e324,2025-11-30,de2aa412-e109-4bcf-b6e9-9d9ad0b05e22,9cb23577-19df-4574-ab77-553f6d3490d7,2b091509-d73a-4eb4-b3b9-54c74af3107f,18.0,kg,0.0,False
37d00f70-1b3c-4073-845b-f57a95039d9f,2025-12-01,de2aa412-e109-4bcf-b6e9-9d9ad0b05e22,9cb23577-19df-4574-ab77-553f6d3490d7,2b091509-d73a-4eb4-b3b9-54c74af3107f,16.0,kg,0.0,False
ab326057-fdf3-40b9-8b20-8b7c5cbe618f,2025-12-02,de2aa412-e109-4bcf-b6e9-9d9ad0b05e22,9cb23577-19df-4574-ab77-553f6d3490d7,2b091509-d73a-4eb4-b3b9-54c74af3107f,14.0,kg,0.0,False
c77841f5-47cc-4877-9b32-63530a3554ec,2025-12-03,de2aa412-e109-4bcf-b6e9-9d9ad0b05e22,9cb23577-19df-4574-ab77-553f6d3490d7,2b091509-d73a-4eb4-b3b9-54c74af3107f,13.0,kg,0.0,False
d846c7a7-83c2-42a9-a7fb-ee4d391b6fd3,2025-12-04,de2aa412-e109-4bcf-b6e9-9d9ad0b05e22,9cb23577-19df-4574-ab77-553f6d3490d7,2b091509-d73a-4eb4-b3b9-54c74af3107f,14.0,kg,0.0,False
cf86849a-4eb9-453a-ae1a-04778efc65f0,2025-12-05,de2aa412-e109-4bcf-b6e9-9d9ad0b05e22,9cb23577-19df-4574-ab77-553f6d3490d7,2b091509-d73a-4eb4-b3b9-54c74af3107f,13.0,kg,0.0,False
4d90c5c6-90ed-4097-927d-5e8d5db91312,2025-12-06,de2aa412-e109-4bcf-b6e9-9d9ad0b05e22,9cb23577-19df-4574-ab77-553f6d3490d7,2b091509-d73a-4eb4-b3b9-54c74af3107f,14.0,kg,0.0,False
5dc13c2b-e29e-431b-a4d5-3e6308434765,2025-12-07,de2aa412-e109-4bcf-b6e9-9d9ad0b05e22,9cb23577-19df-4574-ab77-553f6d3490d7,2b091509-d73a-4eb4-b3b9-54c74af3107f,16.0,kg,0.0,False
90b70f79-2ff3-44d9-b3eb-545b98aae9e3,2025-12-08,de2aa412-e109-4bcf-b6e9-9d9ad0b05e22,9cb23577-19df-4574-ab77-553f6d3490d7,2b091509-d73a-4eb4-b3b9-54c74af3107f,15.0,kg,0.0,False
d2c8a5c4-9604-487b-9e31-6d4b3068aad8,2025-12-09,de2aa412-e109-4bcf-b6e9-9d9ad0b05e22,9cb23577-19df-4574-ab77-553f6d3490d7,2b091509-d73a-4eb4-b3b9-54c74af3107f,15.0,kg,0.0,False
ca458ba8-77e3-4da6-bdbd-6f92d070eb0c,2025-12-10,de2aa412-e109-4bcf-b6e9-9d9ad0b05e22,9cb23577-19df-4574-ab77-553f6d3490d7,2b091509-d73a-4eb4-b3b9-54c74af3107f,15.0,kg,0.0,False
25acd574-dbe7-41d8-972a-087565c1f51c,2025-12-11,de2aa412-e109-4bcf-b6e9-9d9ad0b05e22,9cb23577-19df-4574-ab77-553f6d3490d7,2b091509-d73a-4eb4-b3b9-54c74af3107f,12.0,kg,0.0,False
6891b85e-6a73-478d-a750-2d2b8573f01f,2025-12-12,de2aa412-e109-4bcf-b6e9-9d9ad0b05e22,9cb23577-19df-4574-ab77-553f6d3490d7,2b091509-d73a-4eb4-b3b9-54c74af3107f,17.0,kg,0.0,True
6541f965-3a64-4692-be36-fec5ca92e390,2025-12-13,de2aa412-e109-4bcf-b6e9-9d9ad0b05e22,9cb23577-19df-4574-ab77-553f6d3490d7,2b091509-d73a-4eb4-b3b9-54c74af3107f,12.0,kg,0.0,False
544df3ae-8a54-4880-be8f-6323d049d6da,2025-12-14,de2aa412-e109-4bcf-b6e9-9d9ad0b05e22,9cb23577-19df-4574-ab77-553f6d3490d7,2b091509-d73a-4eb4-b3b9-54c74af3107f,19.0,kg,0.0,False
55240e1b-57a1-4c82-9e0b-3f700f49f772,2025-12-15,de2aa412-e109-4bcf-b6e9-9d9ad0b05e22,9cb23577-19df-4574-ab77-553f6d3490d7,2b091509-d73a-4eb4-b3b9-54c74af3107f,18.0,kg,0.0,False
c74ee8c8-76f7-40d5-9550-06982032bb26,2025-12-16,de2aa412-e109-4bcf-b6e9-9d9ad0b05e22,9cb23577-19df-4574-ab77-553f6d3490d7,2b091509-d73a-4eb4-b3b9-54c74af3107f,11.0,kg,0.0,False
67382aca-5a21-4556-b991-d02388fb2c74,2025-12-17,de2aa412-e109-4bcf-b6e9-9d9ad0b05e22,9cb23577-19df-4574-ab77-553f6d3490d7,2b091509-d73a-4eb4-b3b9-54c74af3107f,13.0,kg,0.0,False
6a0bf2e6-ea74-4b6c-9426-08d88d751901,2025-12-18,de2aa412-e109-4bcf-b6e9-9d9ad0b05e22,9cb23577-19df-4574-ab77-553f6d3490d7,2b091509-d73a-4eb4-b3b9-54c74af3107f,15.0,kg,0.0,False
767c5663-5c15-409e-ae3d-6d17952674e9,2025-12-19,de2aa412-e109-4bcf-b6e9-9d9ad0b05e22,9cb23577-19df-4574-ab77-553f6d3490d7,2b091509-d73a-4eb4-b3b9-54c74af3107f,18.0,kg,0.0,False
254996f6-1db1-44de-8460-5ec38f6a65e6,2025-12-20,de2aa412-e109-4bcf-b6e9-9d9ad0b05e22,9cb23577-19df-4574-ab77-553f6d3490d7,2b091509-d73a-4eb4-b3b9-54c74af3107f,17.0,kg,0.0,False
109e2df8-a645-4901-9581-269400b8ab29,2025-12-21,de2aa412-e109-4bcf-b6e9-9d9ad0b05e22,9cb23577-19df-4574-ab77-553f6d3490d7,2b091509-d73a-4eb4-b3b9-54c74af3107f,16.0,kg,0.0,False
9d7df641-8513-461a-862b-c83301971ab0,2025-12-22,de2aa412-e109-4bcf-b6e9-9d9ad0b05e22,9cb23577-19df-4574-ab77-553f6d3490d7,2b091509-d73a-4eb4-b3b9-54c74af3107f,12.0,kg,0.0,True
f00866cf-08ce-4c47-a8ef-7bcf2e76e8b5,2025-12-23,de2aa412-e109-4bcf-b6e9-9d9ad0b05e22,9cb23577-19df-4574-ab77-553f6d3490d7,2b091509-d73a-4eb4-b3b9-54c74af3107f,15.0,kg,0.0,False
f1c555d7-8f3f-4e00-b97c-4ec9ac722dfd,2025-12-24,de2aa412-e109-4bcf-b6e9-9d9ad0b05e22,9cb23577-19df-4574-ab77-553f6d3490d7,2b091509-d73a-4eb4-b3b9-54c74af3107f,24.0,kg,0.0,True
d37dcc70-c9fa-41b5-a22f-506376bee2c9,2025-12-25,de2aa412-e109-4bcf-b6e9-9d9ad0b05e22,9cb23577-19df-4574-ab77-553f6d3490d7,2b091509-d73a-4eb4-b3b9-54c74af3107f,15.0,kg,0.0,False
03966c75-718d-4a78-986c-eb555e67103a,2025-12-26,de2aa412-e109-4bcf-b6e9-9d9ad0b05e22,9cb23577-19df-4574-ab77-553f6d3490d7,2b091509-d73a-4eb4-b3b9-54c74af3107f,15.0,kg,0.0,False
cded92d2-0832-4b03-9a4d-40da0e71a46f,2025-12-27,de2aa412-e109-4bcf-b6e9-9d9ad0b05e22,9cb23577-19df-4574-ab77-553f6d3490d7,2b091509-d73a-4eb4-b3b9-54c74af3107f,20.0,kg,0.0,False
02e101ec-72a1-4d90-ac3e-06fde779487a,2025-12-28,de2aa412-e109-4bcf-b6e9-9d9ad0b05e22,9cb23577-19df-4574-ab77-553f6d3490d7,2b091509-d73a-4eb4-b3b9-54c74af3107f,19.0,kg,0.0,False
a6a9682a-13af-4fa5-85c7-7eca8fb26f8b,2025-12-29,de2aa412-e109-4bcf-b6e9-9d9ad0b05e22,9cb23577-19df-4574-ab77-553f6d3490d7,2b091509-d73a-4eb4-b3b9-54c74af3107f,13.0,kg,0.0,False
a4ad78b7-b38f-4171-96e6-4d87f5790c9e,2025-12-30,de2aa412-e109-4bcf-b6e9-9d9ad0b05e22,9cb23577-19df-4574-ab77-553f6d3490d7,2b091509-d73a-4eb4-b3b9-54c74af3107f,17.0,kg,0.0,False
6ba35d6c-3ade-481d-94e5-1059c04ec432,2025-12-31,de2aa412-e109-4bcf-b6e9-9d9ad0b05e22,9cb23577-19df-4574-ab77-553f6d3490d7,2b091509-d73a-4eb4-b3b9-54c74af3107f,16.0,kg,0.0,False
b262397b-fd98-40e8-b1f5-922998709957,2026-01-01,de2aa412-e109-4bcf-b6e9-9d9ad0b05e22,9cb23577-19df-4574-ab77-553f6d3490d7,2b091509-d73a-4eb4-b3b9-54c74af3107f,15.0,kg,0.0,False
362fa531-e947-4789-8559-20a7873f2b8b,2026-01-02,de2aa412-e109-4bcf-b6e9-9d9ad0b05e22,9cb23577-19df-4574-ab77-553f6d3490d7,2b091509-d73a-4eb4-b3b9-54c74af3107f,13.0,kg,0.0,False
8569a670-37a1-4db6-a46e-371ab10d2a4a,2026-01-03,de2aa412-e109-4bcf-b6e9-9d9ad0b05e22,9cb23577-19df-4574-ab77-553f6d3490d7,2b091509-d73a-4eb4-b3b9-54c74af3107f,23.0,kg,0.0,False
64021cb2-3420-4d48-bd1b-666dbc552d9b,2026-01-04,de2aa412-e109-4bcf-b6e9-9d9ad0b05e22,9cb23577-19df-4574-ab77-553f6d3490d7,2b091509-d73a-4eb4-b3b9-54c74af3107f,21.0,kg,0.0,False
fe2f290d-145d-4ff2-a071-acdf0e5e2ae9,2026-01-05,de2aa412-e109-4bcf-b6e9-9d9ad0b05e22,9cb23577-19df-4574-ab77-553f6d3490d7,2b091509-d73a-4eb4-b3b9-54c74af3107f,14.0,kg,0.0,False
0db2e817-7d4d-4323-ba52-b21106cbd45d,2026-01-06,de2aa412-e109-4bcf-b6e9-9d9ad0b05e22,9cb23577-19df-4574-ab77-553f6d3490d7,2b091509-d73a-4eb4-b3b9-54c74af3107f,18.0,kg,0.0,False
20ec4054-9281-4d91-befe-747bf441bf01,2026-01-07,de2aa412-e109-4bcf-b6e9-9d9ad0b05e22,9cb23577-19df-4574-ab77-553f6d3490d7,2b091509-d73a-4eb4-b3b9-54c74af3107f,14.0,kg,0.0,False
7a39fe45-bca0-4a90-b375-32cae959ec45,2026-01-08,de2aa412-e109-4bcf-b6e9-9d9ad0b05e22,9cb23577-19df-4574-ab77-553f6d3490d7,2b091509-d73a-4eb4-b3b9-54c74af3107f,13.0,kg,0.0,False
34fc094c-0b9a-4eee-bf2c-7e276ae40390,2026-01-09,de2aa412-e109-4bcf-b6e9-9d9ad0b05e22,9cb23577-19df-4574-ab77-553f6d3490d7,2b091509-d73a-4eb4-b3b9-54c74af3107f,13.0,kg,0.0,False
44c9cec1-d879-45bb-88f8-b4c033ea1e42,2026-01-10,de2aa412-e109-4bcf-b6e9-9d9ad0b05e22,9cb23577-19df-4574-ab77-553f6d3490d7,2b091509-d73a-4eb4-b3b9-54c74af3107f,14.0,kg,0.0,False
01c8e884-655d-492c-a805-5753339d46ae,2026-01-11,de2aa412-e109-4bcf-b6e9-9d9ad0b05e22,9cb23577-19df-4574-ab77-553f6d3490d7,2b091509-d73a-4eb4-b3b9-54c74af3107f,21.0,kg,0.0,False
a8631730-f189-4705-ba8e-696571534d78,2026-01-12,de2aa412-e109-4bcf-b6e9-9d9ad0b05e22,9cb23577-19df-4574-ab77-553f6d3490d7,2b091509-d73a-4eb4-b3b9-54c74af3107f,11.0,kg,0.0,False
41393c06-b585-4298-bd09-830b8bb2dc62,2026-01-13,de2aa412-e109-4bcf-b6e9-9d9ad0b05e22,9cb23577-19df-4574-ab77-553f6d3490d7,2b091509-d73a-4eb4-b3b9-54c74af3107f,12.0,kg,0.0,False
5d0ddea1-63e3-4115-8853-1bf76631448a,2026-01-14,de2aa412-e109-4bcf-b6e9-9d9ad0b05e22,9cb23577-19df-4574-ab77-553f6d3490d7,2b091509-d73a-4eb4-b3b9-54c74af3107f,10.0,kg,0.0,False
31557c7e-9f1e-472c-8e44-9e413ca8ae7d,2026-01-15,de2aa412-e109-4bcf-b6e9-9d9ad0b05e22,9cb23577-19df-4574-ab77-553f6d3490d7,2b091509-d73a-4eb4-b3b9-54c74af3107f,15.0,kg,0.0,False
7201c15a-c4fe-4a9a-a212-fdd07851b48d,2026-01-16,de2aa412-e109-4bcf-b6e9-9d9ad0b05e22,9cb23577-19df-4574-ab77-553f6d3490d7,2b091509-d73a-4eb4-b3b9-54c74af3107f,15.0,kg,0.0,False
35ced465-0249-490e-b7f3-e19db844eea2,2026-01-17,de2aa412-e109-4bcf-b6e9-9d9ad0b05e22,9cb23577-19df-4574-ab77-553f6d3490d7,2b091509-d73a-4eb4-b3b9-54c74af3107f,18.0,kg,0.0,False
0c9760a9-6422-4b80-a459-844d2f4e9af3,2026-01-18,de2aa412-e109-4bcf-b6e9-9d9ad0b05e22,9cb23577-19df-4574-ab77-553f6d3490d7,2b091509-d73a-4eb4-b3b9-54c74af3107f,16.0,kg,0.0,False
798ba691-0adb-416b-b8c4-0fe064f992f3,2026-01-19,de2aa412-e109-4bcf-b6e9-9d9ad0b05e22,9cb23577-19df-4574-ab77-553f6d3490d7,2b091509-d73a-4eb4-b3b9-54c74af3107f,13.0,kg,0.0,False
e46490a3-5d03-45fb-893c-cc395ed3ce3a,2026-01-20,de2aa412-e109-4bcf-b6e9-9d9ad0b05e22,9cb23577-19df-4574-ab77-553f6d3490d7,2b091509-d73a-4eb4-b3b9-54c74af3107f,17.0,kg,0.0,False
4b0aeb98-29ac-4b63-957f-4f1e85d3f221,2026-01-21,de2aa412-e109-4bcf-b6e9-9d9ad0b05e22,9cb23577-19df-4574-ab77-553f6d3490d7,2b091509-d73a-4eb4-b3b9-54c74af3107f,14.0,kg,0.0,False
83d4e933-bcfc-4e08-9d03-3119593c9164,2026-01-22,de2aa412-e109-4bcf-b6e9-9d9ad0b05e22,9cb23577-19df-4574-ab77-553f6d3490d7,2b091509-d73a-4eb4-b3b9-54c74af3107f,16.0,kg,0.0,False
bc2641b2-0be4-4cb1-bfb8-611aec3688c8,2026-01-23,de2aa412-e109-4bcf-b6e9-9d9ad0b05e22,9cb23577-19df-4574-ab77-553f6d3490d7,2b091509-d73a-4eb4-b3b9-54c74af3107f,16.0,kg,0.0,True
1bc0fe0a-44bf-446e-b3c5-dd805f609ede,2026-01-24,de2aa412-e109-4bcf-b6e9-9d9ad0b05e22,9cb23577-19df-4574-ab77-553f6d3490d7,2b091509-d73a-4eb4-b3b9-54c74af3107f,20.0,kg,0.0,False
9bc77d67-9e4c-4062-a178-c09586accf34,2026-01-25,de2aa412-e109-4bcf-b6e9-9d9ad0b05e22,9cb23577-19df-4574-ab77-553f6d3490d7,2b091509-d73a-4eb4-b3b9-54c74af3107f,24.0,kg,0.0,False
f651722a-2c3e-4358-87e3-6d8f8221a759,2026-01-26,de2aa412-e109-4bcf-b6e9-9d9ad0b05e22,9cb23577-19df-4574-ab77-553f6d3490d7,2b091509-d73a-4eb4-b3b9-54c74af3107f,17.0,kg,0.0,False
d1cd28b8-a535-4df1-ac27-a593b5be7742,2026-01-27,de2aa412-e109-4bcf-b6e9-9d9ad0b05e22,9cb23577-19df-4574-ab77-553f6d3490d7,2b091509-d73a-4eb4-b3b9-54c74af3107f,15.0,kg,0.0,False
64ca05d5-d3cc-44a4-ab44-7c448622626e,2026-01-28,de2aa412-e109-4bcf-b6e9-9d9ad0b05e22,9cb23577-19df-4574-ab77-553f6d3490d7,2b091509-d73a-4eb4-b3b9-54c74af3107f,16.0,kg,0.0,False
fe19d86c-9522-4b07-af83-d55e24feddce,2026-01-29,de2aa412-e109-4bcf-b6e9-9d9ad0b05e22,9cb23577-19df-4574-ab77-553f6d3490d7,2b091509-d73a-4eb4-b3b9-54c74af3107f,15.0,kg,0.0,False
1ad6eef0-4c41-4ca4-adb2-e70945aa2160,2026-01-30,de2aa412-e109-4bcf-b6e9-9d9ad0b05e22,9cb23577-19df-4574-ab77-553f6d3490d7,2b091509-d73a-4eb4-b3b9-54c74af3107f,16.0,kg,0.0,False
87b00b93-89b4-48a7-9293-60bc7f6d03d8,2026-01-31,de2aa412-e109-4bcf-b6e9-9d9ad0b05e22,9cb23577-19df-4574-ab77-553f6d3490d7,2b091509-d73a-4eb4-b3b9-54c74af3107f,19.0,kg,0.0,False
7d7bdfb5-3b7a-4bd4-ba58-2fe35e074283,2026-02-01,de2aa412-e109-4bcf-b6e9-9d9ad0b05e22,9cb23577-19df-4574-ab77-553f6d3490d7,2b091509-d73a-4eb4-b3b9-54c74af3107f,19.0,kg,0.0,False
70cc14fe-36c5-4ba3-bde2-3424226417ba,2026-02-02,de2aa412-e109-4bcf-b6e9-9d9ad0b05e22,9cb23577-19df-4574-ab77-553f6d3490d7,2b091509-d73a-4eb4-b3b9-54c74af3107f,17.0,kg,0.0,False
1d5bfbc5-af3d-47da-9008-5155765b594c,2026-02-03,de2aa412-e109-4bcf-b6e9-9d9ad0b05e22,9cb23577-19df-4574-ab77-553f6d3490d7,2b091509-d73a-4eb4-b3b9-54c74af3107f,13.0,kg,0.0,False
d3f79a67-02fe-41a6-960c-c41f702ef205,2026-02-04,de2aa412-e109-4bcf-b6e9-9d9ad0b05e22,9cb23577-19df-4574-ab77-553f6d3490d7,2b091509-d73a-4eb4-b3b9-54c74af3107f,13.0,kg,0.0,False
3c3d1ab1-38e3-4f23-880c-7bac7d29c7c6,2026-02-05,de2aa412-e109-4bcf-b6e9-9d9ad0b05e22,9cb23577-19df-4574-ab77-553f6d3490d7,2b091509-d73a-4eb4-b3b9-54c74af3107f,15.0,kg,0.0,True
777237ec-abdf-4f8a-917b-2f8a681f4e0d,2026-02-06,de2aa412-e109-4bcf-b6e9-9d9ad0b05e22,9cb23577-19df-4574-ab77-553f6d3490d7,2b091509-d73a-4eb4-b3b9-54c74af3107f,12.0,kg,0.0,False
9003f372-d440-45cc-9738-f09ff8c3622e,2026-02-07,de2aa412-e109-4bcf-b6e9-9d9ad0b05e22,9cb23577-19df-4574-ab77-553f6d3490d7,2b091509-d73a-4eb4-b3b9-54c74af3107f,16.0,kg,0.0,False
e69dd1d8-4678-488d-8f13-95ee171cdd2c,2026-02-08,de2aa412-e109-4bcf-b6e9-9d9ad0b05e22,9cb23577-19df-4574-ab77-553f6d3490d7,2b091509-d73a-4eb4-b3b9-54c74af3107f,21.0,kg,0.0,False
0429c20d-46e3-4b90-a06f-4fa7c960d1ae,2026-02-09,de2aa412-e109-4bcf-b6e9-9d9ad0b05e22,9cb23577-19df-4574-ab77-553f6d3490d7,2b091509-d73a-4eb4-b3b9-54c74af3107f,14.0,kg,0.0,False
5af5e63e-308e-473a-bedb-57feeee50546,2026-02-10,de2aa412-e109-4bcf-b6e9-9d9ad0b05e22,9cb23577-19df-4574-ab77-553f6d3490d7,2b091509-d73a-4eb4-b3b9-54c74af3107f,17.0,kg,0.0,False
a0bbbe13-5873-4870-b3c8-32218fd25426,2026-02-11,de2aa412-e109-4bcf-b6e9-9d9ad0b05e22,9cb23577-19df-4574-ab77-553f6d3490d7,2b091509-d73a-4eb4-b3b9-54c74af3107f,16.0,kg,0.0,False
bbb3b3ab-dfed-42c0-8c5d-b1e5984e3b22,2026-02-12,de2aa412-e109-4bcf-b6e9-9d9ad0b05e22,9cb23577-19df-4574-ab77-553f6d3490d7,2b091509-d73a-4eb4-b3b9-54c74af3107f,11.0,kg,0.0,False
fd0f8546-8ff7-433e-ad2d-9fb4a7c5f2ac,2026-02-13,de2aa412-e109-4bcf-b6e9-9d9ad0b05e22,9cb23577-19df-4574-ab77-553f6d3490d7,2b091509-d73a-4eb4-b3b9-54c74af3107f,18.0,kg,0.0,False
3194e788-da3b-483e-90d6-17ca17426bec,2026-02-14,de2aa412-e109-4bcf-b6e9-9d9ad0b05e22,9cb23577-19df-4574-ab77-553f6d3490d7,2b091509-d73a-4eb4-b3b9-54c74af3107f,23.0,kg,0.0,False
9a1e5789-0164-475e-8b21-893b87f051ec,2026-02-15,de2aa412-e109-4bcf-b6e9-9d9ad0b05e22,9cb23577-19df-4574-ab77-553f6d3490d7,2b091509-d73a-4eb4-b3b9-54c74af3107f,21.0,kg,0.0,True
df510bd6-7b70-4243-8205-df8c600a4fe7,2026-02-16,de2aa412-e109-4bcf-b6e9-9d9ad0b05e22,9cb23577-19df-4574-ab77-553f6d3490d7,2b091509-d73a-4eb4-b3b9-54c74af3107f,17.0,kg,0.0,False
b581519f-80e2-484d-bfa1-f515ba5f9842,2026-02-17,de2aa412-e109-4bcf-b6e9-9d9ad0b05e22,9cb23577-19df-4574-ab77-553f6d3490d7,2b091509-d73a-4eb4-b3b9-54c74af3107f,14.0,kg,0.0,False
823e50aa-469f-4346-b6c5-1012313686d4,2026-02-18,de2aa412-e109-4bcf-b6e9-9d9ad0b05e22,9cb23577-19df-4574-ab77-553f6d3490d7,2b091509-d73a-4eb4-b3b9-54c74af3107f,17.0,kg,0.0,False
b934a3b4-3abf-4e3e-83ea-9c344ea89c35,2026-02-19,de2aa412-e109-4bcf-b6e9-9d9ad0b05e22,9cb23577-19df-4574-ab77-553f6d3490d7,2b091509-d73a-4eb4-b3b9-54c74af3107f,13.0,kg,0.0,False
fffb25b7-df6a-4a6d-b5a9-8f4657ebff90,2026-02-20,de2aa412-e109-4bcf-b6e9-9d9ad0b05e22,9cb23577-19df-4574-ab77-553f6d3490d7,2b091509-d73a-4eb4-b3b9-54c74af3107f,12.0,kg,0.0,False
513f6464-d22c-4711-b986-e6c8a2ce1ab9,2026-02-21,de2aa412-e109-4bcf-b6e9-9d9ad0b05e22,9cb23577-19df-4574-ab77-553f6d3490d7,2b091509-d73a-4eb4-b3b9-54c74af3107f,19.0,kg,0.0,False
72c8bcf5-3a78-42b9-a0b2-aaa6ed31f21e,2026-02-22,de2aa412-e109-4bcf-b6e9-9d9ad0b05e22,9cb23577-19df-4574-ab77-553f6d3490d7,2b091509-d73a-4eb4-b3b9-54c74af3107f,20.0,kg,0.0,False
2ce50c64-f03e-49f7-af3f-5e4b9aea12b2,2026-02-23,de2aa412-e109-4bcf-b6e9-9d9ad0b05e22,9cb23577-19df-4574-ab77-553f6d3490d7,2b091509-d73a-4eb4-b3b9-54c74af3107f,15.0,kg,0.0,False
ef30bb9e-196d-4acb-a3ae-13068029a400,2026-02-24,de2aa412-e109-4bcf-b6e9-9d9ad0b05e22,9cb23577-19df-4574-ab77-553f6d3490d7,2b091509-d73a-4eb4-b3b9-54c74af3107f,13.0,kg,0.0,False
f09b610e-2be4-4558-ab32-6e2b90c42155,2026-02-25,de2aa412-e109-4bcf-b6e9-9d9ad0b05e22,9cb23577-19df-4574-ab77-553f6d3490d7,2b091509-d73a-4eb4-b3b9-54c74af3107f,15.0,kg,0.0,False
d110dddf-ac7c-463b-8540-c9de0ae1dc39,2026-02-26,de2aa412-e109-4bcf-b6e9-9d9ad0b05e22,9cb23577-19df-4574-ab77-553f6d3490d7,2b091509-d73a-4eb4-b3b9-54c74af3107f,17.0,kg,0.0,False
ae9ece90-818e-4227-9799-fecec3600a11,2026-02-27,de2aa412-e109-4bcf-b6e9-9d9ad0b05e22,9cb23577-19df-4574-ab77-553f6d3490d7,2b091509-d73a-4eb4-b3b9-54c74af3107f,16.0,kg,0.0,False
52af4ce5-e7ce-4f3d-8d4a-510386e0663c,2026-02-28,de2aa412-e109-4bcf-b6e9-9d9ad0b05e22,9cb23577-19df-4574-ab77-553f6d3490d7,2b091509-d73a-4eb4-b3b9-54c74af3107f,21.0,kg,0.0,False
e337e880-82f6-4072-be37-fc34ed69ea7c,2026-03-01,de2aa412-e109-4bcf-b6e9-9d9ad0b05e22,9cb23577-19df-4574-ab77-553f6d3490d7,2b091509-d73a-4eb4-b3b9-54c74af3107f,18.0,kg,0.0,False
b67735e9-29fb-4e8e-a114-a1bce0ee4222,2026-03-02,de2aa412-e109-4bcf-b6e9-9d9ad0b05e22,9cb23577-19df-4574-ab77-553f6d3490d7,2b091509-d73a-4eb4-b3b9-54c74af3107f,24.0,kg,0.0,True
6ea8e5cd-308e-49ef-9d0f-87a5079f40b9,2026-03-03,de2aa412-e109-4bcf-b6e9-9d9ad0b05e22,9cb23577-19df-4574-ab77-553f6d3490d7,2b091509-d73a-4eb4-b3b9-54c74af3107f,13.0,kg,0.0,False
9eb14309-cf22-4507-a3e3-693cd3782ac5,2026-03-04,de2aa412-e109-4bcf-b6e9-9d9ad0b05e22,9cb23577-19df-4574-ab77-553f6d3490d7,2b091509-d73a-4eb4-b3b9-54c74af3107f,18.0,kg,0.0,False
b5d7623d-5dfa-4396-a713-1681898bc04a,2026-03-05,de2aa412-e109-4bcf-b6e9-9d9ad0b05e22,9cb23577-19df-4574-ab77-553f6d3490d7,2b091509-d73a-4eb4-b3b9-54c74af3107f,24.0,kg,0.0,True
b86d42f0-8475-4ee6-8876-9223d38883b5,2026-03-06,de2aa412-e109-4bcf-b6e9-9d9ad0b05e22,9cb23577-19df-4574-ab77-553f6d3490d7,2b091509-d73a-4eb4-b3b9-54c74af3107f,18.0,kg,0.0,False
f0ef178e-ea64-4357-8fa9-e130e855f20b,2026-03-07,de2aa412-e109-4bcf-b6e9-9d9ad0b05e22,9cb23577-19df-4574-ab77-553f6d3490d7,2b091509-d73a-4eb4-b3b9-54c74af3107f,20.0,kg,0.0,False
5630c47a-2ce7-47d7-80b2-8e733e116ffe,2026-03-08,de2aa412-e109-4bcf-b6e9-9d9ad0b05e22,9cb23577-19df-4574-ab77-553f6d3490d7,2b091509-d73a-4eb4-b3b9-54c74af3107f,19.0,kg,0.0,False
67868496-a31c-4827-99a6-ae6f2d4f62d7,2026-03-09,de2aa412-e109-4bcf-b6e9-9d9ad0b05e22,9cb23577-19df-4574-ab77-553f6d3490d7,2b091509-d73a-4eb4-b3b9-54c74af3107f,19.0,kg,0.0,False
e8766730-7aac-42cc-8e3b-703a91edf55c,2026-03-10,de2aa412-e109-4bcf-b6e9-9d9ad0b05e22,9cb23577-19df-4574-ab77-553f6d3490d7,2b091509-d73a-4eb4-b3b9-54c74af3107f,13.0,kg,0.0,False
98dc55bb-2135-43fb-8c76-bd53b398ad3b,2026-03-11,de2aa412-e109-4bcf-b6e9-9d9ad0b05e22,9cb23577-19df-4574-ab77-553f6d3490d7,2b091509-d73a-4eb4-b3b9-54c74af3107f,14.0,kg,0.0,False
972f0632-3c2c-4c4e-8561-19c9784b4def,2026-03-12,de2aa412-e109-4bcf-b6e9-9d9ad0b05e22,9cb23577-19df-4574-ab77-553f6d3490d7,2b091509-d73a-4eb4-b3b9-54c74af3107f,19.0,kg,0.0,True
83e17cd2-b2f4-4b4b-8278-c0b377404d55,2026-03-13,de2aa412-e109-4bcf-b6e9-9d9ad0b05e22,9cb23577-19df-4574-ab77-553f6d3490d7,2b091509-d73a-4eb4-b3b9-54c74af3107f,20.0,kg,0.0,False
d79a5ad6-a1e8-452b-a5f4-0025f3d41ce9,2026-03-14,de2aa412-e109-4bcf-b6e9-9d9ad0b05e22,9cb23577-19df-4574-ab77-553f6d3490d7,2b091509-d73a-4eb4-b3b9-54c74af3107f,22.0,kg,0.0,False
9b81b87a-4cc5-4e29-9b3d-49e09c72a9f7,2026-03-15,de2aa412-e109-4bcf-b6e9-9d9ad0b05e22,9cb23577-19df-4574-ab77-553f6d3490d7,2b091509-d73a-4eb4-b3b9-54c74af3107f,18.0,kg,0.0,False
c3d053ae-7118-411a-aa2f-74f5ef0ce6d7,2026-03-16,de2aa412-e109-4bcf-b6e9-9d9ad0b05e22,9cb23577-19df-4574-ab77-553f6d3490d7,2b091509-d73a-4eb4-b3b9-54c74af3107f,16.0,kg,0.0,False
f1e36da7-2253-4811-a155-dc668a0466d1,2026-03-17,de2aa412-e109-4bcf-b6e9-9d9ad0b05e22,9cb23577-19df-4574-ab77-553f6d3490d7,2b091509-d73a-4eb4-b3b9-54c74af3107f,15.0,kg,0.0,False
5e2cf884-69a8-43e6-86ab-f4518c52cdd5,2026-03-18,de2aa412-e109-4bcf-b6e9-9d9ad0b05e22,9cb23577-19df-4574-ab77-553f6d3490d7,2b091509-d73a-4eb4-b3b9-54c74af3107f,15.0,kg,0.0,False
a4d78231-370c-45a5-b866-a97bc90392be,2026-03-19,de2aa412-e109-4bcf-b6e9-9d9ad0b05e22,9cb23577-19df-4574-ab77-553f6d3490d7,2b091509-d73a-4eb4-b3b9-54c74af3107f,19.0,kg,0.0,False
aa5b450e-a9c5-42a8-8b36-85fa25c63a1d,2026-03-20,de2aa412-e109-4bcf-b6e9-9d9ad0b05e22,9cb23577-19df-4574-ab77-553f6d3490d7,2b091509-d73a-4eb4-b3b9-54c74af3107f,13.0,kg,0.0,False
e0c417d9-7309-466f-ad79-570e7ea9b20f,2026-03-21,de2aa412-e109-4bcf-b6e9-9d9ad0b05e22,9cb23577-19df-4574-ab77-553f6d3490d7,2b091509-d73a-4eb4-b3b9-54c74af3107f,26.0,kg,0.0,False
12a9eaf9-ad7b-4a43-8187-47e66f7eb458,2026-03-22,de2aa412-e109-4bcf-b6e9-9d9ad0b05e22,9cb23577-19df-4574-ab77-553f6d3490d7,2b091509-d73a-4eb4-b3b9-54c74af3107f,24.0,kg,0.0,False
47268bc6-5ae7-4c07-be9d-7e762906e3ff,2026-03-23,de2aa412-e109-4bcf-b6e9-9d9ad0b05e22,9cb23577-19df-4574-ab77-553f6d3490d7,2b091509-d73a-4eb4-b3b9-54c74af3107f,20.0,kg,0.0,False
6360694a-5dd9-4e14-9041-440556226efb,2026-03-24,de2aa412-e109-4bcf-b6e9-9d9ad0b05e22,9cb23577-19df-4574-ab77-553f6d3490d7,2b091509-d73a-4eb4-b3b9-54c74af3107f,16.0,kg,0.0,False
76da8756-6334-4b1a-8d8a-409aa03c4cc7,2026-03-25,de2aa412-e109-4bcf-b6e9-9d9ad0b05e22,9cb23577-19df-4574-ab77-553f6d3490d7,2b091509-d73a-4eb4-b3b9-54c74af3107f,16.0,kg,0.0,False
be2788ec-f632-4d45-a639-82b9984e49f5,2026-03-26,de2aa412-e109-4bcf-b6e9-9d9ad0b05e22,9cb23577-19df-4574-ab77-553f6d3490d7,2b091509-d73a-4eb4-b3b9-54c74af3107f,13.0,kg,0.0,False
f9c53fc3-99ee-4e34-866c-adb89ecb0fff,2026-03-27,de2aa412-e109-4bcf-b6e9-9d9ad0b05e22,9cb23577-19df-4574-ab77-553f6d3490d7,2b091509-d73a-4eb4-b3b9-54c74af3107f,15.0,kg,0.0,False
32d3416a-85cc-4012-ae18-d49df9e6f628,2026-03-28,de2aa412-e109-4bcf-b6e9-9d9ad0b05e22,9cb23577-19df-4574-ab77-553f6d3490d7,2b091509-d73a-4eb4-b3b9-54c74af3107f,23.0,kg,0.0,False
f427cdda-2734-44d4-b112-8767138b9674,2026-03-29,de2aa412-e109-4bcf-b6e9-9d9ad0b05e22,9cb23577-19df-4574-ab77-553f6d3490d7,2b091509-d73a-4eb4-b3b9-54c74af3107f,25.0,kg,0.0,False
642048fb-79e4-4256-8dd2-e4fcfb635d04,2026-03-30,de2aa412-e109-4bcf-b6e9-9d9ad0b05e22,9cb23577-19df-4574-ab77-553f6d3490d7,2b091509-d73a-4eb4-b3b9-54c74af3107f,14.0,kg,0.0,False
41ece27d-c786-41d3-a424-87e058dc30cf,2026-03-31,de2aa412-e109-4bcf-b6e9-9d9ad0b05e22,9cb23577-19df-4574-ab77-553f6d3490d7,2b091509-d73a-4eb4-b3b9-54c74af3107f,19.0,kg,0.0,True
5dbd27e0-9789-4776-9b70-6f37e8805804,2026-04-01,de2aa412-e109-4bcf-b6e9-9d9ad0b05e22,9cb23577-19df-4574-ab77-553f6d3490d7,2b091509-d73a-4eb4-b3b9-54c74af3107f,16.0,kg,0.0,False
3bc25699-d8ee-4694-a5c4-5c97c4723711,2026-04-02,de2aa412-e109-4bcf-b6e9-9d9ad0b05e22,9cb23577-19df-4574-ab77-553f6d3490d7,2b091509-d73a-4eb4-b3b9-54c74af3107f,13.0,kg,0.0,False
24788913-92e8-4748-b8db-a2f1a7ad1548,2026-04-03,de2aa412-e109-4bcf-b6e9-9d9ad0b05e22,9cb23577-19df-4574-ab77-553f6d3490d7,2b091509-d73a-4eb4-b3b9-54c74af3107f,18.0,kg,0.0,False
b63b86d2-214a-4694-b674-95278c89cf15,2026-04-04,de2aa412-e109-4bcf-b6e9-9d9ad0b05e22,9cb23577-19df-4574-ab77-553f6d3490d7,2b091509-d73a-4eb4-b3b9-54c74af3107f,19.0,kg,0.0,False
2d9bd364-71bd-42a5-9e0a-ff9734140a13,2026-04-05,de2aa412-e109-4bcf-b6e9-9d9ad0b05e22,9cb23577-19df-4574-ab77-553f6d3490d7,2b091509-d73a-4eb4-b3b9-54c74af3107f,24.0,kg,0.0,True
6f0584c5-4304-44d3-b84b-d90080ec1f96,2026-04-06,de2aa412-e109-4bcf-b6e9-9d9ad0b05e22,9cb23577-19df-4574-ab77-553f6d3490d7,2b091509-d73a-4eb4-b3b9-54c74af3107f,16.0,kg,0.0,False
ae57bc66-c9ed-4098-90bc-d5ee77f88eaa,2026-04-07,de2aa412-e109-4bcf-b6e9-9d9ad0b05e22,9cb23577-19df-4574-ab77-553f6d3490d7,2b091509-d73a-4eb4-b3b9-54c74af3107f,18.0,kg,0.0,True
8f6474ab-8669-4fcb-9054-93b9a414fe84,2026-04-08,de2aa412-e109-4bcf-b6e9-9d9ad0b05e22,9cb23577-19df-4574-ab77-553f6d3490d7,2b091509-d73a-4eb4-b3b9-54c74af3107f,17.0,kg,0.0,False
8b31c207-ce5b-41e8-9d90-6b47825bce92,2026-04-09,de2aa412-e109-4bcf-b6e9-9d9ad0b05e22,9cb23577-19df-4574-ab77-553f6d3490d7,2b091509-d73a-4eb4-b3b9-54c74af3107f,19.0,kg,0.0,True
92fba0eb-2f96-4d81-85dc-76b0b2b3f7b7,2026-04-10,de2aa412-e109-4bcf-b6e9-9d9ad0b05e22,9cb23577-19df-4574-ab77-553f6d3490d7,2b091509-d73a-4eb4-b3b9-54c74af3107f,16.0,kg,0.0,False
d9f47c02-196e-4c40-9335-36a1c66031dd,2026-04-11,de2aa412-e109-4bcf-b6e9-9d9ad0b05e22,9cb23577-19df-4574-ab77-553f6d3490d7,2b091509-d73a-4eb4-b3b9-54c74af3107f,19.0,kg,0.0,False
171abb35-c244-4b93-857b-4b1f75e08df8,2026-04-12,de2aa412-e109-4bcf-b6e9-9d9ad0b05e22,9cb23577-19df-4574-ab77-553f6d3490d7,2b091509-d73a-4eb4-b3b9-54c74af3107f,22.0,kg,0.0,False
ae29ce4d-0088-465f-b80a-0173c2ad33d9,2026-04-13,de2aa412-e109-4bcf-b6e9-9d9ad0b05e22,9cb23577-19df-4574-ab77-553f6d3490d7,2b091509-d73a-4eb4-b3b9-54c74af3107f,21.0,kg,0.0,False
469d029e-c5b7-4d8f-86d8-a771d1ba3383,2026-04-14,de2aa412-e109-4bcf-b6e9-9d9ad0b05e22,9cb23577-19df-4574-ab77-553f6d3490d7,2b091509-d73a-4eb4-b3b9-54c74af3107f,17.0,kg,0.0,False
e9515887-790f-45db-ab60-b2c822adbb87,2026-04-15,de2aa412-e109-4bcf-b6e9-9d9ad0b05e22,9cb23577-19df-4574-ab77-553f6d3490d7,2b091509-d73a-4eb4-b3b9-54c74af3107f,19.0,kg,0.0,False
c6567380-a00c-4dc8-9a95-e98e6658bc85,2026-04-16,de2aa412-e109-4bcf-b6e9-9d9ad0b05e22,9cb23577-19df-4574-ab77-553f6d3490d7,2b091509-d73a-4eb4-b3b9-54c74af3107f,13.0,kg,0.0,False
ac3079ef-f156-4e8d-a29c-e7f0a128d810,2026-04-17,de2aa412-e109-4bcf-b6e9-9d9ad0b05e22,9cb23577-19df-4574-ab77-553f6d3490d7,2b091509-d73a-4eb4-b3b9-54c74af3107f,17.0,kg,0.0,False
2c5ade95-21c2-4000-86f0-0b47298ccb78,2026-04-18,de2aa412-e109-4bcf-b6e9-9d9ad0b05e22,9cb23577-19df-4574-ab77-553f6d3490d7,2b091509-d73a-4eb4-b3b9-54c74af3107f,17.0,kg,0.0,False
5ee343a6-cc5d-49a9-9473-70f7bb38075b,2026-04-19,de2aa412-e109-4bcf-b6e9-9d9ad0b05e22,9cb23577-19df-4574-ab77-553f6d3490d7,2b091509-d73a-4eb4-b3b9-54c74af3107f,16.0,kg,0.0,False
a3a7c73c-d1e7-4ee3-91f7-65fa89562460,2026-04-20,de2aa412-e109-4bcf-b6e9-9d9ad0b05e22,9cb23577-19df-4574-ab77-553f6d3490d7,2b091509-d73a-4eb4-b3b9-54c74af3107f,15.0,kg,0.0,False
d3733437-1d0a-4a1a-9874-b204a6eef489,2026-04-21,de2aa412-e109-4bcf-b6e9-9d9ad0b05e22,9cb23577-19df-4574-ab77-553f6d3490d7,2b091509-d73a-4eb4-b3b9-54c74af3107f,20.0,kg,0.0,False
1fd5900b-76ae-4291-8d90-c124f84c2332,2026-04-22,de2aa412-e109-4bcf-b6e9-9d9ad0b05e22,9cb23577-19df-4574-ab77-553f6d3490d7,2b091509-d73a-4eb4-b3b9-54c74af3107f,23.0,kg,0.0,True
75874671-b8c4-4de6-932a-d3be81f38bbb,2026-04-23,de2aa412-e109-4bcf-b6e9-9d9ad0b05e22,9cb23577-19df-4574-ab77-553f6d3490d7,2b091509-d73a-4eb4-b3b9-54c74af3107f,21.0,kg,0.0,True
b720de78-9730-4b56-9878-bd9ae933e229,2026-04-24,de2aa412-e109-4bcf-b6e9-9d9ad0b05e22,9cb23577-19df-4574-ab77-553f6d3490d7,2b091509-d73a-4eb4-b3b9-54c74af3107f,13.0,kg,0.0,False
a0b6c05f-82b8-4f84-98ea-58e24a812a72,2026-04-25,de2aa412-e109-4bcf-b6e9-9d9ad0b05e22,9cb23577-19df-4574-ab77-553f6d3490d7,2b091509-d73a-4eb4-b3b9-54c74af3107f,20.0,kg,0.0,False
6491bd76-73f4-46b7-9ca4-c67c5d592f67,2026-04-26,de2aa412-e109-4bcf-b6e9-9d9ad0b05e22,9cb23577-19df-4574-ab77-553f6d3490d7,2b091509-d73a-4eb4-b3b9-54c74af3107f,22.0,kg,0.0,False
1cf1fa06-0e01-44ec-8893-e178a5dd970d,2026-04-27,de2aa412-e109-4bcf-b6e9-9d9ad0b05e22,9cb23577-19df-4574-ab77-553f6d3490d7,2b091509-d73a-4eb4-b3b9-54c74af3107f,17.0,kg,0.0,False
0acc08d6-bfbb-4017-b8b0-ef15433e7814,2026-04-28,de2aa412-e109-4bcf-b6e9-9d9ad0b05e22,9cb23577-19df-4574-ab77-553f6d3490d7,2b091509-d73a-4eb4-b3b9-54c74af3107f,12.0,kg,0.0,False
a9643a27-d658-4536-9711-899f05263b08,2026-04-29,de2aa412-e109-4bcf-b6e9-9d9ad0b05e22,9cb23577-19df-4574-ab77-553f6d3490d7,2b091509-d73a-4eb4-b3b9-54c74af3107f,14.0,kg,0.0,False
1b77ce8b-5d90-4107-b80e-b65a16c26d53,2026-04-30,de2aa412-e109-4bcf-b6e9-9d9ad0b05e22,9cb23577-19df-4574-ab77-553f6d3490d7,2b091509-d73a-4eb4-b3b9-54c74af3107f,16.0,kg,0.0,False
3bd177bd-302a-4d82-9fdb-da481f816f6d,2026-05-01,de2aa412-e109-4bcf-b6e9-9d9ad0b05e22,9cb23577-19df-4574-ab77-553f6d3490d7,2b091509-d73a-4eb4-b3b9-54c74af3107f,18.0,kg,0.0,False
3beb4029-fe9d-40f3-a29b-6dcbcc0c14e1,2026-05-02,de2aa412-e109-4bcf-b6e9-9d9ad0b05e22,9cb23577-19df-4574-ab77-553f6d3490d7,2b091509-d73a-4eb4-b3b9-54c74af3107f,16.0,kg,0.0,True
bf2fae59-1b80-4de7-ba63-14310f198ccb,2026-05-03,de2aa412-e109-4bcf-b6e9-9d9ad0b05e22,9cb23577-19df-4574-ab77-553f6d3490d7,2b091509-d73a-4eb4-b3b9-54c74af3107f,20.0,kg,0.0,False
8d6444c2-86c8-4ac3-a096-9a5f0c81087d,2026-05-04,de2aa412-e109-4bcf-b6e9-9d9ad0b05e22,9cb23577-19df-4574-ab77-553f6d3490d7,2b091509-d73a-4eb4-b3b9-54c74af3107f,17.0,kg,0.0,False
ded8877f-59f3-4bd5-b51e-8dea265c3bbd,2026-05-05,de2aa412-e109-4bcf-b6e9-9d9ad0b05e22,9cb23577-19df-4574-ab77-553f6d3490d7,2b091509-d73a-4eb4-b3b9-54c74af3107f,19.0,kg,0.0,False
26c9a6e9-93e1-40c4-98b4-f3e247dd911b,2026-05-06,de2aa412-e109-4bcf-b6e9-9d9ad0b05e22,9cb23577-19df-4574-ab77-553f6d3490d7,2b091509-d73a-4eb4-b3b9-54c74af3107f,18.0,kg,0.0,False
92ea7679-c1a6-4ec5-b41c-7029f3b201c7,2026-05-07,de2aa412-e109-4bcf-b6e9-9d9ad0b05e22,9cb23577-19df-4574-ab77-553f6d3490d7,2b091509-d73a-4eb4-b3b9-54c74af3107f,18.0,kg,0.0,False
dd605037-c338-4062-b1dc-cbe8c2699917,2026-05-08,de2aa412-e109-4bcf-b6e9-9d9ad0b05e22,9cb23577-19df-4574-ab77-553f6d3490d7,2b091509-d73a-4eb4-b3b9-54c74af3107f,14.0,kg,0.0,False
dbfe1190-cc31-4194-97cf-4c258d6495a2,2026-05-09,de2aa412-e109-4bcf-b6e9-9d9ad0b05e22,9cb23577-19df-4574-ab77-553f6d3490d7,2b091509-d73a-4eb4-b3b9-54c74af3107f,14.0,kg,0.0,False
c15b2fb4-34ea-41e0-9f63-df3be16e0e85,2026-05-10,de2aa412-e109-4bcf-b6e9-9d9ad0b05e22,9cb23577-19df-4574-ab77-553f6d3490d7,2b091509-d73a-4eb4-b3b9-54c74af3107f,19.0,kg,0.0,False
095829b5-d250-42e5-aaff-e386565fc6db,2026-05-11,de2aa412-e109-4bcf-b6e9-9d9ad0b05e22,9cb23577-19df-4574-ab77-553f6d3490d7,2b091509-d73a-4eb4-b3b9-54c74af3107f,19.0,kg,0.0,False
c91af4f9-50f3-4fe7-834d-ccecf26f789e,2026-05-12,de2aa412-e109-4bcf-b6e9-9d9ad0b05e22,9cb23577-19df-4574-ab77-553f6d3490d7,2b091509-d73a-4eb4-b3b9-54c74af3107f,20.0,kg,0.0,False
4b041f48-a308-4933-a9ce-3c0e73816dce,2026-05-13,de2aa412-e109-4bcf-b6e9-9d9ad0b05e22,9cb23577-19df-4574-ab77-553f6d3490d7,2b091509-d73a-4eb4-b3b9-54c74af3107f,18.0,kg,0.0,False
061c4352-fcd6-46c1-9e2d-734d9a6a75a3,2026-05-14,de2aa412-e109-4bcf-b6e9-9d9ad0b05e22,9cb23577-19df-4574-ab77-553f6d3490d7,2b091509-d73a-4eb4-b3b9-54c74af3107f,17.0,kg,0.0,False
ce005b8e-a02f-4b3c-b608-f7270071fdc1,2026-05-15,de2aa412-e109-4bcf-b6e9-9d9ad0b05e22,9cb23577-19df-4574-ab77-553f6d3490d7,2b091509-d73a-4eb4-b3b9-54c74af3107f,17.0,kg,0.0,False
63fb202a-8fa3-4816-8300-7aef6fb53100,2026-05-16,de2aa412-e109-4bcf-b6e9-9d9ad0b05e22,9cb23577-19df-4574-ab77-553f6d3490d7,2b091509-d73a-4eb4-b3b9-54c74af3107f,19.0,kg,0.0,False
82ba3772-b545-4dcc-9535-8217894df0b1,2026-05-17,de2aa412-e109-4bcf-b6e9-9d9ad0b05e22,9cb23577-19df-4574-ab77-553f6d3490d7,2b091509-d73a-4eb4-b3b9-54c74af3107f,20.0,kg,0.0,False
544f41f1-e704-4aab-8a26-6867d8f173ab,2026-05-18,de2aa412-e109-4bcf-b6e9-9d9ad0b05e22,9cb23577-19df-4574-ab77-553f6d3490d7,2b091509-d73a-4eb4-b3b9-54c74af3107f,21.0,kg,0.0,False
e57b6739-9d61-45d1-9b30-c4edcd5c767d,2026-05-19,de2aa412-e109-4bcf-b6e9-9d9ad0b05e22,9cb23577-19df-4574-ab77-553f6d3490d7,2b091509-d73a-4eb4-b3b9-54c74af3107f,17.0,kg,0.0,True
cf7f893b-c5a6-4edd-b6bd-9b7f7e9f7daf,2026-05-20,de2aa412-e109-4bcf-b6e9-9d9ad0b05e22,9cb23577-19df-4574-ab77-553f6d3490d7,2b091509-d73a-4eb4-b3b9-54c74af3107f,20.0,kg,0.0,False
233dbe4e-7fb0-4f16-b491-df82aad9959f,2026-05-21,de2aa412-e109-4bcf-b6e9-9d9ad0b05e22,9cb23577-19df-4574-ab77-553f6d3490d7,2b091509-d73a-4eb4-b3b9-54c74af3107f,15.0,kg,0.0,False
762418bb-0780-4df7-b491-dd36997f0355,2026-05-22,de2aa412-e109-4bcf-b6e9-9d9ad0b05e22,9cb23577-19df-4574-ab77-553f6d3490d7,2b091509-d73a-4eb4-b3b9-54c74af3107f,20.0,kg,0.0,False
15f0c06d-5ed6-44bf-86b8-03bb3f50ade1,2026-05-23,de2aa412-e109-4bcf-b6e9-9d9ad0b05e22,9cb23577-19df-4574-ab77-553f6d3490d7,2b091509-d73a-4eb4-b3b9-54c74af3107f,16.0,kg,0.0,False
2e3774ab-38ea-4916-846c-e14851a26366,2026-05-24,de2aa412-e109-4bcf-b6e9-9d9ad0b05e22,9cb23577-19df-4574-ab77-553f6d3490d7,2b091509-d73a-4eb4-b3b9-54c74af3107f,22.0,kg,0.0,False
c34eda86-8745-43fd-bc83-87acffb2664f,2026-05-25,de2aa412-e109-4bcf-b6e9-9d9ad0b05e22,9cb23577-19df-4574-ab77-553f6d3490d7,2b091509-d73a-4eb4-b3b9-54c74af3107f,14.0,kg,0.0,False
322aba79-d6f9-476f-82f0-673509a40995,2026-05-26,de2aa412-e109-4bcf-b6e9-9d9ad0b05e22,9cb23577-19df-4574-ab77-553f6d3490d7,2b091509-d73a-4eb4-b3b9-54c74af3107f,15.0,kg,0.0,True
e03afa9a-2a02-447c-b4ed-b73fb0757438,2026-05-27,de2aa412-e109-4bcf-b6e9-9d9ad0b05e22,9cb23577-19df-4574-ab77-553f6d3490d7,2b091509-d73a-4eb4-b3b9-54c74af3107f,17.0,kg,0.0,False
5ca56bc9-79f4-468c-b3cf-fa2f9fb923a8,2026-05-28,de2aa412-e109-4bcf-b6e9-9d9ad0b05e22,9cb23577-19df-4574-ab77-553f6d3490d7,2b091509-d73a-4eb4-b3b9-54c74af3107f,22.0,kg,0.0,True
14b9ddfe-6031-4aee-b95d-53e9b93fa25e,2026-05-29,de2aa412-e109-4bcf-b6e9-9d9ad0b05e22,9cb23577-19df-4574-ab77-553f6d3490d7,2b091509-d73a-4eb4-b3b9-54c74af3107f,14.0,kg,0.0,False
3a3dcd99-8b3a-416a-8a33-83a2f6ed0720,2026-05-30,de2aa412-e109-4bcf-b6e9-9d9ad0b05e22,9cb23577-19df-4574-ab77-553f6d3490d7,2b091509-d73a-4eb4-b3b9-54c74af3107f,15.0,kg,0.0,False
104d316f-d82e-419d-9081-4782af3afb85,2026-05-31,de2aa412-e109-4bcf-b6e9-9d9ad0b05e22,9cb23577-19df-4574-ab77-553f6d3490d7,2b091509-d73a-4eb4-b3b9-54c74af3107f,20.0,kg,0.0,False
3f9060ee-7937-449a-bc91-df53b3a3bf6d,2026-06-01,de2aa412-e109-4bcf-b6e9-9d9ad0b05e22,9cb23577-19df-4574-ab77-553f6d3490d7,2b091509-d73a-4eb4-b3b9-54c74af3107f,16.0,kg,0.0,False
75f72f18-752d-4d75-90ba-d65ff7dc3073,2026-06-02,de2aa412-e109-4bcf-b6e9-9d9ad0b05e22,9cb23577-19df-4574-ab77-553f6d3490d7,2b091509-d73a-4eb4-b3b9-54c74af3107f,17.0,kg,0.0,False
27f95f2d-e516-44bd-b60a-672a65233b3e,2026-06-03,de2aa412-e109-4bcf-b6e9-9d9ad0b05e22,9cb23577-19df-4574-ab77-553f6d3490d7,2b091509-d73a-4eb4-b3b9-54c74af3107f,18.0,kg,0.0,False
6333c20d-315e-4ade-97fc-17fe1b4ecd58,2026-06-04,de2aa412-e109-4bcf-b6e9-9d9ad0b05e22,9cb23577-19df-4574-ab77-553f6d3490d7,2b091509-d73a-4eb4-b3b9-54c74af3107f,16.0,kg,0.0,False
2689b00b-c79d-47b8-9938-4a6d70f28cf9,2026-06-05,de2aa412-e109-4bcf-b6e9-9d9ad0b05e22,9cb23577-19df-4574-ab77-553f6d3490d7,2b091509-d73a-4eb4-b3b9-54c74af3107f,20.0,kg,0.0,False
ace66823-fdc1-4f8a-b3fa-29f8a36af38a,2026-06-06,de2aa412-e109-4bcf-b6e9-9d9ad0b05e22,9cb23577-19df-4574-ab77-553f6d3490d7,2b091509-d73a-4eb4-b3b9-54c74af3107f,20.0,kg,0.0,False
b6aaffb5-7888-4884-94dc-28f8c8d7b650,2026-06-07,de2aa412-e109-4bcf-b6e9-9d9ad0b05e22,9cb23577-19df-4574-ab77-553f6d3490d7,2b091509-d73a-4eb4-b3b9-54c74af3107f,19.0,kg,0.0,False
9668374d-8e30-414d-80a6-dbcceff61c29,2026-06-08,de2aa412-e109-4bcf-b6e9-9d9ad0b05e22,9cb23577-19df-4574-ab77-553f6d3490d7,2b091509-d73a-4eb4-b3b9-54c74af3107f,12.0,kg,0.0,False
678d9d69-772c-4d9c-9845-0586e8572582,2026-06-09,de2aa412-e109-4bcf-b6e9-9d9ad0b05e22,9cb23577-19df-4574-ab77-553f6d3490d7,2b091509-d73a-4eb4-b3b9-54c74af3107f,15.0,kg,0.0,False
241e2818-035a-41cc-92b1-8223fe4a7fe3,2026-06-10,de2aa412-e109-4bcf-b6e9-9d9ad0b05e22,9cb23577-19df-4574-ab77-553f6d3490d7,2b091509-d73a-4eb4-b3b9-54c74af3107f,15.0,kg,0.0,False
07ed814d-4461-4843-8187-e2cf72fd8e9c,2026-06-11,de2aa412-e109-4bcf-b6e9-9d9ad0b05e22,9cb23577-19df-4574-ab77-553f6d3490d7,2b091509-d73a-4eb4-b3b9-54c74af3107f,18.0,kg,0.0,False
e9d069b1-65b3-4a28-8557-236b3df578a9,2026-06-12,de2aa412-e109-4bcf-b6e9-9d9ad0b05e22,9cb23577-19df-4574-ab77-553f6d3490d7,2b091509-d73a-4eb4-b3b9-54c74af3107f,17.0,kg,0.0,False
88288602-0cdd-412a-96b3-4b17e9ff75f3,2026-06-13,de2aa412-e109-4bcf-b6e9-9d9ad0b05e22,9cb23577-19df-4574-ab77-553f6d3490d7,2b091509-d73a-4eb4-b3b9-54c74af3107f,16.0,kg,0.0,False
c3f501d1-142f-4bcd-b24f-336cc1885bfa,2026-06-14,de2aa412-e109-4bcf-b6e9-9d9ad0b05e22,9cb23577-19df-4574-ab77-553f6d3490d7,2b091509-d73a-4eb4-b3b9-54c74af3107f,20.0,kg,0.0,False
2f1b51a6-ecc8-4648-8b3a-fbde30858ab1,2026-06-15,de2aa412-e109-4bcf-b6e9-9d9ad0b05e22,9cb23577-19df-4574-ab77-553f6d3490d7,2b091509-d73a-4eb4-b3b9-54c74af3107f,17.0,kg,0.0,False
7c8bc101-d441-453b-be58-dae26c3f8e9a,2026-06-16,de2aa412-e109-4bcf-b6e9-9d9ad0b05e22,9cb23577-19df-4574-ab77-553f6d3490d7,2b091509-d73a-4eb4-b3b9-54c74af3107f,19.0,kg,0.0,False
d9c91ac7-902d-4216-b473-e12cd0fe832d,2026-06-17,de2aa412-e109-4bcf-b6e9-9d9ad0b05e22,9cb23577-19df-4574-ab77-553f6d3490d7,2b091509-d73a-4eb4-b3b9-54c74af3107f,18.0,kg,0.0,False
26791d17-432a-4be6-bb3b-38b3975732ef,2026-06-18,de2aa412-e109-4bcf-b6e9-9d9ad0b05e22,9cb23577-19df-4574-ab77-553f6d3490d7,2b091509-d73a-4eb4-b3b9-54c74af3107f,17.0,kg,0.0,False
27266b2b-a1b7-4127-851e-ed7270c53cfc,2026-06-19,de2aa412-e109-4bcf-b6e9-9d9ad0b05e22,9cb23577-19df-4574-ab77-553f6d3490d7,2b091509-d73a-4eb4-b3b9-54c74af3107f,16.0,kg,0.0,False
c7652bef-e92b-43a0-97b8-4823c2e0330a,2026-06-20,de2aa412-e109-4bcf-b6e9-9d9ad0b05e22,9cb23577-19df-4574-ab77-553f6d3490d7,2b091509-d73a-4eb4-b3b9-54c74af3107f,20.0,kg,0.0,False
d5a4a279-7b9c-4b6a-a4ee-7e56f29ee7e7,2026-06-21,de2aa412-e109-4bcf-b6e9-9d9ad0b05e22,9cb23577-19df-4574-ab77-553f6d3490d7,2b091509-d73a-4eb4-b3b9-54c74af3107f,23.0,kg,0.0,False
09da87e6-1cd4-4fad-974b-76ebc4975d85,2026-06-22,de2aa412-e109-4bcf-b6e9-9d9ad0b05e22,9cb23577-19df-4574-ab77-553f6d3490d7,2b091509-d73a-4eb4-b3b9-54c74af3107f,12.0,kg,0.0,False
401c0d60-348c-40ed-b7f8-0f8c28c3a3d9,2026-06-23,de2aa412-e109-4bcf-b6e9-9d9ad0b05e22,9cb23577-19df-4574-ab77-553f6d3490d7,2b091509-d73a-4eb4-b3b9-54c74af3107f,14.0,kg,0.0,False
ac7b2368-83ce-473a-bba7-1c1015626046,2026-06-24,de2aa412-e109-4bcf-b6e9-9d9ad0b05e22,9cb23577-19df-4574-ab77-553f6d3490d7,2b091509-d73a-4eb4-b3b9-54c74af3107f,13.0,kg,0.0,False
4c9ce041-5347-4f3f-9e12-2c738e995578,2026-06-25,de2aa412-e109-4bcf-b6e9-9d9ad0b05e22,9cb23577-19df-4574-ab77-553f6d3490d7,2b091509-d73a-4eb4-b3b9-54c74af3107f,16.0,kg,0.0,False
f4d9b506-293d-43d3-a5a1-6aca75faa45d,2026-06-26,de2aa412-e109-4bcf-b6e9-9d9ad0b05e22,9cb23577-19df-4574-ab77-553f6d3490d7,2b091509-d73a-4eb4-b3b9-54c74af3107f,18.0,kg,0.0,False
d03f6c2f-826c-4fc1-890e-cd261ac83f31,2026-06-27,de2aa412-e109-4bcf-b6e9-9d9ad0b05e22,9cb23577-19df-4574-ab77-553f6d3490d7,2b091509-d73a-4eb4-b3b9-54c74af3107f,21.0,kg,0.0,True
ee2d586b-0b69-4001-85fb-2bdf890b76c2,2026-06-28,de2aa412-e109-4bcf-b6e9-9d9ad0b05e22,9cb23577-19df-4574-ab77-553f6d3490d7,2b091509-d73a-4eb4-b3b9-54c74af3107f,12.0,kg,0.0,False
84cd935e-4715-453c-b67e-c88e4bf10269,2026-06-29,de2aa412-e109-4bcf-b6e9-9d9ad0b05e22,9cb23577-19df-4574-ab77-553f6d3490d7,2b091509-d73a-4eb4-b3b9-54c74af3107f,14.0,kg,0.0,False
42d45d41-16cd-44b5-a945-b7a3a3b40115,2026-06-30,de2aa412-e109-4bcf-b6e9-9d9ad0b05e22,9cb23577-19df-4574-ab77-553f6d3490d7,2b091509-d73a-4eb4-b3b9-54c74af3107f,17.0,kg,0.0,False
1dcf0b4c-2b09-4fc3-8b75-7bd553f63938,2026-07-01,de2aa412-e109-4bcf-b6e9-9d9ad0b05e22,9cb23577-19df-4574-ab77-553f6d3490d7,2b091509-d73a-4eb4-b3b9-54c74af3107f,16.0,kg,0.0,False
3b760894-45a6-4341-ab80-2e4d624ad827,2026-07-02,de2aa412-e109-4bcf-b6e9-9d9ad0b05e22,9cb23577-19df-4574-ab77-553f6d3490d7,2b091509-d73a-4eb4-b3b9-54c74af3107f,16.0,kg,0.0,False
c010f718-1866-4d8d-9872-c2ead5bb9ed0,2026-07-03,de2aa412-e109-4bcf-b6e9-9d9ad0b05e22,9cb23577-19df-4574-ab77-553f6d3490d7,2b091509-d73a-4eb4-b3b9-54c74af3107f,14.0,kg,0.0,False
dbe777d4-7122-4a12-a98d-c75ae05015d8,2026-07-04,de2aa412-e109-4bcf-b6e9-9d9ad0b05e22,9cb23577-19df-4574-ab77-553f6d3490d7,2b091509-d73a-4eb4-b3b9-54c74af3107f,15.0,kg,0.0,False
b7306a4f-e489-4cac-a5c4-d4954c4f555e,2026-07-05,de2aa412-e109-4bcf-b6e9-9d9ad0b05e22,9cb23577-19df-4574-ab77-553f6d3490d7,2b091509-d73a-4eb4-b3b9-54c74af3107f,20.0,kg,0.0,False
4f67954f-f1e3-46eb-84a6-a719d65fdb02,2026-07-06,de2aa412-e109-4bcf-b6e9-9d9ad0b05e22,9cb23577-19df-4574-ab77-553f6d3490d7,2b091509-d73a-4eb4-b3b9-54c74af3107f,13.0,kg,0.0,False
b97d9c25-5550-4697-98bf-50c2bd1c19b1,2026-07-07,de2aa412-e109-4bcf-b6e9-9d9ad0b05e22,9cb23577-19df-4574-ab77-553f6d3490d7,2b091509-d73a-4eb4-b3b9-54c74af3107f,20.0,kg,0.0,False
c1ad8e41-e4b4-49cb-9804-09e05692db59,2026-07-08,de2aa412-e109-4bcf-b6e9-9d9ad0b05e22,9cb23577-19df-4574-ab77-553f6d3490d7,2b091509-d73a-4eb4-b3b9-54c74af3107f,16.0,kg,0.0,False
a6fd9ee3-097e-4357-b6dd-c5c43d61d132,2026-07-09,de2aa412-e109-4bcf-b6e9-9d9ad0b05e22,9cb23577-19df-4574-ab77-553f6d3490d7,2b091509-d73a-4eb4-b3b9-54c74af3107f,13.0,kg,0.0,False
28d92a2f-8e29-4bf8-ada7-027333c847f1,2026-07-10,de2aa412-e109-4bcf-b6e9-9d9ad0b05e22,9cb23577-19df-4574-ab77-553f6d3490d7,2b091509-d73a-4eb4-b3b9-54c74af3107f,13.0,kg,0.0,False
80519dac-dbb9-4aca-88d3-cb9d5988cde9,2026-07-11,de2aa412-e109-4bcf-b6e9-9d9ad0b05e22,9cb23577-19df-4574-ab77-553f6d3490d7,2b091509-d73a-4eb4-b3b9-54c74af3107f,18.0,kg,0.0,False
eb30a1c9-3c48-4ff6-92f7-7382c29b27c4,2026-07-12,de2aa412-e109-4bcf-b6e9-9d9ad0b05e22,9cb23577-19df-4574-ab77-553f6d3490d7,2b091509-d73a-4eb4-b3b9-54c74af3107f,18.0,kg,0.0,False
acdab577-2d1c-4b4d-91c5-2398b5756bb6,2026-07-13,de2aa412-e109-4bcf-b6e9-9d9ad0b05e22,9cb23577-19df-4574-ab77-553f6d3490d7,2b091509-d73a-4eb4-b3b9-54c74af3107f,17.0,kg,0.0,False
e6fa4e4e-9117-4366-8903-115df153dfa4,2026-07-14,de2aa412-e109-4bcf-b6e9-9d9ad0b05e22,9cb23577-19df-4574-ab77-553f6d3490d7,2b091509-d73a-4eb4-b3b9-54c74af3107f,15.0,kg,0.0,False
4d07eeb5-262c-4eee-badb-c115d58b599d,2026-07-15,de2aa412-e109-4bcf-b6e9-9d9ad0b05e22,9cb23577-19df-4574-ab77-553f6d3490d7,2b091509-d73a-4eb4-b3b9-54c74af3107f,15.0,kg,0.0,True
15eea4d1-d39c-47f9-951a-040c06c3030a,2026-07-16,de2aa412-e109-4bcf-b6e9-9d9ad0b05e22,9cb23577-19df-4574-ab77-553f6d3490d7,2b091509-d73a-4eb4-b3b9-54c74af3107f,23.0,kg,0.0,True
280e046e-f988-4b7c-9f25-60d9ecdfa01f,2026-07-17,de2aa412-e109-4bcf-b6e9-9d9ad0b05e22,9cb23577-19df-4574-ab77-553f6d3490d7,2b091509-d73a-4eb4-b3b9-54c74af3107f,15.0,kg,0.0,False
ccac88a2-f0f4-4d1a-9e91-9d1241ec261b,2026-07-18,de2aa412-e109-4bcf-b6e9-9d9ad0b05e22,9cb23577-19df-4574-ab77-553f6d3490d7,2b091509-d73a-4eb4-b3b9-54c74af3107f,20.0,kg,0.0,False
b04c9c33-0e29-4f13-a250-33195c66b7c8,2026-07-19,de2aa412-e109-4bcf-b6e9-9d9ad0b05e22,9cb23577-19df-4574-ab77-553f6d3490d7,2b091509-d73a-4eb4-b3b9-54c74af3107f,16.0,kg,0.0,False
c9ea0db6-b127-48bd-b075-b76b1bef9386,2026-07-20,de2aa412-e109-4bcf-b6e9-9d9ad0b05e22,9cb23577-19df-4574-ab77-553f6d3490d7,2b091509-d73a-4eb4-b3b9-54c74af3107f,15.0,kg,0.0,False
97613a76-6b81-4dde-ba08-9c0bfb74f1a9,2026-07-21,de2aa412-e109-4bcf-b6e9-9d9ad0b05e22,9cb23577-19df-4574-ab77-553f6d3490d7,2b091509-d73a-4eb4-b3b9-54c74af3107f,15.0,kg,0.0,False
d1a76eb5-ecd4-4a76-a53c-75fc52e90063,2026-07-22,de2aa412-e109-4bcf-b6e9-9d9ad0b05e22,9cb23577-19df-4574-ab77-553f6d3490d7,2b091509-d73a-4eb4-b3b9-54c74af3107f,10.0,kg,0.0,False
aaa5825a-9b3c-458a-909f-1d33b40b9cc1,2026-07-23,de2aa412-e109-4bcf-b6e9-9d9ad0b05e22,9cb23577-19df-4574-ab77-553f6d3490d7,2b091509-d73a-4eb4-b3b9-54c74af3107f,23.0,kg,0.0,True
16f645d6-d14e-44a3-9cb1-b548bff306fb,2026-07-24,de2aa412-e109-4bcf-b6e9-9d9ad0b05e22,9cb23577-19df-4574-ab77-553f6d3490d7,2b091509-d73a-4eb4-b3b9-54c74af3107f,17.0,kg,0.0,False
2c8c86d5-cd19-440f-9c51-9cfb5811311c,2026-07-25,de2aa412-e109-4bcf-b6e9-9d9ad0b05e22,9cb23577-19df-4574-ab77-553f6d3490d7,2b091509-d73a-4eb4-b3b9-54c74af3107f,17.0,kg,0.0,False
8a53500a-0cb3-46c6-8b0d-e97866bd924d,2026-07-26,de2aa412-e109-4bcf-b6e9-9d9ad0b05e22,9cb23577-19df-4574-ab77-553f6d3490d7,2b091509-d73a-4eb4-b3b9-54c74af3107f,15.0,kg,0.0,False
75f9759b-eb22-4ae7-9dc1-a1094c6c054b,2026-07-27,de2aa412-e109-4bcf-b6e9-9d9ad0b05e22,9cb23577-19df-4574-ab77-553f6d3490d7,2b091509-d73a-4eb4-b3b9-54c74af3107f,15.0,kg,0.0,False
f5d86421-e5b1-4c33-8fbf-6c6529b5c500,2026-07-28,de2aa412-e109-4bcf-b6e9-9d9ad0b05e22,9cb23577-19df-4574-ab77-553f6d3490d7,2b091509-d73a-4eb4-b3b9-54c74af3107f,14.0,kg,0.0,False
4ac040fd-bc2c-4c54-8ba3-c0eb39252ac8,2026-07-29,de2aa412-e109-4bcf-b6e9-9d9ad0b05e22,9cb23577-19df-4574-ab77-553f6d3490d7,2b091509-d73a-4eb4-b3b9-54c74af3107f,18.0,kg,0.0,True
fc640a3e-d8a7-45e1-a5c7-c4042136af80,2026-07-30,de2aa412-e109-4bcf-b6e9-9d9ad0b05e22,9cb23577-19df-4574-ab77-553f6d3490d7,2b091509-d73a-4eb4-b3b9-54c74af3107f,18.0,kg,0.0,True
345ba791-f768-49f7-87eb-c93d71749da0,2026-07-31,de2aa412-e109-4bcf-b6e9-9d9ad0b05e22,9cb23577-19df-4574-ab77-553f6d3490d7,2b091509-d73a-4eb4-b3b9-54c74af3107f,15.0,kg,0.0,False
7798ffd3-fe49-46ce-bb44-ed404abc5b2c,2026-08-01,de2aa412-e109-4bcf-b6e9-9d9ad0b05e22,9cb23577-19df-4574-ab77-553f6d3490d7,2b091509-d73a-4eb4-b3b9-54c74af3107f,22.0,kg,0.0,False
f45d42d6-0fa1-4026-9a32-ca8996485959,2026-08-02,de2aa412-e109-4bcf-b6e9-9d9ad0b05e22,9cb23577-19df-4574-ab77-553f6d3490d7,2b091509-d73a-4eb4-b3b9-54c74af3107f,19.0,kg,0.0,False
7d1b703b-a00c-455e-ad71-68a0d5ad0ed7,2026-08-03,de2aa412-e109-4bcf-b6e9-9d9ad0b05e22,9cb23577-19df-4574-ab77-553f6d3490d7,2b091509-d73a-4eb4-b3b9-54c74af3107f,12.0,kg,0.0,False
4e74660a-3b55-4103-acae-e66fbb2586db,2026-08-04,de2aa412-e109-4bcf-b6e9-9d9ad0b05e22,9cb23577-19df-4574-ab77-553f6d3490d7,2b091509-d73a-4eb4-b3b9-54c74af3107f,17.0,kg,0.0,False
864347bc-9b8b-49b7-95ce-ccbd041cc1bc,2026-08-05,de2aa412-e109-4bcf-b6e9-9d9ad0b05e22,9cb23577-19df-4574-ab77-553f6d3490d7,2b091509-d73a-4eb4-b3b9-54c74af3107f,18.0,kg,0.0,False
72fede56-2fcd-47cf-b1e6-2979c3a77bc1,2026-08-06,de2aa412-e109-4bcf-b6e9-9d9ad0b05e22,9cb23577-19df-4574-ab77-553f6d3490d7,2b091509-d73a-4eb4-b3b9-54c74af3107f,21.0,kg,0.0,False
3332c5ed-0b91-47ec-937f-5dbb8a1f5f3f,2026-08-07,de2aa412-e109-4bcf-b6e9-9d9ad0b05e22,9cb23577-19df-4574-ab77-553f6d3490d7,2b091509-d73a-4eb4-b3b9-54c74af3107f,14.0,kg,0.0,True
b044f835-24db-4598-911e-8e03b7674436,2026-08-08,de2aa412-e109-4bcf-b6e9-9d9ad0b05e22,9cb23577-19df-4574-ab77-553f6d3490d7,2b091509-d73a-4eb4-b3b9-54c74af3107f,18.0,kg,0.0,False
8edf6fb2-45e6-4702-a233-c82f63af34bb,2026-08-09,de2aa412-e109-4bcf-b6e9-9d9ad0b05e22,9cb23577-19df-4574-ab77-553f6d3490d7,2b091509-d73a-4eb4-b3b9-54c74af3107f,12.0,kg,0.0,False
b03f0513-9431-4454-a6c5-23d7a6e43172,2026-08-10,de2aa412-e109-4bcf-b6e9-9d9ad0b05e22,9cb23577-19df-4574-ab77-553f6d3490d7,2b091509-d73a-4eb4-b3b9-54c74af3107f,15.0,kg,0.0,False
53a0d677-4216-4d91-949b-0e6971c4e420,2026-08-11,de2aa412-e109-4bcf-b6e9-9d9ad0b05e22,9cb23577-19df-4574-ab77-553f6d3490d7,2b091509-d73a-4eb4-b3b9-54c74af3107f,13.0,kg,0.0,False
def88cb4-8e6b-4eb0-a82e-7fc3893abaf3,2026-08-12,de2aa412-e109-4bcf-b6e9-9d9ad0b05e22,9cb23577-19df-4574-ab77-553f6d3490d7,2b091509-d73a-4eb4-b3b9-54c74af3107f,18.0,kg,0.0,False
5a3ae846-9c84-40da-8219-dcdd32132f08,2026-08-13,de2aa412-e109-4bcf-b6e9-9d9ad0b05e22,9cb23577-19df-4574-ab77-553f6d3490d7,2b091509-d73a-4eb4-b3b9-54c74af3107f,12.0,kg,0.0,False
653b4c96-eae0-47c3-bc9a-8f4d8c0f0a4d,2026-08-14,de2aa412-e109-4bcf-b6e9-9d9ad0b05e22,9cb23577-19df-4574-ab77-553f6d3490d7,2b091509-d73a-4eb4-b3b9-54c74af3107f,10.0,kg,0.0,False
b5e278e6-3bc3-4074-9698-d45c45ca025d,2026-08-15,de2aa412-e109-4bcf-b6e9-9d9ad0b05e22,9cb23577-19df-4574-ab77-553f6d3490d7,2b091509-d73a-4eb4-b3b9-54c74af3107f,16.0,kg,0.0,False
e72ffed0-0d54-4ee8-801a-50e43d5da231,2026-08-16,de2aa412-e109-4bcf-b6e9-9d9ad0b05e22,9cb23577-19df-4574-ab77-553f6d3490d7,2b091509-d73a-4eb4-b3b9-54c74af3107f,12.0,kg,0.0,False
0ee04837-4710-4c39-8e58-cec71b7efa4b,2026-08-17,de2aa412-e109-4bcf-b6e9-9d9ad0b05e22,9cb23577-19df-4574-ab77-553f6d3490d7,2b091509-d73a-4eb4-b3b9-54c74af3107f,15.0,kg,0.0,False
25154ddc-6920-4eca-bef7-e9e19b37c37f,2026-08-18,de2aa412-e109-4bcf-b6e9-9d9ad0b05e22,9cb23577-19df-4574-ab77-553f6d3490d7,2b091509-d73a-4eb4-b3b9-54c74af3107f,9.0,kg,0.0,False
1800f47a-a3ef-4cae-b836-230396b2f6ff,2026-08-19,de2aa412-e109-4bcf-b6e9-9d9ad0b05e22,9cb23577-19df-4574-ab77-553f6d3490d7,2b091509-d73a-4eb4-b3b9-54c74af3107f,14.0,kg,0.0,False
0b49f567-f4c2-44aa-b07e-3e45b24d4dc3,2026-08-20,de2aa412-e109-4bcf-b6e9-9d9ad0b05e22,9cb23577-19df-4574-ab77-553f6d3490d7,2b091509-d73a-4eb4-b3b9-54c74af3107f,9.0,kg,0.0,False
051e1424-c021-4467-b686-b10c1383a900,2026-08-21,de2aa412-e109-4bcf-b6e9-9d9ad0b05e22,9cb23577-19df-4574-ab77-553f6d3490d7,2b091509-d73a-4eb4-b3b9-54c74af3107f,13.0,kg,0.0,False
18ef411d-7379-49ed-9ec6-af66e8045268,2026-08-22,de2aa412-e109-4bcf-b6e9-9d9ad0b05e22,9cb23577-19df-4574-ab77-553f6d3490d7,2b091509-d73a-4eb4-b3b9-54c74af3107f,21.0,kg,0.0,False
910de890-62bf-4b30-9c47-800abdaf0ac9,2026-08-23,de2aa412-e109-4bcf-b6e9-9d9ad0b05e22,9cb23577-19df-4574-ab77-553f6d3490d7,2b091509-d73a-4eb4-b3b9-54c74af3107f,22.0,kg,0.0,True
89637dfa-8054-4c01-88b4-c1a743fe4fc2,2026-08-24,de2aa412-e109-4bcf-b6e9-9d9ad0b05e22,9cb23577-19df-4574-ab77-553f6d3490d7,2b091509-d73a-4eb4-b3b9-54c74af3107f,12.0,kg,0.0,False
a0b6e454-2ccd-48bf-b936-69e545529bc9,2026-08-25,de2aa412-e109-4bcf-b6e9-9d9ad0b05e22,9cb23577-19df-4574-ab77-553f6d3490d7,2b091509-d73a-4eb4-b3b9-54c74af3107f,13.0,kg,0.0,False
a7ec3a60-fa3a-437a-b3aa-3d4cc147a7d8,2026-08-26,de2aa412-e109-4bcf-b6e9-9d9ad0b05e22,9cb23577-19df-4574-ab77-553f6d3490d7,2b091509-d73a-4eb4-b3b9-54c74af3107f,14.0,kg,0.0,False
4db1875d-9082-441b-97d4-29dde9afe37a,2026-08-27,de2aa412-e109-4bcf-b6e9-9d9ad0b05e22,9cb23577-19df-4574-ab77-553f6d3490d7,2b091509-d73a-4eb4-b3b9-54c74af3107f,15.0,kg,0.0,False
448fb284-13e5-49cf-8433-3c5509f75e4a,2026-08-28,de2aa412-e109-4bcf-b6e9-9d9ad0b05e22,9cb23577-19df-4574-ab77-553f6d3490d7,2b091509-d73a-4eb4-b3b9-54c74af3107f,13.0,kg,0.0,True
e8ae0b63-d925-4dc8-b0b8-56d768fdcdc5,2026-08-29,de2aa412-e109-4bcf-b6e9-9d9ad0b05e22,9cb23577-19df-4574-ab77-553f6d3490d7,2b091509-d73a-4eb4-b3b9-54c74af3107f,18.0,kg,0.0,False
072b5a1b-5703-4630-84dc-5ab5894c9d6f,2026-08-30,de2aa412-e109-4bcf-b6e9-9d9ad0b05e22,9cb23577-19df-4574-ab77-553f6d3490d7,2b091509-d73a-4eb4-b3b9-54c74af3107f,10.0,kg,0.0,False
5d12b4f1-6705-4551-b47b-71f3dec3f4ea,2026-08-31,de2aa412-e109-4bcf-b6e9-9d9ad0b05e22,9cb23577-19df-4574-ab77-553f6d3490d7,2b091509-d73a-4eb4-b3b9-54c74af3107f,12.0,kg,0.0,False
76b77cb0-a716-46d0-92fa-c1d98e0d4979,2026-09-01,de2aa412-e109-4bcf-b6e9-9d9ad0b05e22,9cb23577-19df-4574-ab77-553f6d3490d7,2b091509-d73a-4eb4-b3b9-54c74af3107f,12.0,kg,0.0,False
b2290cbe-e076-4ee7-9775-0f29d9729298,2026-09-02,de2aa412-e109-4bcf-b6e9-9d9ad0b05e22,9cb23577-19df-4574-ab77-553f6d3490d7,2b091509-d73a-4eb4-b3b9-54c74af3107f,14.27,kg,0.0,False
695ab916-ee9d-49e0-8f7a-99bdd4fa6a17,2026-09-03,de2aa412-e109-4bcf-b6e9-9d9ad0b05e22,9cb23577-19df-4574-ab77-553f6d3490d7,2b091509-d73a-4eb4-b3b9-54c74af3107f,13.0,kg,0.0,False
d2c85166-7928-47ef-919e-f4086b0ed4d0,2026-09-04,de2aa412-e109-4bcf-b6e9-9d9ad0b05e22,9cb23577-19df-4574-ab77-553f6d3490d7,2b091509-d73a-4eb4-b3b9-54c74af3107f,10.0,kg,0.0,False
6e26f95b-ca65-479a-9b6c-da46c4cfb836,2026-09-05,de2aa412-e109-4bcf-b6e9-9d9ad0b05e22,9cb23577-19df-4574-ab77-553f6d3490d7,2b091509-d73a-4eb4-b3b9-54c74af3107f,14.0,kg,0.0,False
85f49497-8007-44d0-9ab0-fe4eb82b0089,2026-09-06,de2aa412-e109-4bcf-b6e9-9d9ad0b05e22,9cb23577-19df-4574-ab77-553f6d3490d7,2b091509-d73a-4eb4-b3b9-54c74af3107f,7.81,kg,0.0,False
d07e344c-6419-457b-af5e-c14c32f9389f,2026-09-07,de2aa412-e109-4bcf-b6e9-9d9ad0b05e22,9cb23577-19df-4574-ab77-553f6d3490d7,2b091509-d73a-4eb4-b3b9-54c74af3107f,13.0,kg,0.0,False
08b47e8e-b7a9-4f04-aa03-8d32f7a47177,2025-09-08,de2aa412-e109-4bcf-b6e9-9d9ad0b05e22,4f98fe0c-8596-458e-a60a-7d2a0424626c,f88afad5-3d69-4d7f-8a1b-095720bc60a3,161.0,units,11.31,False
8d51fcd4-99b2-48bf-ab34-2a3e33a0d550,2025-09-09,de2aa412-e109-4bcf-b6e9-9d9ad0b05e22,4f98fe0c-8596-458e-a60a-7d2a0424626c,f88afad5-3d69-4d7f-8a1b-095720bc60a3,164.0,units,10.8,False
dac7432d-c9cd-4952-9d4d-a5d7b90bafcf,2025-09-10,de2aa412-e109-4bcf-b6e9-9d9ad0b05e22,4f98fe0c-8596-458e-a60a-7d2a0424626c,f88afad5-3d69-4d7f-8a1b-095720bc60a3,197.0,units,9.31,False
a32b7d82-deba-4f1b-9ca3-5bfefe6dedba,2025-09-11,de2aa412-e109-4bcf-b6e9-9d9ad0b05e22,4f98fe0c-8596-458e-a60a-7d2a0424626c,f88afad5-3d69-4d7f-8a1b-095720bc60a3,163.0,units,9.56,False
dda48df2-0b7c-47f1-8c2c-c444019291b1,2025-09-12,de2aa412-e109-4bcf-b6e9-9d9ad0b05e22,4f98fe0c-8596-458e-a60a-7d2a0424626c,f88afad5-3d69-4d7f-8a1b-095720bc60a3,175.0,units,10.76,False
e2a2377e-98b3-4fdd-b1ef-3fa7b5f40c26,2025-09-13,de2aa412-e109-4bcf-b6e9-9d9ad0b05e22,4f98fe0c-8596-458e-a60a-7d2a0424626c,f88afad5-3d69-4d7f-8a1b-095720bc60a3,298.0,units,8.78,False
1c2a4151-9502-44f6-9c7c-10b6decbc9bf,2025-09-14,de2aa412-e109-4bcf-b6e9-9d9ad0b05e22,4f98fe0c-8596-458e-a60a-7d2a0424626c,f88afad5-3d69-4d7f-8a1b-095720bc60a3,171.0,units,8.58,False
fbf05741-340b-4064-b829-6f15d056f45d,2025-09-15,de2aa412-e109-4bcf-b6e9-9d9ad0b05e22,4f98fe0c-8596-458e-a60a-7d2a0424626c,f88afad5-3d69-4d7f-8a1b-095720bc60a3,124.0,units,9.79,False
055420a4-d6c4-4fac-9de4-3112d5f04ef1,2025-09-16,de2aa412-e109-4bcf-b6e9-9d9ad0b05e22,4f98fe0c-8596-458e-a60a-7d2a0424626c,f88afad5-3d69-4d7f-8a1b-095720bc60a3,199.0,units,8.55,False
e938d596-1598-4949-8aa7-a1699028aa34,2025-09-17,de2aa412-e109-4bcf-b6e9-9d9ad0b05e22,4f98fe0c-8596-458e-a60a-7d2a0424626c,f88afad5-3d69-4d7f-8a1b-095720bc60a3,157.0,units,9.96,False
93efb436-07ae-4a52-9e80-d0498ab7ad0e,2025-09-18,de2aa412-e109-4bcf-b6e9-9d9ad0b05e22,4f98fe0c-8596-458e-a60a-7d2a0424626c,f88afad5-3d69-4d7f-8a1b-095720bc60a3,168.0,units,10.79,False
63b2a127-6c86-4a03-9349-3693b434f3ee,2025-09-19,de2aa412-e109-4bcf-b6e9-9d9ad0b05e22,4f98fe0c-8596-458e-a60a-7d2a0424626c,f88afad5-3d69-4d7f-8a1b-095720bc60a3,154.0,units,9.15,False
261748f8-d5c1-4396-92d8-fd32043b460c,2025-09-20,de2aa412-e109-4bcf-b6e9-9d9ad0b05e22,4f98fe0c-8596-458e-a60a-7d2a0424626c,f88afad5-3d69-4d7f-8a1b-095720bc60a3,211.0,units,8.62,False
3896534d-c913-415e-a219-972df933b18c,2025-09-21,de2aa412-e109-4bcf-b6e9-9d9ad0b05e22,4f98fe0c-8596-458e-a60a-7d2a0424626c,f88afad5-3d69-4d7f-8a1b-095720bc60a3,277.0,units,9.32,False
8800d4dc-912a-4311-92bb-325c55187fd3,2025-09-22,de2aa412-e109-4bcf-b6e9-9d9ad0b05e22,4f98fe0c-8596-458e-a60a-7d2a0424626c,f88afad5-3d69-4d7f-8a1b-095720bc60a3,199.0,units,8.68,False
24816b28-b767-4b43-8851-cc73a9182ed7,2025-09-23,de2aa412-e109-4bcf-b6e9-9d9ad0b05e22,4f98fe0c-8596-458e-a60a-7d2a0424626c,f88afad5-3d69-4d7f-8a1b-095720bc60a3,201.0,units,9.71,False
6b7055fb-7fac-4105-9985-4bf996d0d7c0,2025-09-24,de2aa412-e109-4bcf-b6e9-9d9ad0b05e22,4f98fe0c-8596-458e-a60a-7d2a0424626c,f88afad5-3d69-4d7f-8a1b-095720bc60a3,136.0,units,11.12,False
2485f5cd-6fd5-4ef5-ae74-06b8a798f5da,2025-09-25,de2aa412-e109-4bcf-b6e9-9d9ad0b05e22,4f98fe0c-8596-458e-a60a-7d2a0424626c,f88afad5-3d69-4d7f-8a1b-095720bc60a3,144.0,units,8.54,False
da3f0a85-ff72-44c3-8ff6-afd5ce000f88,2025-09-26,de2aa412-e109-4bcf-b6e9-9d9ad0b05e22,4f98fe0c-8596-458e-a60a-7d2a0424626c,f88afad5-3d69-4d7f-8a1b-095720bc60a3,96.0,units,10.04,False
0df8f2aa-7b0c-4b1c-9467-5e8eaacda72f,2025-09-27,de2aa412-e109-4bcf-b6e9-9d9ad0b05e22,4f98fe0c-8596-458e-a60a-7d2a0424626c,f88afad5-3d69-4d7f-8a1b-095720bc60a3,230.0,units,11.06,True
2683786f-e7cd-48c3-a60a-8baf4e17e2bd,2025-09-28,de2aa412-e109-4bcf-b6e9-9d9ad0b05e22,4f98fe0c-8596-458e-a60a-7d2a0424626c,f88afad5-3d69-4d7f-8a1b-095720bc60a3,254.0,units,11.05,False
af74e5f6-54b5-4e3e-b4b5-7587d47a0123,2025-09-29,de2aa412-e109-4bcf-b6e9-9d9ad0b05e22,4f98fe0c-8596-458e-a60a-7d2a0424626c,f88afad5-3d69-4d7f-8a1b-095720bc60a3,191.0,units,9.33,False
5664d71f-f862-48c9-83bb-54e50ac9f4a9,2025-09-30,de2aa412-e109-4bcf-b6e9-9d9ad0b05e22,4f98fe0c-8596-458e-a60a-7d2a0424626c,f88afad5-3d69-4d7f-8a1b-095720bc60a3,170.0,units,11.38,False
3714defe-c6fb-42fc-a562-19189e97c576,2025-10-01,de2aa412-e109-4bcf-b6e9-9d9ad0b05e22,4f98fe0c-8596-458e-a60a-7d2a0424626c,f88afad5-3d69-4d7f-8a1b-095720bc60a3,175.0,units,10.44,False
6ed0f188-5714-4823-930c-9672e199d150,2025-10-02,de2aa412-e109-4bcf-b6e9-9d9ad0b05e22,4f98fe0c-8596-458e-a60a-7d2a0424626c,f88afad5-3d69-4d7f-8a1b-095720bc60a3,157.0,units,8.97,False
158fa296-69e6-40cc-a0f7-989889a982a3,2025-10-03,de2aa412-e109-4bcf-b6e9-9d9ad0b05e22,4f98fe0c-8596-458e-a60a-7d2a0424626c,f88afad5-3d69-4d7f-8a1b-095720bc60a3,182.0,units,10.44,False
736da1ea-391c-41d2-9dfc-dd42b554f08b,2025-10-04,de2aa412-e109-4bcf-b6e9-9d9ad0b05e22,4f98fe0c-8596-458e-a60a-7d2a0424626c,f88afad5-3d69-4d7f-8a1b-095720bc60a3,247.0,units,10.64,False
a36c793f-484c-4858-a193-4fec616f8c91,2025-10-05,de2aa412-e109-4bcf-b6e9-9d9ad0b05e22,4f98fe0c-8596-458e-a60a-7d2a0424626c,f88afad5-3d69-4d7f-8a1b-095720bc60a3,163.0,units,10.92,False
d0f781b2-f887-4adb-949f-f914075c1374,2025-10-06,de2aa412-e109-4bcf-b6e9-9d9ad0b05e22,4f98fe0c-8596-458e-a60a-7d2a0424626c,f88afad5-3d69-4d7f-8a1b-095720bc60a3,221.0,units,11.04,True
ed15399e-7477-43c6-9f1c-b126a30cb4d7,2025-10-07,de2aa412-e109-4bcf-b6e9-9d9ad0b05e22,4f98fe0c-8596-458e-a60a-7d2a0424626c,f88afad5-3d69-4d7f-8a1b-095720bc60a3,202.0,units,8.6,False
8435cd00-f2c3-407f-9d3e-827497e459d7,2025-10-08,de2aa412-e109-4bcf-b6e9-9d9ad0b05e22,4f98fe0c-8596-458e-a60a-7d2a0424626c,f88afad5-3d69-4d7f-8a1b-095720bc60a3,164.0,units,8.31,False
3c1484dc-7b59-4897-b8ac-9bdeccdc496b,2025-10-09,de2aa412-e109-4bcf-b6e9-9d9ad0b05e22,4f98fe0c-8596-458e-a60a-7d2a0424626c,f88afad5-3d69-4d7f-8a1b-095720bc60a3,196.0,units,9.67,False
816c7fbb-9b7e-42a2-adeb-b711d4601f45,2025-10-10,de2aa412-e109-4bcf-b6e9-9d9ad0b05e22,4f98fe0c-8596-458e-a60a-7d2a0424626c,f88afad5-3d69-4d7f-8a1b-095720bc60a3,256.0,units,10.3,False
88697b14-8886-4d94-8119-6f8d3ff11d3c,2025-10-11,de2aa412-e109-4bcf-b6e9-9d9ad0b05e22,4f98fe0c-8596-458e-a60a-7d2a0424626c,f88afad5-3d69-4d7f-8a1b-095720bc60a3,217.0,units,9.68,False
f1c05de7-8bc6-48a2-9326-f685adda4dd9,2025-10-12,de2aa412-e109-4bcf-b6e9-9d9ad0b05e22,4f98fe0c-8596-458e-a60a-7d2a0424626c,f88afad5-3d69-4d7f-8a1b-095720bc60a3,234.0,units,10.61,False
ad7550f5-b8c0-4eca-8f2d-28684b26f5ce,2025-10-13,de2aa412-e109-4bcf-b6e9-9d9ad0b05e22,4f98fe0c-8596-458e-a60a-7d2a0424626c,f88afad5-3d69-4d7f-8a1b-095720bc60a3,156.0,units,11.28,False
6475a455-2d12-4baa-adc7-8b0c81569eb3,2025-10-14,de2aa412-e109-4bcf-b6e9-9d9ad0b05e22,4f98fe0c-8596-458e-a60a-7d2a0424626c,f88afad5-3d69-4d7f-8a1b-095720bc60a3,182.0,units,8.75,False
2a8c44d5-1261-4ea6-8636-9ecb3b65bcc0,2025-10-15,de2aa412-e109-4bcf-b6e9-9d9ad0b05e22,4f98fe0c-8596-458e-a60a-7d2a0424626c,f88afad5-3d69-4d7f-8a1b-095720bc60a3,190.0,units,11.54,False
73e0d496-83c0-48c7-b6f8-2b07e830f450,2025-10-16,de2aa412-e109-4bcf-b6e9-9d9ad0b05e22,4f98fe0c-8596-458e-a60a-7d2a0424626c,f88afad5-3d69-4d7f-8a1b-095720bc60a3,182.0,units,10.51,False
478a74f7-7238-4370-903b-75bb4ec6ce6a,2025-10-17,de2aa412-e109-4bcf-b6e9-9d9ad0b05e22,4f98fe0c-8596-458e-a60a-7d2a0424626c,f88afad5-3d69-4d7f-8a1b-095720bc60a3,148.0,units,9.02,False
664878e5-c951-4471-9441-9b2f9d86565e,2025-10-18,de2aa412-e109-4bcf-b6e9-9d9ad0b05e22,4f98fe0c-8596-458e-a60a-7d2a0424626c,f88afad5-3d69-4d7f-8a1b-095720bc60a3,274.0,units,8.6,True
e3065eb7-3742-407a-82ff-1243bbd896ed,2025-10-19,de2aa412-e109-4bcf-b6e9-9d9ad0b05e22,4f98fe0c-8596-458e-a60a-7d2a0424626c,f88afad5-3d69-4d7f-8a1b-095720bc60a3,273.0,units,10.29,False
0dbcd87c-270e-47b2-b908-94d57b6a11e0,2025-10-20,de2aa412-e109-4bcf-b6e9-9d9ad0b05e22,4f98fe0c-8596-458e-a60a-7d2a0424626c,f88afad5-3d69-4d7f-8a1b-095720bc60a3,190.0,units,10.15,False
080adc9b-96b2-458b-ac00-cb5835258a3c,2025-10-21,de2aa412-e109-4bcf-b6e9-9d9ad0b05e22,4f98fe0c-8596-458e-a60a-7d2a0424626c,f88afad5-3d69-4d7f-8a1b-095720bc60a3,205.0,units,11.33,False
eeeb7d66-3877-450a-b15f-015d82b8b19b,2025-10-22,de2aa412-e109-4bcf-b6e9-9d9ad0b05e22,4f98fe0c-8596-458e-a60a-7d2a0424626c,f88afad5-3d69-4d7f-8a1b-095720bc60a3,171.0,units,9.56,False
edabbd3c-8882-46db-9da5-b2d6321097a7,2025-10-23,de2aa412-e109-4bcf-b6e9-9d9ad0b05e22,4f98fe0c-8596-458e-a60a-7d2a0424626c,f88afad5-3d69-4d7f-8a1b-095720bc60a3,199.0,units,8.24,False
d4bc1cc9-f975-493f-b7b6-ff3a9b7848b4,2025-10-24,de2aa412-e109-4bcf-b6e9-9d9ad0b05e22,4f98fe0c-8596-458e-a60a-7d2a0424626c,f88afad5-3d69-4d7f-8a1b-095720bc60a3,186.0,units,10.44,False
71b8dec0-51a3-47bb-b970-3a1b70b93d03,2025-10-25,de2aa412-e109-4bcf-b6e9-9d9ad0b05e22,4f98fe0c-8596-458e-a60a-7d2a0424626c,f88afad5-3d69-4d7f-8a1b-095720bc60a3,189.0,units,10.27,False
ac8596a2-1283-400d-b18c-52140b636e6d,2025-10-26,de2aa412-e109-4bcf-b6e9-9d9ad0b05e22,4f98fe0c-8596-458e-a60a-7d2a0424626c,f88afad5-3d69-4d7f-8a1b-095720bc60a3,234.0,units,8.29,False
ba857c95-d935-4b7a-8aac-6a0e14237b44,2025-10-27,de2aa412-e109-4bcf-b6e9-9d9ad0b05e22,4f98fe0c-8596-458e-a60a-7d2a0424626c,f88afad5-3d69-4d7f-8a1b-095720bc60a3,150.0,units,9.09,False
96bb4680-dc39-4604-8591-f4ffadf0e2eb,2025-10-28,de2aa412-e109-4bcf-b6e9-9d9ad0b05e22,4f98fe0c-8596-458e-a60a-7d2a0424626c,f88afad5-3d69-4d7f-8a1b-095720bc60a3,161.0,units,11.1,False
5e8601ed-d6a3-45a4-8701-041d775136e1,2025-10-29,de2aa412-e109-4bcf-b6e9-9d9ad0b05e22,4f98fe0c-8596-458e-a60a-7d2a0424626c,f88afad5-3d69-4d7f-8a1b-095720bc60a3,184.0,units,10.39,False
0bed293b-f2cc-4ec7-bfbd-ff9388a4475a,2025-10-30,de2aa412-e109-4bcf-b6e9-9d9ad0b05e22,4f98fe0c-8596-458e-a60a-7d2a0424626c,f88afad5-3d69-4d7f-8a1b-095720bc60a3,187.0,units,10.96,False
70d3015a-07b7-4ea6-8ddb-5a7a1701cf95,2025-10-31,de2aa412-e109-4bcf-b6e9-9d9ad0b05e22,4f98fe0c-8596-458e-a60a-7d2a0424626c,f88afad5-3d69-4d7f-8a1b-095720bc60a3,145.0,units,11.21,False
392af4d2-64a0-48e1-81dc-68b7663bce45,2025-11-01,de2aa412-e109-4bcf-b6e9-9d9ad0b05e22,4f98fe0c-8596-458e-a60a-7d2a0424626c,f88afad5-3d69-4d7f-8a1b-095720bc60a3,262.0,units,8.63,False
21c1aa35-80ba-43c2-b788-fab7cf856259,2025-11-02,de2aa412-e109-4bcf-b6e9-9d9ad0b05e22,4f98fe0c-8596-458e-a60a-7d2a0424626c,f88afad5-3d69-4d7f-8a1b-095720bc60a3,245.0,units,9.52,False
c5729de9-2f4c-414b-981b-42dc20c3968b,2025-11-03,de2aa412-e109-4bcf-b6e9-9d9ad0b05e22,4f98fe0c-8596-458e-a60a-7d2a0424626c,f88afad5-3d69-4d7f-8a1b-095720bc60a3,160.0,units,10.46,False
5a9d4a20-c569-4781-9617-dabe62136cb2,2025-11-04,de2aa412-e109-4bcf-b6e9-9d9ad0b05e22,4f98fe0c-8596-458e-a60a-7d2a0424626c,f88afad5-3d69-4d7f-8a1b-095720bc60a3,136.0,units,10.49,False
c95825d3-0749-43b2-952d-bace452125c3,2025-11-05,de2aa412-e109-4bcf-b6e9-9d9ad0b05e22,4f98fe0c-8596-458e-a60a-7d2a0424626c,f88afad5-3d69-4d7f-8a1b-095720bc60a3,176.0,units,10.48,False
a9b85576-9ece-4586-b664-fcdcfd329f8e,2025-11-06,de2aa412-e109-4bcf-b6e9-9d9ad0b05e22,4f98fe0c-8596-458e-a60a-7d2a0424626c,f88afad5-3d69-4d7f-8a1b-095720bc60a3,168.0,units,8.08,False
7ae671da-fe1d-4ab2-84a7-cc674de89589,2025-11-07,de2aa412-e109-4bcf-b6e9-9d9ad0b05e22,4f98fe0c-8596-458e-a60a-7d2a0424626c,f88afad5-3d69-4d7f-8a1b-095720bc60a3,184.0,units,10.14,False
6b061b1f-f9bc-4f36-af96-a81db1044882,2025-11-08,de2aa412-e109-4bcf-b6e9-9d9ad0b05e22,4f98fe0c-8596-458e-a60a-7d2a0424626c,f88afad5-3d69-4d7f-8a1b-095720bc60a3,256.0,units,10.21,True
3f31e044-02c1-48df-b969-c5f0815b53b9,2025-11-09,de2aa412-e109-4bcf-b6e9-9d9ad0b05e22,4f98fe0c-8596-458e-a60a-7d2a0424626c,f88afad5-3d69-4d7f-8a1b-095720bc60a3,154.0,units,11.5,False
894aaadd-913e-4cf4-a304-265b5e2a25cb,2025-11-10,de2aa412-e109-4bcf-b6e9-9d9ad0b05e22,4f98fe0c-8596-458e-a60a-7d2a0424626c,f88afad5-3d69-4d7f-8a1b-095720bc60a3,170.0,units,10.65,False
e11862ab-307f-4c9d-b748-e4ddb2f7e338,2025-11-11,de2aa412-e109-4bcf-b6e9-9d9ad0b05e22,4f98fe0c-8596-458e-a60a-7d2a0424626c,f88afad5-3d69-4d7f-8a1b-095720bc60a3,173.0,units,9.16,False
77b4fae3-6f89-41fd-9338-ab2627df999e,2025-11-12,de2aa412-e109-4bcf-b6e9-9d9ad0b05e22,4f98fe0c-8596-458e-a60a-7d2a0424626c,f88afad5-3d69-4d7f-8a1b-095720bc60a3,201.0,units,9.66,False
5b296382-ac03-44bf-9a0a-588f65c2558f,2025-11-13,de2aa412-e109-4bcf-b6e9-9d9ad0b05e22,4f98fe0c-8596-458e-a60a-7d2a0424626c,f88afad5-3d69-4d7f-8a1b-095720bc60a3,162.0,units,11.08,False
8648abff-f40d-4bce-82e9-37794177de26,2025-11-14,de2aa412-e109-4bcf-b6e9-9d9ad0b05e22,4f98fe0c-8596-458e-a60a-7d2a0424626c,f88afad5-3d69-4d7f-8a1b-095720bc60a3,232.0,units,9.47,False
533d3d59-577e-405b-8e73-1566d4fc1442,2025-11-15,de2aa412-e109-4bcf-b6e9-9d9ad0b05e22,4f98fe0c-8596-458e-a60a-7d2a0424626c,f88afad5-3d69-4d7f-8a1b-095720bc60a3,159.0,units,8.06,False
7da621ef-6e76-4533-891b-1049d7137a58,2025-11-16,de2aa412-e109-4bcf-b6e9-9d9ad0b05e22,4f98fe0c-8596-458e-a60a-7d2a0424626c,f88afad5-3d69-4d7f-8a1b-095720bc60a3,277.0,units,10.96,False
48c2f75c-63c7-407e-86a6-857636dbf1d0,2025-11-17,de2aa412-e109-4bcf-b6e9-9d9ad0b05e22,4f98fe0c-8596-458e-a60a-7d2a0424626c,f88afad5-3d69-4d7f-8a1b-095720bc60a3,177.0,units,9.62,False
3abaf1f8-ce72-45c7-bce6-db72da675492,2025-11-18,de2aa412-e109-4bcf-b6e9-9d9ad0b05e22,4f98fe0c-8596-458e-a60a-7d2a0424626c,f88afad5-3d69-4d7f-8a1b-095720bc60a3,209.0,units,8.39,False
7ba88469-bb44-4d43-9a3a-8a43fb3854c3,2025-11-19,de2aa412-e109-4bcf-b6e9-9d9ad0b05e22,4f98fe0c-8596-458e-a60a-7d2a0424626c,f88afad5-3d69-4d7f-8a1b-095720bc60a3,186.0,units,11.48,False
c099cf5a-a164-4c9c-9948-c803a9cffb1c,2025-11-20,de2aa412-e109-4bcf-b6e9-9d9ad0b05e22,4f98fe0c-8596-458e-a60a-7d2a0424626c,f88afad5-3d69-4d7f-8a1b-095720bc60a3,218.0,units,9.96,False
d0a50cbb-96e3-4786-ad61-98ce12188ef2,2025-11-21,de2aa412-e109-4bcf-b6e9-9d9ad0b05e22,4f98fe0c-8596-458e-a60a-7d2a0424626c,f88afad5-3d69-4d7f-8a1b-095720bc60a3,173.0,units,9.27,False
b915880a-2a86-4c10-b861-b2edc30187d2,2025-11-22,de2aa412-e109-4bcf-b6e9-9d9ad0b05e22,4f98fe0c-8596-458e-a60a-7d2a0424626c,f88afad5-3d69-4d7f-8a1b-095720bc60a3,191.0,units,11.45,False
3e1ed499-7a99-43f8-9dc2-7a2c4bc41feb,2025-11-23,de2aa412-e109-4bcf-b6e9-9d9ad0b05e22,4f98fe0c-8596-458e-a60a-7d2a0424626c,f88afad5-3d69-4d7f-8a1b-095720bc60a3,284.0,units,8.1,False
5d7c8445-7ec0-4137-a14b-df591a5c66d0,2025-11-24,de2aa412-e109-4bcf-b6e9-9d9ad0b05e22,4f98fe0c-8596-458e-a60a-7d2a0424626c,f88afad5-3d69-4d7f-8a1b-095720bc60a3,182.0,units,8.11,False
a6613686-613c-4aaa-9155-3de63b6d8b14,2025-11-25,de2aa412-e109-4bcf-b6e9-9d9ad0b05e22,4f98fe0c-8596-458e-a60a-7d2a0424626c,f88afad5-3d69-4d7f-8a1b-095720bc60a3,193.0,units,9.81,False
ce39ad15-a7be-4e0d-8d36-1ac639ce1f6d,2025-11-26,de2aa412-e109-4bcf-b6e9-9d9ad0b05e22,4f98fe0c-8596-458e-a60a-7d2a0424626c,f88afad5-3d69-4d7f-8a1b-095720bc60a3,223.0,units,10.32,False
de037e60-4cbe-4b78-bacc-19796b3e3f05,2025-11-27,de2aa412-e109-4bcf-b6e9-9d9ad0b05e22,4f98fe0c-8596-458e-a60a-7d2a0424626c,f88afad5-3d69-4d7f-8a1b-095720bc60a3,156.0,units,9.49,False
0a6b1ea6-c792-4f13-a9bf-7a1aebb98ccf,2025-11-28,de2aa412-e109-4bcf-b6e9-9d9ad0b05e22,4f98fe0c-8596-458e-a60a-7d2a0424626c,f88afad5-3d69-4d7f-8a1b-095720bc60a3,205.0,units,9.95,False
1c537ec1-4013-4125-9f79-d7eb3c6e9e9b,2025-11-29,de2aa412-e109-4bcf-b6e9-9d9ad0b05e22,4f98fe0c-8596-458e-a60a-7d2a0424626c,f88afad5-3d69-4d7f-8a1b-095720bc60a3,212.0,units,10.73,False
a4afe361-ad47-4a2d-9926-6f2963784687,2025-11-30,de2aa412-e109-4bcf-b6e9-9d9ad0b05e22,4f98fe0c-8596-458e-a60a-7d2a0424626c,f88afad5-3d69-4d7f-8a1b-095720bc60a3,230.0,units,8.67,False
892b65b6-bcd0-46dd-8184-50c27e7a427c,2025-12-01,de2aa412-e109-4bcf-b6e9-9d9ad0b05e22,4f98fe0c-8596-458e-a60a-7d2a0424626c,f88afad5-3d69-4d7f-8a1b-095720bc60a3,190.0,units,8.67,False
8c00d053-5013-4cd6-90d8-936d6137c825,2025-12-02,de2aa412-e109-4bcf-b6e9-9d9ad0b05e22,4f98fe0c-8596-458e-a60a-7d2a0424626c,f88afad5-3d69-4d7f-8a1b-095720bc60a3,143.0,units,9.95,False
2604d70a-c79a-4d0a-923f-5b2aadfb870f,2025-12-03,de2aa412-e109-4bcf-b6e9-9d9ad0b05e22,4f98fe0c-8596-458e-a60a-7d2a0424626c,f88afad5-3d69-4d7f-8a1b-095720bc60a3,165.0,units,10.46,False
fd5ee0f4-1d11-4824-b687-34330e2958a8,2025-12-04,de2aa412-e109-4bcf-b6e9-9d9ad0b05e22,4f98fe0c-8596-458e-a60a-7d2a0424626c,f88afad5-3d69-4d7f-8a1b-095720bc60a3,230.0,units,9.04,False
e83d4be2-05ea-40a6-9877-6cd992a5c3a7,2025-12-05,de2aa412-e109-4bcf-b6e9-9d9ad0b05e22,4f98fe0c-8596-458e-a60a-7d2a0424626c,f88afad5-3d69-4d7f-8a1b-095720bc60a3,216.0,units,11.29,False
e2ff368b-fde1-41e4-b075-e1c02053797d,2025-12-06,de2aa412-e109-4bcf-b6e9-9d9ad0b05e22,4f98fe0c-8596-458e-a60a-7d2a0424626c,f88afad5-3d69-4d7f-8a1b-095720bc60a3,235.0,units,11.53,False
4915f522-f38f-4ac9-966a-5231fd11381c,2025-12-07,de2aa412-e109-4bcf-b6e9-9d9ad0b05e22,4f98fe0c-8596-458e-a60a-7d2a0424626c,f88afad5-3d69-4d7f-8a1b-095720bc60a3,247.0,units,8.41,False
ba85be76-67fa-4a4f-9a26-f6076a4c0253,2025-12-08,de2aa412-e109-4bcf-b6e9-9d9ad0b05e22,4f98fe0c-8596-458e-a60a-7d2a0424626c,f88afad5-3d69-4d7f-8a1b-095720bc60a3,182.0,units,10.21,False
5bdc2eaf-9b68-4111-b524-38a6b4da0953,2025-12-09,de2aa412-e109-4bcf-b6e9-9d9ad0b05e22,4f98fe0c-8596-458e-a60a-7d2a0424626c,f88afad5-3d69-4d7f-8a1b-095720bc60a3,233.0,units,10.68,False
a203f6da-0ef0-43a6-a86e-c489c153cc72,2025-12-10,de2aa412-e109-4bcf-b6e9-9d9ad0b05e22,4f98fe0c-8596-458e-a60a-7d2a0424626c,f88afad5-3d69-4d7f-8a1b-095720bc60a3,185.0,units,8.4,False
fc390e5b-0cc1-4f23-932e-3632c648c0a2,2025-12-11,de2aa412-e109-4bcf-b6e9-9d9ad0b05e22,4f98fe0c-8596-458e-a60a-7d2a0424626c,f88afad5-3d69-4d7f-8a1b-095720bc60a3,199.0,units,10.08,False
bea22951-0c03-4228-b4a5-f4e99a0b64fb,2025-12-12,de2aa412-e109-4bcf-b6e9-9d9ad0b05e22,4f98fe0c-8596-458e-a60a-7d2a0424626c,f88afad5-3d69-4d7f-8a1b-095720bc60a3,273.0,units,9.06,True
a8b2d15c-43da-4548-8dae-7a42fd7e1007,2025-12-13,de2aa412-e109-4bcf-b6e9-9d9ad0b05e22,4f98fe0c-8596-458e-a60a-7d2a0424626c,f88afad5-3d69-4d7f-8a1b-095720bc60a3,211.0,units,8.83,False
454de220-fcc1-46b6-8649-368bb0fe0220,2025-12-14,de2aa412-e109-4bcf-b6e9-9d9ad0b05e22,4f98fe0c-8596-458e-a60a-7d2a0424626c,f88afad5-3d69-4d7f-8a1b-095720bc60a3,302.0,units,8.73,False
7708116e-b379-42bb-ac84-6ef4d693212c,2025-12-15,de2aa412-e109-4bcf-b6e9-9d9ad0b05e22,4f98fe0c-8596-458e-a60a-7d2a0424626c,f88afad5-3d69-4d7f-8a1b-095720bc60a3,146.0,units,8.49,False
a35a23d0-4272-4cfd-8a48-09a908b89090,2025-12-16,de2aa412-e109-4bcf-b6e9-9d9ad0b05e22,4f98fe0c-8596-458e-a60a-7d2a0424626c,f88afad5-3d69-4d7f-8a1b-095720bc60a3,244.0,units,11.25,False
adb47e81-3f93-43c6-95f6-34b99256efa9,2025-12-17,de2aa412-e109-4bcf-b6e9-9d9ad0b05e22,4f98fe0c-8596-458e-a60a-7d2a0424626c,f88afad5-3d69-4d7f-8a1b-095720bc60a3,183.0,units,10.92,False
d521c387-017c-4c86-8c28-c3f2a8f4f337,2025-12-18,de2aa412-e109-4bcf-b6e9-9d9ad0b05e22,4f98fe0c-8596-458e-a60a-7d2a0424626c,f88afad5-3d69-4d7f-8a1b-095720bc60a3,187.0,units,10.64,False
34636eb8-e7ac-40e0-a5fa-e0505dc167c3,2025-12-19,de2aa412-e109-4bcf-b6e9-9d9ad0b05e22,4f98fe0c-8596-458e-a60a-7d2a0424626c,f88afad5-3d69-4d7f-8a1b-095720bc60a3,163.0,units,9.36,True
089bad26-63ed-49eb-a8be-8d8edac091d1,2025-12-20,de2aa412-e109-4bcf-b6e9-9d9ad0b05e22,4f98fe0c-8596-458e-a60a-7d2a0424626c,f88afad5-3d69-4d7f-8a1b-095720bc60a3,227.0,units,11.13,False
ac0b50ee-4ab5-4e70-87d5-0bcee22e82f6,2025-12-21,de2aa412-e109-4bcf-b6e9-9d9ad0b05e22,4f98fe0c-8596-458e-a60a-7d2a0424626c,f88afad5-3d69-4d7f-8a1b-095720bc60a3,204.0,units,10.98,False
4c5d5b8e-9562-43d7-b163-2adbe9753ade,2025-12-22,de2aa412-e109-4bcf-b6e9-9d9ad0b05e22,4f98fe0c-8596-458e-a60a-7d2a0424626c,f88afad5-3d69-4d7f-8a1b-095720bc60a3,177.0,units,9.5,False
4ea989d4-f69a-495b-8b19-3d06819ac109,2025-12-23,de2aa412-e109-4bcf-b6e9-9d9ad0b05e22,4f98fe0c-8596-458e-a60a-7d2a0424626c,f88afad5-3d69-4d7f-8a1b-095720bc60a3,192.0,units,11.2,False
ecf3e446-42f7-4fd1-972d-7665aaf043b2,2025-12-24,de2aa412-e109-4bcf-b6e9-9d9ad0b05e22,4f98fe0c-8596-458e-a60a-7d2a0424626c,f88afad5-3d69-4d7f-8a1b-095720bc60a3,227.0,units,8.59,False
0f4bca21-6598-403d-8927-4e18ac119294,2025-12-25,de2aa412-e109-4bcf-b6e9-9d9ad0b05e22,4f98fe0c-8596-458e-a60a-7d2a0424626c,f88afad5-3d69-4d7f-8a1b-095720bc60a3,204.0,units,10.91,False
236ecd1b-3ea8-4d1d-800b-b82ffc33927c,2025-12-26,de2aa412-e109-4bcf-b6e9-9d9ad0b05e22,4f98fe0c-8596-458e-a60a-7d2a0424626c,f88afad5-3d69-4d7f-8a1b-095720bc60a3,208.0,units,10.15,False
c93d6b01-93db-45ce-b317-7a48c726a49b,2025-12-27,de2aa412-e109-4bcf-b6e9-9d9ad0b05e22,4f98fe0c-8596-458e-a60a-7d2a0424626c,f88afad5-3d69-4d7f-8a1b-095720bc60a3,204.0,units,11.41,False
d4932ce9-08c4-459a-82bf-9425b9ca19b4,2025-12-28,de2aa412-e109-4bcf-b6e9-9d9ad0b05e22,4f98fe0c-8596-458e-a60a-7d2a0424626c,f88afad5-3d69-4d7f-8a1b-095720bc60a3,213.0,units,11.46,False
822ccf5f-2567-4217-b74b-be1c471c7ac1,2025-12-29,de2aa412-e109-4bcf-b6e9-9d9ad0b05e22,4f98fe0c-8596-458e-a60a-7d2a0424626c,f88afad5-3d69-4d7f-8a1b-095720bc60a3,256.0,units,10.31,False
ffbd414d-c73d-48e3-ab2e-3093707f8edd,2025-12-30,de2aa412-e109-4bcf-b6e9-9d9ad0b05e22,4f98fe0c-8596-458e-a60a-7d2a0424626c,f88afad5-3d69-4d7f-8a1b-095720bc60a3,176.0,units,10.85,False
c1c18fbf-60b5-478f-a07e-3e9d0bd409bf,2025-12-31,de2aa412-e109-4bcf-b6e9-9d9ad0b05e22,4f98fe0c-8596-458e-a60a-7d2a0424626c,f88afad5-3d69-4d7f-8a1b-095720bc60a3,253.0,units,8.5,False
a85cb3e2-8329-4eec-af40-eaf47c8d99ce,2026-01-01,de2aa412-e109-4bcf-b6e9-9d9ad0b05e22,4f98fe0c-8596-458e-a60a-7d2a0424626c,f88afad5-3d69-4d7f-8a1b-095720bc60a3,193.0,units,11.47,False
a946a9c3-3595-4ee6-88ab-52039f3d46b7,2026-01-02,de2aa412-e109-4bcf-b6e9-9d9ad0b05e22,4f98fe0c-8596-458e-a60a-7d2a0424626c,f88afad5-3d69-4d7f-8a1b-095720bc60a3,201.0,units,9.86,False
5240a5cc-40e9-4820-89f2-f76dfe3ff048,2026-01-03,de2aa412-e109-4bcf-b6e9-9d9ad0b05e22,4f98fe0c-8596-458e-a60a-7d2a0424626c,f88afad5-3d69-4d7f-8a1b-095720bc60a3,295.0,units,8.4,False
c00e8d19-2f12-40da-a4b1-135d871e6f9e,2026-01-04,de2aa412-e109-4bcf-b6e9-9d9ad0b05e22,4f98fe0c-8596-458e-a60a-7d2a0424626c,f88afad5-3d69-4d7f-8a1b-095720bc60a3,303.0,units,9.81,False
c6c24285-c492-4e4d-b4e1-f2e127790343,2026-01-05,de2aa412-e109-4bcf-b6e9-9d9ad0b05e22,4f98fe0c-8596-458e-a60a-7d2a0424626c,f88afad5-3d69-4d7f-8a1b-095720bc60a3,198.0,units,10.79,False
ab5ec5a5-1a34-47e8-9ae5-a054e74e22d2,2026-01-06,de2aa412-e109-4bcf-b6e9-9d9ad0b05e22,4f98fe0c-8596-458e-a60a-7d2a0424626c,f88afad5-3d69-4d7f-8a1b-095720bc60a3,190.0,units,10.25,False
8b268249-6ebd-46f7-b2d9-b827ed1cd4b2,2026-01-07,de2aa412-e109-4bcf-b6e9-9d9ad0b05e22,4f98fe0c-8596-458e-a60a-7d2a0424626c,f88afad5-3d69-4d7f-8a1b-095720bc60a3,201.0,units,9.99,False
5e84c6f6-7010-4c7b-9e18-37e3c9937bdd,2026-01-08,de2aa412-e109-4bcf-b6e9-9d9ad0b05e22,4f98fe0c-8596-458e-a60a-7d2a0424626c,f88afad5-3d69-4d7f-8a1b-095720bc60a3,214.0,units,8.38,False
4d88fbb2-b2e9-4830-93c4-21325adf3c70,2026-01-09,de2aa412-e109-4bcf-b6e9-9d9ad0b05e22,4f98fe0c-8596-458e-a60a-7d2a0424626c,f88afad5-3d69-4d7f-8a1b-095720bc60a3,233.0,units,10.25,False
39f8b836-ceb9-47eb-b2a6-cf54afc991de,2026-01-10,de2aa412-e109-4bcf-b6e9-9d9ad0b05e22,4f98fe0c-8596-458e-a60a-7d2a0424626c,f88afad5-3d69-4d7f-8a1b-095720bc60a3,255.0,units,8.15,False
ab0d1da4-5967-4a42-aec1-cf108dbfbcff,2026-01-11,de2aa412-e109-4bcf-b6e9-9d9ad0b05e22,4f98fe0c-8596-458e-a60a-7d2a0424626c,f88afad5-3d69-4d7f-8a1b-095720bc60a3,281.0,units,11.27,False
a2b948a5-da43-4db0-912f-d67934a448d0,2026-01-12,de2aa412-e109-4bcf-b6e9-9d9ad0b05e22,4f98fe0c-8596-458e-a60a-7d2a0424626c,f88afad5-3d69-4d7f-8a1b-095720bc60a3,310.0,units,10.65,True
8ee968ff-ae00-42d8-9701-57a74eed9b71,2026-01-13,de2aa412-e109-4bcf-b6e9-9d9ad0b05e22,4f98fe0c-8596-458e-a60a-7d2a0424626c,f88afad5-3d69-4d7f-8a1b-095720bc60a3,218.0,units,9.64,False
ba3b514d-9f02-4fb0-993b-ea2f9fb1ce18,2026-01-14,de2aa412-e109-4bcf-b6e9-9d9ad0b05e22,4f98fe0c-8596-458e-a60a-7d2a0424626c,f88afad5-3d69-4d7f-8a1b-095720bc60a3,216.0,units,9.3,False
c3f97288-0c9e-4198-84b4-05b31e51a87d,2026-01-15,de2aa412-e109-4bcf-b6e9-9d9ad0b05e22,4f98fe0c-8596-458e-a60a-7d2a0424626c,f88afad5-3d69-4d7f-8a1b-095720bc60a3,156.0,units,11.19,False
60262e0d-73fc-485c-99ea-775e7edfb199,2026-01-16,de2aa412-e109-4bcf-b6e9-9d9ad0b05e22,4f98fe0c-8596-458e-a60a-7d2a0424626c,f88afad5-3d69-4d7f-8a1b-095720bc60a3,120.0,units,9.92,False
ed4bb237-3ef1-46e5-b7de-d9e4ce8dd210,2026-01-17,de2aa412-e109-4bcf-b6e9-9d9ad0b05e22,4f98fe0c-8596-458e-a60a-7d2a0424626c,f88afad5-3d69-4d7f-8a1b-095720bc60a3,275.0,units,10.8,False
92074b53-3d46-4849-ab98-b0a0ee146275,2026-01-18,de2aa412-e109-4bcf-b6e9-9d9ad0b05e22,4f98fe0c-8596-458e-a60a-7d2a0424626c,f88afad5-3d69-4d7f-8a1b-095720bc60a3,255.0,units,10.36,False
59375544-0be6-4b8c-9961-6be847c419cd,2026-01-19,de2aa412-e109-4bcf-b6e9-9d9ad0b05e22,4f98fe0c-8596-458e-a60a-7d2a0424626c,f88afad5-3d69-4d7f-8a1b-095720bc60a3,191.0,units,11.32,False
b7440793-89e7-4d38-9781-2a9b94d9b252,2026-01-20,de2aa412-e109-4bcf-b6e9-9d9ad0b05e22,4f98fe0c-8596-458e-a60a-7d2a0424626c,f88afad5-3d69-4d7f-8a1b-095720bc60a3,216.0,units,10.28,False
6255280c-a311-4fef-aff4-862849349085,2026-01-21,de2aa412-e109-4bcf-b6e9-9d9ad0b05e22,4f98fe0c-8596-458e-a60a-7d2a0424626c,f88afad5-3d69-4d7f-8a1b-095720bc60a3,206.0,units,8.41,False
be939fb0-2186-4206-bd24-b6f053f28687,2026-01-22,de2aa412-e109-4bcf-b6e9-9d9ad0b05e22,4f98fe0c-8596-458e-a60a-7d2a0424626c,f88afad5-3d69-4d7f-8a1b-095720bc60a3,247.0,units,10.14,False
4a104a1d-1cdb-4d60-8c10-0baa5b1be8bc,2026-01-23,de2aa412-e109-4bcf-b6e9-9d9ad0b05e22,4f98fe0c-8596-458e-a60a-7d2a0424626c,f88afad5-3d69-4d7f-8a1b-095720bc60a3,212.0,units,11.18,False
f9b30968-9559-4087-8e9e-cf766974b867,2026-01-24,de2aa412-e109-4bcf-b6e9-9d9ad0b05e22,4f98fe0c-8596-458e-a60a-7d2a0424626c,f88afad5-3d69-4d7f-8a1b-095720bc60a3,231.0,units,9.78,False
c413189c-82de-4f5d-8434-10fb14199922,2026-01-25,de2aa412-e109-4bcf-b6e9-9d9ad0b05e22,4f98fe0c-8596-458e-a60a-7d2a0424626c,f88afad5-3d69-4d7f-8a1b-095720bc60a3,304.0,units,10.98,False
6e356627-fb9c-4cd7-a8f7-aaeb2018c99a,2026-01-26,de2aa412-e109-4bcf-b6e9-9d9ad0b05e22,4f98fe0c-8596-458e-a60a-7d2a0424626c,f88afad5-3d69-4d7f-8a1b-095720bc60a3,203.0,units,9.77,False
d9f13bcf-c80f-4b4f-b973-ccef594355a7,2026-01-27,de2aa412-e109-4bcf-b6e9-9d9ad0b05e22,4f98fe0c-8596-458e-a60a-7d2a0424626c,f88afad5-3d69-4d7f-8a1b-095720bc60a3,274.0,units,11.41,True
ab56fe77-770f-4f80-a823-c9c3b93a28d9,2026-01-28,de2aa412-e109-4bcf-b6e9-9d9ad0b05e22,4f98fe0c-8596-458e-a60a-7d2a0424626c,f88afad5-3d69-4d7f-8a1b-095720bc60a3,234.0,units,10.46,True
fa27707d-e682-4c9b-a306-3aafe86c1bb0,2026-01-29,de2aa412-e109-4bcf-b6e9-9d9ad0b05e22,4f98fe0c-8596-458e-a60a-7d2a0424626c,f88afad5-3d69-4d7f-8a1b-095720bc60a3,190.0,units,9.15,False
748bca38-d9ac-4ef8-9184-1bce950bd855,2026-01-30,de2aa412-e109-4bcf-b6e9-9d9ad0b05e22,4f98fe0c-8596-458e-a60a-7d2a0424626c,f88afad5-3d69-4d7f-8a1b-095720bc60a3,215.0,units,10.88,False
3a8fef72-51d1-4c12-afe2-39577a703a7a,2026-01-31,de2aa412-e109-4bcf-b6e9-9d9ad0b05e22,4f98fe0c-8596-458e-a60a-7d2a0424626c,f88afad5-3d69-4d7f-8a1b-095720bc60a3,266.0,units,8.68,False
89a641b8-7c29-414d-9227-7776548309b8,2026-02-01,de2aa412-e109-4bcf-b6e9-9d9ad0b05e22,4f98fe0c-8596-458e-a60a-7d2a0424626c,f88afad5-3d69-4d7f-8a1b-095720bc60a3,286.0,units,10.17,False
289f666a-0ba5-497f-811d-8666e239e963,2026-02-02,de2aa412-e109-4bcf-b6e9-9d9ad0b05e22,4f98fe0c-8596-458e-a60a-7d2a0424626c,f88afad5-3d69-4d7f-8a1b-095720bc60a3,245.0,units,11.47,True
7a9c147d-92a5-4595-8cc2-7d832e904377,2026-02-03,de2aa412-e109-4bcf-b6e9-9d9ad0b05e22,4f98fe0c-8596-458e-a60a-7d2a0424626c,f88afad5-3d69-4d7f-8a1b-095720bc60a3,151.0,units,10.2,False
217789a4-2851-4ab2-88fe-15b0c618d607,2026-02-04,de2aa412-e109-4bcf-b6e9-9d9ad0b05e22,4f98fe0c-8596-458e-a60a-7d2a0424626c,f88afad5-3d69-4d7f-8a1b-095720bc60a3,199.0,units,8.6,False
a9096824-3d31-4d09-a1f4-7045df8f0a4c,2026-02-05,de2aa412-e109-4bcf-b6e9-9d9ad0b05e22,4f98fe0c-8596-458e-a60a-7d2a0424626c,f88afad5-3d69-4d7f-8a1b-095720bc60a3,241.0,units,11.29,False
f8a35558-efa4-42d0-8593-98c2134eef77,2026-02-06,de2aa412-e109-4bcf-b6e9-9d9ad0b05e22,4f98fe0c-8596-458e-a60a-7d2a0424626c,f88afad5-3d69-4d7f-8a1b-095720bc60a3,204.0,units,8.15,False
68568474-aea7-47ec-a324-02781d0595ac,2026-02-07,de2aa412-e109-4bcf-b6e9-9d9ad0b05e22,4f98fe0c-8596-458e-a60a-7d2a0424626c,f88afad5-3d69-4d7f-8a1b-095720bc60a3,309.0,units,9.84,True
1cbd0906-2de2-4bac-8ab2-0c93387f16c7,2026-02-08,de2aa412-e109-4bcf-b6e9-9d9ad0b05e22,4f98fe0c-8596-458e-a60a-7d2a0424626c,f88afad5-3d69-4d7f-8a1b-095720bc60a3,311.0,units,8.45,False
0b481c67-b4be-47a0-9fc8-b8ba36cdb669,2026-02-09,de2aa412-e109-4bcf-b6e9-9d9ad0b05e22,4f98fe0c-8596-458e-a60a-7d2a0424626c,f88afad5-3d69-4d7f-8a1b-095720bc60a3,191.0,units,9.2,False
5cae4414-a37d-484e-890a-a493d3bc25fa,2026-02-10,de2aa412-e109-4bcf-b6e9-9d9ad0b05e22,4f98fe0c-8596-458e-a60a-7d2a0424626c,f88afad5-3d69-4d7f-8a1b-095720bc60a3,162.0,units,10.6,False
9d2047f9-b070-4be6-ae81-355c156a366d,2026-02-11,de2aa412-e109-4bcf-b6e9-9d9ad0b05e22,4f98fe0c-8596-458e-a60a-7d2a0424626c,f88afad5-3d69-4d7f-8a1b-095720bc60a3,210.0,units,8.99,False
0c4e4ddb-93ee-4f80-8804-8c209b110f67,2026-02-12,de2aa412-e109-4bcf-b6e9-9d9ad0b05e22,4f98fe0c-8596-458e-a60a-7d2a0424626c,f88afad5-3d69-4d7f-8a1b-095720bc60a3,199.0,units,11.39,False
73e597aa-58ba-411f-b4d4-43e0860b5207,2026-02-13,de2aa412-e109-4bcf-b6e9-9d9ad0b05e22,4f98fe0c-8596-458e-a60a-7d2a0424626c,f88afad5-3d69-4d7f-8a1b-095720bc60a3,183.0,units,9.98,False
dc18b8a6-49ae-4b65-8555-18b739a33bf8,2026-02-14,de2aa412-e109-4bcf-b6e9-9d9ad0b05e22,4f98fe0c-8596-458e-a60a-7d2a0424626c,f88afad5-3d69-4d7f-8a1b-095720bc60a3,263.0,units,9.79,False
b8e16b15-dab0-44d0-a50c-b58eea1b1b09,2026-02-15,de2aa412-e109-4bcf-b6e9-9d9ad0b05e22,4f98fe0c-8596-458e-a60a-7d2a0424626c,f88afad5-3d69-4d7f-8a1b-095720bc60a3,293.0,units,9.45,False
5d52ce24-5da0-4d54-8b87-e60a3eaff670,2026-02-16,de2aa412-e109-4bcf-b6e9-9d9ad0b05e22,4f98fe0c-8596-458e-a60a-7d2a0424626c,f88afad5-3d69-4d7f-8a1b-095720bc60a3,217.0,units,8.66,False
c8c212bc-baa7-446a-8327-f94296e474ec,2026-02-17,de2aa412-e109-4bcf-b6e9-9d9ad0b05e22,4f98fe0c-8596-458e-a60a-7d2a0424626c,f88afad5-3d69-4d7f-8a1b-095720bc60a3,228.0,units,11.16,False
928ec40e-a8d4-4aa8-b761-3cd4608c35a7,2026-02-18,de2aa412-e109-4bcf-b6e9-9d9ad0b05e22,4f98fe0c-8596-458e-a60a-7d2a0424626c,f88afad5-3d69-4d7f-8a1b-095720bc60a3,281.0,units,9.42,False
148a6dda-d45d-44a1-9b8f-2dd411da27ec,2026-02-19,de2aa412-e109-4bcf-b6e9-9d9ad0b05e22,4f98fe0c-8596-458e-a60a-7d2a0424626c,f88afad5-3d69-4d7f-8a1b-095720bc60a3,206.0,units,10.73,False
b693230f-52d1-442d-a945-8025dc7fb58e,2026-02-20,de2aa412-e109-4bcf-b6e9-9d9ad0b05e22,4f98fe0c-8596-458e-a60a-7d2a0424626c,f88afad5-3d69-4d7f-8a1b-095720bc60a3,228.0,units,11.39,False
5560096d-75c8-4cc1-a759-060e1cd64076,2026-02-21,de2aa412-e109-4bcf-b6e9-9d9ad0b05e22,4f98fe0c-8596-458e-a60a-7d2a0424626c,f88afad5-3d69-4d7f-8a1b-095720bc60a3,251.0,units,11.14,False
a9f58b92-bfaa-4195-b941-7970f5b44bfc,2026-02-22,de2aa412-e109-4bcf-b6e9-9d9ad0b05e22,4f98fe0c-8596-458e-a60a-7d2a0424626c,f88afad5-3d69-4d7f-8a1b-095720bc60a3,237.0,units,10.66,False
1f746eb7-2962-43f9-8928-4e6bea1bf9ff,2026-02-23,de2aa412-e109-4bcf-b6e9-9d9ad0b05e22,4f98fe0c-8596-458e-a60a-7d2a0424626c,f88afad5-3d69-4d7f-8a1b-095720bc60a3,199.0,units,10.23,False
67434b67-763b-45b7-9c8b-0f3a212f86c9,2026-02-24,de2aa412-e109-4bcf-b6e9-9d9ad0b05e22,4f98fe0c-8596-458e-a60a-7d2a0424626c,f88afad5-3d69-4d7f-8a1b-095720bc60a3,203.0,units,9.55,False
0a6b9d20-6d73-4678-81af-a270459e91b5,2026-02-25,de2aa412-e109-4bcf-b6e9-9d9ad0b05e22,4f98fe0c-8596-458e-a60a-7d2a0424626c,f88afad5-3d69-4d7f-8a1b-095720bc60a3,232.0,units,9.36,False
623f2624-47a2-44e9-a36d-0a6883e5fb35,2026-02-26,de2aa412-e109-4bcf-b6e9-9d9ad0b05e22,4f98fe0c-8596-458e-a60a-7d2a0424626c,f88afad5-3d69-4d7f-8a1b-095720bc60a3,303.0,units,8.64,False
59b111f6-0968-4d28-b127-f681b9d545e5,2026-02-27,de2aa412-e109-4bcf-b6e9-9d9ad0b05e22,4f98fe0c-8596-458e-a60a-7d2a0424626c,f88afad5-3d69-4d7f-8a1b-095720bc60a3,234.0,units,9.84,True
0fa65d0a-652b-447e-b6e9-0f05210597e9,2026-02-28,de2aa412-e109-4bcf-b6e9-9d9ad0b05e22,4f98fe0c-8596-458e-a60a-7d2a0424626c,f88afad5-3d69-4d7f-8a1b-095720bc60a3,257.0,units,9.08,False
d47b264e-7f04-486f-a453-701abeba2b99,2026-03-01,de2aa412-e109-4bcf-b6e9-9d9ad0b05e22,4f98fe0c-8596-458e-a60a-7d2a0424626c,f88afad5-3d69-4d7f-8a1b-095720bc60a3,273.0,units,11.43,False
9c61e127-746f-43a3-a3bd-10979dd8185d,2026-03-02,de2aa412-e109-4bcf-b6e9-9d9ad0b05e22,4f98fe0c-8596-458e-a60a-7d2a0424626c,f88afad5-3d69-4d7f-8a1b-095720bc60a3,235.0,units,8.15,False
6da9a741-8908-4f8c-9b82-fc09c82f4774,2026-03-03,de2aa412-e109-4bcf-b6e9-9d9ad0b05e22,4f98fe0c-8596-458e-a60a-7d2a0424626c,f88afad5-3d69-4d7f-8a1b-095720bc60a3,230.0,units,9.18,False
86f7281c-3dd2-4f3e-bc2a-90c02489b13c,2026-03-04,de2aa412-e109-4bcf-b6e9-9d9ad0b05e22,4f98fe0c-8596-458e-a60a-7d2a0424626c,f88afad5-3d69-4d7f-8a1b-095720bc60a3,267.0,units,9.3,False
8b802de3-aba0-4617-8f4a-ee88fbc5d7f6,2026-03-05,de2aa412-e109-4bcf-b6e9-9d9ad0b05e22,4f98fe0c-8596-458e-a60a-7d2a0424626c,f88afad5-3d69-4d7f-8a1b-095720bc60a3,163.0,units,10.35,True
9cc0aff7-1d4d-4cf6-90bd-2479c8bf7d37,2026-03-06,de2aa412-e109-4bcf-b6e9-9d9ad0b05e22,4f98fe0c-8596-458e-a60a-7d2a0424626c,f88afad5-3d69-4d7f-8a1b-095720bc60a3,137.0,units,10.78,False
b538fafd-1f6a-4423-a36f-4434d3b499a8,2026-03-07,de2aa412-e109-4bcf-b6e9-9d9ad0b05e22,4f98fe0c-8596-458e-a60a-7d2a0424626c,f88afad5-3d69-4d7f-8a1b-095720bc60a3,255.0,units,8.09,False
ba627824-8777-46b6-a57c-7a7b43b1c49c,2026-03-08,de2aa412-e109-4bcf-b6e9-9d9ad0b05e22,4f98fe0c-8596-458e-a60a-7d2a0424626c,f88afad5-3d69-4d7f-8a1b-095720bc60a3,326.0,units,9.68,False
017ec3e6-5bed-43fd-9c1b-403b05b217fa,2026-03-09,de2aa412-e109-4bcf-b6e9-9d9ad0b05e22,4f98fe0c-8596-458e-a60a-7d2a0424626c,f88afad5-3d69-4d7f-8a1b-095720bc60a3,166.0,units,11.2,False
0d5ca96d-fc4a-44c1-a614-3b2eb181c668,2026-03-10,de2aa412-e109-4bcf-b6e9-9d9ad0b05e22,4f98fe0c-8596-458e-a60a-7d2a0424626c,f88afad5-3d69-4d7f-8a1b-095720bc60a3,115.0,units,9.4,False
a2e4ee73-4da0-49a8-a8db-7683e6bef4e8,2026-03-11,de2aa412-e109-4bcf-b6e9-9d9ad0b05e22,4f98fe0c-8596-458e-a60a-7d2a0424626c,f88afad5-3d69-4d7f-8a1b-095720bc60a3,243.0,units,8.41,False
ea8874bd-66cc-41fc-8f01-29d844af12f5,2026-03-12,de2aa412-e109-4bcf-b6e9-9d9ad0b05e22,4f98fe0c-8596-458e-a60a-7d2a0424626c,f88afad5-3d69-4d7f-8a1b-095720bc60a3,231.0,units,10.18,False
6d3f7e93-507a-4e5e-a8aa-73012561caa4,2026-03-13,de2aa412-e109-4bcf-b6e9-9d9ad0b05e22,4f98fe0c-8596-458e-a60a-7d2a0424626c,f88afad5-3d69-4d7f-8a1b-095720bc60a3,184.0,units,11.06,False
2e1f03c9-421e-4cd8-bf49-10579833b3e8,2026-03-14,de2aa412-e109-4bcf-b6e9-9d9ad0b05e22,4f98fe0c-8596-458e-a60a-7d2a0424626c,f88afad5-3d69-4d7f-8a1b-095720bc60a3,282.0,units,11.17,True
724933af-76bb-4666-9fcb-b12b43bf473f,2026-03-15,de2aa412-e109-4bcf-b6e9-9d9ad0b05e22,4f98fe0c-8596-458e-a60a-7d2a0424626c,f88afad5-3d69-4d7f-8a1b-095720bc60a3,235.0,units,10.7,False
b979c3b7-6807-45ba-a0dc-8f7cb3abe72b,2026-03-16,de2aa412-e109-4bcf-b6e9-9d9ad0b05e22,4f98fe0c-8596-458e-a60a-7d2a0424626c,f88afad5-3d69-4d7f-8a1b-095720bc60a3,227.0,units,8.74,False
b7cf93ff-74b8-4b00-aecf-35ea8bca6a14,2026-03-17,de2aa412-e109-4bcf-b6e9-9d9ad0b05e22,4f98fe0c-8596-458e-a60a-7d2a0424626c,f88afad5-3d69-4d7f-8a1b-095720bc60a3,201.0,units,9.8,False
22cd8384-80c4-46f0-9513-deaa978852ed,2026-03-18,de2aa412-e109-4bcf-b6e9-9d9ad0b05e22,4f98fe0c-8596-458e-a60a-7d2a0424626c,f88afad5-3d69-4d7f-8a1b-095720bc60a3,241.0,units,9.52,False
753f1cea-d56d-4dde-b03e-a84c7c1351fc,2026-03-19,de2aa412-e109-4bcf-b6e9-9d9ad0b05e22,4f98fe0c-8596-458e-a60a-7d2a0424626c,f88afad5-3d69-4d7f-8a1b-095720bc60a3,121.0,units,8.65,False
1e46ef7c-bf5f-4a8b-9215-2ddfe9b30fad,2026-03-20,de2aa412-e109-4bcf-b6e9-9d9ad0b05e22,4f98fe0c-8596-458e-a60a-7d2a0424626c,f88afad5-3d69-4d7f-8a1b-095720bc60a3,193.0,units,9.39,False
cd40f493-2aff-4614-88a3-e04efc02fb5f,2026-03-21,de2aa412-e109-4bcf-b6e9-9d9ad0b05e22,4f98fe0c-8596-458e-a60a-7d2a0424626c,f88afad5-3d69-4d7f-8a1b-095720bc60a3,229.0,units,10.3,False
7ac9dea7-fa35-4964-8b73-dc12fa45d0bd,2026-03-22,de2aa412-e109-4bcf-b6e9-9d9ad0b05e22,4f98fe0c-8596-458e-a60a-7d2a0424626c,f88afad5-3d69-4d7f-8a1b-095720bc60a3,268.0,units,11.51,False
298dd1e9-8524-42d6-b9b7-51d2752856e6,2026-03-23,de2aa412-e109-4bcf-b6e9-9d9ad0b05e22,4f98fe0c-8596-458e-a60a-7d2a0424626c,f88afad5-3d69-4d7f-8a1b-095720bc60a3,204.0,units,9.05,False
6737fabd-a621-4855-891b-fe93ba169ca3,2026-03-24,de2aa412-e109-4bcf-b6e9-9d9ad0b05e22,4f98fe0c-8596-458e-a60a-7d2a0424626c,f88afad5-3d69-4d7f-8a1b-095720bc60a3,252.0,units,9.46,False
9c59342f-fa8b-43f4-943a-a3aa18deab35,2026-03-25,de2aa412-e109-4bcf-b6e9-9d9ad0b05e22,4f98fe0c-8596-458e-a60a-7d2a0424626c,f88afad5-3d69-4d7f-8a1b-095720bc60a3,157.0,units,11.26,False
78be64a4-8fb7-44a2-93d0-c693443dd827,2026-03-26,de2aa412-e109-4bcf-b6e9-9d9ad0b05e22,4f98fe0c-8596-458e-a60a-7d2a0424626c,f88afad5-3d69-4d7f-8a1b-095720bc60a3,271.0,units,8.29,True
e3a1a4d2-265e-47b1-93b8-9275aa74d19c,2026-03-27,de2aa412-e109-4bcf-b6e9-9d9ad0b05e22,4f98fe0c-8596-458e-a60a-7d2a0424626c,f88afad5-3d69-4d7f-8a1b-095720bc60a3,244.0,units,10.86,False
dccceff2-9f7c-4300-a5ee-d0be91176940,2026-03-28,de2aa412-e109-4bcf-b6e9-9d9ad0b05e22,4f98fe0c-8596-458e-a60a-7d2a0424626c,f88afad5-3d69-4d7f-8a1b-095720bc60a3,363.0,units,9.01,False
3fce043c-113e-43b8-ba68-45dd61de1f20,2026-03-29,de2aa412-e109-4bcf-b6e9-9d9ad0b05e22,4f98fe0c-8596-458e-a60a-7d2a0424626c,f88afad5-3d69-4d7f-8a1b-095720bc60a3,258.0,units,9.45,False
74977834-c2f7-4216-a705-028d8d3fd8c7,2026-03-30,de2aa412-e109-4bcf-b6e9-9d9ad0b05e22,4f98fe0c-8596-458e-a60a-7d2a0424626c,f88afad5-3d69-4d7f-8a1b-095720bc60a3,236.0,units,10.19,False
7acd5598-80c1-437a-86d1-af45e9a2f79b,2026-03-31,de2aa412-e109-4bcf-b6e9-9d9ad0b05e22,4f98fe0c-8596-458e-a60a-7d2a0424626c,f88afad5-3d69-4d7f-8a1b-095720bc60a3,159.0,units,10.49,False
34ff2816-bf9b-41cb-86d1-3717311db1b7,2026-04-01,de2aa412-e109-4bcf-b6e9-9d9ad0b05e22,4f98fe0c-8596-458e-a60a-7d2a0424626c,f88afad5-3d69-4d7f-8a1b-095720bc60a3,138.0,units,11.02,False
77b821ac-95a1-4e2a-b057-7a83e58ece15,2026-04-02,de2aa412-e109-4bcf-b6e9-9d9ad0b05e22,4f98fe0c-8596-458e-a60a-7d2a0424626c,f88afad5-3d69-4d7f-8a1b-095720bc60a3,254.0,units,8.47,False
ee404500-f9de-4e25-877d-4a50310669cd,2026-04-03,de2aa412-e109-4bcf-b6e9-9d9ad0b05e22,4f98fe0c-8596-458e-a60a-7d2a0424626c,f88afad5-3d69-4d7f-8a1b-095720bc60a3,224.0,units,10.21,False
7e5f849c-cf11-45a3-8c95-e2da8548ed82,2026-04-04,de2aa412-e109-4bcf-b6e9-9d9ad0b05e22,4f98fe0c-8596-458e-a60a-7d2a0424626c,f88afad5-3d69-4d7f-8a1b-095720bc60a3,399.0,units,8.09,True
7b48b129-6f0a-497c-bc43-3b2895d60045,2026-04-05,de2aa412-e109-4bcf-b6e9-9d9ad0b05e22,4f98fe0c-8596-458e-a60a-7d2a0424626c,f88afad5-3d69-4d7f-8a1b-095720bc60a3,218.0,units,9.18,False
1037bc68-7421-479c-8176-f0685d25550e,2026-04-06,de2aa412-e109-4bcf-b6e9-9d9ad0b05e22,4f98fe0c-8596-458e-a60a-7d2a0424626c,f88afad5-3d69-4d7f-8a1b-095720bc60a3,243.0,units,9.57,False
1ca542d6-7f59-4d7c-b502-d0bc15acd01c,2026-04-07,de2aa412-e109-4bcf-b6e9-9d9ad0b05e22,4f98fe0c-8596-458e-a60a-7d2a0424626c,f88afad5-3d69-4d7f-8a1b-095720bc60a3,291.0,units,11.21,False
f93a0769-3064-4075-8098-fa39d27ee59d,2026-04-08,de2aa412-e109-4bcf-b6e9-9d9ad0b05e22,4f98fe0c-8596-458e-a60a-7d2a0424626c,f88afad5-3d69-4d7f-8a1b-095720bc60a3,239.0,units,11.21,False
b981000a-6967-4df9-8a2a-47ba29a7c8ce,2026-04-09,de2aa412-e109-4bcf-b6e9-9d9ad0b05e22,4f98fe0c-8596-458e-a60a-7d2a0424626c,f88afad5-3d69-4d7f-8a1b-095720bc60a3,234.0,units,11.32,False
3cd91cf2-f2c4-4d98-a0f9-23b2abe37e01,2026-04-10,de2aa412-e109-4bcf-b6e9-9d9ad0b05e22,4f98fe0c-8596-458e-a60a-7d2a0424626c,f88afad5-3d69-4d7f-8a1b-095720bc60a3,224.0,units,8.96,False
9836a4de-e254-419e-882a-5ce5ed21c130,2026-04-11,de2aa412-e109-4bcf-b6e9-9d9ad0b05e22,4f98fe0c-8596-458e-a60a-7d2a0424626c,f88afad5-3d69-4d7f-8a1b-095720bc60a3,209.0,units,11.37,False
0f1a6acb-5eb6-428e-9d42-cbe6875d4758,2026-04-12,de2aa412-e109-4bcf-b6e9-9d9ad0b05e22,4f98fe0c-8596-458e-a60a-7d2a0424626c,f88afad5-3d69-4d7f-8a1b-095720bc60a3,408.0,units,9.2,True
965cdcd1-3960-4236-bce5-26b388cd3822,2026-04-13,de2aa412-e109-4bcf-b6e9-9d9ad0b05e22,4f98fe0c-8596-458e-a60a-7d2a0424626c,f88afad5-3d69-4d7f-8a1b-095720bc60a3,202.0,units,10.89,False
c5c58216-9b73-4930-bc15-629b8fdc8b1d,2026-04-14,de2aa412-e109-4bcf-b6e9-9d9ad0b05e22,4f98fe0c-8596-458e-a60a-7d2a0424626c,f88afad5-3d69-4d7f-8a1b-095720bc60a3,241.0,units,8.53,False
0efd30c5-51f1-4790-bdaf-57d1768db2b0,2026-04-15,de2aa412-e109-4bcf-b6e9-9d9ad0b05e22,4f98fe0c-8596-458e-a60a-7d2a0424626c,f88afad5-3d69-4d7f-8a1b-095720bc60a3,167.0,units,8.49,False
ea1491f3-13d7-46bc-94e3-91f5ccd60242,2026-04-16,de2aa412-e109-4bcf-b6e9-9d9ad0b05e22,4f98fe0c-8596-458e-a60a-7d2a0424626c,f88afad5-3d69-4d7f-8a1b-095720bc60a3,181.0,units,10.69,False
92fd4e4f-f0fe-4188-9f13-f38ba22efe5d,2026-04-17,de2aa412-e109-4bcf-b6e9-9d9ad0b05e22,4f98fe0c-8596-458e-a60a-7d2a0424626c,f88afad5-3d69-4d7f-8a1b-095720bc60a3,274.0,units,11.43,False
ffecef04-3e30-4535-b3fc-1ba874f4baba,2026-04-18,de2aa412-e109-4bcf-b6e9-9d9ad0b05e22,4f98fe0c-8596-458e-a60a-7d2a0424626c,f88afad5-3d69-4d7f-8a1b-095720bc60a3,263.0,units,8.48,False
f1880847-dcd6-4cb1-85bd-0832146937a2,2026-04-19,de2aa412-e109-4bcf-b6e9-9d9ad0b05e22,4f98fe0c-8596-458e-a60a-7d2a0424626c,f88afad5-3d69-4d7f-8a1b-095720bc60a3,343.0,units,10.07,False
0ca1af9b-fd14-4cee-90fe-1cdc677bfaee,2026-04-20,de2aa412-e109-4bcf-b6e9-9d9ad0b05e22,4f98fe0c-8596-458e-a60a-7d2a0424626c,f88afad5-3d69-4d7f-8a1b-095720bc60a3,220.0,units,11.47,False
ee874af5-5c47-434c-aafa-f5785301d3d8,2026-04-21,de2aa412-e109-4bcf-b6e9-9d9ad0b05e22,4f98fe0c-8596-458e-a60a-7d2a0424626c,f88afad5-3d69-4d7f-8a1b-095720bc60a3,157.0,units,10.61,False
8c3d145a-1a21-4a7f-9706-6615bcebea0c,2026-04-22,de2aa412-e109-4bcf-b6e9-9d9ad0b05e22,4f98fe0c-8596-458e-a60a-7d2a0424626c,f88afad5-3d69-4d7f-8a1b-095720bc60a3,254.0,units,8.97,False
68ab004a-ec87-496d-9424-450ca59df37d,2026-04-23,de2aa412-e109-4bcf-b6e9-9d9ad0b05e22,4f98fe0c-8596-458e-a60a-7d2a0424626c,f88afad5-3d69-4d7f-8a1b-095720bc60a3,201.0,units,10.0,False
735eac1b-0ea8-4689-b2a6-dbdbfc219e07,2026-04-24,de2aa412-e109-4bcf-b6e9-9d9ad0b05e22,4f98fe0c-8596-458e-a60a-7d2a0424626c,f88afad5-3d69-4d7f-8a1b-095720bc60a3,247.0,units,10.36,False
33d94307-58bb-40d8-809c-9211eb9f92d8,2026-04-25,de2aa412-e109-4bcf-b6e9-9d9ad0b05e22,4f98fe0c-8596-458e-a60a-7d2a0424626c,f88afad5-3d69-4d7f-8a1b-095720bc60a3,279.0,units,8.77,False
19d54e33-ba7c-4331-a3d9-45c23738c8a0,2026-04-26,de2aa412-e109-4bcf-b6e9-9d9ad0b05e22,4f98fe0c-8596-458e-a60a-7d2a0424626c,f88afad5-3d69-4d7f-8a1b-095720bc60a3,251.0,units,8.26,True
a3a70835-a7c4-41db-8738-410ecb790bde,2026-04-27,de2aa412-e109-4bcf-b6e9-9d9ad0b05e22,4f98fe0c-8596-458e-a60a-7d2a0424626c,f88afad5-3d69-4d7f-8a1b-095720bc60a3,273.0,units,8.81,True
aa129bc3-1708-4391-a201-da90d66848f2,2026-04-28,de2aa412-e109-4bcf-b6e9-9d9ad0b05e22,4f98fe0c-8596-458e-a60a-7d2a0424626c,f88afad5-3d69-4d7f-8a1b-095720bc60a3,299.0,units,8.71,False
b5000a12-0745-4c59-bf16-ede8bd09f070,2026-04-29,de2aa412-e109-4bcf-b6e9-9d9ad0b05e22,4f98fe0c-8596-458e-a60a-7d2a0424626c,f88afad5-3d69-4d7f-8a1b-095720bc60a3,239.0,units,8.78,False
1e5b5281-8a1e-4173-8609-5f54178228c0,2026-04-30,de2aa412-e109-4bcf-b6e9-9d9ad0b05e22,4f98fe0c-8596-458e-a60a-7d2a0424626c,f88afad5-3d69-4d7f-8a1b-095720bc60a3,219.0,units,9.9,False
bcd6244e-a28a-4c0e-af6f-3b26dba5a371,2026-05-01,de2aa412-e109-4bcf-b6e9-9d9ad0b05e22,4f98fe0c-8596-458e-a60a-7d2a0424626c,f88afad5-3d69-4d7f-8a1b-095720bc60a3,259.0,units,10.71,False
c66961c2-b136-48a3-8bc5-77439f2fff76,2026-05-02,de2aa412-e109-4bcf-b6e9-9d9ad0b05e22,4f98fe0c-8596-458e-a60a-7d2a0424626c,f88afad5-3d69-4d7f-8a1b-095720bc60a3,285.0,units,8.59,False
d800fe96-322b-4376-b82b-a61497c1cb9b,2026-05-03,de2aa412-e109-4bcf-b6e9-9d9ad0b05e22,4f98fe0c-8596-458e-a60a-7d2a0424626c,f88afad5-3d69-4d7f-8a1b-095720bc60a3,285.0,units,11.25,False
74c4651a-0a13-43e9-a7ef-ea9526f94978,2026-05-04,de2aa412-e109-4bcf-b6e9-9d9ad0b05e22,4f98fe0c-8596-458e-a60a-7d2a0424626c,f88afad5-3d69-4d7f-8a1b-095720bc60a3,182.0,units,9.32,False
d814ce5f-c083-46bb-8dc6-9a83c7d44b3a,2026-05-05,de2aa412-e109-4bcf-b6e9-9d9ad0b05e22,4f98fe0c-8596-458e-a60a-7d2a0424626c,f88afad5-3d69-4d7f-8a1b-095720bc60a3,228.0,units,9.85,False
1df965e3-29b6-4198-97be-25b2f6c8c606,2026-05-06,de2aa412-e109-4bcf-b6e9-9d9ad0b05e22,4f98fe0c-8596-458e-a60a-7d2a0424626c,f88afad5-3d69-4d7f-8a1b-095720bc60a3,256.0,units,9.13,False
b2f4e4e1-a96b-4f2d-af11-e9883d844794,2026-05-07,de2aa412-e109-4bcf-b6e9-9d9ad0b05e22,4f98fe0c-8596-458e-a60a-7d2a0424626c,f88afad5-3d69-4d7f-8a1b-095720bc60a3,190.0,units,8.57,False
eedfe3c9-1f91-4555-b528-5b56edc8972f,2026-05-08,de2aa412-e109-4bcf-b6e9-9d9ad0b05e22,4f98fe0c-8596-458e-a60a-7d2a0424626c,f88afad5-3d69-4d7f-8a1b-095720bc60a3,269.0,units,8.89,False
bd0e5016-b814-4fa7-80e3-37461e9194c0,2026-05-09,de2aa412-e109-4bcf-b6e9-9d9ad0b05e22,4f98fe0c-8596-458e-a60a-7d2a0424626c,f88afad5-3d69-4d7f-8a1b-095720bc60a3,183.25,units,10.37,False
623330ac-a5da-4d31-be50-46f549a39e50,2026-05-10,de2aa412-e109-4bcf-b6e9-9d9ad0b05e22,4f98fe0c-8596-458e-a60a-7d2a0424626c,f88afad5-3d69-4d7f-8a1b-095720bc60a3,235.0,units,8.34,False
957dc08a-03c2-4bb9-be08-8a3d7b101c39,2026-05-11,de2aa412-e109-4bcf-b6e9-9d9ad0b05e22,4f98fe0c-8596-458e-a60a-7d2a0424626c,f88afad5-3d69-4d7f-8a1b-095720bc60a3,193.43,units,9.83,False
56a9cf96-39b6-497a-a4f7-8419ad8ce8f2,2026-05-12,de2aa412-e109-4bcf-b6e9-9d9ad0b05e22,4f98fe0c-8596-458e-a60a-7d2a0424626c,f88afad5-3d69-4d7f-8a1b-095720bc60a3,250.0,units,10.32,True
4bf961e1-1ccc-4b2c-b54e-f53b52a35d1c,2026-05-13,de2aa412-e109-4bcf-b6e9-9d9ad0b05e22,4f98fe0c-8596-458e-a60a-7d2a0424626c,f88afad5-3d69-4d7f-8a1b-095720bc60a3,245.0,units,9.08,False
b2c5a43c-7aee-46c2-8d2d-cd873fe1f671,2026-05-14,de2aa412-e109-4bcf-b6e9-9d9ad0b05e22,4f98fe0c-8596-458e-a60a-7d2a0424626c,f88afad5-3d69-4d7f-8a1b-095720bc60a3,174.58,units,9.78,False
f2960c82-8134-4554-b609-d571498ca02d,2026-05-15,de2aa412-e109-4bcf-b6e9-9d9ad0b05e22,4f98fe0c-8596-458e-a60a-7d2a0424626c,f88afad5-3d69-4d7f-8a1b-095720bc60a3,215.0,units,11.41,False
a474a82d-a994-43b0-8092-71d9b58af374,2026-05-16,de2aa412-e109-4bcf-b6e9-9d9ad0b05e22,4f98fe0c-8596-458e-a60a-7d2a0424626c,f88afad5-3d69-4d7f-8a1b-095720bc60a3,293.0,units,8.98,False
3ca41748-b039-4ac9-a1d2-ec4a03b9b5c3,2026-05-17,de2aa412-e109-4bcf-b6e9-9d9ad0b05e22,4f98fe0c-8596-458e-a60a-7d2a0424626c,f88afad5-3d69-4d7f-8a1b-095720bc60a3,341.0,units,10.22,True
cce22252-a7bb-4abc-b2d5-6f97bef451bd,2026-05-18,de2aa412-e109-4bcf-b6e9-9d9ad0b05e22,4f98fe0c-8596-458e-a60a-7d2a0424626c,f88afad5-3d69-4d7f-8a1b-095720bc60a3,147.0,units,8.4,False
747451d4-a003-44ab-83f6-037c27718264,2026-05-19,de2aa412-e109-4bcf-b6e9-9d9ad0b05e22,4f98fe0c-8596-458e-a60a-7d2a0424626c,f88afad5-3d69-4d7f-8a1b-095720bc60a3,178.0,units,8.77,False
1e8c812d-57cb-418b-bf1a-08a09d7029f9,2026-05-20,de2aa412-e109-4bcf-b6e9-9d9ad0b05e22,4f98fe0c-8596-458e-a60a-7d2a0424626c,f88afad5-3d69-4d7f-8a1b-095720bc60a3,248.0,units,9.06,False
2f81b525-c811-4db1-a27c-3ab381d228a7,2026-05-21,de2aa412-e109-4bcf-b6e9-9d9ad0b05e22,4f98fe0c-8596-458e-a60a-7d2a0424626c,f88afad5-3d69-4d7f-8a1b-095720bc60a3,211.0,units,9.81,False
1c6687a5-3463-45b5-b395-a90f1a85c3b1,2026-05-22,de2aa412-e109-4bcf-b6e9-9d9ad0b05e22,4f98fe0c-8596-458e-a60a-7d2a0424626c,f88afad5-3d69-4d7f-8a1b-095720bc60a3,197.0,units,9.12,False
e851642b-ad0e-450f-833c-615204ae0982,2026-05-23,de2aa412-e109-4bcf-b6e9-9d9ad0b05e22,4f98fe0c-8596-458e-a60a-7d2a0424626c,f88afad5-3d69-4d7f-8a1b-095720bc60a3,210.0,units,8.29,False
0e83697c-acd6-4870-a5a0-9a21eea578fe,2026-05-24,de2aa412-e109-4bcf-b6e9-9d9ad0b05e22,4f98fe0c-8596-458e-a60a-7d2a0424626c,f88afad5-3d69-4d7f-8a1b-095720bc60a3,222.0,units,8.09,False
9643e8b9-46af-4b4b-b804-6aa3ff58be2d,2026-05-25,de2aa412-e109-4bcf-b6e9-9d9ad0b05e22,4f98fe0c-8596-458e-a60a-7d2a0424626c,f88afad5-3d69-4d7f-8a1b-095720bc60a3,145.0,units,8.67,False
8387ffdb-99e2-46c1-af32-6113c33bab7e,2026-05-26,de2aa412-e109-4bcf-b6e9-9d9ad0b05e22,4f98fe0c-8596-458e-a60a-7d2a0424626c,f88afad5-3d69-4d7f-8a1b-095720bc60a3,211.0,units,11.04,False
91d41af3-1009-48db-9e53-290fd1829ae9,2026-05-27,de2aa412-e109-4bcf-b6e9-9d9ad0b05e22,4f98fe0c-8596-458e-a60a-7d2a0424626c,f88afad5-3d69-4d7f-8a1b-095720bc60a3,193.0,units,9.76,False
4416aaad-8039-4e6b-aa0e-e9ea83007e69,2026-05-28,de2aa412-e109-4bcf-b6e9-9d9ad0b05e22,4f98fe0c-8596-458e-a60a-7d2a0424626c,f88afad5-3d69-4d7f-8a1b-095720bc60a3,180.0,units,10.04,False
45464f9f-da20-4c4c-a8f4-509ac958433a,2026-05-29,de2aa412-e109-4bcf-b6e9-9d9ad0b05e22,4f98fe0c-8596-458e-a60a-7d2a0424626c,f88afad5-3d69-4d7f-8a1b-095720bc60a3,211.0,units,8.64,False
04b1b9d3-e8ca-406b-944f-e2f8c8b6e450,2026-05-30,de2aa412-e109-4bcf-b6e9-9d9ad0b05e22,4f98fe0c-8596-458e-a60a-7d2a0424626c,f88afad5-3d69-4d7f-8a1b-095720bc60a3,281.0,units,10.63,False
ad742a99-952a-4549-90cc-3bc35a41d6d7,2026-05-31,de2aa412-e109-4bcf-b6e9-9d9ad0b05e22,4f98fe0c-8596-458e-a60a-7d2a0424626c,f88afad5-3d69-4d7f-8a1b-095720bc60a3,354.0,units,8.95,False
34e67755-ce87-4ac4-bddf-1aeff07cc30e,2026-06-01,de2aa412-e109-4bcf-b6e9-9d9ad0b05e22,4f98fe0c-8596-458e-a60a-7d2a0424626c,f88afad5-3d69-4d7f-8a1b-095720bc60a3,161.0,units,9.28,False
637d3451-e984-4351-9dd1-b2f209713df1,2026-06-02,de2aa412-e109-4bcf-b6e9-9d9ad0b05e22,4f98fe0c-8596-458e-a60a-7d2a0424626c,f88afad5-3d69-4d7f-8a1b-095720bc60a3,251.0,units,10.76,False
18148ade-d4e8-45d1-9884-1e41d415d6b3,2026-06-03,de2aa412-e109-4bcf-b6e9-9d9ad0b05e22,4f98fe0c-8596-458e-a60a-7d2a0424626c,f88afad5-3d69-4d7f-8a1b-095720bc60a3,72.57,units,8.44,False
e246e522-20d0-4168-8aa9-a4b0db314aa7,2026-06-04,de2aa412-e109-4bcf-b6e9-9d9ad0b05e22,4f98fe0c-8596-458e-a60a-7d2a0424626c,f88afad5-3d69-4d7f-8a1b-095720bc60a3,185.0,units,11.48,False
3cc10155-62cf-45e5-b1ce-d3bfddf5ca5a,2026-06-05,de2aa412-e109-4bcf-b6e9-9d9ad0b05e22,4f98fe0c-8596-458e-a60a-7d2a0424626c,f88afad5-3d69-4d7f-8a1b-095720bc60a3,217.0,units,8.55,False
32e8a286-cf3d-4084-ba93-f6ee0a7e6c7a,2026-06-06,de2aa412-e109-4bcf-b6e9-9d9ad0b05e22,4f98fe0c-8596-458e-a60a-7d2a0424626c,f88afad5-3d69-4d7f-8a1b-095720bc60a3,244.0,units,11.46,False
d0a23a61-3081-4124-85f5-6889d1811cf4,2026-06-07,de2aa412-e109-4bcf-b6e9-9d9ad0b05e22,4f98fe0c-8596-458e-a60a-7d2a0424626c,f88afad5-3d69-4d7f-8a1b-095720bc60a3,241.74,units,11.39,False
e695ac6e-0b2d-432d-8e97-0f56fc50b5b6,2026-06-08,de2aa412-e109-4bcf-b6e9-9d9ad0b05e22,4f98fe0c-8596-458e-a60a-7d2a0424626c,f88afad5-3d69-4d7f-8a1b-095720bc60a3,260.0,units,11.12,False
6e5a017e-4141-44c5-a180-889238edbac0,2026-06-09,de2aa412-e109-4bcf-b6e9-9d9ad0b05e22,4f98fe0c-8596-458e-a60a-7d2a0424626c,f88afad5-3d69-4d7f-8a1b-095720bc60a3,59.3,units,11.4,False
11149046-36ac-42e4-a167-c3af79746fff,2026-06-10,de2aa412-e109-4bcf-b6e9-9d9ad0b05e22,4f98fe0c-8596-458e-a60a-7d2a0424626c,f88afad5-3d69-4d7f-8a1b-095720bc60a3,226.0,units,11.16,False
48de6236-fcb8-41ec-9f7a-2b93c35ffa28,2026-06-11,de2aa412-e109-4bcf-b6e9-9d9ad0b05e22,4f98fe0c-8596-458e-a60a-7d2a0424626c,f88afad5-3d69-4d7f-8a1b-095720bc60a3,194.0,units,9.13,False
bae001c8-c4b3-44f1-9ba3-6f9cf3040d46,2026-06-12,de2aa412-e109-4bcf-b6e9-9d9ad0b05e22,4f98fe0c-8596-458e-a60a-7d2a0424626c,f88afad5-3d69-4d7f-8a1b-095720bc60a3,137.07,units,10.19,True
403eed6c-f398-4f11-b9d6-c4ed871cefa8,2026-06-13,de2aa412-e109-4bcf-b6e9-9d9ad0b05e22,4f98fe0c-8596-458e-a60a-7d2a0424626c,f88afad5-3d69-4d7f-8a1b-095720bc60a3,251.0,units,10.82,False
1c428d04-9385-421d-b5f1-170606bbe93e,2026-06-14,de2aa412-e109-4bcf-b6e9-9d9ad0b05e22,4f98fe0c-8596-458e-a60a-7d2a0424626c,f88afad5-3d69-4d7f-8a1b-095720bc60a3,173.2,units,10.45,False
c443ed01-122b-4b38-abce-22623c0f1e5d,2026-06-15,de2aa412-e109-4bcf-b6e9-9d9ad0b05e22,4f98fe0c-8596-458e-a60a-7d2a0424626c,f88afad5-3d69-4d7f-8a1b-095720bc60a3,156.0,units,11.43,False
a1114ec0-065e-4180-b68b-9d587a72f8b4,2026-06-16,de2aa412-e109-4bcf-b6e9-9d9ad0b05e22,4f98fe0c-8596-458e-a60a-7d2a0424626c,f88afad5-3d69-4d7f-8a1b-095720bc60a3,171.0,units,9.06,False
534635c3-eb36-4461-8bce-92a811688f19,2026-06-17,de2aa412-e109-4bcf-b6e9-9d9ad0b05e22,4f98fe0c-8596-458e-a60a-7d2a0424626c,f88afad5-3d69-4d7f-8a1b-095720bc60a3,210.0,units,8.19,False
1f95abc9-6be9-45ed-8cc9-57264209a884,2026-06-18,de2aa412-e109-4bcf-b6e9-9d9ad0b05e22,4f98fe0c-8596-458e-a60a-7d2a0424626c,f88afad5-3d69-4d7f-8a1b-095720bc60a3,173.0,units,9.12,False
6e7e77a7-38e6-404c-81c2-9f394c85f3ea,2026-06-19,de2aa412-e109-4bcf-b6e9-9d9ad0b05e22,4f98fe0c-8596-458e-a60a-7d2a0424626c,f88afad5-3d69-4d7f-8a1b-095720bc60a3,179.0,units,8.05,False
97eb3e87-10b9-44c8-8c71-4dc34b50c0e3,2026-06-20,de2aa412-e109-4bcf-b6e9-9d9ad0b05e22,4f98fe0c-8596-458e-a60a-7d2a0424626c,f88afad5-3d69-4d7f-8a1b-095720bc60a3,198.46,units,11.06,False
47a24e70-45be-43a5-b3d4-455be831eb70,2026-06-21,de2aa412-e109-4bcf-b6e9-9d9ad0b05e22,4f98fe0c-8596-458e-a60a-7d2a0424626c,f88afad5-3d69-4d7f-8a1b-095720bc60a3,200.0,units,8.35,False
aa34b849-a041-4ddb-ae69-84a595c84f2b,2026-06-22,de2aa412-e109-4bcf-b6e9-9d9ad0b05e22,4f98fe0c-8596-458e-a60a-7d2a0424626c,f88afad5-3d69-4d7f-8a1b-095720bc60a3,172.0,units,8.74,False
69f00d31-8627-435e-b164-13b403a31150,2026-06-23,de2aa412-e109-4bcf-b6e9-9d9ad0b05e22,4f98fe0c-8596-458e-a60a-7d2a0424626c,f88afad5-3d69-4d7f-8a1b-095720bc60a3,83.4,units,9.71,False
3d14208c-95b5-425e-b6cc-62d1c059d54c,2026-06-24,de2aa412-e109-4bcf-b6e9-9d9ad0b05e22,4f98fe0c-8596-458e-a60a-7d2a0424626c,f88afad5-3d69-4d7f-8a1b-095720bc60a3,161.0,units,9.53,False
7ab4dc1e-27ff-4f5c-8b7c-b760885e2328,2026-06-25,de2aa412-e109-4bcf-b6e9-9d9ad0b05e22,4f98fe0c-8596-458e-a60a-7d2a0424626c,f88afad5-3d69-4d7f-8a1b-095720bc60a3,151.0,units,9.11,False
3e0a1e36-3dfa-4680-a17f-61e88683096c,2026-06-26,de2aa412-e109-4bcf-b6e9-9d9ad0b05e22,4f98fe0c-8596-458e-a60a-7d2a0424626c,f88afad5-3d69-4d7f-8a1b-095720bc60a3,182.0,units,10.43,False
f3be2473-bf5b-4a82-a198-720b27dea810,2026-06-27,de2aa412-e109-4bcf-b6e9-9d9ad0b05e22,4f98fe0c-8596-458e-a60a-7d2a0424626c,f88afad5-3d69-4d7f-8a1b-095720bc60a3,153.36,units,8.75,False
83daf553-9d31-4235-ac2b-e51536ad8d00,2026-06-28,de2aa412-e109-4bcf-b6e9-9d9ad0b05e22,4f98fe0c-8596-458e-a60a-7d2a0424626c,f88afad5-3d69-4d7f-8a1b-095720bc60a3,244.0,units,8.35,False
006e2a46-54ee-4a00-bd26-adab2f06fb2f,2026-06-29,de2aa412-e109-4bcf-b6e9-9d9ad0b05e22,4f98fe0c-8596-458e-a60a-7d2a0424626c,f88afad5-3d69-4d7f-8a1b-095720bc60a3,186.0,units,9.96,False
085aa8ff-34bd-405f-8bb2-ae741c487972,2026-06-30,de2aa412-e109-4bcf-b6e9-9d9ad0b05e22,4f98fe0c-8596-458e-a60a-7d2a0424626c,f88afad5-3d69-4d7f-8a1b-095720bc60a3,141.81,units,8.54,False
a2c41f97-9f85-4744-9e1c-174479f80411,2026-07-01,de2aa412-e109-4bcf-b6e9-9d9ad0b05e22,4f98fe0c-8596-458e-a60a-7d2a0424626c,f88afad5-3d69-4d7f-8a1b-095720bc60a3,144.0,units,11.32,False
b0642c6a-0911-44b1-9a92-255d6faa1a7c,2026-07-02,de2aa412-e109-4bcf-b6e9-9d9ad0b05e22,4f98fe0c-8596-458e-a60a-7d2a0424626c,f88afad5-3d69-4d7f-8a1b-095720bc60a3,216.0,units,9.52,False
f8709f34-752c-4b16-88d1-1942f83f65a3,2026-07-03,de2aa412-e109-4bcf-b6e9-9d9ad0b05e22,4f98fe0c-8596-458e-a60a-7d2a0424626c,f88afad5-3d69-4d7f-8a1b-095720bc60a3,212.0,units,11.4,False
73ce1517-b016-4de7-9bc7-1926000ac192,2026-07-04,de2aa412-e109-4bcf-b6e9-9d9ad0b05e22,4f98fe0c-8596-458e-a60a-7d2a0424626c,f88afad5-3d69-4d7f-8a1b-095720bc60a3,232.0,units,9.11,False
6a558342-1a7a-4065-8bfc-1083dcca66d6,2026-07-05,de2aa412-e109-4bcf-b6e9-9d9ad0b05e22,4f98fe0c-8596-458e-a60a-7d2a0424626c,f88afad5-3d69-4d7f-8a1b-095720bc60a3,288.0,units,9.95,False
f9059dff-4522-4973-a61b-6d6f50bd1123,2026-07-06,de2aa412-e109-4bcf-b6e9-9d9ad0b05e22,4f98fe0c-8596-458e-a60a-7d2a0424626c,f88afad5-3d69-4d7f-8a1b-095720bc60a3,162.0,units,10.69,False
997037ad-ba06-482e-8a9b-3a688504155e,2026-07-07,de2aa412-e109-4bcf-b6e9-9d9ad0b05e22,4f98fe0c-8596-458e-a60a-7d2a0424626c,f88afad5-3d69-4d7f-8a1b-095720bc60a3,233.0,units,10.88,False
10539211-c07d-41b2-80af-223c03c4e664,2026-07-08,de2aa412-e109-4bcf-b6e9-9d9ad0b05e22,4f98fe0c-8596-458e-a60a-7d2a0424626c,f88afad5-3d69-4d7f-8a1b-095720bc60a3,202.0,units,8.24,False
5a9bee45-c7d9-4981-8706-94c10e168c21,2026-07-09,de2aa412-e109-4bcf-b6e9-9d9ad0b05e22,4f98fe0c-8596-458e-a60a-7d2a0424626c,f88afad5-3d69-4d7f-8a1b-095720bc60a3,224.0,units,9.22,True
7737e81a-972c-41b7-9735-260d143cfaaf,2026-07-10,de2aa412-e109-4bcf-b6e9-9d9ad0b05e22,4f98fe0c-8596-458e-a60a-7d2a0424626c,f88afad5-3d69-4d7f-8a1b-095720bc60a3,196.0,units,9.21,False
68e765a4-cf71-4703-8c1b-8e0244e1a9d8,2026-07-11,de2aa412-e109-4bcf-b6e9-9d9ad0b05e22,4f98fe0c-8596-458e-a60a-7d2a0424626c,f88afad5-3d69-4d7f-8a1b-095720bc60a3,289.0,units,10.64,True
59217e5f-4173-4e46-86ac-3dd49b36b809,2026-07-12,de2aa412-e109-4bcf-b6e9-9d9ad0b05e22,4f98fe0c-8596-458e-a60a-7d2a0424626c,f88afad5-3d69-4d7f-8a1b-095720bc60a3,351.0,units,10.64,True
91c2fdfa-fada-491f-a681-3c33d7e2a60c,2026-07-13,de2aa412-e109-4bcf-b6e9-9d9ad0b05e22,4f98fe0c-8596-458e-a60a-7d2a0424626c,f88afad5-3d69-4d7f-8a1b-095720bc60a3,162.0,units,10.41,False
42a94bb1-fb69-4726-99a5-6f4fc93e78fd,2026-07-14,de2aa412-e109-4bcf-b6e9-9d9ad0b05e22,4f98fe0c-8596-458e-a60a-7d2a0424626c,f88afad5-3d69-4d7f-8a1b-095720bc60a3,171.0,units,11.51,False
d6e8d721-50ea-4fbe-801b-382ff46a6a8e,2026-07-15,de2aa412-e109-4bcf-b6e9-9d9ad0b05e22,4f98fe0c-8596-458e-a60a-7d2a0424626c,f88afad5-3d69-4d7f-8a1b-095720bc60a3,272.0,units,8.45,True
f08f5d8d-3ab5-4861-b0ce-a6fb95096641,2026-07-16,de2aa412-e109-4bcf-b6e9-9d9ad0b05e22,4f98fe0c-8596-458e-a60a-7d2a0424626c,f88afad5-3d69-4d7f-8a1b-095720bc60a3,211.0,units,8.39,True
d186d14a-ba74-418a-851f-97dd3924fb6a,2026-07-17,de2aa412-e109-4bcf-b6e9-9d9ad0b05e22,4f98fe0c-8596-458e-a60a-7d2a0424626c,f88afad5-3d69-4d7f-8a1b-095720bc60a3,222.0,units,10.96,False
c4646b23-3b0d-4d8f-9e8c-63befffe62ed,2026-07-18,de2aa412-e109-4bcf-b6e9-9d9ad0b05e22,4f98fe0c-8596-458e-a60a-7d2a0424626c,f88afad5-3d69-4d7f-8a1b-095720bc60a3,246.27,units,9.47,False
9d4edcb6-e93f-48a1-b521-167dcc30d0ce,2026-07-19,de2aa412-e109-4bcf-b6e9-9d9ad0b05e22,4f98fe0c-8596-458e-a60a-7d2a0424626c,f88afad5-3d69-4d7f-8a1b-095720bc60a3,226.0,units,9.96,False
b1b347aa-34bf-41cd-ad10-33c1d8a2c4b6,2026-07-20,de2aa412-e109-4bcf-b6e9-9d9ad0b05e22,4f98fe0c-8596-458e-a60a-7d2a0424626c,f88afad5-3d69-4d7f-8a1b-095720bc60a3,213.0,units,10.21,False
24cbdf49-2cfe-42ee-87e8-3fe84091b49c,2026-07-21,de2aa412-e109-4bcf-b6e9-9d9ad0b05e22,4f98fe0c-8596-458e-a60a-7d2a0424626c,f88afad5-3d69-4d7f-8a1b-095720bc60a3,157.0,units,10.91,False
527cc012-cf38-4992-a35f-cfa9bfb55825,2026-07-22,de2aa412-e109-4bcf-b6e9-9d9ad0b05e22,4f98fe0c-8596-458e-a60a-7d2a0424626c,f88afad5-3d69-4d7f-8a1b-095720bc60a3,215.0,units,10.65,False
485f76a3-d298-48c8-a7f3-6ffef1674599,2026-07-23,de2aa412-e109-4bcf-b6e9-9d9ad0b05e22,4f98fe0c-8596-458e-a60a-7d2a0424626c,f88afad5-3d69-4d7f-8a1b-095720bc60a3,197.0,units,10.39,False
6365a643-65ed-43cc-a7a1-d008252f5929,2026-07-24,de2aa412-e109-4bcf-b6e9-9d9ad0b05e22,4f98fe0c-8596-458e-a60a-7d2a0424626c,f88afad5-3d69-4d7f-8a1b-095720bc60a3,205.0,units,10.39,False
410e3319-01df-48cd-bf1c-814187430636,2026-07-25,de2aa412-e109-4bcf-b6e9-9d9ad0b05e22,4f98fe0c-8596-458e-a60a-7d2a0424626c,f88afad5-3d69-4d7f-8a1b-095720bc60a3,162.85,units,9.51,False
580bf684-d9a2-49be-bb32-d2fbcc857ad7,2026-07-26,de2aa412-e109-4bcf-b6e9-9d9ad0b05e22,4f98fe0c-8596-458e-a60a-7d2a0424626c,f88afad5-3d69-4d7f-8a1b-095720bc60a3,175.0,units,9.65,False
56ad9841-6670-49cf-87e6-93db21a595bc,2026-07-27,de2aa412-e109-4bcf-b6e9-9d9ad0b05e22,4f98fe0c-8596-458e-a60a-7d2a0424626c,f88afad5-3d69-4d7f-8a1b-095720bc60a3,205.0,units,10.31,False
d2f5d826-b169-415e-9277-891dab121ff3,2026-07-28,de2aa412-e109-4bcf-b6e9-9d9ad0b05e22,4f98fe0c-8596-458e-a60a-7d2a0424626c,f88afad5-3d69-4d7f-8a1b-095720bc60a3,127.0,units,11.22,False
e3bbed9c-c09a-45d7-9e38-01df2c637d46,2026-07-29,de2aa412-e109-4bcf-b6e9-9d9ad0b05e22,4f98fe0c-8596-458e-a60a-7d2a0424626c,f88afad5-3d69-4d7f-8a1b-095720bc60a3,179.0,units,10.58,False
e7931504-e086-4c24-9b97-b35f65a83631,2026-07-30,de2aa412-e109-4bcf-b6e9-9d9ad0b05e22,4f98fe0c-8596-458e-a60a-7d2a0424626c,f88afad5-3d69-4d7f-8a1b-095720bc60a3,217.0,units,11.05,False
9081100a-bfcd-4221-b1f2-4d672c46655c,2026-07-31,de2aa412-e109-4bcf-b6e9-9d9ad0b05e22,4f98fe0c-8596-458e-a60a-7d2a0424626c,f88afad5-3d69-4d7f-8a1b-095720bc60a3,194.0,units,10.52,False
a58dc17c-f536-425b-8c6e-949b4d118db8,2026-08-01,de2aa412-e109-4bcf-b6e9-9d9ad0b05e22,4f98fe0c-8596-458e-a60a-7d2a0424626c,f88afad5-3d69-4d7f-8a1b-095720bc60a3,264.9,units,9.28,False
04167812-db27-4688-8489-7128ad4804ae,2026-08-02,de2aa412-e109-4bcf-b6e9-9d9ad0b05e22,4f98fe0c-8596-458e-a60a-7d2a0424626c,f88afad5-3d69-4d7f-8a1b-095720bc60a3,245.92,units,10.8,False
786db862-5347-4b6d-b56c-5f5b9c6de86f,2026-08-03,de2aa412-e109-4bcf-b6e9-9d9ad0b05e22,4f98fe0c-8596-458e-a60a-7d2a0424626c,f88afad5-3d69-4d7f-8a1b-095720bc60a3,168.0,units,9.43,False
09ee54ed-da89-4494-ae09-d3b5030a5dcf,2026-08-04,de2aa412-e109-4bcf-b6e9-9d9ad0b05e22,4f98fe0c-8596-458e-a60a-7d2a0424626c,f88afad5-3d69-4d7f-8a1b-095720bc60a3,188.0,units,9.37,False
9677edb4-6fbd-43e4-99cc-9dcbe01c8094,2026-08-05,de2aa412-e109-4bcf-b6e9-9d9ad0b05e22,4f98fe0c-8596-458e-a60a-7d2a0424626c,f88afad5-3d69-4d7f-8a1b-095720bc60a3,160.97,units,11.3,False
9e4c19df-354c-48d5-931f-403452d5ee3b,2026-08-06,de2aa412-e109-4bcf-b6e9-9d9ad0b05e22,4f98fe0c-8596-458e-a60a-7d2a0424626c,f88afad5-3d69-4d7f-8a1b-095720bc60a3,139.0,units,9.18,False
37ea2b94-6293-47c6-9bd9-2724ee9c0ed3,2026-08-07,de2aa412-e109-4bcf-b6e9-9d9ad0b05e22,4f98fe0c-8596-458e-a60a-7d2a0424626c,f88afad5-3d69-4d7f-8a1b-095720bc60a3,158.0,units,10.21,False
41db09cb-aa76-4b3f-8837-1cdcb22e4223,2026-08-08,de2aa412-e109-4bcf-b6e9-9d9ad0b05e22,4f98fe0c-8596-458e-a60a-7d2a0424626c,f88afad5-3d69-4d7f-8a1b-095720bc60a3,211.0,units,8.61,False
15923468-445e-4373-8ac3-57f231766a79,2026-08-09,de2aa412-e109-4bcf-b6e9-9d9ad0b05e22,4f98fe0c-8596-458e-a60a-7d2a0424626c,f88afad5-3d69-4d7f-8a1b-095720bc60a3,156.0,units,9.72,False
a29aa76e-3f33-418b-a0e3-208b00d7dda8,2026-08-10,de2aa412-e109-4bcf-b6e9-9d9ad0b05e22,4f98fe0c-8596-458e-a60a-7d2a0424626c,f88afad5-3d69-4d7f-8a1b-095720bc60a3,122.9,units,10.61,False
0727e6db-5845-4036-b501-bcf29762de09,2026-08-11,de2aa412-e109-4bcf-b6e9-9d9ad0b05e22,4f98fe0c-8596-458e-a60a-7d2a0424626c,f88afad5-3d69-4d7f-8a1b-095720bc60a3,177.0,units,11.17,False
50625898-c3c4-4794-8605-743d280c388b,2026-08-12,de2aa412-e109-4bcf-b6e9-9d9ad0b05e22,4f98fe0c-8596-458e-a60a-7d2a0424626c,f88afad5-3d69-4d7f-8a1b-095720bc60a3,135.0,units,8.28,False
c0663b82-c475-4851-bf66-b3089e7226bd,2026-08-13,de2aa412-e109-4bcf-b6e9-9d9ad0b05e22,4f98fe0c-8596-458e-a60a-7d2a0424626c,f88afad5-3d69-4d7f-8a1b-095720bc60a3,196.0,units,8.31,False
c9bbdcf6-4abf-4d8b-9ac0-86f7d2506d19,2026-08-14,de2aa412-e109-4bcf-b6e9-9d9ad0b05e22,4f98fe0c-8596-458e-a60a-7d2a0424626c,f88afad5-3d69-4d7f-8a1b-095720bc60a3,189.13,units,11.28,False
ef29586f-05de-439a-b163-2678eccfe63f,2026-08-15,de2aa412-e109-4bcf-b6e9-9d9ad0b05e22,4f98fe0c-8596-458e-a60a-7d2a0424626c,f88afad5-3d69-4d7f-8a1b-095720bc60a3,238.0,units,11.51,False
9f52a7a5-3e41-41f1-9bf2-fa376578f133,2026-08-16,de2aa412-e109-4bcf-b6e9-9d9ad0b05e22,4f98fe0c-8596-458e-a60a-7d2a0424626c,f88afad5-3d69-4d7f-8a1b-095720bc60a3,217.0,units,9.58,False
87d93ee3-8216-4671-a7c4-8c7cfd397eb1,2026-08-17,de2aa412-e109-4bcf-b6e9-9d9ad0b05e22,4f98fe0c-8596-458e-a60a-7d2a0424626c,f88afad5-3d69-4d7f-8a1b-095720bc60a3,200.0,units,8.62,False
0db01c49-2221-4e4d-a324-f135c01ecc95,2026-08-18,de2aa412-e109-4bcf-b6e9-9d9ad0b05e22,4f98fe0c-8596-458e-a60a-7d2a0424626c,f88afad5-3d69-4d7f-8a1b-095720bc60a3,202.0,units,10.09,False
39f28266-19ba-45dc-a16d-16f39a33a255,2026-08-19,de2aa412-e109-4bcf-b6e9-9d9ad0b05e22,4f98fe0c-8596-458e-a60a-7d2a0424626c,f88afad5-3d69-4d7f-8a1b-095720bc60a3,191.0,units,8.76,False
6c1e33ef-7855-41c8-9358-bb68ba58998f,2026-08-20,de2aa412-e109-4bcf-b6e9-9d9ad0b05e22,4f98fe0c-8596-458e-a60a-7d2a0424626c,f88afad5-3d69-4d7f-8a1b-095720bc60a3,158.0,units,9.48,False
40874105-74cc-4102-8ace-4d4dcdf00d30,2026-08-21,de2aa412-e109-4bcf-b6e9-9d9ad0b05e22,4f98fe0c-8596-458e-a60a-7d2a0424626c,f88afad5-3d69-4d7f-8a1b-095720bc60a3,190.0,units,8.7,False
e8ba57c6-3a3b-4d5c-a028-aad4a0e384a8,2026-08-22,de2aa412-e109-4bcf-b6e9-9d9ad0b05e22,4f98fe0c-8596-458e-a60a-7d2a0424626c,f88afad5-3d69-4d7f-8a1b-095720bc60a3,270.0,units,9.79,False
87786264-932d-42c4-be79-86781f81bc64,2026-08-23,de2aa412-e109-4bcf-b6e9-9d9ad0b05e22,4f98fe0c-8596-458e-a60a-7d2a0424626c,f88afad5-3d69-4d7f-8a1b-095720bc60a3,205.0,units,9.28,False
c465af60-b5d9-485c-bdca-41cfb9a59f92,2026-08-24,de2aa412-e109-4bcf-b6e9-9d9ad0b05e22,4f98fe0c-8596-458e-a60a-7d2a0424626c,f88afad5-3d69-4d7f-8a1b-095720bc60a3,242.0,units,8.29,False
303c5ff5-8b3d-4d46-9cd2-e55118b12079,2026-08-25,de2aa412-e109-4bcf-b6e9-9d9ad0b05e22,4f98fe0c-8596-458e-a60a-7d2a0424626c,f88afad5-3d69-4d7f-8a1b-095720bc60a3,165.0,units,8.3,False
bece8f37-0d1f-456e-ae9c-e683fe771b45,2026-08-26,de2aa412-e109-4bcf-b6e9-9d9ad0b05e22,4f98fe0c-8596-458e-a60a-7d2a0424626c,f88afad5-3d69-4d7f-8a1b-095720bc60a3,218.0,units,8.46,True
ca8e865c-1bdc-4d73-9841-946e996dfa75,2026-08-27,de2aa412-e109-4bcf-b6e9-9d9ad0b05e22,4f98fe0c-8596-458e-a60a-7d2a0424626c,f88afad5-3d69-4d7f-8a1b-095720bc60a3,161.0,units,9.21,False
6b7a03a6-574a-4b35-b9fc-32fa0fa9ab01,2026-08-28,de2aa412-e109-4bcf-b6e9-9d9ad0b05e22,4f98fe0c-8596-458e-a60a-7d2a0424626c,f88afad5-3d69-4d7f-8a1b-095720bc60a3,186.0,units,8.93,False
f94785db-2b11-4cff-9c4c-0548b02dda48,2026-08-29,de2aa412-e109-4bcf-b6e9-9d9ad0b05e22,4f98fe0c-8596-458e-a60a-7d2a0424626c,f88afad5-3d69-4d7f-8a1b-095720bc60a3,162.0,units,11.44,False
2d916ed9-fc64-4632-8506-a912ba0f6736,2026-08-30,de2aa412-e109-4bcf-b6e9-9d9ad0b05e22,4f98fe0c-8596-458e-a60a-7d2a0424626c,f88afad5-3d69-4d7f-8a1b-095720bc60a3,156.05,units,11.31,True
cab9f413-aacc-40a7-b543-39908e15a85c,2026-08-31,de2aa412-e109-4bcf-b6e9-9d9ad0b05e22,4f98fe0c-8596-458e-a60a-7d2a0424626c,f88afad5-3d69-4d7f-8a1b-095720bc60a3,148.0,units,10.49,False
4016eeb7-c038-4c63-a02a-44f4af0ed1aa,2026-09-01,de2aa412-e109-4bcf-b6e9-9d9ad0b05e22,4f98fe0c-8596-458e-a60a-7d2a0424626c,f88afad5-3d69-4d7f-8a1b-095720bc60a3,183.0,units,11.26,False
647e06e9-d6d0-462b-85f9-87261dfffc4d,2026-09-02,de2aa412-e109-4bcf-b6e9-9d9ad0b05e22,4f98fe0c-8596-458e-a60a-7d2a0424626c,f88afad5-3d69-4d7f-8a1b-095720bc60a3,207.0,units,8.96,False
9d843f35-b5be-41c5-bb30-b0af90862768,2026-09-03,de2aa412-e109-4bcf-b6e9-9d9ad0b05e22,4f98fe0c-8596-458e-a60a-7d2a0424626c,f88afad5-3d69-4d7f-8a1b-095720bc60a3,197.0,units,9.96,False
8d432d15-b6bd-4a60-aa30-4b1f6759cbe6,2026-09-04,de2aa412-e109-4bcf-b6e9-9d9ad0b05e22,4f98fe0c-8596-458e-a60a-7d2a0424626c,f88afad5-3d69-4d7f-8a1b-095720bc60a3,111.0,units,10.37,False
5b1f65e3-3678-46f1-8f91-fffa8c0d69a5,2026-09-05,de2aa412-e109-4bcf-b6e9-9d9ad0b05e22,4f98fe0c-8596-458e-a60a-7d2a0424626c,f88afad5-3d69-4d7f-8a1b-095720bc60a3,114.48,units,11.37,False
1b4c7bfd-6d4b-4d4f-8954-12da7649bfb5,2026-09-06,de2aa412-e109-4bcf-b6e9-9d9ad0b05e22,4f98fe0c-8596-458e-a60a-7d2a0424626c,f88afad5-3d69-4d7f-8a1b-095720bc60a3,233.0,units,8.17,False
926d4045-7780-4731-ace0-13cdea98146e,2026-09-07,de2aa412-e109-4bcf-b6e9-9d9ad0b05e22,4f98fe0c-8596-458e-a60a-7d2a0424626c,f88afad5-3d69-4d7f-8a1b-095720bc60a3,156.0,units,10.19,False
70b5fdb6-a46a-4bc5-a0dd-7cc694b36eb9,2025-09-08,de2aa412-e109-4bcf-b6e9-9d9ad0b05e22,da6a03a1-50ad-4172-b9d0-4a32b63e152f,e6bb6335-80f6-4c6f-9a79-8e1cbf7f0d90,36.0,L,0.0,False
685586d3-83af-49cc-8af1-07755fbc09d6,2025-09-09,de2aa412-e109-4bcf-b6e9-9d9ad0b05e22,da6a03a1-50ad-4172-b9d0-4a32b63e152f,e6bb6335-80f6-4c6f-9a79-8e1cbf7f0d90,37.0,L,0.0,False
7aa8a194-f517-4877-95cd-0bcba441b379,2025-09-10,de2aa412-e109-4bcf-b6e9-9d9ad0b05e22,da6a03a1-50ad-4172-b9d0-4a32b63e152f,e6bb6335-80f6-4c6f-9a79-8e1cbf7f0d90,38.0,L,0.0,True
165a1120-6cfc-4cdc-a515-af382640ad87,2025-09-11,de2aa412-e109-4bcf-b6e9-9d9ad0b05e22,da6a03a1-50ad-4172-b9d0-4a32b63e152f,e6bb6335-80f6-4c6f-9a79-8e1cbf7f0d90,37.0,L,0.0,False
7e4bab04-0676-454a-8c88-4b618332cc84,2025-09-12,de2aa412-e109-4bcf-b6e9-9d9ad0b05e22,da6a03a1-50ad-4172-b9d0-4a32b63e152f,e6bb6335-80f6-4c6f-9a79-8e1cbf7f0d90,32.0,L,0.0,False
f893f6cf-2a10-424c-a34f-646a84de0b13,2025-09-13,de2aa412-e109-4bcf-b6e9-9d9ad0b05e22,da6a03a1-50ad-4172-b9d0-4a32b63e152f,e6bb6335-80f6-4c6f-9a79-8e1cbf7f0d90,41.0,L,0.0,False
98aad0d7-00d0-4a65-9ab2-6b440ac26285,2025-09-14,de2aa412-e109-4bcf-b6e9-9d9ad0b05e22,da6a03a1-50ad-4172-b9d0-4a32b63e152f,e6bb6335-80f6-4c6f-9a79-8e1cbf7f0d90,47.0,L,0.0,True
cc486710-0bb2-4d40-8e6e-c7ad740e39ef,2025-09-15,de2aa412-e109-4bcf-b6e9-9d9ad0b05e22,da6a03a1-50ad-4172-b9d0-4a32b63e152f,e6bb6335-80f6-4c6f-9a79-8e1cbf7f0d90,27.0,L,0.0,False
e21b5f7e-1915-4f63-bab0-c92c5b60b267,2025-09-16,de2aa412-e109-4bcf-b6e9-9d9ad0b05e22,da6a03a1-50ad-4172-b9d0-4a32b63e152f,e6bb6335-80f6-4c6f-9a79-8e1cbf7f0d90,36.0,L,0.0,False
094a5ef0-508c-41de-a237-bcd99075f4dd,2025-09-17,de2aa412-e109-4bcf-b6e9-9d9ad0b05e22,da6a03a1-50ad-4172-b9d0-4a32b63e152f,e6bb6335-80f6-4c6f-9a79-8e1cbf7f0d90,39.0,L,0.0,False
3c51ddec-1717-40de-974f-786bc29b96f3,2025-09-18,de2aa412-e109-4bcf-b6e9-9d9ad0b05e22,da6a03a1-50ad-4172-b9d0-4a32b63e152f,e6bb6335-80f6-4c6f-9a79-8e1cbf7f0d90,38.0,L,0.0,False
265f8e94-f3a6-43aa-ab18-bdc26cb52cac,2025-09-19,de2aa412-e109-4bcf-b6e9-9d9ad0b05e22,da6a03a1-50ad-4172-b9d0-4a32b63e152f,e6bb6335-80f6-4c6f-9a79-8e1cbf7f0d90,40.0,L,0.0,False
8ad1fb5d-2085-453c-81d0-154b7c9d90b0,2025-09-20,de2aa412-e109-4bcf-b6e9-9d9ad0b05e22,da6a03a1-50ad-4172-b9d0-4a32b63e152f,e6bb6335-80f6-4c6f-9a79-8e1cbf7f0d90,46.0,L,0.0,False
4e4569e2-9c24-43de-898a-153b40afa961,2025-09-21,de2aa412-e109-4bcf-b6e9-9d9ad0b05e22,da6a03a1-50ad-4172-b9d0-4a32b63e152f,e6bb6335-80f6-4c6f-9a79-8e1cbf7f0d90,40.0,L,0.0,False
724c8bce-cc00-405c-b7da-92c01b3a9ee9,2025-09-22,de2aa412-e109-4bcf-b6e9-9d9ad0b05e22,da6a03a1-50ad-4172-b9d0-4a32b63e152f,e6bb6335-80f6-4c6f-9a79-8e1cbf7f0d90,40.0,L,0.0,False
8a1aa997-7390-4322-b67b-b0a64b85fabb,2025-09-23,de2aa412-e109-4bcf-b6e9-9d9ad0b05e22,da6a03a1-50ad-4172-b9d0-4a32b63e152f,e6bb6335-80f6-4c6f-9a79-8e1cbf7f0d90,33.0,L,0.0,True
5d983110-c9e7-4cd4-8e40-578c6d609dd4,2025-09-24,de2aa412-e109-4bcf-b6e9-9d9ad0b05e22,da6a03a1-50ad-4172-b9d0-4a32b63e152f,e6bb6335-80f6-4c6f-9a79-8e1cbf7f0d90,30.0,L,0.0,False
b8607c0f-5a5f-41fc-bc49-a1a852e9e246,2025-09-25,de2aa412-e109-4bcf-b6e9-9d9ad0b05e22,da6a03a1-50ad-4172-b9d0-4a32b63e152f,e6bb6335-80f6-4c6f-9a79-8e1cbf7f0d90,30.0,L,0.0,False
236860e5-aad0-474e-a734-401659e19624,2025-09-26,de2aa412-e109-4bcf-b6e9-9d9ad0b05e22,da6a03a1-50ad-4172-b9d0-4a32b63e152f,e6bb6335-80f6-4c6f-9a79-8e1cbf7f0d90,41.0,L,0.0,False
d50db35a-6b03-471c-aacc-043c2b395fe7,2025-09-27,de2aa412-e109-4bcf-b6e9-9d9ad0b05e22,da6a03a1-50ad-4172-b9d0-4a32b63e152f,e6bb6335-80f6-4c6f-9a79-8e1cbf7f0d90,51.0,L,0.0,False
a077ba65-dc26-4b84-9c78-72928d8c8624,2025-09-28,de2aa412-e109-4bcf-b6e9-9d9ad0b05e22,da6a03a1-50ad-4172-b9d0-4a32b63e152f,e6bb6335-80f6-4c6f-9a79-8e1cbf7f0d90,47.0,L,0.0,False
2fd4e976-16f0-4609-a11e-0ea67ed28699,2025-09-29,de2aa412-e109-4bcf-b6e9-9d9ad0b05e22,da6a03a1-50ad-4172-b9d0-4a32b63e152f,e6bb6335-80f6-4c6f-9a79-8e1cbf7f0d90,41.0,L,0.0,False
5e90f976-ed4c-49cc-b243-53d28fcfc7c2,2025-09-30,de2aa412-e109-4bcf-b6e9-9d9ad0b05e22,da6a03a1-50ad-4172-b9d0-4a32b63e152f,e6bb6335-80f6-4c6f-9a79-8e1cbf7f0d90,36.0,L,0.0,True
8e85e92c-d32a-47ba-b8fb-7c2374801fac,2025-10-01,de2aa412-e109-4bcf-b6e9-9d9ad0b05e22,da6a03a1-50ad-4172-b9d0-4a32b63e152f,e6bb6335-80f6-4c6f-9a79-8e1cbf7f0d90,37.0,L,0.0,False
2c4403b6-ed36-4700-8800-cbbadfa88f9c,2025-10-02,de2aa412-e109-4bcf-b6e9-9d9ad0b05e22,da6a03a1-50ad-4172-b9d0-4a32b63e152f,e6bb6335-80f6-4c6f-9a79-8e1cbf7f0d90,34.0,L,0.0,False
f189eb03-786c-43cb-9f9f-783b8169af05,2025-10-03,de2aa412-e109-4bcf-b6e9-9d9ad0b05e22,da6a03a1-50ad-4172-b9d0-4a32b63e152f,e6bb6335-80f6-4c6f-9a79-8e1cbf7f0d90,40.0,L,0.0,False
0972f2f3-a23f-4457-af44-1a0555ecc053,2025-10-04,de2aa412-e109-4bcf-b6e9-9d9ad0b05e22,da6a03a1-50ad-4172-b9d0-4a32b63e152f,e6bb6335-80f6-4c6f-9a79-8e1cbf7f0d90,52.0,L,0.0,True
935e7d36-425a-43e8-9dd9-5126ad80cd90,2025-10-05,de2aa412-e109-4bcf-b6e9-9d9ad0b05e22,da6a03a1-50ad-4172-b9d0-4a32b63e152f,e6bb6335-80f6-4c6f-9a79-8e1cbf7f0d90,41.0,L,0.0,False
26ebc3e3-f338-41eb-bb33-1c30ff9f2c1a,2025-10-06,de2aa412-e109-4bcf-b6e9-9d9ad0b05e22,da6a03a1-50ad-4172-b9d0-4a32b63e152f,e6bb6335-80f6-4c6f-9a79-8e1cbf7f0d90,38.0,L,0.0,False
ab30a9ee-2308-4bcb-a21b-6192d99b5705,2025-10-07,de2aa412-e109-4bcf-b6e9-9d9ad0b05e22,da6a03a1-50ad-4172-b9d0-4a32b63e152f,e6bb6335-80f6-4c6f-9a79-8e1cbf7f0d90,40.0,L,0.0,False
9a9a67fd-b054-4ebb-8f8f-9d2ad8714af7,2025-10-08,de2aa412-e109-4bcf-b6e9-9d9ad0b05e22,da6a03a1-50ad-4172-b9d0-4a32b63e152f,e6bb6335-80f6-4c6f-9a79-8e1cbf7f0d90,31.0,L,0.0,False
3dcce575-9669-43e0-b4b3-af4f96437bc0,2025-10-09,de2aa412-e109-4bcf-b6e9-9d9ad0b05e22,da6a03a1-50ad-4172-b9d0-4a32b63e152f,e6bb6335-80f6-4c6f-9a79-8e1cbf7f0d90,35.0,L,0.0,False
af2461c3-a219-4609-bb41-adc938755e04,2025-10-10,de2aa412-e109-4bcf-b6e9-9d9ad0b05e22,da6a03a1-50ad-4172-b9d0-4a32b63e152f,e6bb6335-80f6-4c6f-9a79-8e1cbf7f0d90,29.0,L,0.0,False
5d62a323-88b8-4fdd-840a-ddd57b5dc85c,2025-10-11,de2aa412-e109-4bcf-b6e9-9d9ad0b05e22,da6a03a1-50ad-4172-b9d0-4a32b63e152f,e6bb6335-80f6-4c6f-9a79-8e1cbf7f0d90,26.0,L,0.0,False
11613d3b-e97f-4d39-ad10-1da32c33dc07,2025-10-12,de2aa412-e109-4bcf-b6e9-9d9ad0b05e22,da6a03a1-50ad-4172-b9d0-4a32b63e152f,e6bb6335-80f6-4c6f-9a79-8e1cbf7f0d90,46.0,L,0.0,False
f88f1f16-b9c9-4de2-a066-0d208a5cb3fd,2025-10-13,de2aa412-e109-4bcf-b6e9-9d9ad0b05e22,da6a03a1-50ad-4172-b9d0-4a32b63e152f,e6bb6335-80f6-4c6f-9a79-8e1cbf7f0d90,39.0,L,0.0,False
4cc38e14-aa6e-42ed-9b20-199c8eaec183,2025-10-14,de2aa412-e109-4bcf-b6e9-9d9ad0b05e22,da6a03a1-50ad-4172-b9d0-4a32b63e152f,e6bb6335-80f6-4c6f-9a79-8e1cbf7f0d90,37.0,L,0.0,False
2dce0172-01d8-4e7b-839c-fd00bb845102,2025-10-15,de2aa412-e109-4bcf-b6e9-9d9ad0b05e22,da6a03a1-50ad-4172-b9d0-4a32b63e152f,e6bb6335-80f6-4c6f-9a79-8e1cbf7f0d90,24.0,L,0.0,False
64a7472b-76f4-4fff-8e79-01838c123549,2025-10-16,de2aa412-e109-4bcf-b6e9-9d9ad0b05e22,da6a03a1-50ad-4172-b9d0-4a32b63e152f,e6bb6335-80f6-4c6f-9a79-8e1cbf7f0d90,33.0,L,0.0,False
c703a1b4-182d-4023-b40e-6b9240093b50,2025-10-17,de2aa412-e109-4bcf-b6e9-9d9ad0b05e22,da6a03a1-50ad-4172-b9d0-4a32b63e152f,e6bb6335-80f6-4c6f-9a79-8e1cbf7f0d90,23.0,L,0.0,False
95dcc910-b43c-48d4-90eb-944d021e5efe,2025-10-18,de2aa412-e109-4bcf-b6e9-9d9ad0b05e22,da6a03a1-50ad-4172-b9d0-4a32b63e152f,e6bb6335-80f6-4c6f-9a79-8e1cbf7f0d90,54.0,L,0.0,False
4d9c3547-18b9-40d4-b662-4bdeaf65a9b1,2025-10-19,de2aa412-e109-4bcf-b6e9-9d9ad0b05e22,da6a03a1-50ad-4172-b9d0-4a32b63e152f,e6bb6335-80f6-4c6f-9a79-8e1cbf7f0d90,37.0,L,0.0,False
17f8fcf5-2979-446a-8418-55925c4d35cc,2025-10-20,de2aa412-e109-4bcf-b6e9-9d9ad0b05e22,da6a03a1-50ad-4172-b9d0-4a32b63e152f,e6bb6335-80f6-4c6f-9a79-8e1cbf7f0d90,43.0,L,0.0,False
1e335772-a04c-4c19-8245-25c68e933145,2025-10-21,de2aa412-e109-4bcf-b6e9-9d9ad0b05e22,da6a03a1-50ad-4172-b9d0-4a32b63e152f,e6bb6335-80f6-4c6f-9a79-8e1cbf7f0d90,49.0,L,0.0,True
1d970a23-c30f-463c-962f-ce705ce83202,2025-10-22,de2aa412-e109-4bcf-b6e9-9d9ad0b05e22,da6a03a1-50ad-4172-b9d0-4a32b63e152f,e6bb6335-80f6-4c6f-9a79-8e1cbf7f0d90,30.0,L,0.0,False
5f54d394-8718-4ee2-9d5b-fe8d7c089145,2025-10-23,de2aa412-e109-4bcf-b6e9-9d9ad0b05e22,da6a03a1-50ad-4172-b9d0-4a32b63e152f,e6bb6335-80f6-4c6f-9a79-8e1cbf7f0d90,29.0,L,0.0,False
1e426a6b-81d4-4f7b-affb-42fe239d6822,2025-10-24,de2aa412-e109-4bcf-b6e9-9d9ad0b05e22,da6a03a1-50ad-4172-b9d0-4a32b63e152f,e6bb6335-80f6-4c6f-9a79-8e1cbf7f0d90,38.0,L,0.0,False
3d45f996-aa16-43b7-8e38-4461484ec47c,2025-10-25,de2aa412-e109-4bcf-b6e9-9d9ad0b05e22,da6a03a1-50ad-4172-b9d0-4a32b63e152f,e6bb6335-80f6-4c6f-9a79-8e1cbf7f0d90,39.0,L,0.0,False
7a128cbb-5341-4991-81a4-493489341c6d,2025-10-26,de2aa412-e109-4bcf-b6e9-9d9ad0b05e22,da6a03a1-50ad-4172-b9d0-4a32b63e152f,e6bb6335-80f6-4c6f-9a79-8e1cbf7f0d90,45.0,L,0.0,False
9dc1afa5-c423-4cd9-b926-575e32346999,2025-10-27,de2aa412-e109-4bcf-b6e9-9d9ad0b05e22,da6a03a1-50ad-4172-b9d0-4a32b63e152f,e6bb6335-80f6-4c6f-9a79-8e1cbf7f0d90,33.0,L,0.0,False
69166b5e-f165-4a6b-b4cc-dfeb85346eb1,2025-10-28,de2aa412-e109-4bcf-b6e9-9d9ad0b05e22,da6a03a1-50ad-4172-b9d0-4a32b63e152f,e6bb6335-80f6-4c6f-9a79-8e1cbf7f0d90,26.0,L,0.0,False
2e873722-2439-4f7e-ba40-ca1eef93d72a,2025-10-29,de2aa412-e109-4bcf-b6e9-9d9ad0b05e22,da6a03a1-50ad-4172-b9d0-4a32b63e152f,e6bb6335-80f6-4c6f-9a79-8e1cbf7f0d90,23.0,L,0.0,False
cf5b343c-a336-4336-9c99-13d9fd5769e0,2025-10-30,de2aa412-e109-4bcf-b6e9-9d9ad0b05e22,da6a03a1-50ad-4172-b9d0-4a32b63e152f,e6bb6335-80f6-4c6f-9a79-8e1cbf7f0d90,37.0,L,0.0,False
13bdb77d-3cb1-47ab-bbf8-52aca83b8ae9,2025-10-31,de2aa412-e109-4bcf-b6e9-9d9ad0b05e22,da6a03a1-50ad-4172-b9d0-4a32b63e152f,e6bb6335-80f6-4c6f-9a79-8e1cbf7f0d90,33.0,L,0.0,False
926f5a53-2876-41a9-95d1-4b961119e4cd,2025-11-01,de2aa412-e109-4bcf-b6e9-9d9ad0b05e22,da6a03a1-50ad-4172-b9d0-4a32b63e152f,e6bb6335-80f6-4c6f-9a79-8e1cbf7f0d90,41.0,L,0.0,False
988dddd9-a0d9-4608-bab1-f9cd5e721ceb,2025-11-02,de2aa412-e109-4bcf-b6e9-9d9ad0b05e22,da6a03a1-50ad-4172-b9d0-4a32b63e152f,e6bb6335-80f6-4c6f-9a79-8e1cbf7f0d90,50.0,L,0.0,False
68a16bd2-d68f-47f4-8211-3a573021e4db,2025-11-03,de2aa412-e109-4bcf-b6e9-9d9ad0b05e22,da6a03a1-50ad-4172-b9d0-4a32b63e152f,e6bb6335-80f6-4c6f-9a79-8e1cbf7f0d90,43.0,L,0.0,False
e137e3b1-2848-4367-9367-1eac33c58db2,2025-11-04,de2aa412-e109-4bcf-b6e9-9d9ad0b05e22,da6a03a1-50ad-4172-b9d0-4a32b63e152f,e6bb6335-80f6-4c6f-9a79-8e1cbf7f0d90,34.0,L,0.0,False
678bb666-429a-48fc-9ef0-fac37b987154,2025-11-05,de2aa412-e109-4bcf-b6e9-9d9ad0b05e22,da6a03a1-50ad-4172-b9d0-4a32b63e152f,e6bb6335-80f6-4c6f-9a79-8e1cbf7f0d90,41.0,L,0.0,True
5e884935-f415-4d9c-975f-3ca887b51411,2025-11-06,de2aa412-e109-4bcf-b6e9-9d9ad0b05e22,da6a03a1-50ad-4172-b9d0-4a32b63e152f,e6bb6335-80f6-4c6f-9a79-8e1cbf7f0d90,39.0,L,0.0,False
3f8b8e74-3678-40be-b607-5699ff0496cb,2025-11-07,de2aa412-e109-4bcf-b6e9-9d9ad0b05e22,da6a03a1-50ad-4172-b9d0-4a32b63e152f,e6bb6335-80f6-4c6f-9a79-8e1cbf7f0d90,28.0,L,0.0,False
f834deca-d3cb-43e5-addc-8d57fec75d26,2025-11-08,de2aa412-e109-4bcf-b6e9-9d9ad0b05e22,da6a03a1-50ad-4172-b9d0-4a32b63e152f,e6bb6335-80f6-4c6f-9a79-8e1cbf7f0d90,47.0,L,0.0,False
53cf56e9-0d4e-4b86-a5a8-70c3660c9b70,2025-11-09,de2aa412-e109-4bcf-b6e9-9d9ad0b05e22,da6a03a1-50ad-4172-b9d0-4a32b63e152f,e6bb6335-80f6-4c6f-9a79-8e1cbf7f0d90,49.0,L,0.0,False
92c9a4b9-49f3-42b0-ad35-3d4966163d71,2025-11-10,de2aa412-e109-4bcf-b6e9-9d9ad0b05e22,da6a03a1-50ad-4172-b9d0-4a32b63e152f,e6bb6335-80f6-4c6f-9a79-8e1cbf7f0d90,40.0,L,0.0,False
d2dc3327-f335-4c86-9af0-60d3a6aa8b96,2025-11-11,de2aa412-e109-4bcf-b6e9-9d9ad0b05e22,da6a03a1-50ad-4172-b9d0-4a32b63e152f,e6bb6335-80f6-4c6f-9a79-8e1cbf7f0d90,25.0,L,0.0,False
55bf4b91-d396-41fd-abcb-2982f0f89ad1,2025-11-12,de2aa412-e109-4bcf-b6e9-9d9ad0b05e22,da6a03a1-50ad-4172-b9d0-4a32b63e152f,e6bb6335-80f6-4c6f-9a79-8e1cbf7f0d90,32.0,L,0.0,False
03846d61-885e-42a7-ac9f-cc9f45a59efa,2025-11-13,de2aa412-e109-4bcf-b6e9-9d9ad0b05e22,da6a03a1-50ad-4172-b9d0-4a32b63e152f,e6bb6335-80f6-4c6f-9a79-8e1cbf7f0d90,31.0,L,0.0,False
f0ac004e-62b3-4dc9-b804-c92591a6089e,2025-11-14,de2aa412-e109-4bcf-b6e9-9d9ad0b05e22,da6a03a1-50ad-4172-b9d0-4a32b63e152f,e6bb6335-80f6-4c6f-9a79-8e1cbf7f0d90,37.0,L,0.0,False
4fb0ab38-8e41-481b-8804-1aa2861dc1da,2025-11-15,de2aa412-e109-4bcf-b6e9-9d9ad0b05e22,da6a03a1-50ad-4172-b9d0-4a32b63e152f,e6bb6335-80f6-4c6f-9a79-8e1cbf7f0d90,49.0,L,0.0,False
832fe9df-bf08-4195-9e90-85abe8a910aa,2025-11-16,de2aa412-e109-4bcf-b6e9-9d9ad0b05e22,da6a03a1-50ad-4172-b9d0-4a32b63e152f,e6bb6335-80f6-4c6f-9a79-8e1cbf7f0d90,57.0,L,0.0,False
63508942-fd00-48c7-ab3b-85395ca64a0b,2025-11-17,de2aa412-e109-4bcf-b6e9-9d9ad0b05e22,da6a03a1-50ad-4172-b9d0-4a32b63e152f,e6bb6335-80f6-4c6f-9a79-8e1cbf7f0d90,34.0,L,0.0,False
d5c9f63f-9823-494d-852a-730d735aca48,2025-11-18,de2aa412-e109-4bcf-b6e9-9d9ad0b05e22,da6a03a1-50ad-4172-b9d0-4a32b63e152f,e6bb6335-80f6-4c6f-9a79-8e1cbf7f0d90,34.0,L,0.0,False
89cbf630-2e16-4d9a-9f33-16f1b623f842,2025-11-19,de2aa412-e109-4bcf-b6e9-9d9ad0b05e22,da6a03a1-50ad-4172-b9d0-4a32b63e152f,e6bb6335-80f6-4c6f-9a79-8e1cbf7f0d90,44.0,L,0.0,False
f58fa763-48ed-4f13-973a-560293583ba3,2025-11-20,de2aa412-e109-4bcf-b6e9-9d9ad0b05e22,da6a03a1-50ad-4172-b9d0-4a32b63e152f,e6bb6335-80f6-4c6f-9a79-8e1cbf7f0d90,39.0,L,0.0,False
2e9e0157-de1a-4073-b353-a12448635117,2025-11-21,de2aa412-e109-4bcf-b6e9-9d9ad0b05e22,da6a03a1-50ad-4172-b9d0-4a32b63e152f,e6bb6335-80f6-4c6f-9a79-8e1cbf7f0d90,44.0,L,0.0,False
d66afb05-0928-4930-b636-c616acd8f724,2025-11-22,de2aa412-e109-4bcf-b6e9-9d9ad0b05e22,da6a03a1-50ad-4172-b9d0-4a32b63e152f,e6bb6335-80f6-4c6f-9a79-8e1cbf7f0d90,48.0,L,0.0,False
1d48efca-30d1-4c6a-b467-3e53bc790bab,2025-11-23,de2aa412-e109-4bcf-b6e9-9d9ad0b05e22,da6a03a1-50ad-4172-b9d0-4a32b63e152f,e6bb6335-80f6-4c6f-9a79-8e1cbf7f0d90,38.0,L,0.0,False
7160582b-5d32-420a-a75f-6dc1aff02b38,2025-11-24,de2aa412-e109-4bcf-b6e9-9d9ad0b05e22,da6a03a1-50ad-4172-b9d0-4a32b63e152f,e6bb6335-80f6-4c6f-9a79-8e1cbf7f0d90,29.0,L,0.0,False
834a9db4-6a9f-45c2-9e6e-3ca7ecce1a45,2025-11-25,de2aa412-e109-4bcf-b6e9-9d9ad0b05e22,da6a03a1-50ad-4172-b9d0-4a32b63e152f,e6bb6335-80f6-4c6f-9a79-8e1cbf7f0d90,28.0,L,0.0,False
478451b6-d68f-4038-b755-463649612e3a,2025-11-26,de2aa412-e109-4bcf-b6e9-9d9ad0b05e22,da6a03a1-50ad-4172-b9d0-4a32b63e152f,e6bb6335-80f6-4c6f-9a79-8e1cbf7f0d90,41.0,L,0.0,False
8a4c26b2-5789-4d92-95ab-794ba6cfafa0,2025-11-27,de2aa412-e109-4bcf-b6e9-9d9ad0b05e22,da6a03a1-50ad-4172-b9d0-4a32b63e152f,e6bb6335-80f6-4c6f-9a79-8e1cbf7f0d90,44.0,L,0.0,False
074105f1-a389-4591-b48c-b937850b8519,2025-11-28,de2aa412-e109-4bcf-b6e9-9d9ad0b05e22,da6a03a1-50ad-4172-b9d0-4a32b63e152f,e6bb6335-80f6-4c6f-9a79-8e1cbf7f0d90,48.0,L,0.0,False
3b872c76-f2fb-42f1-93ab-6b5ebccc4959,2025-11-29,de2aa412-e109-4bcf-b6e9-9d9ad0b05e22,da6a03a1-50ad-4172-b9d0-4a32b63e152f,e6bb6335-80f6-4c6f-9a79-8e1cbf7f0d90,53.0,L,0.0,False
94f09d68-5b74-43ef-b4b6-606bf29a0ef9,2025-11-30,de2aa412-e109-4bcf-b6e9-9d9ad0b05e22,da6a03a1-50ad-4172-b9d0-4a32b63e152f,e6bb6335-80f6-4c6f-9a79-8e1cbf7f0d90,56.0,L,0.0,False
c814be43-3abb-44a0-b0b6-06fbc0a5571a,2025-12-01,de2aa412-e109-4bcf-b6e9-9d9ad0b05e22,da6a03a1-50ad-4172-b9d0-4a32b63e152f,e6bb6335-80f6-4c6f-9a79-8e1cbf7f0d90,34.0,L,0.0,False
d14ea081-210e-4c3c-b082-e7a67317f8a1,2025-12-02,de2aa412-e109-4bcf-b6e9-9d9ad0b05e22,da6a03a1-50ad-4172-b9d0-4a32b63e152f,e6bb6335-80f6-4c6f-9a79-8e1cbf7f0d90,31.0,L,0.0,False
4ef267cc-1ac3-4abf-b174-f33d3207a947,2025-12-03,de2aa412-e109-4bcf-b6e9-9d9ad0b05e22,da6a03a1-50ad-4172-b9d0-4a32b63e152f,e6bb6335-80f6-4c6f-9a79-8e1cbf7f0d90,43.0,L,0.0,False
22ae2453-ff48-4465-8c85-8381a6015c46,2025-12-04,de2aa412-e109-4bcf-b6e9-9d9ad0b05e22,da6a03a1-50ad-4172-b9d0-4a32b63e152f,e6bb6335-80f6-4c6f-9a79-8e1cbf7f0d90,40.0,L,0.0,False
9ede0d9d-58b4-4975-a7fc-9d3e4a13be50,2025-12-05,de2aa412-e109-4bcf-b6e9-9d9ad0b05e22,da6a03a1-50ad-4172-b9d0-4a32b63e152f,e6bb6335-80f6-4c6f-9a79-8e1cbf7f0d90,39.0,L,0.0,False
12a2358f-baee-4531-a324-522cd26aa8a6,2025-12-06,de2aa412-e109-4bcf-b6e9-9d9ad0b05e22,da6a03a1-50ad-4172-b9d0-4a32b63e152f,e6bb6335-80f6-4c6f-9a79-8e1cbf7f0d90,50.0,L,0.0,False
b95b4658-f8c0-418f-800a-e9057ce1143b,2025-12-07,de2aa412-e109-4bcf-b6e9-9d9ad0b05e22,da6a03a1-50ad-4172-b9d0-4a32b63e152f,e6bb6335-80f6-4c6f-9a79-8e1cbf7f0d90,50.0,L,0.0,False
0deb6c15-d672-4b03-9d1e-1b14fd33c88f,2025-12-08,de2aa412-e109-4bcf-b6e9-9d9ad0b05e22,da6a03a1-50ad-4172-b9d0-4a32b63e152f,e6bb6335-80f6-4c6f-9a79-8e1cbf7f0d90,46.0,L,0.0,False
314cd407-0c0b-4c96-b7ca-164251b493c1,2025-12-09,de2aa412-e109-4bcf-b6e9-9d9ad0b05e22,da6a03a1-50ad-4172-b9d0-4a32b63e152f,e6bb6335-80f6-4c6f-9a79-8e1cbf7f0d90,55.0,L,0.0,True
7a102e1e-feda-4f92-afe2-2d9586074f76,2025-12-10,de2aa412-e109-4bcf-b6e9-9d9ad0b05e22,da6a03a1-50ad-4172-b9d0-4a32b63e152f,e6bb6335-80f6-4c6f-9a79-8e1cbf7f0d90,42.0,L,0.0,False
f88f959e-78fd-4540-bd9c-fa3ce7a353cc,2025-12-11,de2aa412-e109-4bcf-b6e9-9d9ad0b05e22,da6a03a1-50ad-4172-b9d0-4a32b63e152f,e6bb6335-80f6-4c6f-9a79-8e1cbf7f0d90,44.0,L,0.0,False
8f7de702-582c-46e9-915f-627730dc14de,2025-12-12,de2aa412-e109-4bcf-b6e9-9d9ad0b05e22,da6a03a1-50ad-4172-b9d0-4a32b63e152f,e6bb6335-80f6-4c6f-9a79-8e1cbf7f0d90,42.0,L,0.0,False
526e9250-1bf8-4950-a684-46f29f540594,2025-12-13,de2aa412-e109-4bcf-b6e9-9d9ad0b05e22,da6a03a1-50ad-4172-b9d0-4a32b63e152f,e6bb6335-80f6-4c6f-9a79-8e1cbf7f0d90,45.0,L,0.0,False
30c8775b-d678-48e6-8caf-792e3dd8ef51,2025-12-14,de2aa412-e109-4bcf-b6e9-9d9ad0b05e22,da6a03a1-50ad-4172-b9d0-4a32b63e152f,e6bb6335-80f6-4c6f-9a79-8e1cbf7f0d90,54.0,L,0.0,False
aabb662f-77bf-46ba-9703-469f35d0fc0e,2025-12-15,de2aa412-e109-4bcf-b6e9-9d9ad0b05e22,da6a03a1-50ad-4172-b9d0-4a32b63e152f,e6bb6335-80f6-4c6f-9a79-8e1cbf7f0d90,30.0,L,0.0,False
fb144891-6281-40af-af7b-bf41948e74af,2025-12-16,de2aa412-e109-4bcf-b6e9-9d9ad0b05e22,da6a03a1-50ad-4172-b9d0-4a32b63e152f,e6bb6335-80f6-4c6f-9a79-8e1cbf7f0d90,45.0,L,0.0,False
32d5aaea-eaf4-4ba8-9086-34c217ad4c69,2025-12-17,de2aa412-e109-4bcf-b6e9-9d9ad0b05e22,da6a03a1-50ad-4172-b9d0-4a32b63e152f,e6bb6335-80f6-4c6f-9a79-8e1cbf7f0d90,31.0,L,0.0,False
6bb8c699-719e-4a57-8ac3-80531eccdab3,2025-12-18,de2aa412-e109-4bcf-b6e9-9d9ad0b05e22,da6a03a1-50ad-4172-b9d0-4a32b63e152f,e6bb6335-80f6-4c6f-9a79-8e1cbf7f0d90,49.0,L,0.0,True
7c16caa4-2b67-473f-8b8e-c96c3fd5774c,2025-12-19,de2aa412-e109-4bcf-b6e9-9d9ad0b05e22,da6a03a1-50ad-4172-b9d0-4a32b63e152f,e6bb6335-80f6-4c6f-9a79-8e1cbf7f0d90,34.0,L,0.0,False
ee378fdb-58e3-4b2b-9655-1d1fb8e45472,2025-12-20,de2aa412-e109-4bcf-b6e9-9d9ad0b05e22,da6a03a1-50ad-4172-b9d0-4a32b63e152f,e6bb6335-80f6-4c6f-9a79-8e1cbf7f0d90,53.0,L,0.0,False
3b54c8c6-5d17-48da-bb51-6c2f9689ca25,2025-12-21,de2aa412-e109-4bcf-b6e9-9d9ad0b05e22,da6a03a1-50ad-4172-b9d0-4a32b63e152f,e6bb6335-80f6-4c6f-9a79-8e1cbf7f0d90,49.0,L,0.0,False
74697db2-109a-4ea0-a170-dc5a37c72a22,2025-12-22,de2aa412-e109-4bcf-b6e9-9d9ad0b05e22,da6a03a1-50ad-4172-b9d0-4a32b63e152f,e6bb6335-80f6-4c6f-9a79-8e1cbf7f0d90,29.0,L,0.0,False
3699a1de-50fe-43d1-ad92-5d1edd6386d5,2025-12-23,de2aa412-e109-4bcf-b6e9-9d9ad0b05e22,da6a03a1-50ad-4172-b9d0-4a32b63e152f,e6bb6335-80f6-4c6f-9a79-8e1cbf7f0d90,42.0,L,0.0,False
9ea40c33-ce5a-4fbe-adc8-6c0aaaca079b,2025-12-24,de2aa412-e109-4bcf-b6e9-9d9ad0b05e22,da6a03a1-50ad-4172-b9d0-4a32b63e152f,e6bb6335-80f6-4c6f-9a79-8e1cbf7f0d90,43.0,L,0.0,True
081fb24e-a1e2-463d-9bb8-b2b9ae99ccec,2025-12-25,de2aa412-e109-4bcf-b6e9-9d9ad0b05e22,da6a03a1-50ad-4172-b9d0-4a32b63e152f,e6bb6335-80f6-4c6f-9a79-8e1cbf7f0d90,45.0,L,0.0,False
e8764c04-aa76-48c2-88fa-5dfce38b398d,2025-12-26,de2aa412-e109-4bcf-b6e9-9d9ad0b05e22,da6a03a1-50ad-4172-b9d0-4a32b63e152f,e6bb6335-80f6-4c6f-9a79-8e1cbf7f0d90,48.0,L,0.0,True
4f591a0d-34fa-4af3-856d-b53ba754e9d4,2025-12-27,de2aa412-e109-4bcf-b6e9-9d9ad0b05e22,da6a03a1-50ad-4172-b9d0-4a32b63e152f,e6bb6335-80f6-4c6f-9a79-8e1cbf7f0d90,53.0,L,0.0,False
4510209d-5841-4ba0-b930-86dd609e645f,2025-12-28,de2aa412-e109-4bcf-b6e9-9d9ad0b05e22,da6a03a1-50ad-4172-b9d0-4a32b63e152f,e6bb6335-80f6-4c6f-9a79-8e1cbf7f0d90,42.0,L,0.0,False
0c0a3111-a040-459a-ab30-1500eb3e6034,2025-12-29,de2aa412-e109-4bcf-b6e9-9d9ad0b05e22,da6a03a1-50ad-4172-b9d0-4a32b63e152f,e6bb6335-80f6-4c6f-9a79-8e1cbf7f0d90,36.0,L,0.0,False
33e36699-748c-42ba-b5e0-43d9779982d7,2025-12-30,de2aa412-e109-4bcf-b6e9-9d9ad0b05e22,da6a03a1-50ad-4172-b9d0-4a32b63e152f,e6bb6335-80f6-4c6f-9a79-8e1cbf7f0d90,37.0,L,0.0,False
bb1074e7-0c11-4f79-9739-cf1fa755c08c,2025-12-31,de2aa412-e109-4bcf-b6e9-9d9ad0b05e22,da6a03a1-50ad-4172-b9d0-4a32b63e152f,e6bb6335-80f6-4c6f-9a79-8e1cbf7f0d90,55.0,L,0.0,True
64960f4c-c19b-4d72-adc5-d28582d3499c,2026-01-01,de2aa412-e109-4bcf-b6e9-9d9ad0b05e22,da6a03a1-50ad-4172-b9d0-4a32b63e152f,e6bb6335-80f6-4c6f-9a79-8e1cbf7f0d90,51.0,L,0.0,False
63e98576-cb0c-4aa5-9485-42c884a62f09,2026-01-02,de2aa412-e109-4bcf-b6e9-9d9ad0b05e22,da6a03a1-50ad-4172-b9d0-4a32b63e152f,e6bb6335-80f6-4c6f-9a79-8e1cbf7f0d90,35.0,L,0.0,False
d7a7bd64-40ae-40e2-ba42-89896fcc7e4e,2026-01-03,de2aa412-e109-4bcf-b6e9-9d9ad0b05e22,da6a03a1-50ad-4172-b9d0-4a32b63e152f,e6bb6335-80f6-4c6f-9a79-8e1cbf7f0d90,59.0,L,0.0,False
0de536de-42e4-44b5-8ad7-72e564cefec2,2026-01-04,de2aa412-e109-4bcf-b6e9-9d9ad0b05e22,da6a03a1-50ad-4172-b9d0-4a32b63e152f,e6bb6335-80f6-4c6f-9a79-8e1cbf7f0d90,33.0,L,0.0,False
cc82d967-f295-461d-9ba2-6609774d588c,2026-01-05,de2aa412-e109-4bcf-b6e9-9d9ad0b05e22,da6a03a1-50ad-4172-b9d0-4a32b63e152f,e6bb6335-80f6-4c6f-9a79-8e1cbf7f0d90,33.0,L,0.0,False
e32572b6-8e3b-448f-877b-3717cf01dc91,2026-01-06,de2aa412-e109-4bcf-b6e9-9d9ad0b05e22,da6a03a1-50ad-4172-b9d0-4a32b63e152f,e6bb6335-80f6-4c6f-9a79-8e1cbf7f0d90,34.0,L,0.0,False
ad887aed-715f-430f-878d-39144be8925d,2026-01-07,de2aa412-e109-4bcf-b6e9-9d9ad0b05e22,da6a03a1-50ad-4172-b9d0-4a32b63e152f,e6bb6335-80f6-4c6f-9a79-8e1cbf7f0d90,32.0,L,0.0,False
94852c76-b6fb-4005-953b-ce3b6adc5e4e,2026-01-08,de2aa412-e109-4bcf-b6e9-9d9ad0b05e22,da6a03a1-50ad-4172-b9d0-4a32b63e152f,e6bb6335-80f6-4c6f-9a79-8e1cbf7f0d90,30.0,L,0.0,False
8bef2016-622e-46e8-80c3-40c5c0dd17c0,2026-01-09,de2aa412-e109-4bcf-b6e9-9d9ad0b05e22,da6a03a1-50ad-4172-b9d0-4a32b63e152f,e6bb6335-80f6-4c6f-9a79-8e1cbf7f0d90,43.0,L,0.0,False
1d52a728-e234-449b-9014-951a9168e61e,2026-01-10,de2aa412-e109-4bcf-b6e9-9d9ad0b05e22,da6a03a1-50ad-4172-b9d0-4a32b63e152f,e6bb6335-80f6-4c6f-9a79-8e1cbf7f0d90,49.0,L,0.0,False
7dbe1620-1a3c-4113-95a4-6a2ebd382d42,2026-01-11,de2aa412-e109-4bcf-b6e9-9d9ad0b05e22,da6a03a1-50ad-4172-b9d0-4a32b63e152f,e6bb6335-80f6-4c6f-9a79-8e1cbf7f0d90,54.0,L,0.0,False
a5a02ddc-92fe-4018-9c5d-2c9106018c73,2026-01-12,de2aa412-e109-4bcf-b6e9-9d9ad0b05e22,da6a03a1-50ad-4172-b9d0-4a32b63e152f,e6bb6335-80f6-4c6f-9a79-8e1cbf7f0d90,46.0,L,0.0,False
2e2a3da3-064b-4fdd-9790-827e91155b52,2026-01-13,de2aa412-e109-4bcf-b6e9-9d9ad0b05e22,da6a03a1-50ad-4172-b9d0-4a32b63e152f,e6bb6335-80f6-4c6f-9a79-8e1cbf7f0d90,43.0,L,0.0,False
f0fe8057-9eb5-41f3-ab4d-a5dc823c31e1,2026-01-14,de2aa412-e109-4bcf-b6e9-9d9ad0b05e22,da6a03a1-50ad-4172-b9d0-4a32b63e152f,e6bb6335-80f6-4c6f-9a79-8e1cbf7f0d90,45.0,L,0.0,False
1c29a163-a3a9-4366-ad17-2f833ca78949,2026-01-15,de2aa412-e109-4bcf-b6e9-9d9ad0b05e22,da6a03a1-50ad-4172-b9d0-4a32b63e152f,e6bb6335-80f6-4c6f-9a79-8e1cbf7f0d90,41.0,L,0.0,False
52017a70-fb10-4729-a4d2-604b43077c6f,2026-01-16,de2aa412-e109-4bcf-b6e9-9d9ad0b05e22,da6a03a1-50ad-4172-b9d0-4a32b63e152f,e6bb6335-80f6-4c6f-9a79-8e1cbf7f0d90,33.0,L,0.0,False
1a52faf2-599f-4460-a22a-9b91d590ed3f,2026-01-17,de2aa412-e109-4bcf-b6e9-9d9ad0b05e22,da6a03a1-50ad-4172-b9d0-4a32b63e152f,e6bb6335-80f6-4c6f-9a79-8e1cbf7f0d90,60.0,L,0.0,False
bd8f6ece-af7b-43fe-908c-92ce3d82669e,2026-01-18,de2aa412-e109-4bcf-b6e9-9d9ad0b05e22,da6a03a1-50ad-4172-b9d0-4a32b63e152f,e6bb6335-80f6-4c6f-9a79-8e1cbf7f0d90,47.0,L,0.0,False
5f1163a6-ac6a-40f6-8bbc-f38a9b84116b,2026-01-19,de2aa412-e109-4bcf-b6e9-9d9ad0b05e22,da6a03a1-50ad-4172-b9d0-4a32b63e152f,e6bb6335-80f6-4c6f-9a79-8e1cbf7f0d90,35.0,L,0.0,False
ce1fc179-bb27-4b41-b243-0d2be3321dec,2026-01-20,de2aa412-e109-4bcf-b6e9-9d9ad0b05e22,da6a03a1-50ad-4172-b9d0-4a32b63e152f,e6bb6335-80f6-4c6f-9a79-8e1cbf7f0d90,49.0,L,0.0,True
c092ac96-f548-400d-ad14-6f2a33ede78c,2026-01-21,de2aa412-e109-4bcf-b6e9-9d9ad0b05e22,da6a03a1-50ad-4172-b9d0-4a32b63e152f,e6bb6335-80f6-4c6f-9a79-8e1cbf7f0d90,36.0,L,0.0,False
58546daf-60d9-4de7-a146-1b94365fb77a,2026-01-22,de2aa412-e109-4bcf-b6e9-9d9ad0b05e22,da6a03a1-50ad-4172-b9d0-4a32b63e152f,e6bb6335-80f6-4c6f-9a79-8e1cbf7f0d90,39.0,L,0.0,False
a0a9111b-711d-44ef-b374-4842df048782,2026-01-23,de2aa412-e109-4bcf-b6e9-9d9ad0b05e22,da6a03a1-50ad-4172-b9d0-4a32b63e152f,e6bb6335-80f6-4c6f-9a79-8e1cbf7f0d90,53.0,L,0.0,True
89354668-cc2e-47c0-9c3a-bc78591e07b4,2026-01-24,de2aa412-e109-4bcf-b6e9-9d9ad0b05e22,da6a03a1-50ad-4172-b9d0-4a32b63e152f,e6bb6335-80f6-4c6f-9a79-8e1cbf7f0d90,55.0,L,0.0,False
0f94461a-2196-48f8-ba76-263295a9b49e,2026-01-25,de2aa412-e109-4bcf-b6e9-9d9ad0b05e22,da6a03a1-50ad-4172-b9d0-4a32b63e152f,e6bb6335-80f6-4c6f-9a79-8e1cbf7f0d90,45.0,L,0.0,False
59e3f3c6-c9a3-48c1-99b1-a46e1f841dbd,2026-01-26,de2aa412-e109-4bcf-b6e9-9d9ad0b05e22,da6a03a1-50ad-4172-b9d0-4a32b63e152f,e6bb6335-80f6-4c6f-9a79-8e1cbf7f0d90,39.0,L,0.0,False
f9e7d435-a975-47e1-9c26-2968d8a4ac98,2026-01-27,de2aa412-e109-4bcf-b6e9-9d9ad0b05e22,da6a03a1-50ad-4172-b9d0-4a32b63e152f,e6bb6335-80f6-4c6f-9a79-8e1cbf7f0d90,49.0,L,0.0,False
2cca775e-3f4a-43b7-a201-7ba8e9c291ac,2026-01-28,de2aa412-e109-4bcf-b6e9-9d9ad0b05e22,da6a03a1-50ad-4172-b9d0-4a32b63e152f,e6bb6335-80f6-4c6f-9a79-8e1cbf7f0d90,46.0,L,0.0,False
afd58adc-fc6e-487b-94aa-2da44d584079,2026-01-29,de2aa412-e109-4bcf-b6e9-9d9ad0b05e22,da6a03a1-50ad-4172-b9d0-4a32b63e152f,e6bb6335-80f6-4c6f-9a79-8e1cbf7f0d90,56.0,L,0.0,False
a87c7dea-b855-4456-9bcd-bd2b870f5c53,2026-01-30,de2aa412-e109-4bcf-b6e9-9d9ad0b05e22,da6a03a1-50ad-4172-b9d0-4a32b63e152f,e6bb6335-80f6-4c6f-9a79-8e1cbf7f0d90,50.0,L,0.0,False
1ee5674c-0468-4a84-86a8-a44afdc8de6c,2026-01-31,de2aa412-e109-4bcf-b6e9-9d9ad0b05e22,da6a03a1-50ad-4172-b9d0-4a32b63e152f,e6bb6335-80f6-4c6f-9a79-8e1cbf7f0d90,75.0,L,0.0,True
17234659-227a-4e6c-8c3b-3719c6ec3524,2026-02-01,de2aa412-e109-4bcf-b6e9-9d9ad0b05e22,da6a03a1-50ad-4172-b9d0-4a32b63e152f,e6bb6335-80f6-4c6f-9a79-8e1cbf7f0d90,41.0,L,0.0,False
96e4e4fe-b8c3-4a3b-bf02-89860a96068a,2026-02-02,de2aa412-e109-4bcf-b6e9-9d9ad0b05e22,da6a03a1-50ad-4172-b9d0-4a32b63e152f,e6bb6335-80f6-4c6f-9a79-8e1cbf7f0d90,48.0,L,0.0,False
9f8f3aa5-124e-4fe3-901c-e7408f191ab9,2026-02-03,de2aa412-e109-4bcf-b6e9-9d9ad0b05e22,da6a03a1-50ad-4172-b9d0-4a32b63e152f,e6bb6335-80f6-4c6f-9a79-8e1cbf7f0d90,42.0,L,0.0,False
27771f04-c9e8-4d7d-b0dc-4c2233c57521,2026-02-04,de2aa412-e109-4bcf-b6e9-9d9ad0b05e22,da6a03a1-50ad-4172-b9d0-4a32b63e152f,e6bb6335-80f6-4c6f-9a79-8e1cbf7f0d90,39.0,L,0.0,False
87cbfb87-a607-4da4-a613-ffa86e0ae9c6,2026-02-05,de2aa412-e109-4bcf-b6e9-9d9ad0b05e22,da6a03a1-50ad-4172-b9d0-4a32b63e152f,e6bb6335-80f6-4c6f-9a79-8e1cbf7f0d90,44.0,L,0.0,False
2fdfd1fc-7bc6-4176-9f58-2c91f7077004,2026-02-06,de2aa412-e109-4bcf-b6e9-9d9ad0b05e22,da6a03a1-50ad-4172-b9d0-4a32b63e152f,e6bb6335-80f6-4c6f-9a79-8e1cbf7f0d90,49.0,L,0.0,False
479ce182-0cc7-443c-9147-2eafe42dcdc2,2026-02-07,de2aa412-e109-4bcf-b6e9-9d9ad0b05e22,da6a03a1-50ad-4172-b9d0-4a32b63e152f,e6bb6335-80f6-4c6f-9a79-8e1cbf7f0d90,58.0,L,0.0,False
8355926e-2edd-41ff-9d13-4892cc88718d,2026-02-08,de2aa412-e109-4bcf-b6e9-9d9ad0b05e22,da6a03a1-50ad-4172-b9d0-4a32b63e152f,e6bb6335-80f6-4c6f-9a79-8e1cbf7f0d90,46.0,L,0.0,False
e1b1b3bc-7ffb-4607-b206-0a4281019946,2026-02-09,de2aa412-e109-4bcf-b6e9-9d9ad0b05e22,da6a03a1-50ad-4172-b9d0-4a32b63e152f,e6bb6335-80f6-4c6f-9a79-8e1cbf7f0d90,48.0,L,0.0,False
59cc0d8f-7a48-43b4-8fb7-71e9eb0fa4f9,2026-02-10,de2aa412-e109-4bcf-b6e9-9d9ad0b05e22,da6a03a1-50ad-4172-b9d0-4a32b63e152f,e6bb6335-80f6-4c6f-9a79-8e1cbf7f0d90,39.0,L,0.0,False
9731904b-5fc9-41a7-94ae-0abda966f2fe,2026-02-11,de2aa412-e109-4bcf-b6e9-9d9ad0b05e22,da6a03a1-50ad-4172-b9d0-4a32b63e152f,e6bb6335-80f6-4c6f-9a79-8e1cbf7f0d90,45.0,L,0.0,False
3af27401-d63c-4117-a454-e5f91605969f,2026-02-12,de2aa412-e109-4bcf-b6e9-9d9ad0b05e22,da6a03a1-50ad-4172-b9d0-4a32b63e152f,e6bb6335-80f6-4c6f-9a79-8e1cbf7f0d90,41.0,L,0.0,False
eaa87bbb-3b8c-43a6-bc8c-0a4c6406d6f7,2026-02-13,de2aa412-e109-4bcf-b6e9-9d9ad0b05e22,da6a03a1-50ad-4172-b9d0-4a32b63e152f,e6bb6335-80f6-4c6f-9a79-8e1cbf7f0d90,42.0,L,0.0,False
2fa6d877-93df-4d90-87ea-a6bc41d19224,2026-02-14,de2aa412-e109-4bcf-b6e9-9d9ad0b05e22,da6a03a1-50ad-4172-b9d0-4a32b63e152f,e6bb6335-80f6-4c6f-9a79-8e1cbf7f0d90,61.0,L,0.0,False
e4058776-f546-4b96-95ef-612eff37456e,2026-02-15,de2aa412-e109-4bcf-b6e9-9d9ad0b05e22,da6a03a1-50ad-4172-b9d0-4a32b63e152f,e6bb6335-80f6-4c6f-9a79-8e1cbf7f0d90,45.0,L,0.0,False
aa97fee8-5835-4f72-a564-0c030cdea6b0,2026-02-16,de2aa412-e109-4bcf-b6e9-9d9ad0b05e22,da6a03a1-50ad-4172-b9d0-4a32b63e152f,e6bb6335-80f6-4c6f-9a79-8e1cbf7f0d90,57.0,L,0.0,False
bf60c038-cc0f-424f-8aa0-f85cbdc20e65,2026-02-17,de2aa412-e109-4bcf-b6e9-9d9ad0b05e22,da6a03a1-50ad-4172-b9d0-4a32b63e152f,e6bb6335-80f6-4c6f-9a79-8e1cbf7f0d90,31.0,L,0.0,False
1023bbea-e77f-4375-9c55-67d38ba8e10d,2026-02-18,de2aa412-e109-4bcf-b6e9-9d9ad0b05e22,da6a03a1-50ad-4172-b9d0-4a32b63e152f,e6bb6335-80f6-4c6f-9a79-8e1cbf7f0d90,39.0,L,0.0,False
ae3ef72d-cbc0-4931-b0e8-bf39f282d46f,2026-02-19,de2aa412-e109-4bcf-b6e9-9d9ad0b05e22,da6a03a1-50ad-4172-b9d0-4a32b63e152f,e6bb6335-80f6-4c6f-9a79-8e1cbf7f0d90,46.0,L,0.0,False
0c1a0da2-30ad-4cc3-9b88-499eec073936,2026-02-20,de2aa412-e109-4bcf-b6e9-9d9ad0b05e22,da6a03a1-50ad-4172-b9d0-4a32b63e152f,e6bb6335-80f6-4c6f-9a79-8e1cbf7f0d90,48.0,L,0.0,False
3e639f3b-122f-431d-900f-46cec53ae4c1,2026-02-21,de2aa412-e109-4bcf-b6e9-9d9ad0b05e22,da6a03a1-50ad-4172-b9d0-4a32b63e152f,e6bb6335-80f6-4c6f-9a79-8e1cbf7f0d90,54.0,L,0.0,False
07098980-6b84-474e-b011-cc5a6b9036ce,2026-02-22,de2aa412-e109-4bcf-b6e9-9d9ad0b05e22,da6a03a1-50ad-4172-b9d0-4a32b63e152f,e6bb6335-80f6-4c6f-9a79-8e1cbf7f0d90,54.0,L,0.0,False
1a99e719-0923-4fe7-9520-dfb48e0a6321,2026-02-23,de2aa412-e109-4bcf-b6e9-9d9ad0b05e22,da6a03a1-50ad-4172-b9d0-4a32b63e152f,e6bb6335-80f6-4c6f-9a79-8e1cbf7f0d90,47.0,L,0.0,False
0136280e-d5b7-47d8-b305-b19a95bfb122,2026-02-24,de2aa412-e109-4bcf-b6e9-9d9ad0b05e22,da6a03a1-50ad-4172-b9d0-4a32b63e152f,e6bb6335-80f6-4c6f-9a79-8e1cbf7f0d90,42.0,L,0.0,False
1a12dcdc-2af4-460f-831f-9922018711d3,2026-02-25,de2aa412-e109-4bcf-b6e9-9d9ad0b05e22,da6a03a1-50ad-4172-b9d0-4a32b63e152f,e6bb6335-80f6-4c6f-9a79-8e1cbf7f0d90,54.0,L,0.0,False
15f7b41b-6e6a-4d9a-93ab-50bd5f0481b5,2026-02-26,de2aa412-e109-4bcf-b6e9-9d9ad0b05e22,da6a03a1-50ad-4172-b9d0-4a32b63e152f,e6bb6335-80f6-4c6f-9a79-8e1cbf7f0d90,50.0,L,0.0,False
1951ff06-a69f-473d-b826-508bbc9f3705,2026-02-27,de2aa412-e109-4bcf-b6e9-9d9ad0b05e22,da6a03a1-50ad-4172-b9d0-4a32b63e152f,e6bb6335-80f6-4c6f-9a79-8e1cbf7f0d90,60.0,L,0.0,True
5002756e-655d-445b-9de4-e99436a0d484,2026-02-28,de2aa412-e109-4bcf-b6e9-9d9ad0b05e22,da6a03a1-50ad-4172-b9d0-4a32b63e152f,e6bb6335-80f6-4c6f-9a79-8e1cbf7f0d90,47.0,L,0.0,False
c1f15d50-45dc-4f72-ab87-7f5efa029abc,2026-03-01,de2aa412-e109-4bcf-b6e9-9d9ad0b05e22,da6a03a1-50ad-4172-b9d0-4a32b63e152f,e6bb6335-80f6-4c6f-9a79-8e1cbf7f0d90,54.0,L,0.0,False
24477029-9997-4f8b-97c5-005611879644,2026-03-02,de2aa412-e109-4bcf-b6e9-9d9ad0b05e22,da6a03a1-50ad-4172-b9d0-4a32b63e152f,e6bb6335-80f6-4c6f-9a79-8e1cbf7f0d90,50.0,L,0.0,True
b5a9ab07-09b2-496d-b908-f65f950aa9f7,2026-03-03,de2aa412-e109-4bcf-b6e9-9d9ad0b05e22,da6a03a1-50ad-4172-b9d0-4a32b63e152f,e6bb6335-80f6-4c6f-9a79-8e1cbf7f0d90,37.0,L,0.0,False
2ca311de-454b-455a-99fb-735bbaa11f17,2026-03-04,de2aa412-e109-4bcf-b6e9-9d9ad0b05e22,da6a03a1-50ad-4172-b9d0-4a32b63e152f,e6bb6335-80f6-4c6f-9a79-8e1cbf7f0d90,47.0,L,0.0,False
b3f3de57-86b8-40bf-b3bb-6d5590e0cb9a,2026-03-05,de2aa412-e109-4bcf-b6e9-9d9ad0b05e22,da6a03a1-50ad-4172-b9d0-4a32b63e152f,e6bb6335-80f6-4c6f-9a79-8e1cbf7f0d90,40.0,L,0.0,False
471ba730-ec85-4ad0-8b13-c66bab7028cd,2026-03-06,de2aa412-e109-4bcf-b6e9-9d9ad0b05e22,da6a03a1-50ad-4172-b9d0-4a32b63e152f,e6bb6335-80f6-4c6f-9a79-8e1cbf7f0d90,49.0,L,0.0,False
dcb8755d-c7fe-4624-80ac-9cf4f2407999,2026-03-07,de2aa412-e109-4bcf-b6e9-9d9ad0b05e22,da6a03a1-50ad-4172-b9d0-4a32b63e152f,e6bb6335-80f6-4c6f-9a79-8e1cbf7f0d90,46.0,L,0.0,False
1bbd72ae-2478-4b5d-ad30-65dd3a37b57e,2026-03-08,de2aa412-e109-4bcf-b6e9-9d9ad0b05e22,da6a03a1-50ad-4172-b9d0-4a32b63e152f,e6bb6335-80f6-4c6f-9a79-8e1cbf7f0d90,71.0,L,0.0,False
354fd96d-52ee-40e0-8364-cac1b01add4a,2026-03-09,de2aa412-e109-4bcf-b6e9-9d9ad0b05e22,da6a03a1-50ad-4172-b9d0-4a32b63e152f,e6bb6335-80f6-4c6f-9a79-8e1cbf7f0d90,38.0,L,0.0,False
47c3a031-6d74-4617-beba-921fb7d822af,2026-03-10,de2aa412-e109-4bcf-b6e9-9d9ad0b05e22,da6a03a1-50ad-4172-b9d0-4a32b63e152f,e6bb6335-80f6-4c6f-9a79-8e1cbf7f0d90,46.0,L,0.0,False
601b5cb7-0fab-4bed-82dd-0c5830fc3a5d,2026-03-11,de2aa412-e109-4bcf-b6e9-9d9ad0b05e22,da6a03a1-50ad-4172-b9d0-4a32b63e152f,e6bb6335-80f6-4c6f-9a79-8e1cbf7f0d90,50.0,L,0.0,False
ee2e8fae-f388-4bfa-998b-d40d11d38da0,2026-03-12,de2aa412-e109-4bcf-b6e9-9d9ad0b05e22,da6a03a1-50ad-4172-b9d0-4a32b63e152f,e6bb6335-80f6-4c6f-9a79-8e1cbf7f0d90,40.0,L,0.0,False
d995c9a9-8f14-43c6-8838-a502cf947c44,2026-03-13,de2aa412-e109-4bcf-b6e9-9d9ad0b05e22,da6a03a1-50ad-4172-b9d0-4a32b63e152f,e6bb6335-80f6-4c6f-9a79-8e1cbf7f0d90,51.0,L,0.0,False
00f64d7e-b6ce-4f48-900f-c86018892af7,2026-03-14,de2aa412-e109-4bcf-b6e9-9d9ad0b05e22,da6a03a1-50ad-4172-b9d0-4a32b63e152f,e6bb6335-80f6-4c6f-9a79-8e1cbf7f0d90,45.0,L,0.0,False
2966aee2-8756-439c-8335-cec97ea59588,2026-03-15,de2aa412-e109-4bcf-b6e9-9d9ad0b05e22,da6a03a1-50ad-4172-b9d0-4a32b63e152f,e6bb6335-80f6-4c6f-9a79-8e1cbf7f0d90,69.0,L,0.0,False
e27c7aa8-848a-46b2-af21-87fc761c0f69,2026-03-16,de2aa412-e109-4bcf-b6e9-9d9ad0b05e22,da6a03a1-50ad-4172-b9d0-4a32b63e152f,e6bb6335-80f6-4c6f-9a79-8e1cbf7f0d90,45.0,L,0.0,False
b5c5ea3e-94cf-416f-a0fc-26af590997b3,2026-03-17,de2aa412-e109-4bcf-b6e9-9d9ad0b05e22,da6a03a1-50ad-4172-b9d0-4a32b63e152f,e6bb6335-80f6-4c6f-9a79-8e1cbf7f0d90,40.0,L,0.0,False
856be7be-0126-4947-ad23-491273d84112,2026-03-18,de2aa412-e109-4bcf-b6e9-9d9ad0b05e22,da6a03a1-50ad-4172-b9d0-4a32b63e152f,e6bb6335-80f6-4c6f-9a79-8e1cbf7f0d90,43.0,L,0.0,False
c58f22bd-bf65-432f-8285-575fca483d62,2026-03-19,de2aa412-e109-4bcf-b6e9-9d9ad0b05e22,da6a03a1-50ad-4172-b9d0-4a32b63e152f,e6bb6335-80f6-4c6f-9a79-8e1cbf7f0d90,50.0,L,0.0,False
499283d2-aef0-478b-bfc5-04d938537762,2026-03-20,de2aa412-e109-4bcf-b6e9-9d9ad0b05e22,da6a03a1-50ad-4172-b9d0-4a32b63e152f,e6bb6335-80f6-4c6f-9a79-8e1cbf7f0d90,41.0,L,0.0,False
6450d173-9733-41f0-9e5f-e1968ac762e6,2026-03-21,de2aa412-e109-4bcf-b6e9-9d9ad0b05e22,da6a03a1-50ad-4172-b9d0-4a32b63e152f,e6bb6335-80f6-4c6f-9a79-8e1cbf7f0d90,49.0,L,0.0,False
e78b21a1-4737-4cdf-9b22-555a20c30c53,2026-03-22,de2aa412-e109-4bcf-b6e9-9d9ad0b05e22,da6a03a1-50ad-4172-b9d0-4a32b63e152f,e6bb6335-80f6-4c6f-9a79-8e1cbf7f0d90,54.0,L,0.0,False
b6133bbd-7c5a-47d5-8ca2-e88392296bdc,2026-03-23,de2aa412-e109-4bcf-b6e9-9d9ad0b05e22,da6a03a1-50ad-4172-b9d0-4a32b63e152f,e6bb6335-80f6-4c6f-9a79-8e1cbf7f0d90,36.0,L,0.0,False
f0ee7db4-72ab-4bb0-ad9e-78a0b78dc440,2026-03-24,de2aa412-e109-4bcf-b6e9-9d9ad0b05e22,da6a03a1-50ad-4172-b9d0-4a32b63e152f,e6bb6335-80f6-4c6f-9a79-8e1cbf7f0d90,58.0,L,0.0,False
209a1451-0524-4c1f-ba0e-8f1ca5df1bcc,2026-03-25,de2aa412-e109-4bcf-b6e9-9d9ad0b05e22,da6a03a1-50ad-4172-b9d0-4a32b63e152f,e6bb6335-80f6-4c6f-9a79-8e1cbf7f0d90,41.0,L,0.0,False
417efb40-4d56-4a3d-81a0-d9b9b71d0b36,2026-03-26,de2aa412-e109-4bcf-b6e9-9d9ad0b05e22,da6a03a1-50ad-4172-b9d0-4a32b63e152f,e6bb6335-80f6-4c6f-9a79-8e1cbf7f0d90,51.0,L,0.0,False
d6c0aa15-73aa-41d7-8600-b47728bce6dc,2026-03-27,de2aa412-e109-4bcf-b6e9-9d9ad0b05e22,da6a03a1-50ad-4172-b9d0-4a32b63e152f,e6bb6335-80f6-4c6f-9a79-8e1cbf7f0d90,56.0,L,0.0,True
425962a1-51f0-4b48-a2ec-e2105712f2f0,2026-03-28,de2aa412-e109-4bcf-b6e9-9d9ad0b05e22,da6a03a1-50ad-4172-b9d0-4a32b63e152f,e6bb6335-80f6-4c6f-9a79-8e1cbf7f0d90,47.0,L,0.0,False
864e9280-4a5d-417f-a04a-11614fe7b269,2026-03-29,de2aa412-e109-4bcf-b6e9-9d9ad0b05e22,da6a03a1-50ad-4172-b9d0-4a32b63e152f,e6bb6335-80f6-4c6f-9a79-8e1cbf7f0d90,56.0,L,0.0,False
5e955441-cffe-4a12-9baa-7b3036d961b3,2026-03-30,de2aa412-e109-4bcf-b6e9-9d9ad0b05e22,da6a03a1-50ad-4172-b9d0-4a32b63e152f,e6bb6335-80f6-4c6f-9a79-8e1cbf7f0d90,50.0,L,0.0,False
b1e055b4-cd58-4218-8b41-7c0276c04925,2026-03-31,de2aa412-e109-4bcf-b6e9-9d9ad0b05e22,da6a03a1-50ad-4172-b9d0-4a32b63e152f,e6bb6335-80f6-4c6f-9a79-8e1cbf7f0d90,43.0,L,0.0,False
3cb8e9d3-00fa-4794-ab77-8c84083e1a5c,2026-04-01,de2aa412-e109-4bcf-b6e9-9d9ad0b05e22,da6a03a1-50ad-4172-b9d0-4a32b63e152f,e6bb6335-80f6-4c6f-9a79-8e1cbf7f0d90,53.0,L,0.0,False
9449e79d-8cc7-46be-b51c-3648ae6bedb6,2026-04-02,de2aa412-e109-4bcf-b6e9-9d9ad0b05e22,da6a03a1-50ad-4172-b9d0-4a32b63e152f,e6bb6335-80f6-4c6f-9a79-8e1cbf7f0d90,52.0,L,0.0,False
9ec73d2b-2eb8-4e61-92e7-7522c2216716,2026-04-03,de2aa412-e109-4bcf-b6e9-9d9ad0b05e22,da6a03a1-50ad-4172-b9d0-4a32b63e152f,e6bb6335-80f6-4c6f-9a79-8e1cbf7f0d90,51.0,L,0.0,False
fa49637b-cb38-4bcc-9c86-487e1660a3b4,2026-04-04,de2aa412-e109-4bcf-b6e9-9d9ad0b05e22,da6a03a1-50ad-4172-b9d0-4a32b63e152f,e6bb6335-80f6-4c6f-9a79-8e1cbf7f0d90,52.0,L,0.0,False
724ce560-b750-4054-b56d-a68741da4019,2026-04-05,de2aa412-e109-4bcf-b6e9-9d9ad0b05e22,da6a03a1-50ad-4172-b9d0-4a32b63e152f,e6bb6335-80f6-4c6f-9a79-8e1cbf7f0d90,46.0,L,0.0,False
b40d2c89-e536-4af1-a72b-2b110f84e2fc,2026-04-06,de2aa412-e109-4bcf-b6e9-9d9ad0b05e22,da6a03a1-50ad-4172-b9d0-4a32b63e152f,e6bb6335-80f6-4c6f-9a79-8e1cbf7f0d90,40.0,L,0.0,False
26f5611c-aeae-4d97-95c4-db7452071799,2026-04-07,de2aa412-e109-4bcf-b6e9-9d9ad0b05e22,da6a03a1-50ad-4172-b9d0-4a32b63e152f,e6bb6335-80f6-4c6f-9a79-8e1cbf7f0d90,46.0,L,0.0,False
d0a32a31-a113-49d0-a1e8-d005b827cb5e,2026-04-08,de2aa412-e109-4bcf-b6e9-9d9ad0b05e22,da6a03a1-50ad-4172-b9d0-4a32b63e152f,e6bb6335-80f6-4c6f-9a79-8e1cbf7f0d90,49.0,L,0.0,False
4bc03cd9-56c4-4602-9d94-744b1d6ae414,2026-04-09,de2aa412-e109-4bcf-b6e9-9d9ad0b05e22,da6a03a1-50ad-4172-b9d0-4a32b63e152f,e6bb6335-80f6-4c6f-9a79-8e1cbf7f0d90,29.0,L,0.0,False
07541a99-7ab7-4d1d-a8c9-f876a1b2e2a0,2026-04-10,de2aa412-e109-4bcf-b6e9-9d9ad0b05e22,da6a03a1-50ad-4172-b9d0-4a32b63e152f,e6bb6335-80f6-4c6f-9a79-8e1cbf7f0d90,45.0,L,0.0,False
43fd02a8-2548-4014-985c-3b9fb050669a,2026-04-11,de2aa412-e109-4bcf-b6e9-9d9ad0b05e22,da6a03a1-50ad-4172-b9d0-4a32b63e152f,e6bb6335-80f6-4c6f-9a79-8e1cbf7f0d90,57.0,L,0.0,False
fad4a8a9-2692-4da8-a746-0b222b6164b3,2026-04-12,de2aa412-e109-4bcf-b6e9-9d9ad0b05e22,da6a03a1-50ad-4172-b9d0-4a32b63e152f,e6bb6335-80f6-4c6f-9a79-8e1cbf7f0d90,53.0,L,0.0,False
00df5e41-e348-46b7-95f2-d22f5191959c,2026-04-13,de2aa412-e109-4bcf-b6e9-9d9ad0b05e22,da6a03a1-50ad-4172-b9d0-4a32b63e152f,e6bb6335-80f6-4c6f-9a79-8e1cbf7f0d90,54.0,L,0.0,False
d1a6676c-705e-4e28-bc68-9f375cb0c534,2026-04-14,de2aa412-e109-4bcf-b6e9-9d9ad0b05e22,da6a03a1-50ad-4172-b9d0-4a32b63e152f,e6bb6335-80f6-4c6f-9a79-8e1cbf7f0d90,48.0,L,0.0,False
72948041-0d3d-4325-9f34-72c790b9ed64,2026-04-15,de2aa412-e109-4bcf-b6e9-9d9ad0b05e22,da6a03a1-50ad-4172-b9d0-4a32b63e152f,e6bb6335-80f6-4c6f-9a79-8e1cbf7f0d90,54.0,L,0.0,False
28bfbdbc-4ba2-452d-b16a-7d04c0df4925,2026-04-16,de2aa412-e109-4bcf-b6e9-9d9ad0b05e22,da6a03a1-50ad-4172-b9d0-4a32b63e152f,e6bb6335-80f6-4c6f-9a79-8e1cbf7f0d90,43.0,L,0.0,False
992ef699-bbde-43be-a3fb-a25a873569c5,2026-04-17,de2aa412-e109-4bcf-b6e9-9d9ad0b05e22,da6a03a1-50ad-4172-b9d0-4a32b63e152f,e6bb6335-80f6-4c6f-9a79-8e1cbf7f0d90,51.0,L,0.0,False
0c3d36aa-0fe9-4c7e-8ec3-2e033d0ea7f7,2026-04-18,de2aa412-e109-4bcf-b6e9-9d9ad0b05e22,da6a03a1-50ad-4172-b9d0-4a32b63e152f,e6bb6335-80f6-4c6f-9a79-8e1cbf7f0d90,70.0,L,0.0,False
919bf4ba-1c10-43d7-a40d-e808df20f0d3,2026-04-19,de2aa412-e109-4bcf-b6e9-9d9ad0b05e22,da6a03a1-50ad-4172-b9d0-4a32b63e152f,e6bb6335-80f6-4c6f-9a79-8e1cbf7f0d90,67.0,L,0.0,False
b26b350f-efee-4a7e-827a-ea346ef6c7c3,2026-04-20,de2aa412-e109-4bcf-b6e9-9d9ad0b05e22,da6a03a1-50ad-4172-b9d0-4a32b63e152f,e6bb6335-80f6-4c6f-9a79-8e1cbf7f0d90,37.0,L,0.0,False
eba2c3a5-c92f-4623-933c-92a2a194ca91,2026-04-21,de2aa412-e109-4bcf-b6e9-9d9ad0b05e22,da6a03a1-50ad-4172-b9d0-4a32b63e152f,e6bb6335-80f6-4c6f-9a79-8e1cbf7f0d90,43.0,L,0.0,False
72c1ff3c-eb7e-4fe2-acf3-48b7f3b291fa,2026-04-22,de2aa412-e109-4bcf-b6e9-9d9ad0b05e22,da6a03a1-50ad-4172-b9d0-4a32b63e152f,e6bb6335-80f6-4c6f-9a79-8e1cbf7f0d90,42.0,L,0.0,False
a69d9c82-a81b-4e47-ab6a-ae68ac70fbdc,2026-04-23,de2aa412-e109-4bcf-b6e9-9d9ad0b05e22,da6a03a1-50ad-4172-b9d0-4a32b63e152f,e6bb6335-80f6-4c6f-9a79-8e1cbf7f0d90,48.0,L,0.0,False
3d14ddeb-fe9e-48c7-a7ff-a8a6393111e4,2026-04-24,de2aa412-e109-4bcf-b6e9-9d9ad0b05e22,da6a03a1-50ad-4172-b9d0-4a32b63e152f,e6bb6335-80f6-4c6f-9a79-8e1cbf7f0d90,49.0,L,0.0,False
b1db5739-64ca-4063-8c8d-5dcfa6daf22e,2026-04-25,de2aa412-e109-4bcf-b6e9-9d9ad0b05e22,da6a03a1-50ad-4172-b9d0-4a32b63e152f,e6bb6335-80f6-4c6f-9a79-8e1cbf7f0d90,48.0,L,0.0,False
28dcb6f1-cf7d-4465-9a8a-e44fb2c0c109,2026-04-26,de2aa412-e109-4bcf-b6e9-9d9ad0b05e22,da6a03a1-50ad-4172-b9d0-4a32b63e152f,e6bb6335-80f6-4c6f-9a79-8e1cbf7f0d90,56.0,L,0.0,False
813aaa40-7cdd-4c35-a7d1-93599d6a0248,2026-04-27,de2aa412-e109-4bcf-b6e9-9d9ad0b05e22,da6a03a1-50ad-4172-b9d0-4a32b63e152f,e6bb6335-80f6-4c6f-9a79-8e1cbf7f0d90,30.0,L,0.0,False
f75548c9-b09c-44c3-ae31-ead9f751a035,2026-04-28,de2aa412-e109-4bcf-b6e9-9d9ad0b05e22,da6a03a1-50ad-4172-b9d0-4a32b63e152f,e6bb6335-80f6-4c6f-9a79-8e1cbf7f0d90,55.0,L,0.0,False
0426f996-025d-4a1e-9d7d-ded08d52c86e,2026-04-29,de2aa412-e109-4bcf-b6e9-9d9ad0b05e22,da6a03a1-50ad-4172-b9d0-4a32b63e152f,e6bb6335-80f6-4c6f-9a79-8e1cbf7f0d90,41.0,L,0.0,False
dfe71914-a779-482c-8933-28bdcc9d8aab,2026-04-30,de2aa412-e109-4bcf-b6e9-9d9ad0b05e22,da6a03a1-50ad-4172-b9d0-4a32b63e152f,e6bb6335-80f6-4c6f-9a79-8e1cbf7f0d90,45.0,L,0.0,False
fad1839a-0572-4b8e-bae5-875c55cd5883,2026-05-01,de2aa412-e109-4bcf-b6e9-9d9ad0b05e22,da6a03a1-50ad-4172-b9d0-4a32b63e152f,e6bb6335-80f6-4c6f-9a79-8e1cbf7f0d90,42.0,L,0.0,False
fcb096b9-d9bf-4e38-8a00-db0e5e2e43cc,2026-05-02,de2aa412-e109-4bcf-b6e9-9d9ad0b05e22,da6a03a1-50ad-4172-b9d0-4a32b63e152f,e6bb6335-80f6-4c6f-9a79-8e1cbf7f0d90,65.0,L,0.0,False
22daeb1b-4562-4c5d-9fe0-9ee14b5a45d4,2026-05-03,de2aa412-e109-4bcf-b6e9-9d9ad0b05e22,da6a03a1-50ad-4172-b9d0-4a32b63e152f,e6bb6335-80f6-4c6f-9a79-8e1cbf7f0d90,30.0,L,0.0,False
3d00f952-82b1-4912-9482-7b0bd7987cee,2026-05-04,de2aa412-e109-4bcf-b6e9-9d9ad0b05e22,da6a03a1-50ad-4172-b9d0-4a32b63e152f,e6bb6335-80f6-4c6f-9a79-8e1cbf7f0d90,44.0,L,0.0,False
085d5d3c-f10b-4736-82a0-163ce792fe87,2026-05-05,de2aa412-e109-4bcf-b6e9-9d9ad0b05e22,da6a03a1-50ad-4172-b9d0-4a32b63e152f,e6bb6335-80f6-4c6f-9a79-8e1cbf7f0d90,43.0,L,0.0,False
56363834-8380-409b-85a0-aa3e40608822,2026-05-06,de2aa412-e109-4bcf-b6e9-9d9ad0b05e22,da6a03a1-50ad-4172-b9d0-4a32b63e152f,e6bb6335-80f6-4c6f-9a79-8e1cbf7f0d90,49.0,L,0.0,True
087e861e-b2f9-4a39-a54c-b8fd9ce37dc8,2026-05-07,de2aa412-e109-4bcf-b6e9-9d9ad0b05e22,da6a03a1-50ad-4172-b9d0-4a32b63e152f,e6bb6335-80f6-4c6f-9a79-8e1cbf7f0d90,56.0,L,0.0,False
a461f150-f131-4c99-bfdc-9432f5f52940,2026-05-08,de2aa412-e109-4bcf-b6e9-9d9ad0b05e22,da6a03a1-50ad-4172-b9d0-4a32b63e152f,e6bb6335-80f6-4c6f-9a79-8e1cbf7f0d90,38.0,L,0.0,False
f188dbbc-dc23-4576-b1ce-49b7b1f7d390,2026-05-09,de2aa412-e109-4bcf-b6e9-9d9ad0b05e22,da6a03a1-50ad-4172-b9d0-4a32b63e152f,e6bb6335-80f6-4c6f-9a79-8e1cbf7f0d90,62.0,L,0.0,False
bf36fee0-78fd-4042-9be0-b011b161a651,2026-05-10,de2aa412-e109-4bcf-b6e9-9d9ad0b05e22,da6a03a1-50ad-4172-b9d0-4a32b63e152f,e6bb6335-80f6-4c6f-9a79-8e1cbf7f0d90,58.0,L,0.0,False
8ac3b60b-6e3f-4f26-9b6b-9968ed49b112,2026-05-11,de2aa412-e109-4bcf-b6e9-9d9ad0b05e22,da6a03a1-50ad-4172-b9d0-4a32b63e152f,e6bb6335-80f6-4c6f-9a79-8e1cbf7f0d90,53.0,L,0.0,False
741a9057-846e-4ff8-8aa4-50151e5870d4,2026-05-12,de2aa412-e109-4bcf-b6e9-9d9ad0b05e22,da6a03a1-50ad-4172-b9d0-4a32b63e152f,e6bb6335-80f6-4c6f-9a79-8e1cbf7f0d90,39.0,L,0.0,False
62081bd1-1324-4cf9-b68f-f4bc044eb6c5,2026-05-13,de2aa412-e109-4bcf-b6e9-9d9ad0b05e22,da6a03a1-50ad-4172-b9d0-4a32b63e152f,e6bb6335-80f6-4c6f-9a79-8e1cbf7f0d90,38.0,L,0.0,False
4ce88273-4a13-43d5-87e3-5f259fe8aef5,2026-05-14,de2aa412-e109-4bcf-b6e9-9d9ad0b05e22,da6a03a1-50ad-4172-b9d0-4a32b63e152f,e6bb6335-80f6-4c6f-9a79-8e1cbf7f0d90,51.0,L,0.0,False
995fe4a7-8328-406d-aa2a-1943524d582c,2026-05-15,de2aa412-e109-4bcf-b6e9-9d9ad0b05e22,da6a03a1-50ad-4172-b9d0-4a32b63e152f,e6bb6335-80f6-4c6f-9a79-8e1cbf7f0d90,46.0,L,0.0,False
98e3ea60-c3d2-4d13-8ff3-5a554856a4a4,2026-05-16,de2aa412-e109-4bcf-b6e9-9d9ad0b05e22,da6a03a1-50ad-4172-b9d0-4a32b63e152f,e6bb6335-80f6-4c6f-9a79-8e1cbf7f0d90,41.0,L,0.0,False
08930596-3092-43c2-8a6c-b49a3b8f26f7,2026-05-17,de2aa412-e109-4bcf-b6e9-9d9ad0b05e22,da6a03a1-50ad-4172-b9d0-4a32b63e152f,e6bb6335-80f6-4c6f-9a79-8e1cbf7f0d90,50.0,L,0.0,False
16c0e295-756f-45be-ac00-f1ad25213cd3,2026-05-18,de2aa412-e109-4bcf-b6e9-9d9ad0b05e22,da6a03a1-50ad-4172-b9d0-4a32b63e152f,e6bb6335-80f6-4c6f-9a79-8e1cbf7f0d90,46.0,L,0.0,False
24c821b2-3775-4378-85af-e73aafe0a9bd,2026-05-19,de2aa412-e109-4bcf-b6e9-9d9ad0b05e22,da6a03a1-50ad-4172-b9d0-4a32b63e152f,e6bb6335-80f6-4c6f-9a79-8e1cbf7f0d90,49.0,L,0.0,False
ae817ad6-473f-4994-8d86-760e4a3b21fa,2026-05-20,de2aa412-e109-4bcf-b6e9-9d9ad0b05e22,da6a03a1-50ad-4172-b9d0-4a32b63e152f,e6bb6335-80f6-4c6f-9a79-8e1cbf7f0d90,39.0,L,0.0,False
7030e451-a183-48e9-b331-65985a18d18f,2026-05-21,de2aa412-e109-4bcf-b6e9-9d9ad0b05e22,da6a03a1-50ad-4172-b9d0-4a32b63e152f,e6bb6335-80f6-4c6f-9a79-8e1cbf7f0d90,23.0,L,0.0,False
0f1a87fb-64d4-4ebd-a723-bfca22a23bbd,2026-05-22,de2aa412-e109-4bcf-b6e9-9d9ad0b05e22,da6a03a1-50ad-4172-b9d0-4a32b63e152f,e6bb6335-80f6-4c6f-9a79-8e1cbf7f0d90,47.0,L,0.0,False
9c082656-024e-414e-bee9-8b5deb06017b,2026-05-23,de2aa412-e109-4bcf-b6e9-9d9ad0b05e22,da6a03a1-50ad-4172-b9d0-4a32b63e152f,e6bb6335-80f6-4c6f-9a79-8e1cbf7f0d90,43.0,L,0.0,False
734dd787-03ee-4c8d-bead-e44df3c9fd14,2026-05-24,de2aa412-e109-4bcf-b6e9-9d9ad0b05e22,da6a03a1-50ad-4172-b9d0-4a32b63e152f,e6bb6335-80f6-4c6f-9a79-8e1cbf7f0d90,36.0,L,0.0,False
f1a05070-4c14-4865-bf20-0dcd5d908911,2026-05-25,de2aa412-e109-4bcf-b6e9-9d9ad0b05e22,da6a03a1-50ad-4172-b9d0-4a32b63e152f,e6bb6335-80f6-4c6f-9a79-8e1cbf7f0d90,23.0,L,0.0,False
f8a221e6-a41d-4716-8037-ed8fdb6a6933,2026-05-26,de2aa412-e109-4bcf-b6e9-9d9ad0b05e22,da6a03a1-50ad-4172-b9d0-4a32b63e152f,e6bb6335-80f6-4c6f-9a79-8e1cbf7f0d90,48.0,L,0.0,False
f5cb7433-93e2-42ab-811d-805167709605,2026-05-27,de2aa412-e109-4bcf-b6e9-9d9ad0b05e22,da6a03a1-50ad-4172-b9d0-4a32b63e152f,e6bb6335-80f6-4c6f-9a79-8e1cbf7f0d90,44.0,L,0.0,False
40f0e3ae-b322-474a-9b8a-0fb66c846a96,2026-05-28,de2aa412-e109-4bcf-b6e9-9d9ad0b05e22,da6a03a1-50ad-4172-b9d0-4a32b63e152f,e6bb6335-80f6-4c6f-9a79-8e1cbf7f0d90,49.0,L,0.0,True
9369c7b0-0f46-4584-b82d-b7b9697eba8c,2026-05-29,de2aa412-e109-4bcf-b6e9-9d9ad0b05e22,da6a03a1-50ad-4172-b9d0-4a32b63e152f,e6bb6335-80f6-4c6f-9a79-8e1cbf7f0d90,52.0,L,0.0,False
014fe063-b6ff-4432-b873-4b5f2652bf2b,2026-05-30,de2aa412-e109-4bcf-b6e9-9d9ad0b05e22,da6a03a1-50ad-4172-b9d0-4a32b63e152f,e6bb6335-80f6-4c6f-9a79-8e1cbf7f0d90,59.0,L,0.0,False
47677be0-15bf-44b1-8e88-9b405efc33ce,2026-05-31,de2aa412-e109-4bcf-b6e9-9d9ad0b05e22,da6a03a1-50ad-4172-b9d0-4a32b63e152f,e6bb6335-80f6-4c6f-9a79-8e1cbf7f0d90,67.0,L,0.0,False
797c4a58-e923-4b13-bfd4-2d59bd21d01e,2026-06-01,de2aa412-e109-4bcf-b6e9-9d9ad0b05e22,da6a03a1-50ad-4172-b9d0-4a32b63e152f,e6bb6335-80f6-4c6f-9a79-8e1cbf7f0d90,33.0,L,0.0,False
1b14202b-99ba-45ff-ad43-e748c1626f9a,2026-06-02,de2aa412-e109-4bcf-b6e9-9d9ad0b05e22,da6a03a1-50ad-4172-b9d0-4a32b63e152f,e6bb6335-80f6-4c6f-9a79-8e1cbf7f0d90,42.0,L,0.0,False
826ce233-fb1e-42be-82d5-890f86693662,2026-06-03,de2aa412-e109-4bcf-b6e9-9d9ad0b05e22,da6a03a1-50ad-4172-b9d0-4a32b63e152f,e6bb6335-80f6-4c6f-9a79-8e1cbf7f0d90,31.0,L,0.0,False
c04ee64e-5dd2-402c-86b7-033a52deea53,2026-06-04,de2aa412-e109-4bcf-b6e9-9d9ad0b05e22,da6a03a1-50ad-4172-b9d0-4a32b63e152f,e6bb6335-80f6-4c6f-9a79-8e1cbf7f0d90,41.0,L,0.0,False
02c806f4-276e-46f4-9f5f-ed3f468b4c05,2026-06-05,de2aa412-e109-4bcf-b6e9-9d9ad0b05e22,da6a03a1-50ad-4172-b9d0-4a32b63e152f,e6bb6335-80f6-4c6f-9a79-8e1cbf7f0d90,40.0,L,0.0,False
2302953c-6b9d-411b-afbc-193782fa4906,2026-06-06,de2aa412-e109-4bcf-b6e9-9d9ad0b05e22,da6a03a1-50ad-4172-b9d0-4a32b63e152f,e6bb6335-80f6-4c6f-9a79-8e1cbf7f0d90,58.0,L,0.0,False
ee59cf55-2bb3-4966-9d89-d5c9b0916ce2,2026-06-07,de2aa412-e109-4bcf-b6e9-9d9ad0b05e22,da6a03a1-50ad-4172-b9d0-4a32b63e152f,e6bb6335-80f6-4c6f-9a79-8e1cbf7f0d90,53.0,L,0.0,False
8412968c-0025-4c53-8629-4f15f7d6e306,2026-06-08,de2aa412-e109-4bcf-b6e9-9d9ad0b05e22,da6a03a1-50ad-4172-b9d0-4a32b63e152f,e6bb6335-80f6-4c6f-9a79-8e1cbf7f0d90,46.0,L,0.0,False
8fa24f7d-0bf5-40a0-ab0a-009ae61602a0,2026-06-09,de2aa412-e109-4bcf-b6e9-9d9ad0b05e22,da6a03a1-50ad-4172-b9d0-4a32b63e152f,e6bb6335-80f6-4c6f-9a79-8e1cbf7f0d90,47.0,L,0.0,False
dfe28a71-9df9-4fba-a2d1-b38ba2e50c28,2026-06-10,de2aa412-e109-4bcf-b6e9-9d9ad0b05e22,da6a03a1-50ad-4172-b9d0-4a32b63e152f,e6bb6335-80f6-4c6f-9a79-8e1cbf7f0d90,56.0,L,0.0,False
7d31bcaf-f92d-41db-97df-c532d7f76f41,2026-06-11,de2aa412-e109-4bcf-b6e9-9d9ad0b05e22,da6a03a1-50ad-4172-b9d0-4a32b63e152f,e6bb6335-80f6-4c6f-9a79-8e1cbf7f0d90,40.0,L,0.0,False
d5491809-8d2a-41ab-a91a-e661cd995a04,2026-06-12,de2aa412-e109-4bcf-b6e9-9d9ad0b05e22,da6a03a1-50ad-4172-b9d0-4a32b63e152f,e6bb6335-80f6-4c6f-9a79-8e1cbf7f0d90,35.0,L,0.0,False
3981597f-6800-4622-926d-6101d0627f15,2026-06-13,de2aa412-e109-4bcf-b6e9-9d9ad0b05e22,da6a03a1-50ad-4172-b9d0-4a32b63e152f,e6bb6335-80f6-4c6f-9a79-8e1cbf7f0d90,65.0,L,0.0,True
961ca70d-409c-4171-bd24-be9df6eb2044,2026-06-14,de2aa412-e109-4bcf-b6e9-9d9ad0b05e22,da6a03a1-50ad-4172-b9d0-4a32b63e152f,e6bb6335-80f6-4c6f-9a79-8e1cbf7f0d90,45.0,L,0.0,False
623730fd-fd8a-4561-baef-86c68050a43c,2026-06-15,de2aa412-e109-4bcf-b6e9-9d9ad0b05e22,da6a03a1-50ad-4172-b9d0-4a32b63e152f,e6bb6335-80f6-4c6f-9a79-8e1cbf7f0d90,51.0,L,0.0,False
e1af78ff-d314-47ad-b93e-61cb6d46d79a,2026-06-16,de2aa412-e109-4bcf-b6e9-9d9ad0b05e22,da6a03a1-50ad-4172-b9d0-4a32b63e152f,e6bb6335-80f6-4c6f-9a79-8e1cbf7f0d90,39.0,L,0.0,False
18499e74-acb9-443b-9ca8-a0a8e410279d,2026-06-17,de2aa412-e109-4bcf-b6e9-9d9ad0b05e22,da6a03a1-50ad-4172-b9d0-4a32b63e152f,e6bb6335-80f6-4c6f-9a79-8e1cbf7f0d90,37.0,L,0.0,False
536213a6-bfcf-4915-a7b9-c9d4dfab0204,2026-06-18,de2aa412-e109-4bcf-b6e9-9d9ad0b05e22,da6a03a1-50ad-4172-b9d0-4a32b63e152f,e6bb6335-80f6-4c6f-9a79-8e1cbf7f0d90,38.0,L,0.0,False
b303ec28-86b0-4706-b54b-e6af859740a8,2026-06-19,de2aa412-e109-4bcf-b6e9-9d9ad0b05e22,da6a03a1-50ad-4172-b9d0-4a32b63e152f,e6bb6335-80f6-4c6f-9a79-8e1cbf7f0d90,46.0,L,0.0,False
cd14ca85-4641-4757-aa1b-584ffab5483f,2026-06-20,de2aa412-e109-4bcf-b6e9-9d9ad0b05e22,da6a03a1-50ad-4172-b9d0-4a32b63e152f,e6bb6335-80f6-4c6f-9a79-8e1cbf7f0d90,50.0,L,0.0,False
18c0e90c-f38e-4a37-b092-a40ff72e811e,2026-06-21,de2aa412-e109-4bcf-b6e9-9d9ad0b05e22,da6a03a1-50ad-4172-b9d0-4a32b63e152f,e6bb6335-80f6-4c6f-9a79-8e1cbf7f0d90,46.0,L,0.0,False
9af17e86-5ca2-459a-aa3f-af942929a1f1,2026-06-22,de2aa412-e109-4bcf-b6e9-9d9ad0b05e22,da6a03a1-50ad-4172-b9d0-4a32b63e152f,e6bb6335-80f6-4c6f-9a79-8e1cbf7f0d90,52.0,L,0.0,False
e2beede6-2a07-43f7-8ec2-8e99e17f24fa,2026-06-23,de2aa412-e109-4bcf-b6e9-9d9ad0b05e22,da6a03a1-50ad-4172-b9d0-4a32b63e152f,e6bb6335-80f6-4c6f-9a79-8e1cbf7f0d90,42.0,L,0.0,True
0d8c1565-984d-4117-8ffb-0448d7342c59,2026-06-24,de2aa412-e109-4bcf-b6e9-9d9ad0b05e22,da6a03a1-50ad-4172-b9d0-4a32b63e152f,e6bb6335-80f6-4c6f-9a79-8e1cbf7f0d90,41.0,L,0.0,False
3fec590d-8243-44d4-abb4-c2ccb2e6695d,2026-06-25,de2aa412-e109-4bcf-b6e9-9d9ad0b05e22,da6a03a1-50ad-4172-b9d0-4a32b63e152f,e6bb6335-80f6-4c6f-9a79-8e1cbf7f0d90,45.0,L,0.0,False
836c6d54-641c-4fb0-9977-8a4bd7c47827,2026-06-26,de2aa412-e109-4bcf-b6e9-9d9ad0b05e22,da6a03a1-50ad-4172-b9d0-4a32b63e152f,e6bb6335-80f6-4c6f-9a79-8e1cbf7f0d90,30.0,L,0.0,False
15e38ea2-3ca7-4315-8b87-5a714933e9f9,2026-06-27,de2aa412-e109-4bcf-b6e9-9d9ad0b05e22,da6a03a1-50ad-4172-b9d0-4a32b63e152f,e6bb6335-80f6-4c6f-9a79-8e1cbf7f0d90,54.0,L,0.0,False
245e6f61-9798-4037-b9ff-2e598fb84b4a,2026-06-28,de2aa412-e109-4bcf-b6e9-9d9ad0b05e22,da6a03a1-50ad-4172-b9d0-4a32b63e152f,e6bb6335-80f6-4c6f-9a79-8e1cbf7f0d90,42.0,L,0.0,False
1726ee4c-3989-4552-b6a0-aeeae658a98a,2026-06-29,de2aa412-e109-4bcf-b6e9-9d9ad0b05e22,da6a03a1-50ad-4172-b9d0-4a32b63e152f,e6bb6335-80f6-4c6f-9a79-8e1cbf7f0d90,45.0,L,0.0,False
6b5dafb8-eb9c-4850-b2f0-c8393fd7a701,2026-06-30,de2aa412-e109-4bcf-b6e9-9d9ad0b05e22,da6a03a1-50ad-4172-b9d0-4a32b63e152f,e6bb6335-80f6-4c6f-9a79-8e1cbf7f0d90,34.0,L,0.0,False
3234f577-a383-464d-a6cf-e3ea92765cd8,2026-07-01,de2aa412-e109-4bcf-b6e9-9d9ad0b05e22,da6a03a1-50ad-4172-b9d0-4a32b63e152f,e6bb6335-80f6-4c6f-9a79-8e1cbf7f0d90,44.0,L,0.0,False
61655be6-a804-408c-bb39-29cb806263ae,2026-07-02,de2aa412-e109-4bcf-b6e9-9d9ad0b05e22,da6a03a1-50ad-4172-b9d0-4a32b63e152f,e6bb6335-80f6-4c6f-9a79-8e1cbf7f0d90,47.0,L,0.0,False
f6c4dbb9-4e28-4958-9756-49ad590eaff5,2026-07-03,de2aa412-e109-4bcf-b6e9-9d9ad0b05e22,da6a03a1-50ad-4172-b9d0-4a32b63e152f,e6bb6335-80f6-4c6f-9a79-8e1cbf7f0d90,45.0,L,0.0,False
a6f148fc-5020-47e5-91e9-1a9a014dafc4,2026-07-04,de2aa412-e109-4bcf-b6e9-9d9ad0b05e22,da6a03a1-50ad-4172-b9d0-4a32b63e152f,e6bb6335-80f6-4c6f-9a79-8e1cbf7f0d90,52.0,L,0.0,False
59b1cd9f-144e-42d9-b852-b2d2a1d6f876,2026-07-05,de2aa412-e109-4bcf-b6e9-9d9ad0b05e22,da6a03a1-50ad-4172-b9d0-4a32b63e152f,e6bb6335-80f6-4c6f-9a79-8e1cbf7f0d90,48.0,L,0.0,False
3bc94577-9358-4d4a-b1a7-225a584fd384,2026-07-06,de2aa412-e109-4bcf-b6e9-9d9ad0b05e22,da6a03a1-50ad-4172-b9d0-4a32b63e152f,e6bb6335-80f6-4c6f-9a79-8e1cbf7f0d90,36.0,L,0.0,False
14f0006a-1d12-4681-b46f-685e42bdb1cd,2026-07-07,de2aa412-e109-4bcf-b6e9-9d9ad0b05e22,da6a03a1-50ad-4172-b9d0-4a32b63e152f,e6bb6335-80f6-4c6f-9a79-8e1cbf7f0d90,49.0,L,0.0,False
466b22b6-d039-4023-8540-013fe9c94c75,2026-07-08,de2aa412-e109-4bcf-b6e9-9d9ad0b05e22,da6a03a1-50ad-4172-b9d0-4a32b63e152f,e6bb6335-80f6-4c6f-9a79-8e1cbf7f0d90,35.0,L,0.0,False
4b58fb69-f196-4133-9a5a-3e62c5626846,2026-07-09,de2aa412-e109-4bcf-b6e9-9d9ad0b05e22,da6a03a1-50ad-4172-b9d0-4a32b63e152f,e6bb6335-80f6-4c6f-9a79-8e1cbf7f0d90,39.0,L,0.0,True
b46e05ed-fc06-4a69-8920-f51159a6eadf,2026-07-10,de2aa412-e109-4bcf-b6e9-9d9ad0b05e22,da6a03a1-50ad-4172-b9d0-4a32b63e152f,e6bb6335-80f6-4c6f-9a79-8e1cbf7f0d90,43.0,L,0.0,False
329c2889-88a6-4a71-a52f-6d43456e3a98,2026-07-11,de2aa412-e109-4bcf-b6e9-9d9ad0b05e22,da6a03a1-50ad-4172-b9d0-4a32b63e152f,e6bb6335-80f6-4c6f-9a79-8e1cbf7f0d90,43.0,L,0.0,False
c5619652-c0b1-4003-a648-07f35747a9fc,2026-07-12,de2aa412-e109-4bcf-b6e9-9d9ad0b05e22,da6a03a1-50ad-4172-b9d0-4a32b63e152f,e6bb6335-80f6-4c6f-9a79-8e1cbf7f0d90,50.0,L,0.0,True
4fe97dff-25ef-4253-8ce4-66b9fd000186,2026-07-13,de2aa412-e109-4bcf-b6e9-9d9ad0b05e22,da6a03a1-50ad-4172-b9d0-4a32b63e152f,e6bb6335-80f6-4c6f-9a79-8e1cbf7f0d90,30.0,L,0.0,False
d188cef1-487e-4d87-a42e-2adafcd17b34,2026-07-14,de2aa412-e109-4bcf-b6e9-9d9ad0b05e22,da6a03a1-50ad-4172-b9d0-4a32b63e152f,e6bb6335-80f6-4c6f-9a79-8e1cbf7f0d90,36.0,L,0.0,False
99ae7e9b-bf08-4ed5-bf46-f6681a3b3247,2026-07-15,de2aa412-e109-4bcf-b6e9-9d9ad0b05e22,da6a03a1-50ad-4172-b9d0-4a32b63e152f,e6bb6335-80f6-4c6f-9a79-8e1cbf7f0d90,38.0,L,0.0,False
9705760b-999a-498a-922c-6259864f6dee,2026-07-16,de2aa412-e109-4bcf-b6e9-9d9ad0b05e22,da6a03a1-50ad-4172-b9d0-4a32b63e152f,e6bb6335-80f6-4c6f-9a79-8e1cbf7f0d90,40.0,L,0.0,False
3b7e29f3-11b5-4029-90d1-f8259ff3534d,2026-07-17,de2aa412-e109-4bcf-b6e9-9d9ad0b05e22,da6a03a1-50ad-4172-b9d0-4a32b63e152f,e6bb6335-80f6-4c6f-9a79-8e1cbf7f0d90,45.0,L,0.0,False
c98247f8-59af-473f-bbad-164b103e64eb,2026-07-18,de2aa412-e109-4bcf-b6e9-9d9ad0b05e22,da6a03a1-50ad-4172-b9d0-4a32b63e152f,e6bb6335-80f6-4c6f-9a79-8e1cbf7f0d90,52.0,L,0.0,False
20ebf27f-3ae0-4a2b-9787-41da9e7c4f50,2026-07-19,de2aa412-e109-4bcf-b6e9-9d9ad0b05e22,da6a03a1-50ad-4172-b9d0-4a32b63e152f,e6bb6335-80f6-4c6f-9a79-8e1cbf7f0d90,47.0,L,0.0,False
77666de2-b4bd-4ed6-a698-3c09e70c38a8,2026-07-20,de2aa412-e109-4bcf-b6e9-9d9ad0b05e22,da6a03a1-50ad-4172-b9d0-4a32b63e152f,e6bb6335-80f6-4c6f-9a79-8e1cbf7f0d90,37.0,L,0.0,False
d567ffd3-db3f-44c3-a1d7-4d4fc434f052,2026-07-21,de2aa412-e109-4bcf-b6e9-9d9ad0b05e22,da6a03a1-50ad-4172-b9d0-4a32b63e152f,e6bb6335-80f6-4c6f-9a79-8e1cbf7f0d90,42.0,L,0.0,False
11680c1f-059b-4929-8d0f-fdff9ffc9f65,2026-07-22,de2aa412-e109-4bcf-b6e9-9d9ad0b05e22,da6a03a1-50ad-4172-b9d0-4a32b63e152f,e6bb6335-80f6-4c6f-9a79-8e1cbf7f0d90,46.0,L,0.0,False
93a41ad3-ba76-4d72-814c-8da94421d761,2026-07-23,de2aa412-e109-4bcf-b6e9-9d9ad0b05e22,da6a03a1-50ad-4172-b9d0-4a32b63e152f,e6bb6335-80f6-4c6f-9a79-8e1cbf7f0d90,39.0,L,0.0,False
2041983d-8fc5-461f-8cec-28fa06e04c30,2026-07-24,de2aa412-e109-4bcf-b6e9-9d9ad0b05e22,da6a03a1-50ad-4172-b9d0-4a32b63e152f,e6bb6335-80f6-4c6f-9a79-8e1cbf7f0d90,35.0,L,0.0,False
af651a1c-75f4-4056-b944-dd1ef1ed6bc3,2026-07-25,de2aa412-e109-4bcf-b6e9-9d9ad0b05e22,da6a03a1-50ad-4172-b9d0-4a32b63e152f,e6bb6335-80f6-4c6f-9a79-8e1cbf7f0d90,40.0,L,0.0,False
39d004ee-5ab8-462e-bfa6-f42b9c9bd89c,2026-07-26,de2aa412-e109-4bcf-b6e9-9d9ad0b05e22,da6a03a1-50ad-4172-b9d0-4a32b63e152f,e6bb6335-80f6-4c6f-9a79-8e1cbf7f0d90,37.0,L,0.0,False
b0258e91-b96a-4a03-ad7e-898f8f723afb,2026-07-27,de2aa412-e109-4bcf-b6e9-9d9ad0b05e22,da6a03a1-50ad-4172-b9d0-4a32b63e152f,e6bb6335-80f6-4c6f-9a79-8e1cbf7f0d90,42.0,L,0.0,False
71b50e4e-9a47-4b0a-8ac5-a309ff497f74,2026-07-28,de2aa412-e109-4bcf-b6e9-9d9ad0b05e22,da6a03a1-50ad-4172-b9d0-4a32b63e152f,e6bb6335-80f6-4c6f-9a79-8e1cbf7f0d90,41.0,L,0.0,False
28b634aa-ac27-4bce-8f58-4aae15d1f6b3,2026-07-29,de2aa412-e109-4bcf-b6e9-9d9ad0b05e22,da6a03a1-50ad-4172-b9d0-4a32b63e152f,e6bb6335-80f6-4c6f-9a79-8e1cbf7f0d90,41.0,L,0.0,False
b56ba0f1-e1f7-409d-8252-a65a05fb2224,2026-07-30,de2aa412-e109-4bcf-b6e9-9d9ad0b05e22,da6a03a1-50ad-4172-b9d0-4a32b63e152f,e6bb6335-80f6-4c6f-9a79-8e1cbf7f0d90,37.0,L,0.0,False
3620eb02-fa05-41b4-a678-8c038a718aa2,2026-07-31,de2aa412-e109-4bcf-b6e9-9d9ad0b05e22,da6a03a1-50ad-4172-b9d0-4a32b63e152f,e6bb6335-80f6-4c6f-9a79-8e1cbf7f0d90,46.0,L,0.0,False
2fce5897-5e5b-4e60-8565-996be993a6d6,2026-08-01,de2aa412-e109-4bcf-b6e9-9d9ad0b05e22,da6a03a1-50ad-4172-b9d0-4a32b63e152f,e6bb6335-80f6-4c6f-9a79-8e1cbf7f0d90,43.0,L,0.0,False
178972ae-9b21-42b5-aacf-1313c9702043,2026-08-02,de2aa412-e109-4bcf-b6e9-9d9ad0b05e22,da6a03a1-50ad-4172-b9d0-4a32b63e152f,e6bb6335-80f6-4c6f-9a79-8e1cbf7f0d90,65.0,L,0.0,True
b66d1ba0-4114-4ecc-8cae-cc2c31986aa4,2026-08-03,de2aa412-e109-4bcf-b6e9-9d9ad0b05e22,da6a03a1-50ad-4172-b9d0-4a32b63e152f,e6bb6335-80f6-4c6f-9a79-8e1cbf7f0d90,37.0,L,0.0,False
8077917d-b5f1-4111-9d60-452792aae4a2,2026-08-04,de2aa412-e109-4bcf-b6e9-9d9ad0b05e22,da6a03a1-50ad-4172-b9d0-4a32b63e152f,e6bb6335-80f6-4c6f-9a79-8e1cbf7f0d90,34.0,L,0.0,False
c4569578-5d44-4303-8f21-802648e79555,2026-08-05,de2aa412-e109-4bcf-b6e9-9d9ad0b05e22,da6a03a1-50ad-4172-b9d0-4a32b63e152f,e6bb6335-80f6-4c6f-9a79-8e1cbf7f0d90,41.0,L,0.0,False
e9af3ff3-b16c-419f-94c6-36060c8f9b22,2026-08-06,de2aa412-e109-4bcf-b6e9-9d9ad0b05e22,da6a03a1-50ad-4172-b9d0-4a32b63e152f,e6bb6335-80f6-4c6f-9a79-8e1cbf7f0d90,40.0,L,0.0,False
d821af89-a122-407e-9e63-41c09b55f7e8,2026-08-07,de2aa412-e109-4bcf-b6e9-9d9ad0b05e22,da6a03a1-50ad-4172-b9d0-4a32b63e152f,e6bb6335-80f6-4c6f-9a79-8e1cbf7f0d90,39.0,L,0.0,False
64171012-9248-457c-8cfc-1454114fd5d1,2026-08-08,de2aa412-e109-4bcf-b6e9-9d9ad0b05e22,da6a03a1-50ad-4172-b9d0-4a32b63e152f,e6bb6335-80f6-4c6f-9a79-8e1cbf7f0d90,47.0,L,0.0,False
de498806-ccd9-45d4-90c6-82cc8f7ad41d,2026-08-09,de2aa412-e109-4bcf-b6e9-9d9ad0b05e22,da6a03a1-50ad-4172-b9d0-4a32b63e152f,e6bb6335-80f6-4c6f-9a79-8e1cbf7f0d90,46.0,L,0.0,False
110fcefc-14cc-49da-8f05-bf4794b05d26,2026-08-10,de2aa412-e109-4bcf-b6e9-9d9ad0b05e22,da6a03a1-50ad-4172-b9d0-4a32b63e152f,e6bb6335-80f6-4c6f-9a79-8e1cbf7f0d90,51.0,L,0.0,False
80c19c37-ce34-4d0a-a1b4-7477a2308b64,2026-08-11,de2aa412-e109-4bcf-b6e9-9d9ad0b05e22,da6a03a1-50ad-4172-b9d0-4a32b63e152f,e6bb6335-80f6-4c6f-9a79-8e1cbf7f0d90,44.0,L,0.0,False
624e08ee-c8c4-429a-8f16-85bc26dd5a2e,2026-08-12,de2aa412-e109-4bcf-b6e9-9d9ad0b05e22,da6a03a1-50ad-4172-b9d0-4a32b63e152f,e6bb6335-80f6-4c6f-9a79-8e1cbf7f0d90,41.0,L,0.0,False
2e1bf289-5028-48ec-b7ad-cec03c40689f,2026-08-13,de2aa412-e109-4bcf-b6e9-9d9ad0b05e22,da6a03a1-50ad-4172-b9d0-4a32b63e152f,e6bb6335-80f6-4c6f-9a79-8e1cbf7f0d90,37.0,L,0.0,False
952f9b40-9cc5-4306-9aa8-818f555bdcc7,2026-08-14,de2aa412-e109-4bcf-b6e9-9d9ad0b05e22,da6a03a1-50ad-4172-b9d0-4a32b63e152f,e6bb6335-80f6-4c6f-9a79-8e1cbf7f0d90,43.0,L,0.0,False
c209acc0-a1ec-4406-81b5-fd60db0f5a4b,2026-08-15,de2aa412-e109-4bcf-b6e9-9d9ad0b05e22,da6a03a1-50ad-4172-b9d0-4a32b63e152f,e6bb6335-80f6-4c6f-9a79-8e1cbf7f0d90,50.0,L,0.0,False
a7af4759-d20f-4e2f-9ace-b632018dc2bc,2026-08-16,de2aa412-e109-4bcf-b6e9-9d9ad0b05e22,da6a03a1-50ad-4172-b9d0-4a32b63e152f,e6bb6335-80f6-4c6f-9a79-8e1cbf7f0d90,46.0,L,0.0,False
d82fbebf-0da4-49d3-a6eb-f259c497dc30,2026-08-17,de2aa412-e109-4bcf-b6e9-9d9ad0b05e22,da6a03a1-50ad-4172-b9d0-4a32b63e152f,e6bb6335-80f6-4c6f-9a79-8e1cbf7f0d90,35.0,L,0.0,False
c352a4f2-2795-45ef-97fb-bf82b2a95b43,2026-08-18,de2aa412-e109-4bcf-b6e9-9d9ad0b05e22,da6a03a1-50ad-4172-b9d0-4a32b63e152f,e6bb6335-80f6-4c6f-9a79-8e1cbf7f0d90,36.0,L,0.0,False
947a9727-9911-4700-a7c9-a7611451d8e5,2026-08-19,de2aa412-e109-4bcf-b6e9-9d9ad0b05e22,da6a03a1-50ad-4172-b9d0-4a32b63e152f,e6bb6335-80f6-4c6f-9a79-8e1cbf7f0d90,18.0,L,0.0,False
e0468928-946a-4180-bc86-a1b2568adb73,2026-08-20,de2aa412-e109-4bcf-b6e9-9d9ad0b05e22,da6a03a1-50ad-4172-b9d0-4a32b63e152f,e6bb6335-80f6-4c6f-9a79-8e1cbf7f0d90,45.0,L,0.0,True
9f34e5f1-8955-4542-8ce8-19760a015bed,2026-08-21,de2aa412-e109-4bcf-b6e9-9d9ad0b05e22,da6a03a1-50ad-4172-b9d0-4a32b63e152f,e6bb6335-80f6-4c6f-9a79-8e1cbf7f0d90,33.0,L,0.0,False
ca24b3b3-b8ef-4cbc-b7fc-ea58935c2439,2026-08-22,de2aa412-e109-4bcf-b6e9-9d9ad0b05e22,da6a03a1-50ad-4172-b9d0-4a32b63e152f,e6bb6335-80f6-4c6f-9a79-8e1cbf7f0d90,57.0,L,0.0,False
0d3a551e-f347-4382-801a-d9585c5c0dd2,2026-08-23,de2aa412-e109-4bcf-b6e9-9d9ad0b05e22,da6a03a1-50ad-4172-b9d0-4a32b63e152f,e6bb6335-80f6-4c6f-9a79-8e1cbf7f0d90,45.0,L,0.0,False
29b467f8-47e5-4786-a2d9-08ea7a687dd5,2026-08-24,de2aa412-e109-4bcf-b6e9-9d9ad0b05e22,da6a03a1-50ad-4172-b9d0-4a32b63e152f,e6bb6335-80f6-4c6f-9a79-8e1cbf7f0d90,29.0,L,0.0,False
5b9a8df4-a015-48c3-8f31-dde3f068e26f,2026-08-25,de2aa412-e109-4bcf-b6e9-9d9ad0b05e22,da6a03a1-50ad-4172-b9d0-4a32b63e152f,e6bb6335-80f6-4c6f-9a79-8e1cbf7f0d90,36.0,L,0.0,False
378fb9d3-ea88-43e5-b39e-67b29cd8de38,2026-08-26,de2aa412-e109-4bcf-b6e9-9d9ad0b05e22,da6a03a1-50ad-4172-b9d0-4a32b63e152f,e6bb6335-80f6-4c6f-9a79-8e1cbf7f0d90,36.0,L,0.0,True
840a6921-db7d-4754-8ae7-14b74cd5b6c7,2026-08-27,de2aa412-e109-4bcf-b6e9-9d9ad0b05e22,da6a03a1-50ad-4172-b9d0-4a32b63e152f,e6bb6335-80f6-4c6f-9a79-8e1cbf7f0d90,39.0,L,0.0,False
3629458e-2a1e-45b2-8359-d354bf94ae56,2026-08-28,de2aa412-e109-4bcf-b6e9-9d9ad0b05e22,da6a03a1-50ad-4172-b9d0-4a32b63e152f,e6bb6335-80f6-4c6f-9a79-8e1cbf7f0d90,38.0,L,0.0,False
efac82da-f1ac-4fea-b6a4-eeaee28631b9,2026-08-29,de2aa412-e109-4bcf-b6e9-9d9ad0b05e22,da6a03a1-50ad-4172-b9d0-4a32b63e152f,e6bb6335-80f6-4c6f-9a79-8e1cbf7f0d90,52.0,L,0.0,False
9f832148-0abc-42b8-a306-0559c49b9010,2026-08-30,de2aa412-e109-4bcf-b6e9-9d9ad0b05e22,da6a03a1-50ad-4172-b9d0-4a32b63e152f,e6bb6335-80f6-4c6f-9a79-8e1cbf7f0d90,39.0,L,0.0,False
9ca84624-b7f2-4847-88e4-813ec03b2bf2,2026-08-31,de2aa412-e109-4bcf-b6e9-9d9ad0b05e22,da6a03a1-50ad-4172-b9d0-4a32b63e152f,e6bb6335-80f6-4c6f-9a79-8e1cbf7f0d90,36.0,L,0.0,False
f28fe6a9-0bd3-4862-bce3-1dfb711aad46,2026-09-01,de2aa412-e109-4bcf-b6e9-9d9ad0b05e22,da6a03a1-50ad-4172-b9d0-4a32b63e152f,e6bb6335-80f6-4c6f-9a79-8e1cbf7f0d90,28.0,L,0.0,False
e3039392-106a-4389-81ae-f240c00740d2,2026-09-02,de2aa412-e109-4bcf-b6e9-9d9ad0b05e22,da6a03a1-50ad-4172-b9d0-4a32b63e152f,e6bb6335-80f6-4c6f-9a79-8e1cbf7f0d90,48.0,L,0.0,True
dce2e05a-b8fb-4fa1-b385-e48fcdceb8f5,2026-09-03,de2aa412-e109-4bcf-b6e9-9d9ad0b05e22,da6a03a1-50ad-4172-b9d0-4a32b63e152f,e6bb6335-80f6-4c6f-9a79-8e1cbf7f0d90,39.0,L,0.0,False
61dc9564-6111-4bfc-906f-295d91a9db64,2026-09-04,de2aa412-e109-4bcf-b6e9-9d9ad0b05e22,da6a03a1-50ad-4172-b9d0-4a32b63e152f,e6bb6335-80f6-4c6f-9a79-8e1cbf7f0d90,39.0,L,0.0,False
0801485b-273a-4f6a-9787-10cf931f0137,2026-09-05,de2aa412-e109-4bcf-b6e9-9d9ad0b05e22,da6a03a1-50ad-4172-b9d0-4a32b63e152f,e6bb6335-80f6-4c6f-9a79-8e1cbf7f0d90,45.0,L,0.0,False
3fdb15f2-e083-4420-aaa4-f8285e6b5a05,2026-09-06,de2aa412-e109-4bcf-b6e9-9d9ad0b05e22,da6a03a1-50ad-4172-b9d0-4a32b63e152f,e6bb6335-80f6-4c6f-9a79-8e1cbf7f0d90,57.0,L,0.0,True
52d12652-c56f-4f12-b854-ee00e44e228a,2026-09-07,de2aa412-e109-4bcf-b6e9-9d9ad0b05e22,da6a03a1-50ad-4172-b9d0-4a32b63e152f,e6bb6335-80f6-4c6f-9a79-8e1cbf7f0d90,54.0,L,0.0,True
a1217a53-5d14-4bff-bac7-d9228afa1cb5,2025-09-08,de2aa412-e109-4bcf-b6e9-9d9ad0b05e22,3f776450-b3ca-43df-8944-9f345957258f,2b091509-d73a-4eb4-b3b9-54c74af3107f,10.0,kg,0.0,False
261be9b9-be63-42fe-b5be-99091c6a96d1,2025-09-09,de2aa412-e109-4bcf-b6e9-9d9ad0b05e22,3f776450-b3ca-43df-8944-9f345957258f,2b091509-d73a-4eb4-b3b9-54c74af3107f,11.0,kg,0.0,False
22948a50-f4f7-4ba4-9634-91be8189cc46,2025-09-10,de2aa412-e109-4bcf-b6e9-9d9ad0b05e22,3f776450-b3ca-43df-8944-9f345957258f,2b091509-d73a-4eb4-b3b9-54c74af3107f,9.0,kg,0.0,False
f214b086-59b4-4206-b89c-ba9f242ca408,2025-09-11,de2aa412-e109-4bcf-b6e9-9d9ad0b05e22,3f776450-b3ca-43df-8944-9f345957258f,2b091509-d73a-4eb4-b3b9-54c74af3107f,9.0,kg,0.0,False
a3d90f36-ed4f-48d0-80cd-b7a187ed30a5,2025-09-12,de2aa412-e109-4bcf-b6e9-9d9ad0b05e22,3f776450-b3ca-43df-8944-9f345957258f,2b091509-d73a-4eb4-b3b9-54c74af3107f,11.0,kg,0.0,False
a250ae57-8f93-41a2-8a9f-c8d48e31c0fe,2025-09-13,de2aa412-e109-4bcf-b6e9-9d9ad0b05e22,3f776450-b3ca-43df-8944-9f345957258f,2b091509-d73a-4eb4-b3b9-54c74af3107f,16.0,kg,0.0,False
48c29807-aed4-49c8-a6aa-bf53e1674232,2025-09-14,de2aa412-e109-4bcf-b6e9-9d9ad0b05e22,3f776450-b3ca-43df-8944-9f345957258f,2b091509-d73a-4eb4-b3b9-54c74af3107f,13.0,kg,0.0,False
de062f57-0a53-4667-a060-80dc01a33dca,2025-09-15,de2aa412-e109-4bcf-b6e9-9d9ad0b05e22,3f776450-b3ca-43df-8944-9f345957258f,2b091509-d73a-4eb4-b3b9-54c74af3107f,10.0,kg,0.0,False
22727a42-d743-4361-aa20-f00c24440592,2025-09-16,de2aa412-e109-4bcf-b6e9-9d9ad0b05e22,3f776450-b3ca-43df-8944-9f345957258f,2b091509-d73a-4eb4-b3b9-54c74af3107f,10.0,kg,0.0,False
11bbbef9-0c1c-488e-8ae7-4240683c0cbe,2025-09-17,de2aa412-e109-4bcf-b6e9-9d9ad0b05e22,3f776450-b3ca-43df-8944-9f345957258f,2b091509-d73a-4eb4-b3b9-54c74af3107f,10.0,kg,0.0,False
1c1d3d1e-5fdd-44c6-9480-c19f90c6112d,2025-09-18,de2aa412-e109-4bcf-b6e9-9d9ad0b05e22,3f776450-b3ca-43df-8944-9f345957258f,2b091509-d73a-4eb4-b3b9-54c74af3107f,11.0,kg,0.0,False
975aa746-bf69-4466-812d-4ec6d25015af,2025-09-19,de2aa412-e109-4bcf-b6e9-9d9ad0b05e22,3f776450-b3ca-43df-8944-9f345957258f,2b091509-d73a-4eb4-b3b9-54c74af3107f,8.0,kg,0.0,False
28db37d6-b693-44ec-aca2-8a426bf25b2f,2025-09-20,de2aa412-e109-4bcf-b6e9-9d9ad0b05e22,3f776450-b3ca-43df-8944-9f345957258f,2b091509-d73a-4eb4-b3b9-54c74af3107f,16.0,kg,0.0,False
bfa189c2-cb00-439a-9e1b-409354d7225b,2025-09-21,de2aa412-e109-4bcf-b6e9-9d9ad0b05e22,3f776450-b3ca-43df-8944-9f345957258f,2b091509-d73a-4eb4-b3b9-54c74af3107f,12.0,kg,0.0,False
36fe1b78-3b1c-4515-b046-5492ffa86d33,2025-09-22,de2aa412-e109-4bcf-b6e9-9d9ad0b05e22,3f776450-b3ca-43df-8944-9f345957258f,2b091509-d73a-4eb4-b3b9-54c74af3107f,12.0,kg,0.0,False
934fd368-2add-4f16-8f8c-ea9147867aa8,2025-09-23,de2aa412-e109-4bcf-b6e9-9d9ad0b05e22,3f776450-b3ca-43df-8944-9f345957258f,2b091509-d73a-4eb4-b3b9-54c74af3107f,8.0,kg,0.0,False
2cb0e617-b938-46a5-8f04-37ef66f4beb5,2025-09-24,de2aa412-e109-4bcf-b6e9-9d9ad0b05e22,3f776450-b3ca-43df-8944-9f345957258f,2b091509-d73a-4eb4-b3b9-54c74af3107f,12.0,kg,0.0,False
a02c4cde-b9e6-4875-8610-743f37d940b6,2025-09-25,de2aa412-e109-4bcf-b6e9-9d9ad0b05e22,3f776450-b3ca-43df-8944-9f345957258f,2b091509-d73a-4eb4-b3b9-54c74af3107f,12.0,kg,0.0,False
41d60707-867d-45b2-9fb0-f34495c486ca,2025-09-26,de2aa412-e109-4bcf-b6e9-9d9ad0b05e22,3f776450-b3ca-43df-8944-9f345957258f,2b091509-d73a-4eb4-b3b9-54c74af3107f,11.0,kg,0.0,False
cad98e94-8fea-4d4d-a15f-cc18b29b2030,2025-09-27,de2aa412-e109-4bcf-b6e9-9d9ad0b05e22,3f776450-b3ca-43df-8944-9f345957258f,2b091509-d73a-4eb4-b3b9-54c74af3107f,11.0,kg,0.0,False
f3ce163c-ef92-4d87-8179-7f3ef3645f01,2025-09-28,de2aa412-e109-4bcf-b6e9-9d9ad0b05e22,3f776450-b3ca-43df-8944-9f345957258f,2b091509-d73a-4eb4-b3b9-54c74af3107f,14.0,kg,0.0,False
b803de6c-2117-4bdb-b651-e2ddc83ae880,2025-09-29,de2aa412-e109-4bcf-b6e9-9d9ad0b05e22,3f776450-b3ca-43df-8944-9f345957258f,2b091509-d73a-4eb4-b3b9-54c74af3107f,9.0,kg,0.0,False
ec95efa5-79a2-4c35-99c5-d3b176a11fce,2025-09-30,de2aa412-e109-4bcf-b6e9-9d9ad0b05e22,3f776450-b3ca-43df-8944-9f345957258f,2b091509-d73a-4eb4-b3b9-54c74af3107f,10.0,kg,0.0,False
75d57a4f-3d53-4e24-90d1-d8dbff861745,2025-10-01,de2aa412-e109-4bcf-b6e9-9d9ad0b05e22,3f776450-b3ca-43df-8944-9f345957258f,2b091509-d73a-4eb4-b3b9-54c74af3107f,12.0,kg,0.0,False
d7b5987f-b1ae-4db8-9fc8-181134e21874,2025-10-02,de2aa412-e109-4bcf-b6e9-9d9ad0b05e22,3f776450-b3ca-43df-8944-9f345957258f,2b091509-d73a-4eb4-b3b9-54c74af3107f,12.0,kg,0.0,False
ba0230db-4d7e-485a-9631-52a7fd4c1483,2025-10-03,de2aa412-e109-4bcf-b6e9-9d9ad0b05e22,3f776450-b3ca-43df-8944-9f345957258f,2b091509-d73a-4eb4-b3b9-54c74af3107f,11.0,kg,0.0,False
2f4fefff-1ea6-4866-bdf1-e916d981ccb8,2025-10-04,de2aa412-e109-4bcf-b6e9-9d9ad0b05e22,3f776450-b3ca-43df-8944-9f345957258f,2b091509-d73a-4eb4-b3b9-54c74af3107f,13.0,kg,0.0,True
1b4b2580-d223-4ecb-9fa2-adb78f3d4f3f,2025-10-05,de2aa412-e109-4bcf-b6e9-9d9ad0b05e22,3f776450-b3ca-43df-8944-9f345957258f,2b091509-d73a-4eb4-b3b9-54c74af3107f,15.0,kg,0.0,False
27d20b78-111c-4cf3-9cb7-7237c6210bc8,2025-10-06,de2aa412-e109-4bcf-b6e9-9d9ad0b05e22,3f776450-b3ca-43df-8944-9f345957258f,2b091509-d73a-4eb4-b3b9-54c74af3107f,11.0,kg,0.0,False
06714378-ca22-4268-a61e-6eb27fd65481,2025-10-07,de2aa412-e109-4bcf-b6e9-9d9ad0b05e22,3f776450-b3ca-43df-8944-9f345957258f,2b091509-d73a-4eb4-b3b9-54c74af3107f,7.0,kg,0.0,False
a88d3229-4b67-43c1-96b2-092cdfafd07a,2025-10-08,de2aa412-e109-4bcf-b6e9-9d9ad0b05e22,3f776450-b3ca-43df-8944-9f345957258f,2b091509-d73a-4eb4-b3b9-54c74af3107f,12.0,kg,0.0,False
bf60e3a2-1570-4745-b136-a9510ccc4a08,2025-10-09,de2aa412-e109-4bcf-b6e9-9d9ad0b05e22,3f776450-b3ca-43df-8944-9f345957258f,2b091509-d73a-4eb4-b3b9-54c74af3107f,11.0,kg,0.0,False
607aab8f-235e-4069-815d-a9e9e38d1fee,2025-10-10,de2aa412-e109-4bcf-b6e9-9d9ad0b05e22,3f776450-b3ca-43df-8944-9f345957258f,2b091509-d73a-4eb4-b3b9-54c74af3107f,13.0,kg,0.0,False
2b8d86c8-3f42-4c9e-b2c1-e5f42d670e1e,2025-10-11,de2aa412-e109-4bcf-b6e9-9d9ad0b05e22,3f776450-b3ca-43df-8944-9f345957258f,2b091509-d73a-4eb4-b3b9-54c74af3107f,11.0,kg,0.0,False
fa3bbfb8-bf95-40e5-be0b-8fd80336184d,2025-10-12,de2aa412-e109-4bcf-b6e9-9d9ad0b05e22,3f776450-b3ca-43df-8944-9f345957258f,2b091509-d73a-4eb4-b3b9-54c74af3107f,7.0,kg,0.0,False
f5a0ac2c-07f9-4806-8847-18c853853b9a,2025-10-13,de2aa412-e109-4bcf-b6e9-9d9ad0b05e22,3f776450-b3ca-43df-8944-9f345957258f,2b091509-d73a-4eb4-b3b9-54c74af3107f,11.0,kg,0.0,False
7462e6e9-6893-425a-ad43-c1e5ab01660e,2025-10-14,de2aa412-e109-4bcf-b6e9-9d9ad0b05e22,3f776450-b3ca-43df-8944-9f345957258f,2b091509-d73a-4eb4-b3b9-54c74af3107f,11.0,kg,0.0,False
adc1f8d7-b4e6-48ba-9dad-c5b858b46b53,2025-10-15,de2aa412-e109-4bcf-b6e9-9d9ad0b05e22,3f776450-b3ca-43df-8944-9f345957258f,2b091509-d73a-4eb4-b3b9-54c74af3107f,8.0,kg,0.0,False
ef18c573-c834-4fbf-9e59-567d0f31206d,2025-10-16,de2aa412-e109-4bcf-b6e9-9d9ad0b05e22,3f776450-b3ca-43df-8944-9f345957258f,2b091509-d73a-4eb4-b3b9-54c74af3107f,9.0,kg,0.0,False
152d29b2-0205-4a17-abc3-0b602383c352,2025-10-17,de2aa412-e109-4bcf-b6e9-9d9ad0b05e22,3f776450-b3ca-43df-8944-9f345957258f,2b091509-d73a-4eb4-b3b9-54c74af3107f,15.0,kg,0.0,False
943d4cf7-c269-47c6-a438-9d7a79e8b8e5,2025-10-18,de2aa412-e109-4bcf-b6e9-9d9ad0b05e22,3f776450-b3ca-43df-8944-9f345957258f,2b091509-d73a-4eb4-b3b9-54c74af3107f,13.0,kg,0.0,False
24b35ae3-5881-4169-a144-71071050ab40,2025-10-19,de2aa412-e109-4bcf-b6e9-9d9ad0b05e22,3f776450-b3ca-43df-8944-9f345957258f,2b091509-d73a-4eb4-b3b9-54c74af3107f,15.0,kg,0.0,False
627f92fe-5fb8-4f03-a2b2-704f420aef65,2025-10-20,de2aa412-e109-4bcf-b6e9-9d9ad0b05e22,3f776450-b3ca-43df-8944-9f345957258f,2b091509-d73a-4eb4-b3b9-54c74af3107f,10.0,kg,0.0,False
e199d28a-f0e0-40cf-b873-a8bce6141270,2025-10-21,de2aa412-e109-4bcf-b6e9-9d9ad0b05e22,3f776450-b3ca-43df-8944-9f345957258f,2b091509-d73a-4eb4-b3b9-54c74af3107f,9.0,kg,0.0,True
303c66f5-a9c2-46ef-ad51-6b58882da4f7,2025-10-22,de2aa412-e109-4bcf-b6e9-9d9ad0b05e22,3f776450-b3ca-43df-8944-9f345957258f,2b091509-d73a-4eb4-b3b9-54c74af3107f,10.0,kg,0.0,False
3ba75167-a69f-4472-b0a3-7a5e693686fb,2025-10-23,de2aa412-e109-4bcf-b6e9-9d9ad0b05e22,3f776450-b3ca-43df-8944-9f345957258f,2b091509-d73a-4eb4-b3b9-54c74af3107f,10.0,kg,0.0,False
2eb1621f-e8d2-4ef3-bc13-5104cdc98da6,2025-10-24,de2aa412-e109-4bcf-b6e9-9d9ad0b05e22,3f776450-b3ca-43df-8944-9f345957258f,2b091509-d73a-4eb4-b3b9-54c74af3107f,10.0,kg,0.0,False
1c0af287-bfd3-42a6-9730-323d214be250,2025-10-25,de2aa412-e109-4bcf-b6e9-9d9ad0b05e22,3f776450-b3ca-43df-8944-9f345957258f,2b091509-d73a-4eb4-b3b9-54c74af3107f,16.0,kg,0.0,True
a5dc7301-01fd-46f5-8981-2eae171adcce,2025-10-26,de2aa412-e109-4bcf-b6e9-9d9ad0b05e22,3f776450-b3ca-43df-8944-9f345957258f,2b091509-d73a-4eb4-b3b9-54c74af3107f,14.0,kg,0.0,False
5f1afe78-1998-42ea-9b3d-ab2435d16d0a,2025-10-27,de2aa412-e109-4bcf-b6e9-9d9ad0b05e22,3f776450-b3ca-43df-8944-9f345957258f,2b091509-d73a-4eb4-b3b9-54c74af3107f,13.0,kg,0.0,True
66819448-693f-4840-b800-47013724cd0f,2025-10-28,de2aa412-e109-4bcf-b6e9-9d9ad0b05e22,3f776450-b3ca-43df-8944-9f345957258f,2b091509-d73a-4eb4-b3b9-54c74af3107f,9.0,kg,0.0,False
2c6edab9-5f06-433a-b060-6991abd483e0,2025-10-29,de2aa412-e109-4bcf-b6e9-9d9ad0b05e22,3f776450-b3ca-43df-8944-9f345957258f,2b091509-d73a-4eb4-b3b9-54c74af3107f,12.0,kg,0.0,False
4916a01f-a25d-46db-9d50-8e534e82353a,2025-10-30,de2aa412-e109-4bcf-b6e9-9d9ad0b05e22,3f776450-b3ca-43df-8944-9f345957258f,2b091509-d73a-4eb4-b3b9-54c74af3107f,7.0,kg,0.0,False
1039a39d-2de4-49f9-9d1d-c7aa5e2e1705,2025-10-31,de2aa412-e109-4bcf-b6e9-9d9ad0b05e22,3f776450-b3ca-43df-8944-9f345957258f,2b091509-d73a-4eb4-b3b9-54c74af3107f,9.0,kg,0.0,True
8d071c25-ca54-49eb-a4df-5236d1a556dd,2025-11-01,de2aa412-e109-4bcf-b6e9-9d9ad0b05e22,3f776450-b3ca-43df-8944-9f345957258f,2b091509-d73a-4eb4-b3b9-54c74af3107f,15.0,kg,0.0,False
c408dfbe-4490-41b3-9a3a-050d7de01086,2025-11-02,de2aa412-e109-4bcf-b6e9-9d9ad0b05e22,3f776450-b3ca-43df-8944-9f345957258f,2b091509-d73a-4eb4-b3b9-54c74af3107f,15.0,kg,0.0,False
42feb118-5cb4-434f-a305-7c9950c2d937,2025-11-03,de2aa412-e109-4bcf-b6e9-9d9ad0b05e22,3f776450-b3ca-43df-8944-9f345957258f,2b091509-d73a-4eb4-b3b9-54c74af3107f,11.0,kg,0.0,False
9368374f-7e56-49cb-aa12-30aa76f055cc,2025-11-04,de2aa412-e109-4bcf-b6e9-9d9ad0b05e22,3f776450-b3ca-43df-8944-9f345957258f,2b091509-d73a-4eb4-b3b9-54c74af3107f,8.0,kg,0.0,False
d2998706-a47e-45b5-afe5-9c49675e87da,2025-11-05,de2aa412-e109-4bcf-b6e9-9d9ad0b05e22,3f776450-b3ca-43df-8944-9f345957258f,2b091509-d73a-4eb4-b3b9-54c74af3107f,10.0,kg,0.0,False
22857481-6fdc-4323-8afe-6310703b4ffd,2025-11-06,de2aa412-e109-4bcf-b6e9-9d9ad0b05e22,3f776450-b3ca-43df-8944-9f345957258f,2b091509-d73a-4eb4-b3b9-54c74af3107f,10.0,kg,0.0,False
770a881f-d4c8-432f-96f4-77dee2508700,2025-11-07,de2aa412-e109-4bcf-b6e9-9d9ad0b05e22,3f776450-b3ca-43df-8944-9f345957258f,2b091509-d73a-4eb4-b3b9-54c74af3107f,8.0,kg,0.0,False
3862a908-aa1b-4cf0-92e7-47e28c35b1c0,2025-11-08,de2aa412-e109-4bcf-b6e9-9d9ad0b05e22,3f776450-b3ca-43df-8944-9f345957258f,2b091509-d73a-4eb4-b3b9-54c74af3107f,12.0,kg,0.0,False
55990936-3e0b-4abe-b82f-7c4c377fe6ed,2025-11-09,de2aa412-e109-4bcf-b6e9-9d9ad0b05e22,3f776450-b3ca-43df-8944-9f345957258f,2b091509-d73a-4eb4-b3b9-54c74af3107f,15.0,kg,0.0,False
43b876a4-b269-4228-bde2-a553f7a3701a,2025-11-10,de2aa412-e109-4bcf-b6e9-9d9ad0b05e22,3f776450-b3ca-43df-8944-9f345957258f,2b091509-d73a-4eb4-b3b9-54c74af3107f,16.0,kg,0.0,True
35b09f4e-809c-4d1b-8d95-37ae564c64f6,2025-11-11,de2aa412-e109-4bcf-b6e9-9d9ad0b05e22,3f776450-b3ca-43df-8944-9f345957258f,2b091509-d73a-4eb4-b3b9-54c74af3107f,10.0,kg,0.0,False
5e95305f-a4e2-4e37-bb20-3de405040ed4,2025-11-12,de2aa412-e109-4bcf-b6e9-9d9ad0b05e22,3f776450-b3ca-43df-8944-9f345957258f,2b091509-d73a-4eb4-b3b9-54c74af3107f,12.0,kg,0.0,False
6a30dfc0-41ad-4488-a530-e54f4f493814,2025-11-13,de2aa412-e109-4bcf-b6e9-9d9ad0b05e22,3f776450-b3ca-43df-8944-9f345957258f,2b091509-d73a-4eb4-b3b9-54c74af3107f,8.0,kg,0.0,False
65151226-bbe9-4c4e-8e1a-1dca2099c022,2025-11-14,de2aa412-e109-4bcf-b6e9-9d9ad0b05e22,3f776450-b3ca-43df-8944-9f345957258f,2b091509-d73a-4eb4-b3b9-54c74af3107f,12.0,kg,0.0,False
6ae195aa-622c-4c8d-86b0-f22e64ededf0,2025-11-15,de2aa412-e109-4bcf-b6e9-9d9ad0b05e22,3f776450-b3ca-43df-8944-9f345957258f,2b091509-d73a-4eb4-b3b9-54c74af3107f,12.0,kg,0.0,False
4818aaa4-3bfa-4949-b5bd-4958b18ea93b,2025-11-16,de2aa412-e109-4bcf-b6e9-9d9ad0b05e22,3f776450-b3ca-43df-8944-9f345957258f,2b091509-d73a-4eb4-b3b9-54c74af3107f,14.0,kg,0.0,False
a8bbf9e5-ddc0-48d6-b28b-bbf7c5ccbd14,2025-11-17,de2aa412-e109-4bcf-b6e9-9d9ad0b05e22,3f776450-b3ca-43df-8944-9f345957258f,2b091509-d73a-4eb4-b3b9-54c74af3107f,11.0,kg,0.0,False
f7caa01e-375e-4908-9fd5-4b3059c34b86,2025-11-18,de2aa412-e109-4bcf-b6e9-9d9ad0b05e22,3f776450-b3ca-43df-8944-9f345957258f,2b091509-d73a-4eb4-b3b9-54c74af3107f,16.0,kg,0.0,True
4f2f5007-4b36-409e-8d91-a8049a3f2547,2025-11-19,de2aa412-e109-4bcf-b6e9-9d9ad0b05e22,3f776450-b3ca-43df-8944-9f345957258f,2b091509-d73a-4eb4-b3b9-54c74af3107f,10.0,kg,0.0,False
4bae609d-6560-4f91-b4f0-64a39ee5e8ce,2025-11-20,de2aa412-e109-4bcf-b6e9-9d9ad0b05e22,3f776450-b3ca-43df-8944-9f345957258f,2b091509-d73a-4eb4-b3b9-54c74af3107f,12.0,kg,0.0,False
caeae183-af7a-4fcf-bf7f-aec8061289f1,2025-11-21,de2aa412-e109-4bcf-b6e9-9d9ad0b05e22,3f776450-b3ca-43df-8944-9f345957258f,2b091509-d73a-4eb4-b3b9-54c74af3107f,11.0,kg,0.0,False
fc057a96-4af0-4461-b7a5-0d519a7ea425,2025-11-22,de2aa412-e109-4bcf-b6e9-9d9ad0b05e22,3f776450-b3ca-43df-8944-9f345957258f,2b091509-d73a-4eb4-b3b9-54c74af3107f,14.0,kg,0.0,False
efa1fcdb-31cb-4ce7-94b7-52bf618b47fe,2025-11-23,de2aa412-e109-4bcf-b6e9-9d9ad0b05e22,3f776450-b3ca-43df-8944-9f345957258f,2b091509-d73a-4eb4-b3b9-54c74af3107f,13.0,kg,0.0,False
b1bb97c3-17e1-457d-a202-264bf76b0989,2025-11-24,de2aa412-e109-4bcf-b6e9-9d9ad0b05e22,3f776450-b3ca-43df-8944-9f345957258f,2b091509-d73a-4eb4-b3b9-54c74af3107f,10.0,kg,0.0,False
2b80ed4e-c72a-482e-aa71-c78d04920788,2025-11-25,de2aa412-e109-4bcf-b6e9-9d9ad0b05e22,3f776450-b3ca-43df-8944-9f345957258f,2b091509-d73a-4eb4-b3b9-54c74af3107f,11.0,kg,0.0,False
a2ba48a5-b0db-4fc1-aa44-361ef57c84e0,2025-11-26,de2aa412-e109-4bcf-b6e9-9d9ad0b05e22,3f776450-b3ca-43df-8944-9f345957258f,2b091509-d73a-4eb4-b3b9-54c74af3107f,11.0,kg,0.0,False
370ea2c8-15b6-4bfc-aa38-df074f52b537,2025-11-27,de2aa412-e109-4bcf-b6e9-9d9ad0b05e22,3f776450-b3ca-43df-8944-9f345957258f,2b091509-d73a-4eb4-b3b9-54c74af3107f,12.0,kg,0.0,False
d436aabe-6936-4404-bce2-27b11bd5c7d5,2025-11-28,de2aa412-e109-4bcf-b6e9-9d9ad0b05e22,3f776450-b3ca-43df-8944-9f345957258f,2b091509-d73a-4eb4-b3b9-54c74af3107f,11.0,kg,0.0,False
eb446e92-8527-4514-9edb-1a04ba675951,2025-11-29,de2aa412-e109-4bcf-b6e9-9d9ad0b05e22,3f776450-b3ca-43df-8944-9f345957258f,2b091509-d73a-4eb4-b3b9-54c74af3107f,16.0,kg,0.0,False
0d9ea5de-1f59-41bd-93f4-cb816441d72c,2025-11-30,de2aa412-e109-4bcf-b6e9-9d9ad0b05e22,3f776450-b3ca-43df-8944-9f345957258f,2b091509-d73a-4eb4-b3b9-54c74af3107f,16.0,kg,0.0,False
89fdeb37-ad1b-4318-a5f4-84541004ebe0,2025-12-01,de2aa412-e109-4bcf-b6e9-9d9ad0b05e22,3f776450-b3ca-43df-8944-9f345957258f,2b091509-d73a-4eb4-b3b9-54c74af3107f,9.0,kg,0.0,False
e4add54b-26f6-49ee-96b8-11ddbdc24fc2,2025-12-02,de2aa412-e109-4bcf-b6e9-9d9ad0b05e22,3f776450-b3ca-43df-8944-9f345957258f,2b091509-d73a-4eb4-b3b9-54c74af3107f,13.0,kg,0.0,False
523a375c-290b-44e2-9336-d99cfafa5af8,2025-12-03,de2aa412-e109-4bcf-b6e9-9d9ad0b05e22,3f776450-b3ca-43df-8944-9f345957258f,2b091509-d73a-4eb4-b3b9-54c74af3107f,9.0,kg,0.0,False
0dfb51cf-e86b-42e6-ae3e-2729168bf855,2025-12-04,de2aa412-e109-4bcf-b6e9-9d9ad0b05e22,3f776450-b3ca-43df-8944-9f345957258f,2b091509-d73a-4eb4-b3b9-54c74af3107f,12.0,kg,0.0,False
c8819761-bed7-4e57-8bd6-dcf1291b73ca,2025-12-05,de2aa412-e109-4bcf-b6e9-9d9ad0b05e22,3f776450-b3ca-43df-8944-9f345957258f,2b091509-d73a-4eb4-b3b9-54c74af3107f,13.0,kg,0.0,False
03a36a1d-af31-4ba7-9374-06910b94d606,2025-12-06,de2aa412-e109-4bcf-b6e9-9d9ad0b05e22,3f776450-b3ca-43df-8944-9f345957258f,2b091509-d73a-4eb4-b3b9-54c74af3107f,10.0,kg,0.0,False
12a6957c-a009-43c4-bcc8-f8c099288363,2025-12-07,de2aa412-e109-4bcf-b6e9-9d9ad0b05e22,3f776450-b3ca-43df-8944-9f345957258f,2b091509-d73a-4eb4-b3b9-54c74af3107f,14.0,kg,0.0,False
e2bf8f16-ac32-491f-b2e4-05abde766ca3,2025-12-08,de2aa412-e109-4bcf-b6e9-9d9ad0b05e22,3f776450-b3ca-43df-8944-9f345957258f,2b091509-d73a-4eb4-b3b9-54c74af3107f,11.0,kg,0.0,False
9ad8e1df-854f-45ac-b557-4d991848fed0,2025-12-09,de2aa412-e109-4bcf-b6e9-9d9ad0b05e22,3f776450-b3ca-43df-8944-9f345957258f,2b091509-d73a-4eb4-b3b9-54c74af3107f,10.0,kg,0.0,False
45448bed-6095-41b5-8db8-5337d8e78294,2025-12-10,de2aa412-e109-4bcf-b6e9-9d9ad0b05e22,3f776450-b3ca-43df-8944-9f345957258f,2b091509-d73a-4eb4-b3b9-54c74af3107f,14.0,kg,0.0,False
3c16c553-35a4-4041-b00c-44e594266b2b,2025-12-11,de2aa412-e109-4bcf-b6e9-9d9ad0b05e22,3f776450-b3ca-43df-8944-9f345957258f,2b091509-d73a-4eb4-b3b9-54c74af3107f,10.0,kg,0.0,False
9ae94efa-0979-4d10-bd07-e4671871b654,2025-12-12,de2aa412-e109-4bcf-b6e9-9d9ad0b05e22,3f776450-b3ca-43df-8944-9f345957258f,2b091509-d73a-4eb4-b3b9-54c74af3107f,10.0,kg,0.0,False
c2c79c7e-114e-49d4-aed8-86173a266547,2025-12-13,de2aa412-e109-4bcf-b6e9-9d9ad0b05e22,3f776450-b3ca-43df-8944-9f345957258f,2b091509-d73a-4eb4-b3b9-54c74af3107f,15.0,kg,0.0,False
93d0b7a3-0ea8-4bee-ba96-63f801e4a29f,2025-12-14,de2aa412-e109-4bcf-b6e9-9d9ad0b05e22,3f776450-b3ca-43df-8944-9f345957258f,2b091509-d73a-4eb4-b3b9-54c74af3107f,19.0,kg,0.0,True
7ff00f75-aba2-49c1-ad15-91e2fdad7ac2,2025-12-15,de2aa412-e109-4bcf-b6e9-9d9ad0b05e22,3f776450-b3ca-43df-8944-9f345957258f,2b091509-d73a-4eb4-b3b9-54c74af3107f,11.0,kg,0.0,False
d0723abe-8fc1-4430-b455-dfa49717078e,2025-12-16,de2aa412-e109-4bcf-b6e9-9d9ad0b05e22,3f776450-b3ca-43df-8944-9f345957258f,2b091509-d73a-4eb4-b3b9-54c74af3107f,14.0,kg,0.0,False
e3f9b2c6-5162-46b8-9f83-2ea147aaa349,2025-12-17,de2aa412-e109-4bcf-b6e9-9d9ad0b05e22,3f776450-b3ca-43df-8944-9f345957258f,2b091509-d73a-4eb4-b3b9-54c74af3107f,13.0,kg,0.0,False
22a6d40a-6fe2-48d0-80e6-f8ba801a3c68,2025-12-18,de2aa412-e109-4bcf-b6e9-9d9ad0b05e22,3f776450-b3ca-43df-8944-9f345957258f,2b091509-d73a-4eb4-b3b9-54c74af3107f,8.0,kg,0.0,False
9cc72886-25af-4a8e-973f-182906962a9d,2025-12-19,de2aa412-e109-4bcf-b6e9-9d9ad0b05e22,3f776450-b3ca-43df-8944-9f345957258f,2b091509-d73a-4eb4-b3b9-54c74af3107f,11.0,kg,0.0,False
3a62df7b-9970-4e20-a2d2-881b827ccfad,2025-12-20,de2aa412-e109-4bcf-b6e9-9d9ad0b05e22,3f776450-b3ca-43df-8944-9f345957258f,2b091509-d73a-4eb4-b3b9-54c74af3107f,13.0,kg,0.0,False
16c9dd05-7b37-4054-8b61-7be956b1d71f,2025-12-21,de2aa412-e109-4bcf-b6e9-9d9ad0b05e22,3f776450-b3ca-43df-8944-9f345957258f,2b091509-d73a-4eb4-b3b9-54c74af3107f,16.0,kg,0.0,False
a3825797-027d-474e-91f9-f9345e4f0dbb,2025-12-22,de2aa412-e109-4bcf-b6e9-9d9ad0b05e22,3f776450-b3ca-43df-8944-9f345957258f,2b091509-d73a-4eb4-b3b9-54c74af3107f,7.0,kg,0.0,False
32442297-39a0-4792-b37e-853373056cb2,2025-12-23,de2aa412-e109-4bcf-b6e9-9d9ad0b05e22,3f776450-b3ca-43df-8944-9f345957258f,2b091509-d73a-4eb4-b3b9-54c74af3107f,17.0,kg,0.0,False
7b53d0f4-089d-4c3f-9a69-8447ec37da98,2025-12-24,de2aa412-e109-4bcf-b6e9-9d9ad0b05e22,3f776450-b3ca-43df-8944-9f345957258f,2b091509-d73a-4eb4-b3b9-54c74af3107f,13.0,kg,0.0,False
d2a0f151-ce5d-4875-89d6-45066b89da34,2025-12-25,de2aa412-e109-4bcf-b6e9-9d9ad0b05e22,3f776450-b3ca-43df-8944-9f345957258f,2b091509-d73a-4eb4-b3b9-54c74af3107f,12.0,kg,0.0,False
23c7c35a-7e83-448f-bfcd-b83339e4bdf3,2025-12-26,de2aa412-e109-4bcf-b6e9-9d9ad0b05e22,3f776450-b3ca-43df-8944-9f345957258f,2b091509-d73a-4eb4-b3b9-54c74af3107f,14.0,kg,0.0,False
d36d9f86-042f-4284-887d-a27ff73abf2a,2025-12-27,de2aa412-e109-4bcf-b6e9-9d9ad0b05e22,3f776450-b3ca-43df-8944-9f345957258f,2b091509-d73a-4eb4-b3b9-54c74af3107f,20.0,kg,0.0,False
c0c2b736-7446-4cff-ad04-84e4390e42a7,2025-12-28,de2aa412-e109-4bcf-b6e9-9d9ad0b05e22,3f776450-b3ca-43df-8944-9f345957258f,2b091509-d73a-4eb4-b3b9-54c74af3107f,17.0,kg,0.0,False
35710f81-ec2e-4a6d-b333-fae315d59aba,2025-12-29,de2aa412-e109-4bcf-b6e9-9d9ad0b05e22,3f776450-b3ca-43df-8944-9f345957258f,2b091509-d73a-4eb4-b3b9-54c74af3107f,14.0,kg,0.0,False
eca0aecd-f9f1-455c-adde-a82148f44ffe,2025-12-30,de2aa412-e109-4bcf-b6e9-9d9ad0b05e22,3f776450-b3ca-43df-8944-9f345957258f,2b091509-d73a-4eb4-b3b9-54c74af3107f,12.0,kg,0.0,False
5c253eb8-1fc8-44a5-9883-1fd3b3184221,2025-12-31,de2aa412-e109-4bcf-b6e9-9d9ad0b05e22,3f776450-b3ca-43df-8944-9f345957258f,2b091509-d73a-4eb4-b3b9-54c74af3107f,12.0,kg,0.0,False
8609e523-fad6-4443-9a13-d38a10d8cded,2026-01-01,de2aa412-e109-4bcf-b6e9-9d9ad0b05e22,3f776450-b3ca-43df-8944-9f345957258f,2b091509-d73a-4eb4-b3b9-54c74af3107f,11.0,kg,0.0,False
b94a5488-9610-4664-990e-bf0b6cf035d1,2026-01-02,de2aa412-e109-4bcf-b6e9-9d9ad0b05e22,3f776450-b3ca-43df-8944-9f345957258f,2b091509-d73a-4eb4-b3b9-54c74af3107f,10.0,kg,0.0,False
2156008a-e564-4804-9b55-e23e00d6a386,2026-01-03,de2aa412-e109-4bcf-b6e9-9d9ad0b05e22,3f776450-b3ca-43df-8944-9f345957258f,2b091509-d73a-4eb4-b3b9-54c74af3107f,13.0,kg,0.0,False
cae268d7-c8cb-41de-894c-88b3c1647428,2026-01-04,de2aa412-e109-4bcf-b6e9-9d9ad0b05e22,3f776450-b3ca-43df-8944-9f345957258f,2b091509-d73a-4eb4-b3b9-54c74af3107f,12.0,kg,0.0,False
d7f058bc-7531-495e-ba28-e5afae1df6ba,2026-01-05,de2aa412-e109-4bcf-b6e9-9d9ad0b05e22,3f776450-b3ca-43df-8944-9f345957258f,2b091509-d73a-4eb4-b3b9-54c74af3107f,12.0,kg,0.0,False
bad577d5-91c1-4612-8afe-2b59dcc23517,2026-01-06,de2aa412-e109-4bcf-b6e9-9d9ad0b05e22,3f776450-b3ca-43df-8944-9f345957258f,2b091509-d73a-4eb4-b3b9-54c74af3107f,9.0,kg,0.0,False
53978936-07d7-4bd2-aafd-acc628a44f3b,2026-01-07,de2aa412-e109-4bcf-b6e9-9d9ad0b05e22,3f776450-b3ca-43df-8944-9f345957258f,2b091509-d73a-4eb4-b3b9-54c74af3107f,13.0,kg,0.0,False
59b11392-2db1-44ef-8f8d-7839d3eadf24,2026-01-08,de2aa412-e109-4bcf-b6e9-9d9ad0b05e22,3f776450-b3ca-43df-8944-9f345957258f,2b091509-d73a-4eb4-b3b9-54c74af3107f,12.0,kg,0.0,False
b16747d5-e441-436d-a037-c9227440793a,2026-01-09,de2aa412-e109-4bcf-b6e9-9d9ad0b05e22,3f776450-b3ca-43df-8944-9f345957258f,2b091509-d73a-4eb4-b3b9-54c74af3107f,13.0,kg,0.0,False
f612e77e-f8eb-40ae-8c5a-fd5a379e2419,2026-01-10,de2aa412-e109-4bcf-b6e9-9d9ad0b05e22,3f776450-b3ca-43df-8944-9f345957258f,2b091509-d73a-4eb4-b3b9-54c74af3107f,17.0,kg,0.0,True
d9e94334-efc9-4a7b-ae5a-639387056ed0,2026-01-11,de2aa412-e109-4bcf-b6e9-9d9ad0b05e22,3f776450-b3ca-43df-8944-9f345957258f,2b091509-d73a-4eb4-b3b9-54c74af3107f,23.0,kg,0.0,False
bf9b12f6-9da8-4d3d-a3cd-85beaccaf591,2026-01-12,de2aa412-e109-4bcf-b6e9-9d9ad0b05e22,3f776450-b3ca-43df-8944-9f345957258f,2b091509-d73a-4eb4-b3b9-54c74af3107f,18.0,kg,0.0,True
e36b131b-10fd-4180-9f33-910ef9b3993a,2026-01-13,de2aa412-e109-4bcf-b6e9-9d9ad0b05e22,3f776450-b3ca-43df-8944-9f345957258f,2b091509-d73a-4eb4-b3b9-54c74af3107f,10.0,kg,0.0,False
53030de2-8c02-4cd9-ad2a-7da2b6f99fb0,2026-01-14,de2aa412-e109-4bcf-b6e9-9d9ad0b05e22,3f776450-b3ca-43df-8944-9f345957258f,2b091509-d73a-4eb4-b3b9-54c74af3107f,13.0,kg,0.0,False
753670df-cc5f-4962-a88d-11b397510487,2026-01-15,de2aa412-e109-4bcf-b6e9-9d9ad0b05e22,3f776450-b3ca-43df-8944-9f345957258f,2b091509-d73a-4eb4-b3b9-54c74af3107f,11.0,kg,0.0,False
0bdec969-f40e-4b4b-bed5-4174e8b50593,2026-01-16,de2aa412-e109-4bcf-b6e9-9d9ad0b05e22,3f776450-b3ca-43df-8944-9f345957258f,2b091509-d73a-4eb4-b3b9-54c74af3107f,10.0,kg,0.0,False
e16452e7-d885-49bf-b440-5b38830d74ec,2026-01-17,de2aa412-e109-4bcf-b6e9-9d9ad0b05e22,3f776450-b3ca-43df-8944-9f345957258f,2b091509-d73a-4eb4-b3b9-54c74af3107f,12.0,kg,0.0,False
52be6d17-05ac-4f88-8b1d-550edd256441,2026-01-18,de2aa412-e109-4bcf-b6e9-9d9ad0b05e22,3f776450-b3ca-43df-8944-9f345957258f,2b091509-d73a-4eb4-b3b9-54c74af3107f,17.0,kg,0.0,False
25cf89bd-703b-4aa7-87d7-cc7597aa1b17,2026-01-19,de2aa412-e109-4bcf-b6e9-9d9ad0b05e22,3f776450-b3ca-43df-8944-9f345957258f,2b091509-d73a-4eb4-b3b9-54c74af3107f,11.0,kg,0.0,False
07e33826-1a09-4723-8cae-3d86b2dac7a8,2026-01-20,de2aa412-e109-4bcf-b6e9-9d9ad0b05e22,3f776450-b3ca-43df-8944-9f345957258f,2b091509-d73a-4eb4-b3b9-54c74af3107f,17.0,kg,0.0,True
7e214ab0-331b-4ecf-974c-5acaffc90547,2026-01-21,de2aa412-e109-4bcf-b6e9-9d9ad0b05e22,3f776450-b3ca-43df-8944-9f345957258f,2b091509-d73a-4eb4-b3b9-54c74af3107f,14.0,kg,0.0,False
dbd6619e-7c07-48b2-9aca-c9f89f13fe7c,2026-01-22,de2aa412-e109-4bcf-b6e9-9d9ad0b05e22,3f776450-b3ca-43df-8944-9f345957258f,2b091509-d73a-4eb4-b3b9-54c74af3107f,15.0,kg,0.0,False
756a9650-83cb-4cfb-b4fb-0a020e9ea464,2026-01-23,de2aa412-e109-4bcf-b6e9-9d9ad0b05e22,3f776450-b3ca-43df-8944-9f345957258f,2b091509-d73a-4eb4-b3b9-54c74af3107f,11.0,kg,0.0,False
5d896579-89f2-4d0f-bfce-7d3406c51241,2026-01-24,de2aa412-e109-4bcf-b6e9-9d9ad0b05e22,3f776450-b3ca-43df-8944-9f345957258f,2b091509-d73a-4eb4-b3b9-54c74af3107f,17.0,kg,0.0,False
229d1849-0ae5-4495-8d30-adaccf1dadb4,2026-01-25,de2aa412-e109-4bcf-b6e9-9d9ad0b05e22,3f776450-b3ca-43df-8944-9f345957258f,2b091509-d73a-4eb4-b3b9-54c74af3107f,21.0,kg,0.0,True
a8769dc9-c401-469b-a1a3-78e45d4ef35a,2026-01-26,de2aa412-e109-4bcf-b6e9-9d9ad0b05e22,3f776450-b3ca-43df-8944-9f345957258f,2b091509-d73a-4eb4-b3b9-54c74af3107f,12.0,kg,0.0,False
8de9bf28-93e7-4275-95e5-5d6155409db7,2026-01-27,de2aa412-e109-4bcf-b6e9-9d9ad0b05e22,3f776450-b3ca-43df-8944-9f345957258f,2b091509-d73a-4eb4-b3b9-54c74af3107f,11.0,kg,0.0,False
829d0487-e558-4e8f-b9b6-2ce794cfbf13,2026-01-28,de2aa412-e109-4bcf-b6e9-9d9ad0b05e22,3f776450-b3ca-43df-8944-9f345957258f,2b091509-d73a-4eb4-b3b9-54c74af3107f,16.0,kg,0.0,False
e7b97733-ca05-4e02-87a3-10b9f6dbe410,2026-01-29,de2aa412-e109-4bcf-b6e9-9d9ad0b05e22,3f776450-b3ca-43df-8944-9f345957258f,2b091509-d73a-4eb4-b3b9-54c74af3107f,13.0,kg,0.0,False
31313a5e-c9ef-49e2-9e0c-6109f5c7df88,2026-01-30,de2aa412-e109-4bcf-b6e9-9d9ad0b05e22,3f776450-b3ca-43df-8944-9f345957258f,2b091509-d73a-4eb4-b3b9-54c74af3107f,14.0,kg,0.0,False
81c3658b-74d1-4d4f-ba94-a0345570b41e,2026-01-31,de2aa412-e109-4bcf-b6e9-9d9ad0b05e22,3f776450-b3ca-43df-8944-9f345957258f,2b091509-d73a-4eb4-b3b9-54c74af3107f,14.0,kg,0.0,False
66bd6d53-da4f-441d-bf70-5916ca21cb2a,2026-02-01,de2aa412-e109-4bcf-b6e9-9d9ad0b05e22,3f776450-b3ca-43df-8944-9f345957258f,2b091509-d73a-4eb4-b3b9-54c74af3107f,13.0,kg,0.0,False
2b852e0d-c756-4577-ad5e-1ff6a7b182b3,2026-02-02,de2aa412-e109-4bcf-b6e9-9d9ad0b05e22,3f776450-b3ca-43df-8944-9f345957258f,2b091509-d73a-4eb4-b3b9-54c74af3107f,12.0,kg,0.0,False
acce7057-e4b5-4da3-92bf-d7ae0545de44,2026-02-03,de2aa412-e109-4bcf-b6e9-9d9ad0b05e22,3f776450-b3ca-43df-8944-9f345957258f,2b091509-d73a-4eb4-b3b9-54c74af3107f,13.0,kg,0.0,False
81a70599-1315-493e-8490-f0a3cae26a04,2026-02-04,de2aa412-e109-4bcf-b6e9-9d9ad0b05e22,3f776450-b3ca-43df-8944-9f345957258f,2b091509-d73a-4eb4-b3b9-54c74af3107f,11.0,kg,0.0,False
3db9bdea-0dbc-4733-a6c1-47aa559f0f14,2026-02-05,de2aa412-e109-4bcf-b6e9-9d9ad0b05e22,3f776450-b3ca-43df-8944-9f345957258f,2b091509-d73a-4eb4-b3b9-54c74af3107f,13.0,kg,0.0,False
0f6326e3-efa7-4ed2-8948-c19ab2227672,2026-02-06,de2aa412-e109-4bcf-b6e9-9d9ad0b05e22,3f776450-b3ca-43df-8944-9f345957258f,2b091509-d73a-4eb4-b3b9-54c74af3107f,9.0,kg,0.0,False
6d0c499c-1b69-479e-88b0-a57e8a7bfaf5,2026-02-07,de2aa412-e109-4bcf-b6e9-9d9ad0b05e22,3f776450-b3ca-43df-8944-9f345957258f,2b091509-d73a-4eb4-b3b9-54c74af3107f,16.0,kg,0.0,True
656f49da-5994-4b7a-93d5-e7a4340e72ed,2026-02-08,de2aa412-e109-4bcf-b6e9-9d9ad0b05e22,3f776450-b3ca-43df-8944-9f345957258f,2b091509-d73a-4eb4-b3b9-54c74af3107f,18.0,kg,0.0,False
c876c3ac-b090-44cc-b162-9ac7d5494ae9,2026-02-09,de2aa412-e109-4bcf-b6e9-9d9ad0b05e22,3f776450-b3ca-43df-8944-9f345957258f,2b091509-d73a-4eb4-b3b9-54c74af3107f,14.0,kg,0.0,False
64b677f4-c2b6-46ea-871e-f30ddc98b7fb,2026-02-10,de2aa412-e109-4bcf-b6e9-9d9ad0b05e22,3f776450-b3ca-43df-8944-9f345957258f,2b091509-d73a-4eb4-b3b9-54c74af3107f,12.0,kg,0.0,False
46bb442e-f59c-41cd-9220-0e3503c53041,2026-02-11,de2aa412-e109-4bcf-b6e9-9d9ad0b05e22,3f776450-b3ca-43df-8944-9f345957258f,2b091509-d73a-4eb4-b3b9-54c74af3107f,11.0,kg,0.0,False
23fde020-f549-4f12-a9d5-d43809738fcc,2026-02-12,de2aa412-e109-4bcf-b6e9-9d9ad0b05e22,3f776450-b3ca-43df-8944-9f345957258f,2b091509-d73a-4eb4-b3b9-54c74af3107f,11.0,kg,0.0,False
764091f9-3be8-48cc-a951-33ebd9701798,2026-02-13,de2aa412-e109-4bcf-b6e9-9d9ad0b05e22,3f776450-b3ca-43df-8944-9f345957258f,2b091509-d73a-4eb4-b3b9-54c74af3107f,12.0,kg,0.0,False
d523ccc6-1722-48a1-9467-864c306b4e7e,2026-02-14,de2aa412-e109-4bcf-b6e9-9d9ad0b05e22,3f776450-b3ca-43df-8944-9f345957258f,2b091509-d73a-4eb4-b3b9-54c74af3107f,18.0,kg,0.0,False
dade226c-c726-4925-a06a-96abd179c0ff,2026-02-15,de2aa412-e109-4bcf-b6e9-9d9ad0b05e22,3f776450-b3ca-43df-8944-9f345957258f,2b091509-d73a-4eb4-b3b9-54c74af3107f,19.0,kg,0.0,False
bee86873-83bc-481a-b632-88245aef2b62,2026-02-16,de2aa412-e109-4bcf-b6e9-9d9ad0b05e22,3f776450-b3ca-43df-8944-9f345957258f,2b091509-d73a-4eb4-b3b9-54c74af3107f,14.0,kg,0.0,True
80dd6cb1-6780-4d23-8998-534b937f88d9,2026-02-17,de2aa412-e109-4bcf-b6e9-9d9ad0b05e22,3f776450-b3ca-43df-8944-9f345957258f,2b091509-d73a-4eb4-b3b9-54c74af3107f,11.0,kg,0.0,False
b78b2dce-0644-4cb5-93e5-517ffb2a8553,2026-02-18,de2aa412-e109-4bcf-b6e9-9d9ad0b05e22,3f776450-b3ca-43df-8944-9f345957258f,2b091509-d73a-4eb4-b3b9-54c74af3107f,14.0,kg,0.0,False
37c8cf56-8947-48c4-91e3-baf8a342c0eb,2026-02-19,de2aa412-e109-4bcf-b6e9-9d9ad0b05e22,3f776450-b3ca-43df-8944-9f345957258f,2b091509-d73a-4eb4-b3b9-54c74af3107f,11.0,kg,0.0,False
02e55333-533e-4314-8247-6901dcab6eff,2026-02-20,de2aa412-e109-4bcf-b6e9-9d9ad0b05e22,3f776450-b3ca-43df-8944-9f345957258f,2b091509-d73a-4eb4-b3b9-54c74af3107f,12.0,kg,0.0,False
036b6305-62c7-4c83-ac90-ba9570489d86,2026-02-21,de2aa412-e109-4bcf-b6e9-9d9ad0b05e22,3f776450-b3ca-43df-8944-9f345957258f,2b091509-d73a-4eb4-b3b9-54c74af3107f,20.0,kg,0.0,False
34105ff5-079b-4567-826b-858ba016d0d1,2026-02-22,de2aa412-e109-4bcf-b6e9-9d9ad0b05e22,3f776450-b3ca-43df-8944-9f345957258f,2b091509-d73a-4eb4-b3b9-54c74af3107f,19.0,kg,0.0,False
6aabde3c-2249-43b5-9540-1352ba12630e,2026-02-23,de2aa412-e109-4bcf-b6e9-9d9ad0b05e22,3f776450-b3ca-43df-8944-9f345957258f,2b091509-d73a-4eb4-b3b9-54c74af3107f,13.0,kg,0.0,False
6ac3cdbf-d4fe-4f07-a71e-320455aa8986,2026-02-24,de2aa412-e109-4bcf-b6e9-9d9ad0b05e22,3f776450-b3ca-43df-8944-9f345957258f,2b091509-d73a-4eb4-b3b9-54c74af3107f,10.0,kg,0.0,False
b2c90dce-2eed-4a24-bd44-0145221c2b1b,2026-02-25,de2aa412-e109-4bcf-b6e9-9d9ad0b05e22,3f776450-b3ca-43df-8944-9f345957258f,2b091509-d73a-4eb4-b3b9-54c74af3107f,14.0,kg,0.0,False
ca50fdc3-4806-4cdd-908c-fe5a78dc8ca2,2026-02-26,de2aa412-e109-4bcf-b6e9-9d9ad0b05e22,3f776450-b3ca-43df-8944-9f345957258f,2b091509-d73a-4eb4-b3b9-54c74af3107f,19.0,kg,0.0,True
a8d0f733-7970-4ecc-b7d7-44f93843a400,2026-02-27,de2aa412-e109-4bcf-b6e9-9d9ad0b05e22,3f776450-b3ca-43df-8944-9f345957258f,2b091509-d73a-4eb4-b3b9-54c74af3107f,12.0,kg,0.0,False
673af8b4-704d-4284-8c50-1f3d35b33174,2026-02-28,de2aa412-e109-4bcf-b6e9-9d9ad0b05e22,3f776450-b3ca-43df-8944-9f345957258f,2b091509-d73a-4eb4-b3b9-54c74af3107f,20.0,kg,0.0,False
93bfab69-290a-4ef3-93d2-3d65efb0ae2b,2026-03-01,de2aa412-e109-4bcf-b6e9-9d9ad0b05e22,3f776450-b3ca-43df-8944-9f345957258f,2b091509-d73a-4eb4-b3b9-54c74af3107f,20.0,kg,0.0,False
4deba2a9-9e9e-4998-a0a1-971f1c72e446,2026-03-02,de2aa412-e109-4bcf-b6e9-9d9ad0b05e22,3f776450-b3ca-43df-8944-9f345957258f,2b091509-d73a-4eb4-b3b9-54c74af3107f,17.0,kg,0.0,False
71676de6-890b-4303-8ced-3bac9698193d,2026-03-03,de2aa412-e109-4bcf-b6e9-9d9ad0b05e22,3f776450-b3ca-43df-8944-9f345957258f,2b091509-d73a-4eb4-b3b9-54c74af3107f,14.0,kg,0.0,False
ea1569d3-b923-43e5-baf7-19d692994150,2026-03-04,de2aa412-e109-4bcf-b6e9-9d9ad0b05e22,3f776450-b3ca-43df-8944-9f345957258f,2b091509-d73a-4eb4-b3b9-54c74af3107f,15.0,kg,0.0,False
d5824655-32c2-43e0-897a-103f50804a10,2026-03-05,de2aa412-e109-4bcf-b6e9-9d9ad0b05e22,3f776450-b3ca-43df-8944-9f345957258f,2b091509-d73a-4eb4-b3b9-54c74af3107f,16.0,kg,0.0,False
77c92de3-e5ac-4411-9f2b-965825bf1ee7,2026-03-06,de2aa412-e109-4bcf-b6e9-9d9ad0b05e22,3f776450-b3ca-43df-8944-9f345957258f,2b091509-d73a-4eb4-b3b9-54c74af3107f,14.0,kg,0.0,False
9a16e6c6-f5e9-4616-93cd-c230d5bb76bc,2026-03-07,de2aa412-e109-4bcf-b6e9-9d9ad0b05e22,3f776450-b3ca-43df-8944-9f345957258f,2b091509-d73a-4eb4-b3b9-54c74af3107f,15.0,kg,0.0,False
2f3576ac-e87f-4776-8d5c-ab52602c03fd,2026-03-08,de2aa412-e109-4bcf-b6e9-9d9ad0b05e22,3f776450-b3ca-43df-8944-9f345957258f,2b091509-d73a-4eb4-b3b9-54c74af3107f,15.0,kg,0.0,False
f76482dc-190d-4a9c-84b7-c8cf91e30ca1,2026-03-09,de2aa412-e109-4bcf-b6e9-9d9ad0b05e22,3f776450-b3ca-43df-8944-9f345957258f,2b091509-d73a-4eb4-b3b9-54c74af3107f,14.0,kg,0.0,False
ee1cb707-d782-4ad6-8d2b-6c84dedebec5,2026-03-10,de2aa412-e109-4bcf-b6e9-9d9ad0b05e22,3f776450-b3ca-43df-8944-9f345957258f,2b091509-d73a-4eb4-b3b9-54c74af3107f,11.0,kg,0.0,False
19691631-22a0-4c28-b2d2-ce0e978d3ac6,2026-03-11,de2aa412-e109-4bcf-b6e9-9d9ad0b05e22,3f776450-b3ca-43df-8944-9f345957258f,2b091509-d73a-4eb4-b3b9-54c74af3107f,13.0,kg,0.0,False
ba09e38a-06c1-406a-ab1e-8d01258f7184,2026-03-12,de2aa412-e109-4bcf-b6e9-9d9ad0b05e22,3f776450-b3ca-43df-8944-9f345957258f,2b091509-d73a-4eb4-b3b9-54c74af3107f,16.0,kg,0.0,False
e5616f1e-e184-4a04-a464-c105b5d2b5a8,2026-03-13,de2aa412-e109-4bcf-b6e9-9d9ad0b05e22,3f776450-b3ca-43df-8944-9f345957258f,2b091509-d73a-4eb4-b3b9-54c74af3107f,9.0,kg,0.0,False
a8e482a1-4556-4dab-a067-f16b1ae58782,2026-03-14,de2aa412-e109-4bcf-b6e9-9d9ad0b05e22,3f776450-b3ca-43df-8944-9f345957258f,2b091509-d73a-4eb4-b3b9-54c74af3107f,21.0,kg,0.0,False
85ad0fa4-947d-4d9a-9af4-91e370e7f36a,2026-03-15,de2aa412-e109-4bcf-b6e9-9d9ad0b05e22,3f776450-b3ca-43df-8944-9f345957258f,2b091509-d73a-4eb4-b3b9-54c74af3107f,20.0,kg,0.0,False
524e9779-11fb-4239-bd6a-6462b964a6af,2026-03-16,de2aa412-e109-4bcf-b6e9-9d9ad0b05e22,3f776450-b3ca-43df-8944-9f345957258f,2b091509-d73a-4eb4-b3b9-54c74af3107f,12.0,kg,0.0,False
458a2c72-cc09-4293-97f0-89cc0b889f58,2026-03-17,de2aa412-e109-4bcf-b6e9-9d9ad0b05e22,3f776450-b3ca-43df-8944-9f345957258f,2b091509-d73a-4eb4-b3b9-54c74af3107f,15.0,kg,0.0,False
cdd1f717-ba11-4cd5-9388-8edee7a04842,2026-03-18,de2aa412-e109-4bcf-b6e9-9d9ad0b05e22,3f776450-b3ca-43df-8944-9f345957258f,2b091509-d73a-4eb4-b3b9-54c74af3107f,13.0,kg,0.0,False
a813a9d7-c214-40cf-b6a1-e7743c5cb29b,2026-03-19,de2aa412-e109-4bcf-b6e9-9d9ad0b05e22,3f776450-b3ca-43df-8944-9f345957258f,2b091509-d73a-4eb4-b3b9-54c74af3107f,16.0,kg,0.0,False
f387f5a3-9488-4300-b4d4-cef0211c2bcd,2026-03-20,de2aa412-e109-4bcf-b6e9-9d9ad0b05e22,3f776450-b3ca-43df-8944-9f345957258f,2b091509-d73a-4eb4-b3b9-54c74af3107f,16.0,kg,0.0,False
4a707ecc-f125-4255-92ad-7cd8fb9a1c22,2026-03-21,de2aa412-e109-4bcf-b6e9-9d9ad0b05e22,3f776450-b3ca-43df-8944-9f345957258f,2b091509-d73a-4eb4-b3b9-54c74af3107f,13.0,kg,0.0,False
1a98b0c5-6af7-4587-95a8-4483335e3baf,2026-03-22,de2aa412-e109-4bcf-b6e9-9d9ad0b05e22,3f776450-b3ca-43df-8944-9f345957258f,2b091509-d73a-4eb4-b3b9-54c74af3107f,18.0,kg,0.0,False
6dbb5d67-acc4-4e3b-8666-09e8fc0683a3,2026-03-23,de2aa412-e109-4bcf-b6e9-9d9ad0b05e22,3f776450-b3ca-43df-8944-9f345957258f,2b091509-d73a-4eb4-b3b9-54c74af3107f,13.0,kg,0.0,False
89755278-6f38-48f6-9e40-ccf0d62b81c7,2026-03-24,de2aa412-e109-4bcf-b6e9-9d9ad0b05e22,3f776450-b3ca-43df-8944-9f345957258f,2b091509-d73a-4eb4-b3b9-54c74af3107f,14.0,kg,0.0,False
aa930062-b22b-40fd-9db7-5579531d6cb0,2026-03-25,de2aa412-e109-4bcf-b6e9-9d9ad0b05e22,3f776450-b3ca-43df-8944-9f345957258f,2b091509-d73a-4eb4-b3b9-54c74af3107f,12.0,kg,0.0,False
bfa86221-bcac-46eb-ac1c-84f966bd9844,2026-03-26,de2aa412-e109-4bcf-b6e9-9d9ad0b05e22,3f776450-b3ca-43df-8944-9f345957258f,2b091509-d73a-4eb4-b3b9-54c74af3107f,17.0,kg,0.0,False
52c6a9f5-c496-4a90-8445-783ced890cac,2026-03-27,de2aa412-e109-4bcf-b6e9-9d9ad0b05e22,3f776450-b3ca-43df-8944-9f345957258f,2b091509-d73a-4eb4-b3b9-54c74af3107f,16.0,kg,0.0,False
1b5b3869-67f0-4b82-a37d-00b42260b129,2026-03-28,de2aa412-e109-4bcf-b6e9-9d9ad0b05e22,3f776450-b3ca-43df-8944-9f345957258f,2b091509-d73a-4eb4-b3b9-54c74af3107f,15.0,kg,0.0,False
7de72813-805e-43b3-9394-c9094314de04,2026-03-29,de2aa412-e109-4bcf-b6e9-9d9ad0b05e22,3f776450-b3ca-43df-8944-9f345957258f,2b091509-d73a-4eb4-b3b9-54c74af3107f,13.0,kg,0.0,False
c04ed8df-46d7-45ca-9c06-856c8cec8f5a,2026-03-30,de2aa412-e109-4bcf-b6e9-9d9ad0b05e22,3f776450-b3ca-43df-8944-9f345957258f,2b091509-d73a-4eb4-b3b9-54c74af3107f,13.0,kg,0.0,False
01530e68-3b76-45fb-a2df-13c9dae462b6,2026-03-31,de2aa412-e109-4bcf-b6e9-9d9ad0b05e22,3f776450-b3ca-43df-8944-9f345957258f,2b091509-d73a-4eb4-b3b9-54c74af3107f,14.0,kg,0.0,False
5d17f362-7469-4fd6-801f-a1890b9e0e5d,2026-04-01,de2aa412-e109-4bcf-b6e9-9d9ad0b05e22,3f776450-b3ca-43df-8944-9f345957258f,2b091509-d73a-4eb4-b3b9-54c74af3107f,14.0,kg,0.0,False
170b954a-f729-499c-bb2b-cabd3964566f,2026-04-02,de2aa412-e109-4bcf-b6e9-9d9ad0b05e22,3f776450-b3ca-43df-8944-9f345957258f,2b091509-d73a-4eb4-b3b9-54c74af3107f,16.0,kg,0.0,False
5889c934-5a00-41c8-a62f-9ff81160d33c,2026-04-03,de2aa412-e109-4bcf-b6e9-9d9ad0b05e22,3f776450-b3ca-43df-8944-9f345957258f,2b091509-d73a-4eb4-b3b9-54c74af3107f,15.0,kg,0.0,False
6c6e8e9e-65a5-411d-b47f-60cae22cc714,2026-04-04,de2aa412-e109-4bcf-b6e9-9d9ad0b05e22,3f776450-b3ca-43df-8944-9f345957258f,2b091509-d73a-4eb4-b3b9-54c74af3107f,19.0,kg,0.0,False
3351753f-f5b6-4962-9f30-834bc6f9f9ca,2026-04-05,de2aa412-e109-4bcf-b6e9-9d9ad0b05e22,3f776450-b3ca-43df-8944-9f345957258f,2b091509-d73a-4eb4-b3b9-54c74af3107f,18.0,kg,0.0,False
d62a3ae5-103f-46dc-9222-fbcdc962bb63,2026-04-06,de2aa412-e109-4bcf-b6e9-9d9ad0b05e22,3f776450-b3ca-43df-8944-9f345957258f,2b091509-d73a-4eb4-b3b9-54c74af3107f,10.0,kg,0.0,False
80042770-4284-4310-be26-0ea0be9efb55,2026-04-07,de2aa412-e109-4bcf-b6e9-9d9ad0b05e22,3f776450-b3ca-43df-8944-9f345957258f,2b091509-d73a-4eb4-b3b9-54c74af3107f,13.0,kg,0.0,False
49bc8179-ef34-4064-a0dd-2354a131143f,2026-04-08,de2aa412-e109-4bcf-b6e9-9d9ad0b05e22,3f776450-b3ca-43df-8944-9f345957258f,2b091509-d73a-4eb4-b3b9-54c74af3107f,16.0,kg,0.0,False
b8d38d13-ab82-4b44-8212-2eb79a18470f,2026-04-09,de2aa412-e109-4bcf-b6e9-9d9ad0b05e22,3f776450-b3ca-43df-8944-9f345957258f,2b091509-d73a-4eb4-b3b9-54c74af3107f,13.0,kg,0.0,False
8b685782-9bc4-4ed0-bd70-085246e42627,2026-04-10,de2aa412-e109-4bcf-b6e9-9d9ad0b05e22,3f776450-b3ca-43df-8944-9f345957258f,2b091509-d73a-4eb4-b3b9-54c74af3107f,15.0,kg,0.0,False
a042459a-42c6-4835-970e-bdddea19d264,2026-04-11,de2aa412-e109-4bcf-b6e9-9d9ad0b05e22,3f776450-b3ca-43df-8944-9f345957258f,2b091509-d73a-4eb4-b3b9-54c74af3107f,19.0,kg,0.0,True
6861e07e-e2bd-4a68-8bf0-c7f2aa15283a,2026-04-12,de2aa412-e109-4bcf-b6e9-9d9ad0b05e22,3f776450-b3ca-43df-8944-9f345957258f,2b091509-d73a-4eb4-b3b9-54c74af3107f,14.0,kg,0.0,False
d8d0506f-6c89-4744-8a1b-a2a023164051,2026-04-13,de2aa412-e109-4bcf-b6e9-9d9ad0b05e22,3f776450-b3ca-43df-8944-9f345957258f,2b091509-d73a-4eb4-b3b9-54c74af3107f,13.0,kg,0.0,False
dc5335d8-be4c-45ce-b30f-100383ff1da7,2026-04-14,de2aa412-e109-4bcf-b6e9-9d9ad0b05e22,3f776450-b3ca-43df-8944-9f345957258f,2b091509-d73a-4eb4-b3b9-54c74af3107f,14.0,kg,0.0,False
338de429-c807-4882-b009-a1d265fb1d1e,2026-04-15,de2aa412-e109-4bcf-b6e9-9d9ad0b05e22,3f776450-b3ca-43df-8944-9f345957258f,2b091509-d73a-4eb4-b3b9-54c74af3107f,12.0,kg,0.0,False
8178df11-0cfd-42ab-97b8-fe8e7486d691,2026-04-16,de2aa412-e109-4bcf-b6e9-9d9ad0b05e22,3f776450-b3ca-43df-8944-9f345957258f,2b091509-d73a-4eb4-b3b9-54c74af3107f,13.0,kg,0.0,False
aeee0fa2-54e8-478b-a5de-f77dbff0e606,2026-04-17,de2aa412-e109-4bcf-b6e9-9d9ad0b05e22,3f776450-b3ca-43df-8944-9f345957258f,2b091509-d73a-4eb4-b3b9-54c74af3107f,11.0,kg,0.0,False
98ba9607-d9da-4ba8-b244-9d07c378f495,2026-04-18,de2aa412-e109-4bcf-b6e9-9d9ad0b05e22,3f776450-b3ca-43df-8944-9f345957258f,2b091509-d73a-4eb4-b3b9-54c74af3107f,20.0,kg,0.0,False
d110d75f-f9b2-450c-b665-a4f18ba8d0c3,2026-04-19,de2aa412-e109-4bcf-b6e9-9d9ad0b05e22,3f776450-b3ca-43df-8944-9f345957258f,2b091509-d73a-4eb4-b3b9-54c74af3107f,16.0,kg,0.0,False
e28a0823-65ad-49b9-b471-2b1afaad8a3a,2026-04-20,de2aa412-e109-4bcf-b6e9-9d9ad0b05e22,3f776450-b3ca-43df-8944-9f345957258f,2b091509-d73a-4eb4-b3b9-54c74af3107f,16.0,kg,0.0,False
e278ca59-f818-4f36-a95f-9760129a82a8,2026-04-21,de2aa412-e109-4bcf-b6e9-9d9ad0b05e22,3f776450-b3ca-43df-8944-9f345957258f,2b091509-d73a-4eb4-b3b9-54c74af3107f,17.0,kg,0.0,False
b3831d2e-9e53-429e-9a61-e733de83219e,2026-04-22,de2aa412-e109-4bcf-b6e9-9d9ad0b05e22,3f776450-b3ca-43df-8944-9f345957258f,2b091509-d73a-4eb4-b3b9-54c74af3107f,13.0,kg,0.0,False
a983a9dd-5242-4d7c-9219-7af60aaefc3c,2026-04-23,de2aa412-e109-4bcf-b6e9-9d9ad0b05e22,3f776450-b3ca-43df-8944-9f345957258f,2b091509-d73a-4eb4-b3b9-54c74af3107f,11.0,kg,0.0,False
3c7929a1-3471-4bbf-b7ff-128aaa8cea6f,2026-04-24,de2aa412-e109-4bcf-b6e9-9d9ad0b05e22,3f776450-b3ca-43df-8944-9f345957258f,2b091509-d73a-4eb4-b3b9-54c74af3107f,9.0,kg,0.0,False
5c5f9a65-6b5b-4b8c-a65c-69fa4a9c0faa,2026-04-25,de2aa412-e109-4bcf-b6e9-9d9ad0b05e22,3f776450-b3ca-43df-8944-9f345957258f,2b091509-d73a-4eb4-b3b9-54c74af3107f,13.0,kg,0.0,False
04a114db-7633-4bd0-b351-2a7bc2b0ae93,2026-04-26,de2aa412-e109-4bcf-b6e9-9d9ad0b05e22,3f776450-b3ca-43df-8944-9f345957258f,2b091509-d73a-4eb4-b3b9-54c74af3107f,13.0,kg,0.0,False
f7dba57d-6fcd-4314-89d8-d12e1227c345,2026-04-27,de2aa412-e109-4bcf-b6e9-9d9ad0b05e22,3f776450-b3ca-43df-8944-9f345957258f,2b091509-d73a-4eb4-b3b9-54c74af3107f,16.0,kg,0.0,False
1794ebbe-f291-4864-8d2f-c996232e0a0c,2026-04-28,de2aa412-e109-4bcf-b6e9-9d9ad0b05e22,3f776450-b3ca-43df-8944-9f345957258f,2b091509-d73a-4eb4-b3b9-54c74af3107f,14.0,kg,0.0,False
3f09aa25-e6e3-43f1-92c5-700f7bb65a2d,2026-04-29,de2aa412-e109-4bcf-b6e9-9d9ad0b05e22,3f776450-b3ca-43df-8944-9f345957258f,2b091509-d73a-4eb4-b3b9-54c74af3107f,17.0,kg,0.0,True
84ecbf6d-f515-4a6a-b2b4-ab3c6321544c,2026-04-30,de2aa412-e109-4bcf-b6e9-9d9ad0b05e22,3f776450-b3ca-43df-8944-9f345957258f,2b091509-d73a-4eb4-b3b9-54c74af3107f,9.0,kg,0.0,False
a0959fb4-288b-4107-9be9-89d734f01fa0,2026-05-01,de2aa412-e109-4bcf-b6e9-9d9ad0b05e22,3f776450-b3ca-43df-8944-9f345957258f,2b091509-d73a-4eb4-b3b9-54c74af3107f,11.0,kg,0.0,False
45ea22d2-e45d-40df-a352-97351f508a04,2026-05-02,de2aa412-e109-4bcf-b6e9-9d9ad0b05e22,3f776450-b3ca-43df-8944-9f345957258f,2b091509-d73a-4eb4-b3b9-54c74af3107f,19.0,kg,0.0,False
1145b62d-751d-449f-b636-6767a786c78d,2026-05-03,de2aa412-e109-4bcf-b6e9-9d9ad0b05e22,3f776450-b3ca-43df-8944-9f345957258f,2b091509-d73a-4eb4-b3b9-54c74af3107f,17.0,kg,0.0,False
a850e1dc-4028-4efb-bc0b-d43827684180,2026-05-04,de2aa412-e109-4bcf-b6e9-9d9ad0b05e22,3f776450-b3ca-43df-8944-9f345957258f,2b091509-d73a-4eb4-b3b9-54c74af3107f,13.0,kg,0.0,False
bd1899d5-a1af-4fa5-91aa-4d38dac3c4d9,2026-05-05,de2aa412-e109-4bcf-b6e9-9d9ad0b05e22,3f776450-b3ca-43df-8944-9f345957258f,2b091509-d73a-4eb4-b3b9-54c74af3107f,14.0,kg,0.0,False
865b7999-3576-49dc-afc2-52191efdb13f,2026-05-06,de2aa412-e109-4bcf-b6e9-9d9ad0b05e22,3f776450-b3ca-43df-8944-9f345957258f,2b091509-d73a-4eb4-b3b9-54c74af3107f,17.0,kg,0.0,False
83dad282-c233-45f9-8dd5-1807bc634428,2026-05-07,de2aa412-e109-4bcf-b6e9-9d9ad0b05e22,3f776450-b3ca-43df-8944-9f345957258f,2b091509-d73a-4eb4-b3b9-54c74af3107f,13.0,kg,0.0,False
c25fb0be-2a65-4135-b4d8-edd89e8b3990,2026-05-08,de2aa412-e109-4bcf-b6e9-9d9ad0b05e22,3f776450-b3ca-43df-8944-9f345957258f,2b091509-d73a-4eb4-b3b9-54c74af3107f,13.0,kg,0.0,False
c0d22370-62c3-4694-a454-b365931a867c,2026-05-09,de2aa412-e109-4bcf-b6e9-9d9ad0b05e22,3f776450-b3ca-43df-8944-9f345957258f,2b091509-d73a-4eb4-b3b9-54c74af3107f,17.0,kg,0.0,False
c1a548a8-4e57-4713-8676-a46e46901a8c,2026-05-10,de2aa412-e109-4bcf-b6e9-9d9ad0b05e22,3f776450-b3ca-43df-8944-9f345957258f,2b091509-d73a-4eb4-b3b9-54c74af3107f,23.0,kg,0.0,False
c7118a8c-b686-4c3e-a275-609db088b2c7,2026-05-11,de2aa412-e109-4bcf-b6e9-9d9ad0b05e22,3f776450-b3ca-43df-8944-9f345957258f,2b091509-d73a-4eb4-b3b9-54c74af3107f,9.0,kg,0.0,False
fe2a8417-0343-40f5-9a57-99ca58ac1ff1,2026-05-12,de2aa412-e109-4bcf-b6e9-9d9ad0b05e22,3f776450-b3ca-43df-8944-9f345957258f,2b091509-d73a-4eb4-b3b9-54c74af3107f,15.0,kg,0.0,False
09ad27ea-f281-405a-9932-67ce9ac3e063,2026-05-13,de2aa412-e109-4bcf-b6e9-9d9ad0b05e22,3f776450-b3ca-43df-8944-9f345957258f,2b091509-d73a-4eb4-b3b9-54c74af3107f,15.0,kg,0.0,True
1f470edb-e528-494e-a57a-25acc02b3a23,2026-05-14,de2aa412-e109-4bcf-b6e9-9d9ad0b05e22,3f776450-b3ca-43df-8944-9f345957258f,2b091509-d73a-4eb4-b3b9-54c74af3107f,14.0,kg,0.0,False
40e722ed-ba10-44aa-a7ee-81d3dd7bc650,2026-05-15,de2aa412-e109-4bcf-b6e9-9d9ad0b05e22,3f776450-b3ca-43df-8944-9f345957258f,2b091509-d73a-4eb4-b3b9-54c74af3107f,12.0,kg,0.0,False
80672393-2ac2-4a79-97c6-c5f0749f4254,2026-05-16,de2aa412-e109-4bcf-b6e9-9d9ad0b05e22,3f776450-b3ca-43df-8944-9f345957258f,2b091509-d73a-4eb4-b3b9-54c74af3107f,16.0,kg,0.0,False
76ad4f18-759d-41fb-afed-0f89c9fd753d,2026-05-17,de2aa412-e109-4bcf-b6e9-9d9ad0b05e22,3f776450-b3ca-43df-8944-9f345957258f,2b091509-d73a-4eb4-b3b9-54c74af3107f,18.0,kg,0.0,False
3bc7be14-1841-4544-a936-ee673d2cd3aa,2026-05-18,de2aa412-e109-4bcf-b6e9-9d9ad0b05e22,3f776450-b3ca-43df-8944-9f345957258f,2b091509-d73a-4eb4-b3b9-54c74af3107f,19.0,kg,0.0,False
c237bc45-fd57-43c2-9373-5d3b908e52b6,2026-05-19,de2aa412-e109-4bcf-b6e9-9d9ad0b05e22,3f776450-b3ca-43df-8944-9f345957258f,2b091509-d73a-4eb4-b3b9-54c74af3107f,15.0,kg,0.0,False
d51a9ce6-5552-4c7a-b274-c76a5f788bc3,2026-05-20,de2aa412-e109-4bcf-b6e9-9d9ad0b05e22,3f776450-b3ca-43df-8944-9f345957258f,2b091509-d73a-4eb4-b3b9-54c74af3107f,11.0,kg,0.0,False
fb6aa999-fcf7-4bbc-b7df-b663711f234e,2026-05-21,de2aa412-e109-4bcf-b6e9-9d9ad0b05e22,3f776450-b3ca-43df-8944-9f345957258f,2b091509-d73a-4eb4-b3b9-54c74af3107f,12.0,kg,0.0,False
2ade2034-407d-4b24-90fa-0a10bd034633,2026-05-22,de2aa412-e109-4bcf-b6e9-9d9ad0b05e22,3f776450-b3ca-43df-8944-9f345957258f,2b091509-d73a-4eb4-b3b9-54c74af3107f,12.0,kg,0.0,False
1b725370-9519-4b40-aaf2-bbe34474af52,2026-05-23,de2aa412-e109-4bcf-b6e9-9d9ad0b05e22,3f776450-b3ca-43df-8944-9f345957258f,2b091509-d73a-4eb4-b3b9-54c74af3107f,11.0,kg,0.0,False
3699e8cf-2407-4b58-a87c-8a87b0bed04f,2026-05-24,de2aa412-e109-4bcf-b6e9-9d9ad0b05e22,3f776450-b3ca-43df-8944-9f345957258f,2b091509-d73a-4eb4-b3b9-54c74af3107f,15.0,kg,0.0,False
548a8a67-9a3f-4d33-a61e-c77e506f22ba,2026-05-25,de2aa412-e109-4bcf-b6e9-9d9ad0b05e22,3f776450-b3ca-43df-8944-9f345957258f,2b091509-d73a-4eb4-b3b9-54c74af3107f,14.0,kg,0.0,False
08179302-404e-40a0-af3a-01c068fa5226,2026-05-26,de2aa412-e109-4bcf-b6e9-9d9ad0b05e22,3f776450-b3ca-43df-8944-9f345957258f,2b091509-d73a-4eb4-b3b9-54c74af3107f,10.0,kg,0.0,False
2c4fe1b0-4002-45f7-99e0-5ddc928d9388,2026-05-27,de2aa412-e109-4bcf-b6e9-9d9ad0b05e22,3f776450-b3ca-43df-8944-9f345957258f,2b091509-d73a-4eb4-b3b9-54c74af3107f,15.0,kg,0.0,False
8a94f92b-8c6a-44ca-bf65-a384e9dbf70e,2026-05-28,de2aa412-e109-4bcf-b6e9-9d9ad0b05e22,3f776450-b3ca-43df-8944-9f345957258f,2b091509-d73a-4eb4-b3b9-54c74af3107f,14.0,kg,0.0,False
f62f19f8-7a48-4954-8c7a-d4b6ad53963a,2026-05-29,de2aa412-e109-4bcf-b6e9-9d9ad0b05e22,3f776450-b3ca-43df-8944-9f345957258f,2b091509-d73a-4eb4-b3b9-54c74af3107f,11.0,kg,0.0,False
e7862ec6-7a83-4319-bd5c-45eec6c6aa3e,2026-05-30,de2aa412-e109-4bcf-b6e9-9d9ad0b05e22,3f776450-b3ca-43df-8944-9f345957258f,2b091509-d73a-4eb4-b3b9-54c74af3107f,16.0,kg,0.0,False
5f701ac8-7504-42ab-a78e-e5608fd40406,2026-05-31,de2aa412-e109-4bcf-b6e9-9d9ad0b05e22,3f776450-b3ca-43df-8944-9f345957258f,2b091509-d73a-4eb4-b3b9-54c74af3107f,20.0,kg,0.0,False
5a5838e3-326b-40c3-b2c7-2d043df25225,2026-06-01,de2aa412-e109-4bcf-b6e9-9d9ad0b05e22,3f776450-b3ca-43df-8944-9f345957258f,2b091509-d73a-4eb4-b3b9-54c74af3107f,14.0,kg,0.0,False
32eb64d6-e3cd-4c72-b60c-a92b0651f688,2026-06-02,de2aa412-e109-4bcf-b6e9-9d9ad0b05e22,3f776450-b3ca-43df-8944-9f345957258f,2b091509-d73a-4eb4-b3b9-54c74af3107f,15.0,kg,0.0,True
8b819dec-0925-470d-87ad-475188de0794,2026-06-03,de2aa412-e109-4bcf-b6e9-9d9ad0b05e22,3f776450-b3ca-43df-8944-9f345957258f,2b091509-d73a-4eb4-b3b9-54c74af3107f,12.0,kg,0.0,False
c3cb36c0-5d97-46a8-9de5-f11c4469f7c9,2026-06-04,de2aa412-e109-4bcf-b6e9-9d9ad0b05e22,3f776450-b3ca-43df-8944-9f345957258f,2b091509-d73a-4eb4-b3b9-54c74af3107f,13.0,kg,0.0,False
ea31a490-6583-4797-836b-203f9ddc97c2,2026-06-05,de2aa412-e109-4bcf-b6e9-9d9ad0b05e22,3f776450-b3ca-43df-8944-9f345957258f,2b091509-d73a-4eb4-b3b9-54c74af3107f,14.0,kg,0.0,True
92ee9df4-5bad-4edb-9201-a982d68269ab,2026-06-06,de2aa412-e109-4bcf-b6e9-9d9ad0b05e22,3f776450-b3ca-43df-8944-9f345957258f,2b091509-d73a-4eb4-b3b9-54c74af3107f,10.0,kg,0.0,False
fa7819fe-cc0b-4544-a7fe-39a0cb7530f3,2026-06-07,de2aa412-e109-4bcf-b6e9-9d9ad0b05e22,3f776450-b3ca-43df-8944-9f345957258f,2b091509-d73a-4eb4-b3b9-54c74af3107f,21.0,kg,0.0,False
dee061c0-75fe-4206-bf60-227d78b837e8,2026-06-08,de2aa412-e109-4bcf-b6e9-9d9ad0b05e22,3f776450-b3ca-43df-8944-9f345957258f,2b091509-d73a-4eb4-b3b9-54c74af3107f,13.0,kg,0.0,False
52f80669-ee9f-4173-893d-b429c82f02c0,2026-06-09,de2aa412-e109-4bcf-b6e9-9d9ad0b05e22,3f776450-b3ca-43df-8944-9f345957258f,2b091509-d73a-4eb4-b3b9-54c74af3107f,13.0,kg,0.0,False
371fbb23-51c4-4aa6-889b-77dc38ce1b30,2026-06-10,de2aa412-e109-4bcf-b6e9-9d9ad0b05e22,3f776450-b3ca-43df-8944-9f345957258f,2b091509-d73a-4eb4-b3b9-54c74af3107f,12.0,kg,0.0,False
5688e975-9d5a-4094-a9a6-83b9b444b92b,2026-06-11,de2aa412-e109-4bcf-b6e9-9d9ad0b05e22,3f776450-b3ca-43df-8944-9f345957258f,2b091509-d73a-4eb4-b3b9-54c74af3107f,11.0,kg,0.0,False
2fc90e3c-788b-4564-ac56-1d81c9a8fe5b,2026-06-12,de2aa412-e109-4bcf-b6e9-9d9ad0b05e22,3f776450-b3ca-43df-8944-9f345957258f,2b091509-d73a-4eb4-b3b9-54c74af3107f,15.0,kg,0.0,True
c25dcd3c-1889-4c58-ae56-038729d117ce,2026-06-13,de2aa412-e109-4bcf-b6e9-9d9ad0b05e22,3f776450-b3ca-43df-8944-9f345957258f,2b091509-d73a-4eb4-b3b9-54c74af3107f,12.0,kg,0.0,False
4249181c-5a51-45c5-9f64-30a4f536fea3,2026-06-14,de2aa412-e109-4bcf-b6e9-9d9ad0b05e22,3f776450-b3ca-43df-8944-9f345957258f,2b091509-d73a-4eb4-b3b9-54c74af3107f,21.0,kg,0.0,False
8f4b83ae-9672-4987-be44-d9f053784776,2026-06-15,de2aa412-e109-4bcf-b6e9-9d9ad0b05e22,3f776450-b3ca-43df-8944-9f345957258f,2b091509-d73a-4eb4-b3b9-54c74af3107f,10.0,kg,0.0,False
fdcd42d0-76e2-47a9-b449-fc5fdf2654a4,2026-06-16,de2aa412-e109-4bcf-b6e9-9d9ad0b05e22,3f776450-b3ca-43df-8944-9f345957258f,2b091509-d73a-4eb4-b3b9-54c74af3107f,10.0,kg,0.0,False
fd0a60e4-479a-4d23-902d-5a08bc418070,2026-06-17,de2aa412-e109-4bcf-b6e9-9d9ad0b05e22,3f776450-b3ca-43df-8944-9f345957258f,2b091509-d73a-4eb4-b3b9-54c74af3107f,11.0,kg,0.0,False
36ef45ef-81f5-475f-b1c4-deadecaaa89d,2026-06-18,de2aa412-e109-4bcf-b6e9-9d9ad0b05e22,3f776450-b3ca-43df-8944-9f345957258f,2b091509-d73a-4eb4-b3b9-54c74af3107f,15.0,kg,0.0,False
3063d2ef-e966-4737-b496-72c39d0aa8d5,2026-06-19,de2aa412-e109-4bcf-b6e9-9d9ad0b05e22,3f776450-b3ca-43df-8944-9f345957258f,2b091509-d73a-4eb4-b3b9-54c74af3107f,12.0,kg,0.0,False
59c0fea1-b42f-437c-b8c6-9c9d63b9b957,2026-06-20,de2aa412-e109-4bcf-b6e9-9d9ad0b05e22,3f776450-b3ca-43df-8944-9f345957258f,2b091509-d73a-4eb4-b3b9-54c74af3107f,12.0,kg,0.0,False
4e2b980a-abc0-4647-a856-e2e2f7946f7b,2026-06-21,de2aa412-e109-4bcf-b6e9-9d9ad0b05e22,3f776450-b3ca-43df-8944-9f345957258f,2b091509-d73a-4eb4-b3b9-54c74af3107f,18.0,kg,0.0,False
af4fad07-775e-4077-ac30-d0c7e5795d0e,2026-06-22,de2aa412-e109-4bcf-b6e9-9d9ad0b05e22,3f776450-b3ca-43df-8944-9f345957258f,2b091509-d73a-4eb4-b3b9-54c74af3107f,14.0,kg,0.0,False
c27913a3-2f5c-4d47-9610-db20a28f98d1,2026-06-23,de2aa412-e109-4bcf-b6e9-9d9ad0b05e22,3f776450-b3ca-43df-8944-9f345957258f,2b091509-d73a-4eb4-b3b9-54c74af3107f,13.0,kg,0.0,False
60623f67-db6b-4c9b-abc7-20306cfeb209,2026-06-24,de2aa412-e109-4bcf-b6e9-9d9ad0b05e22,3f776450-b3ca-43df-8944-9f345957258f,2b091509-d73a-4eb4-b3b9-54c74af3107f,14.0,kg,0.0,False
638a38f0-6336-4811-8f3a-c5ff6bf7eda1,2026-06-25,de2aa412-e109-4bcf-b6e9-9d9ad0b05e22,3f776450-b3ca-43df-8944-9f345957258f,2b091509-d73a-4eb4-b3b9-54c74af3107f,17.0,kg,0.0,False
f6e79282-4390-4787-a8bc-e63cad3d59b6,2026-06-26,de2aa412-e109-4bcf-b6e9-9d9ad0b05e22,3f776450-b3ca-43df-8944-9f345957258f,2b091509-d73a-4eb4-b3b9-54c74af3107f,16.0,kg,0.0,False
e69a51f1-6f85-4db0-b8cb-e8e3f4f63e9f,2026-06-27,de2aa412-e109-4bcf-b6e9-9d9ad0b05e22,3f776450-b3ca-43df-8944-9f345957258f,2b091509-d73a-4eb4-b3b9-54c74af3107f,13.0,kg,0.0,False
bcb5e445-9551-4f51-b011-4788dd5a1fa0,2026-06-28,de2aa412-e109-4bcf-b6e9-9d9ad0b05e22,3f776450-b3ca-43df-8944-9f345957258f,2b091509-d73a-4eb4-b3b9-54c74af3107f,19.0,kg,0.0,False
f143685b-0758-4920-92f4-18b0c10b4c6a,2026-06-29,de2aa412-e109-4bcf-b6e9-9d9ad0b05e22,3f776450-b3ca-43df-8944-9f345957258f,2b091509-d73a-4eb4-b3b9-54c74af3107f,13.0,kg,0.0,False
a2833e1f-8c69-4d34-9c9c-886702d312fe,2026-06-30,de2aa412-e109-4bcf-b6e9-9d9ad0b05e22,3f776450-b3ca-43df-8944-9f345957258f,2b091509-d73a-4eb4-b3b9-54c74af3107f,13.0,kg,0.0,False
836623a7-70e3-4696-879e-e19bf96b44f3,2026-07-01,de2aa412-e109-4bcf-b6e9-9d9ad0b05e22,3f776450-b3ca-43df-8944-9f345957258f,2b091509-d73a-4eb4-b3b9-54c74af3107f,9.0,kg,0.0,False
ff1b8bb2-5602-4ad5-9fdf-fb00b7c02b20,2026-07-02,de2aa412-e109-4bcf-b6e9-9d9ad0b05e22,3f776450-b3ca-43df-8944-9f345957258f,2b091509-d73a-4eb4-b3b9-54c74af3107f,12.0,kg,0.0,False
252f11d1-6fdc-4d75-bd86-d9057eb9bbfa,2026-07-03,de2aa412-e109-4bcf-b6e9-9d9ad0b05e22,3f776450-b3ca-43df-8944-9f345957258f,2b091509-d73a-4eb4-b3b9-54c74af3107f,10.0,kg,0.0,False
c7ff4e46-ec95-47e4-908d-fa2b9daa6536,2026-07-04,de2aa412-e109-4bcf-b6e9-9d9ad0b05e22,3f776450-b3ca-43df-8944-9f345957258f,2b091509-d73a-4eb4-b3b9-54c74af3107f,17.0,kg,0.0,False
139ba2fd-c42d-4f89-b1d9-53de88382a77,2026-07-05,de2aa412-e109-4bcf-b6e9-9d9ad0b05e22,3f776450-b3ca-43df-8944-9f345957258f,2b091509-d73a-4eb4-b3b9-54c74af3107f,17.0,kg,0.0,False
bef27120-e14d-49ca-a201-598c6186f690,2026-07-06,de2aa412-e109-4bcf-b6e9-9d9ad0b05e22,3f776450-b3ca-43df-8944-9f345957258f,2b091509-d73a-4eb4-b3b9-54c74af3107f,8.0,kg,0.0,False
acdf2f20-efee-4d62-9e54-f2932597f158,2026-07-07,de2aa412-e109-4bcf-b6e9-9d9ad0b05e22,3f776450-b3ca-43df-8944-9f345957258f,2b091509-d73a-4eb4-b3b9-54c74af3107f,12.0,kg,0.0,False
06ddf295-041f-4d1d-8e0a-1eaa76df72d7,2026-07-08,de2aa412-e109-4bcf-b6e9-9d9ad0b05e22,3f776450-b3ca-43df-8944-9f345957258f,2b091509-d73a-4eb4-b3b9-54c74af3107f,14.0,kg,0.0,False
4b3bf930-76a2-474c-b860-b35537fc3136,2026-07-09,de2aa412-e109-4bcf-b6e9-9d9ad0b05e22,3f776450-b3ca-43df-8944-9f345957258f,2b091509-d73a-4eb4-b3b9-54c74af3107f,11.0,kg,0.0,False
8e892f3d-e4dd-4469-88d2-1776143d13c1,2026-07-10,de2aa412-e109-4bcf-b6e9-9d9ad0b05e22,3f776450-b3ca-43df-8944-9f345957258f,2b091509-d73a-4eb4-b3b9-54c74af3107f,13.0,kg,0.0,False
1f7db84f-75cf-42c9-a0c9-723bce6f45c3,2026-07-11,de2aa412-e109-4bcf-b6e9-9d9ad0b05e22,3f776450-b3ca-43df-8944-9f345957258f,2b091509-d73a-4eb4-b3b9-54c74af3107f,16.0,kg,0.0,False
d64083f3-bbad-4532-bab5-613775fcb9ef,2026-07-12,de2aa412-e109-4bcf-b6e9-9d9ad0b05e22,3f776450-b3ca-43df-8944-9f345957258f,2b091509-d73a-4eb4-b3b9-54c74af3107f,15.0,kg,0.0,False
fb4362d3-448b-4e16-bb4c-0b7740c3fe67,2026-07-13,de2aa412-e109-4bcf-b6e9-9d9ad0b05e22,3f776450-b3ca-43df-8944-9f345957258f,2b091509-d73a-4eb4-b3b9-54c74af3107f,11.0,kg,0.0,False
e68486e4-edf6-4f13-90ff-c760414360c7,2026-07-14,de2aa412-e109-4bcf-b6e9-9d9ad0b05e22,3f776450-b3ca-43df-8944-9f345957258f,2b091509-d73a-4eb4-b3b9-54c74af3107f,9.0,kg,0.0,False
b1930637-698d-455c-9ca8-0c70199814c6,2026-07-15,de2aa412-e109-4bcf-b6e9-9d9ad0b05e22,3f776450-b3ca-43df-8944-9f345957258f,2b091509-d73a-4eb4-b3b9-54c74af3107f,10.0,kg,0.0,False
36db035d-b7d6-4c80-9ee9-e8e06e68cdd9,2026-07-16,de2aa412-e109-4bcf-b6e9-9d9ad0b05e22,3f776450-b3ca-43df-8944-9f345957258f,2b091509-d73a-4eb4-b3b9-54c74af3107f,13.0,kg,0.0,False
5a4a96d2-1f70-48fb-90d8-5ffef1849a61,2026-07-17,de2aa412-e109-4bcf-b6e9-9d9ad0b05e22,3f776450-b3ca-43df-8944-9f345957258f,2b091509-d73a-4eb4-b3b9-54c74af3107f,12.0,kg,0.0,False
a319878f-dadb-42d8-9ded-89c28f6a1757,2026-07-18,de2aa412-e109-4bcf-b6e9-9d9ad0b05e22,3f776450-b3ca-43df-8944-9f345957258f,2b091509-d73a-4eb4-b3b9-54c74af3107f,14.0,kg,0.0,False
57d59641-1bf3-4915-a461-9c531ae3fdd5,2026-07-19,de2aa412-e109-4bcf-b6e9-9d9ad0b05e22,3f776450-b3ca-43df-8944-9f345957258f,2b091509-d73a-4eb4-b3b9-54c74af3107f,13.0,kg,0.0,False
7e66fac9-2997-49f9-b912-0787cc512f1e,2026-07-20,de2aa412-e109-4bcf-b6e9-9d9ad0b05e22,3f776450-b3ca-43df-8944-9f345957258f,2b091509-d73a-4eb4-b3b9-54c74af3107f,11.0,kg,0.0,False
90af2bd4-468f-4f16-930d-2b78950551c9,2026-07-21,de2aa412-e109-4bcf-b6e9-9d9ad0b05e22,3f776450-b3ca-43df-8944-9f345957258f,2b091509-d73a-4eb4-b3b9-54c74af3107f,13.0,kg,0.0,False
22aa4910-1aff-41a7-bb49-1b7a78055aa2,2026-07-22,de2aa412-e109-4bcf-b6e9-9d9ad0b05e22,3f776450-b3ca-43df-8944-9f345957258f,2b091509-d73a-4eb4-b3b9-54c74af3107f,11.0,kg,0.0,False
3b82eac2-359c-46cb-8f2a-8d75c9c57be8,2026-07-23,de2aa412-e109-4bcf-b6e9-9d9ad0b05e22,3f776450-b3ca-43df-8944-9f345957258f,2b091509-d73a-4eb4-b3b9-54c74af3107f,9.0,kg,0.0,False
0725ac82-9d59-4e4e-98e5-a3804ba5de32,2026-07-24,de2aa412-e109-4bcf-b6e9-9d9ad0b05e22,3f776450-b3ca-43df-8944-9f345957258f,2b091509-d73a-4eb4-b3b9-54c74af3107f,13.0,kg,0.0,False
0da6aea8-6760-4851-8bb3-6a54546aa8c7,2026-07-25,de2aa412-e109-4bcf-b6e9-9d9ad0b05e22,3f776450-b3ca-43df-8944-9f345957258f,2b091509-d73a-4eb4-b3b9-54c74af3107f,14.0,kg,0.0,False
d1ae71d4-324f-441d-9119-4113c6b0d6fc,2026-07-26,de2aa412-e109-4bcf-b6e9-9d9ad0b05e22,3f776450-b3ca-43df-8944-9f345957258f,2b091509-d73a-4eb4-b3b9-54c74af3107f,14.0,kg,0.0,False
96ad75b3-15dd-452e-9f36-3d45464b0a63,2026-07-27,de2aa412-e109-4bcf-b6e9-9d9ad0b05e22,3f776450-b3ca-43df-8944-9f345957258f,2b091509-d73a-4eb4-b3b9-54c74af3107f,14.0,kg,0.0,False
3dbe54fa-bc0b-4c24-8da1-1891524067b3,2026-07-28,de2aa412-e109-4bcf-b6e9-9d9ad0b05e22,3f776450-b3ca-43df-8944-9f345957258f,2b091509-d73a-4eb4-b3b9-54c74af3107f,14.0,kg,0.0,True
b679629f-1377-4458-80e0-f432607fa9fa,2026-07-29,de2aa412-e109-4bcf-b6e9-9d9ad0b05e22,3f776450-b3ca-43df-8944-9f345957258f,2b091509-d73a-4eb4-b3b9-54c74af3107f,12.0,kg,0.0,False
7e106773-99e0-416f-8add-8d915bddd74b,2026-07-30,de2aa412-e109-4bcf-b6e9-9d9ad0b05e22,3f776450-b3ca-43df-8944-9f345957258f,2b091509-d73a-4eb4-b3b9-54c74af3107f,9.0,kg,0.0,False
4927a5ad-b447-4da2-972c-b615d1d58bff,2026-07-31,de2aa412-e109-4bcf-b6e9-9d9ad0b05e22,3f776450-b3ca-43df-8944-9f345957258f,2b091509-d73a-4eb4-b3b9-54c74af3107f,11.0,kg,0.0,False
50e17fe0-fe6e-4353-aaa6-f96ac85f25a6,2026-08-01,de2aa412-e109-4bcf-b6e9-9d9ad0b05e22,3f776450-b3ca-43df-8944-9f345957258f,2b091509-d73a-4eb4-b3b9-54c74af3107f,15.0,kg,0.0,False
938784ca-6f3a-46eb-badd-e118b47fd820,2026-08-02,de2aa412-e109-4bcf-b6e9-9d9ad0b05e22,3f776450-b3ca-43df-8944-9f345957258f,2b091509-d73a-4eb4-b3b9-54c74af3107f,11.0,kg,0.0,False
571b27ce-0f1a-486b-9bbe-132e96444071,2026-08-03,de2aa412-e109-4bcf-b6e9-9d9ad0b05e22,3f776450-b3ca-43df-8944-9f345957258f,2b091509-d73a-4eb4-b3b9-54c74af3107f,12.0,kg,0.0,False
cd7d03de-ab1c-4b41-8a6d-20469749765c,2026-08-04,de2aa412-e109-4bcf-b6e9-9d9ad0b05e22,3f776450-b3ca-43df-8944-9f345957258f,2b091509-d73a-4eb4-b3b9-54c74af3107f,11.0,kg,0.0,False
929f3a8c-ee12-4d15-8aea-51301484a84f,2026-08-05,de2aa412-e109-4bcf-b6e9-9d9ad0b05e22,3f776450-b3ca-43df-8944-9f345957258f,2b091509-d73a-4eb4-b3b9-54c74af3107f,11.0,kg,0.0,False
b663d26f-a576-4a04-910b-28a5cb5909bf,2026-08-06,de2aa412-e109-4bcf-b6e9-9d9ad0b05e22,3f776450-b3ca-43df-8944-9f345957258f,2b091509-d73a-4eb4-b3b9-54c74af3107f,13.0,kg,0.0,False
d4e0b88a-fea3-4b6c-bdac-6e2c00ca1960,2026-08-07,de2aa412-e109-4bcf-b6e9-9d9ad0b05e22,3f776450-b3ca-43df-8944-9f345957258f,2b091509-d73a-4eb4-b3b9-54c74af3107f,14.0,kg,0.0,True
28429ebf-1238-47a9-843c-add08d40e85a,2026-08-08,de2aa412-e109-4bcf-b6e9-9d9ad0b05e22,3f776450-b3ca-43df-8944-9f345957258f,2b091509-d73a-4eb4-b3b9-54c74af3107f,17.0,kg,0.0,False
c3c7a5ad-81ea-4400-bfea-8835bd38ca8d,2026-08-09,de2aa412-e109-4bcf-b6e9-9d9ad0b05e22,3f776450-b3ca-43df-8944-9f345957258f,2b091509-d73a-4eb4-b3b9-54c74af3107f,12.0,kg,0.0,False
bac980ea-d1d1-419b-9eca-5367abb6871d,2026-08-10,de2aa412-e109-4bcf-b6e9-9d9ad0b05e22,3f776450-b3ca-43df-8944-9f345957258f,2b091509-d73a-4eb4-b3b9-54c74af3107f,11.0,kg,0.0,False
201a9ae6-b8f7-4085-8ee1-133e12958fa0,2026-08-11,de2aa412-e109-4bcf-b6e9-9d9ad0b05e22,3f776450-b3ca-43df-8944-9f345957258f,2b091509-d73a-4eb4-b3b9-54c74af3107f,11.0,kg,0.0,False
8a00d8c6-4657-4c56-81c0-adc647a64faa,2026-08-12,de2aa412-e109-4bcf-b6e9-9d9ad0b05e22,3f776450-b3ca-43df-8944-9f345957258f,2b091509-d73a-4eb4-b3b9-54c74af3107f,9.0,kg,0.0,False
2d7c259d-8517-46cb-a879-cedc7452e817,2026-08-13,de2aa412-e109-4bcf-b6e9-9d9ad0b05e22,3f776450-b3ca-43df-8944-9f345957258f,2b091509-d73a-4eb4-b3b9-54c74af3107f,13.0,kg,0.0,False
9f0ee484-aa9c-42f1-a69f-0fbcdd9f70ad,2026-08-14,de2aa412-e109-4bcf-b6e9-9d9ad0b05e22,3f776450-b3ca-43df-8944-9f345957258f,2b091509-d73a-4eb4-b3b9-54c74af3107f,15.0,kg,0.0,False
4a26c6fb-2e03-41cc-b74f-4e1af726e57c,2026-08-15,de2aa412-e109-4bcf-b6e9-9d9ad0b05e22,3f776450-b3ca-43df-8944-9f345957258f,2b091509-d73a-4eb4-b3b9-54c74af3107f,14.0,kg,0.0,False
8a0af3d1-0e07-4ac1-8fa9-b3b7af330a38,2026-08-16,de2aa412-e109-4bcf-b6e9-9d9ad0b05e22,3f776450-b3ca-43df-8944-9f345957258f,2b091509-d73a-4eb4-b3b9-54c74af3107f,15.0,kg,0.0,False
431ea794-1595-4c49-a4b4-e9ff1151c506,2026-08-17,de2aa412-e109-4bcf-b6e9-9d9ad0b05e22,3f776450-b3ca-43df-8944-9f345957258f,2b091509-d73a-4eb4-b3b9-54c74af3107f,11.0,kg,0.0,False
32892943-8d2e-4cb9-8aff-ac95ccf4fa35,2026-08-18,de2aa412-e109-4bcf-b6e9-9d9ad0b05e22,3f776450-b3ca-43df-8944-9f345957258f,2b091509-d73a-4eb4-b3b9-54c74af3107f,10.0,kg,0.0,False
d44ef9a6-8476-47b6-bf97-14a8d4a7de3d,2026-08-19,de2aa412-e109-4bcf-b6e9-9d9ad0b05e22,3f776450-b3ca-43df-8944-9f345957258f,2b091509-d73a-4eb4-b3b9-54c74af3107f,8.0,kg,0.0,False
28a34db9-517e-4fd7-aec5-4503473f0fdb,2026-08-20,de2aa412-e109-4bcf-b6e9-9d9ad0b05e22,3f776450-b3ca-43df-8944-9f345957258f,2b091509-d73a-4eb4-b3b9-54c74af3107f,10.0,kg,0.0,False
0d8d4730-f505-4593-97a7-03515528b01a,2026-08-21,de2aa412-e109-4bcf-b6e9-9d9ad0b05e22,3f776450-b3ca-43df-8944-9f345957258f,2b091509-d73a-4eb4-b3b9-54c74af3107f,8.0,kg,0.0,False
eb6e6bc8-2133-4f78-9720-efd15c64438c,2026-08-22,de2aa412-e109-4bcf-b6e9-9d9ad0b05e22,3f776450-b3ca-43df-8944-9f345957258f,2b091509-d73a-4eb4-b3b9-54c74af3107f,17.0,kg,0.0,False
42cc6b0e-49c7-4f06-95ea-ff073df71c66,2026-08-23,de2aa412-e109-4bcf-b6e9-9d9ad0b05e22,3f776450-b3ca-43df-8944-9f345957258f,2b091509-d73a-4eb4-b3b9-54c74af3107f,13.0,kg,0.0,False
711ed8e6-cfdb-4fcb-a667-5956b3288485,2026-08-24,de2aa412-e109-4bcf-b6e9-9d9ad0b05e22,3f776450-b3ca-43df-8944-9f345957258f,2b091509-d73a-4eb4-b3b9-54c74af3107f,10.0,kg,0.0,False
bff72b88-30eb-4834-8022-e1822a7c3d0e,2026-08-25,de2aa412-e109-4bcf-b6e9-9d9ad0b05e22,3f776450-b3ca-43df-8944-9f345957258f,2b091509-d73a-4eb4-b3b9-54c74af3107f,12.0,kg,0.0,False
5ff3ac1c-b0ba-48db-9d6f-e2f077e4b398,2026-08-26,de2aa412-e109-4bcf-b6e9-9d9ad0b05e22,3f776450-b3ca-43df-8944-9f345957258f,2b091509-d73a-4eb4-b3b9-54c74af3107f,9.0,kg,0.0,False
f5a44093-f102-41ba-894c-987965a295bc,2026-08-27,de2aa412-e109-4bcf-b6e9-9d9ad0b05e22,3f776450-b3ca-43df-8944-9f345957258f,2b091509-d73a-4eb4-b3b9-54c74af3107f,9.0,kg,0.0,False
4f3fcbc7-194c-4a0e-8f85-92e8251c63b1,2026-08-28,de2aa412-e109-4bcf-b6e9-9d9ad0b05e22,3f776450-b3ca-43df-8944-9f345957258f,2b091509-d73a-4eb4-b3b9-54c74af3107f,11.0,kg,0.0,False
9dae6c11-b896-48bb-9eaa-b91d6dbfa251,2026-08-29,de2aa412-e109-4bcf-b6e9-9d9ad0b05e22,3f776450-b3ca-43df-8944-9f345957258f,2b091509-d73a-4eb4-b3b9-54c74af3107f,19.0,kg,0.0,True
f6225b99-27e9-44bf-a024-f5f9a689c96d,2026-08-30,de2aa412-e109-4bcf-b6e9-9d9ad0b05e22,3f776450-b3ca-43df-8944-9f345957258f,2b091509-d73a-4eb4-b3b9-54c74af3107f,15.0,kg,0.0,False
f7fc0e72-bfff-48cb-b799-a08e4ed4dd21,2026-08-31,de2aa412-e109-4bcf-b6e9-9d9ad0b05e22,3f776450-b3ca-43df-8944-9f345957258f,2b091509-d73a-4eb4-b3b9-54c74af3107f,13.0,kg,0.0,True
d6813521-7610-42ab-8e79-fe656f9b2421,2026-09-01,de2aa412-e109-4bcf-b6e9-9d9ad0b05e22,3f776450-b3ca-43df-8944-9f345957258f,2b091509-d73a-4eb4-b3b9-54c74af3107f,11.0,kg,0.0,False
b259df9c-8f73-47d2-8a5c-a1d8840d1e41,2026-09-02,de2aa412-e109-4bcf-b6e9-9d9ad0b05e22,3f776450-b3ca-43df-8944-9f345957258f,2b091509-d73a-4eb4-b3b9-54c74af3107f,14.0,kg,0.0,True
9efd3b01-417b-4091-b299-b3689f859b97,2026-09-03,de2aa412-e109-4bcf-b6e9-9d9ad0b05e22,3f776450-b3ca-43df-8944-9f345957258f,2b091509-d73a-4eb4-b3b9-54c74af3107f,13.0,kg,0.0,True
dbabbecb-386f-4404-8429-98ea8c0c915f,2026-09-04,de2aa412-e109-4bcf-b6e9-9d9ad0b05e22,3f776450-b3ca-43df-8944-9f345957258f,2b091509-d73a-4eb4-b3b9-54c74af3107f,9.0,kg,0.0,False
b0eefc6f-3646-4856-aa89-f763f7503f4e,2026-09-05,de2aa412-e109-4bcf-b6e9-9d9ad0b05e22,3f776450-b3ca-43df-8944-9f345957258f,2b091509-d73a-4eb4-b3b9-54c74af3107f,13.0,kg,0.0,False
e7025a50-dd8d-4365-8064-01f65953e7fc,2026-09-06,de2aa412-e109-4bcf-b6e9-9d9ad0b05e22,3f776450-b3ca-43df-8944-9f345957258f,2b091509-d73a-4eb4-b3b9-54c74af3107f,11.0,kg,0.0,False
99571323-d393-4d83-9414-ddbd473a612d,2026-09-07,de2aa412-e109-4bcf-b6e9-9d9ad0b05e22,3f776450-b3ca-43df-8944-9f345957258f,2b091509-d73a-4eb4-b3b9-54c74af3107f,11.0,kg,0.0,False
