purchase_id,purchase_date,received_date,organization_id,product_id,batch_id,quantity_received,unit_cost,supplier
adf58c96-f3d8-40af-a035-bba1cb970776,2025-09-08,2025-09-08,4303b39e-474b-4805-8d74-0ef96edd0b2f,f2c23359-e6fb-4d50-ba94-d24146bd6e00,bdbf022b-770f-4522-a88d-9a5bf93efc48,25.63,80.0,Verified Supplier
02b9370e-6a75-4fc6-9c87-e6bdfd600cd3,2025-09-12,2025-09-12,4303b39e-474b-4805-8d74-0ef96edd0b2f,f2c23359-e6fb-4d50-ba94-d24146bd6e00,bdbf022b-770f-4522-a88d-9a5bf93efc48,30.47,80.0,Verified Supplier
b1b681eb-1055-4806-9cac-5c62c0ab2999,2025-09-16,2025-09-16,4303b39e-474b-4805-8d74-0ef96edd0b2f,f2c23359-e6fb-4d50-ba94-d24146bd6e00,bdbf022b-770f-4522-a88d-9a5bf93efc48,25.16,80.0,Verified Supplier
ee5b8135-bbae-486a-a131-10cb1691b91a,2025-09-20,2025-09-20,4303b39e-474b-4805-8d74-0ef96edd0b2f,f2c23359-e6fb-4d50-ba94-d24146bd6e00,bdbf022b-770f-4522-a88d-9a5bf93efc48,46.19,80.0,Verified Supplier
546c07a9-5ca2-433a-a64a-dbb5c06f4323,2025-09-28,2025-09-28,4303b39e-474b-4805-8d74-0ef96edd0b2f,f2c23359-e6fb-4d50-ba94-d24146bd6e00,bdbf022b-770f-4522-a88d-9a5bf93efc48,30.82,80.0,Verified Supplier
b447ceab-3c30-40a0-9ac7-ca5b15833885,2025-10-03,2025-10-03,4303b39e-474b-4805-8d74-0ef96edd0b2f,f2c23359-e6fb-4d50-ba94-d24146bd6e00,bdbf022b-770f-4522-a88d-9a5bf93efc48,29.28,80.0,Verified Supplier
c7980791-a944-404d-8a3f-9cb791899b94,2025-10-08,2025-10-08,4303b39e-474b-4805-8d74-0ef96edd0b2f,f2c23359-e6fb-4d50-ba94-d24146bd6e00,bdbf022b-770f-4522-a88d-9a5bf93efc48,25.8,80.0,Verified Supplier
329eece9-b347-4f73-b5b6-9fb94ee8132d,2025-10-12,2025-10-12,4303b39e-474b-4805-8d74-0ef96edd0b2f,f2c23359-e6fb-4d50-ba94-d24146bd6e00,bdbf022b-770f-4522-a88d-9a5bf93efc48,47.86,80.0,Verified Supplier
f57f0ced-7b6e-4e2f-80f4-5c4d0e1e0343,2025-10-20,2025-10-20,4303b39e-474b-4805-8d74-0ef96edd0b2f,f2c23359-e6fb-4d50-ba94-d24146bd6e00,bdbf022b-770f-4522-a88d-9a5bf93efc48,35.55,80.0,Verified Supplier
92e0f88f-a056-4f4d-a051-1bbf7f89c18a,2025-10-26,2025-10-26,4303b39e-474b-4805-8d74-0ef96edd0b2f,f2c23359-e6fb-4d50-ba94-d24146bd6e00,bdbf022b-770f-4522-a88d-9a5bf93efc48,27.79,80.0,Verified Supplier
7d6a0001-714d-4978-89a7-444f8d3e5948,2025-10-31,2025-10-31,4303b39e-474b-4805-8d74-0ef96edd0b2f,f2c23359-e6fb-4d50-ba94-d24146bd6e00,bdbf022b-770f-4522-a88d-9a5bf93efc48,40.97,80.0,Verified Supplier
06632bd3-0151-442c-b61d-d4a69c14a0f7,2025-11-06,2025-11-06,4303b39e-474b-4805-8d74-0ef96edd0b2f,f2c23359-e6fb-4d50-ba94-d24146bd6e00,bdbf022b-770f-4522-a88d-9a5bf93efc48,32.69,80.0,Verified Supplier
5b780325-b1c9-474e-9527-a1b1e68fe31d,2025-11-11,2025-11-11,4303b39e-474b-4805-8d74-0ef96edd0b2f,f2c23359-e6fb-4d50-ba94-d24146bd6e00,bdbf022b-770f-4522-a88d-9a5bf93efc48,38.75,80.0,Verified Supplier
5eb2c357-bf77-46ff-be9f-d1a5a3a58b7a,2025-11-17,2025-11-17,4303b39e-474b-4805-8d74-0ef96edd0b2f,f2c23359-e6fb-4d50-ba94-d24146bd6e00,bdbf022b-770f-4522-a88d-9a5bf93efc48,28.03,80.0,Verified Supplier
96a252e6-a083-4cc4-9304-7e8f7b536f23,2025-11-21,2025-11-21,4303b39e-474b-4805-8d74-0ef96edd0b2f,f2c23359-e6fb-4d50-ba94-d24146bd6e00,bdbf022b-770f-4522-a88d-9a5bf93efc48,47.64,80.0,Verified Supplier
884faac7-8585-4d65-910e-73d7480d8e62,2025-11-28,2025-11-28,4303b39e-474b-4805-8d74-0ef96edd0b2f,f2c23359-e6fb-4d50-ba94-d24146bd6e00,bdbf022b-770f-4522-a88d-9a5bf93efc48,35.59,80.0,Verified Supplier
e8d28e6f-1e56-45e8-90f8-e09d973c84c9,2025-12-03,2025-12-03,4303b39e-474b-4805-8d74-0ef96edd0b2f,f2c23359-e6fb-4d50-ba94-d24146bd6e00,bdbf022b-770f-4522-a88d-9a5bf93efc48,36.22,80.0,Verified Supplier
a42b98de-e0b8-462b-8745-6e8db061bfa6,2025-12-08,2025-12-08,4303b39e-474b-4805-8d74-0ef96edd0b2f,f2c23359-e6fb-4d50-ba94-d24146bd6e00,bdbf022b-770f-4522-a88d-9a5bf93efc48,49.22,80.0,Verified Supplier
6eed2c89-1c6f-42c4-8db0-c1a2dcc173e4,2025-12-15,2025-12-15,4303b39e-474b-4805-8d74-0ef96edd0b2f,f2c23359-e6fb-4d50-ba94-d24146bd6e00,bdbf022b-770f-4522-a88d-9a5bf93efc48,49.89,80.0,Verified Supplier
5b073fd7-df01-46a1-8336-5836a066e92a,2025-12-22,2025-12-22,4303b39e-474b-4805-8d74-0ef96edd0b2f,f2c23359-e6fb-4d50-ba94-d24146bd6e00,bdbf022b-770f-4522-a88d-9a5bf93efc48,27.0,80.0,Verified Supplier
e885282d-2254-4b02-948e-23920465faa4,2025-12-26,2025-12-26,4303b39e-474b-4805-8d74-0ef96edd0b2f,f2c23359-e6fb-4d50-ba94-d24146bd6e00,bdbf022b-770f-4522-a88d-9a5bf93efc48,40.48,80.0,Verified Supplier
9807e1f3-fb42-4ced-9919-2ecfe8b1ea8b,2026-01-01,2026-01-01,4303b39e-474b-4805-8d74-0ef96edd0b2f,f2c23359-e6fb-4d50-ba94-d24146bd6e00,bdbf022b-770f-4522-a88d-9a5bf93efc48,26.81,80.0,Verified Supplier
308359bb-8821-41cd-807b-ec2dd1f0a511,2026-01-04,2026-01-04,4303b39e-474b-4805-8d74-0ef96edd0b2f,f2c23359-e6fb-4d50-ba94-d24146bd6e00,bdbf022b-770f-4522-a88d-9a5bf93efc48,48.33,80.0,Verified Supplier
56a61c1f-b394-473c-89ca-00bca4bcf8c5,2026-01-10,2026-01-10,4303b39e-474b-4805-8d74-0ef96edd0b2f,f2c23359-e6fb-4d50-ba94-d24146bd6e00,bdbf022b-770f-4522-a88d-9a5bf93efc48,41.58,80.0,Verified Supplier
aad256c6-aa6a-424e-abfe-54f1c5f89af9,2026-01-16,2026-01-16,4303b39e-474b-4805-8d74-0ef96edd0b2f,f2c23359-e6fb-4d50-ba94-d24146bd6e00,bdbf022b-770f-4522-a88d-9a5bf93efc48,47.63,80.0,Verified Supplier
c2b5ac3d-38ce-4fba-94a8-86a2b334fcfd,2026-01-22,2026-01-22,4303b39e-474b-4805-8d74-0ef96edd0b2f,f2c23359-e6fb-4d50-ba94-d24146bd6e00,bdbf022b-770f-4522-a88d-9a5bf93efc48,26.88,80.0,Verified Supplier
d54db997-7c7f-4142-8f1c-23243ab9a2cb,2026-01-26,2026-01-26,4303b39e-474b-4805-8d74-0ef96edd0b2f,f2c23359-e6fb-4d50-ba94-d24146bd6e00,bdbf022b-770f-4522-a88d-9a5bf93efc48,47.47,80.0,Verified Supplier
27e93a9f-9188-4c2b-a1b4-b79f1385e7ab,2026-02-01,2026-02-01,4303b39e-474b-4805-8d74-0ef96edd0b2f,f2c23359-e6fb-4d50-ba94-d24146bd6e00,bdbf022b-770f-4522-a88d-9a5bf93efc48,46.62,80.0,Verified Supplier
07bd4c5a-b963-46ff-9f96-56db9b97a3b7,2026-02-07,2026-02-07,4303b39e-474b-4805-8d74-0ef96edd0b2f,f2c23359-e6fb-4d50-ba94-d24146bd6e00,bdbf022b-770f-4522-a88d-9a5bf93efc48,27.7,80.0,Verified Supplier
39c370a3-5eb7-4a64-a165-2decf1fe9fc9,2026-02-11,2026-02-11,4303b39e-474b-4805-8d74-0ef96edd0b2f,f2c23359-e6fb-4d50-ba94-d24146bd6e00,bdbf022b-770f-4522-a88d-9a5bf93efc48,25.59,80.0,Verified Supplier
28319fa1-dc98-42e1-903f-0d58b17882a5,2026-02-14,2026-02-14,4303b39e-474b-4805-8d74-0ef96edd0b2f,f2c23359-e6fb-4d50-ba94-d24146bd6e00,bdbf022b-770f-4522-a88d-9a5bf93efc48,34.99,80.0,Verified Supplier
94508e40-6eb5-4f2a-8611-32b8b80a98c3,2026-02-19,2026-02-19,4303b39e-474b-4805-8d74-0ef96edd0b2f,f2c23359-e6fb-4d50-ba94-d24146bd6e00,bdbf022b-770f-4522-a88d-9a5bf93efc48,43.21,80.0,Verified Supplier
a30fac5e-181c-49ed-8f31-0b8607218a7c,2026-02-23,2026-02-23,4303b39e-474b-4805-8d74-0ef96edd0b2f,f2c23359-e6fb-4d50-ba94-d24146bd6e00,bdbf022b-770f-4522-a88d-9a5bf93efc48,48.14,80.0,Verified Supplier
1e0708e4-09bf-4c44-b919-8483ce685c32,2026-03-01,2026-03-01,4303b39e-474b-4805-8d74-0ef96edd0b2f,f2c23359-e6fb-4d50-ba94-d24146bd6e00,bdbf022b-770f-4522-a88d-9a5bf93efc48,32.73,80.0,Verified Supplier
668267d0-5551-4747-a688-c089f30cfde1,2026-03-05,2026-03-05,4303b39e-474b-4805-8d74-0ef96edd0b2f,f2c23359-e6fb-4d50-ba94-d24146bd6e00,bdbf022b-770f-4522-a88d-9a5bf93efc48,40.39,80.0,Verified Supplier
c627575a-046d-4031-99fe-abe8aacc1fd2,2026-03-10,2026-03-10,4303b39e-474b-4805-8d74-0ef96edd0b2f,f2c23359-e6fb-4d50-ba94-d24146bd6e00,bdbf022b-770f-4522-a88d-9a5bf93efc48,36.83,80.0,Verified Supplier
08aee488-c902-4811-adbb-8f0363064bd6,2026-03-15,2026-03-15,4303b39e-474b-4805-8d74-0ef96edd0b2f,f2c23359-e6fb-4d50-ba94-d24146bd6e00,bdbf022b-770f-4522-a88d-9a5bf93efc48,30.62,80.0,Verified Supplier
794b65f9-9f1c-4ed6-a6b9-fa1848006128,2026-03-19,2026-03-19,4303b39e-474b-4805-8d74-0ef96edd0b2f,f2c23359-e6fb-4d50-ba94-d24146bd6e00,bdbf022b-770f-4522-a88d-9a5bf93efc48,29.86,80.0,Verified Supplier
d390ad94-e749-45d0-9543-28c10c20a523,2026-03-22,2026-03-22,4303b39e-474b-4805-8d74-0ef96edd0b2f,f2c23359-e6fb-4d50-ba94-d24146bd6e00,bdbf022b-770f-4522-a88d-9a5bf93efc48,44.25,80.0,Verified Supplier
bf0f958f-f4b5-4387-a41c-6fb188453220,2026-03-28,2026-03-28,4303b39e-474b-4805-8d74-0ef96edd0b2f,f2c23359-e6fb-4d50-ba94-d24146bd6e00,bdbf022b-770f-4522-a88d-9a5bf93efc48,39.89,80.0,Verified Supplier
7b380129-59c2-4e4f-a622-3aa7feffeb36,2026-04-02,2026-04-02,4303b39e-474b-4805-8d74-0ef96edd0b2f,f2c23359-e6fb-4d50-ba94-d24146bd6e00,bdbf022b-770f-4522-a88d-9a5bf93efc48,31.48,80.0,Verified Supplier
acf04087-8241-4808-a3bb-6a799a433e51,2026-04-05,2026-04-05,4303b39e-474b-4805-8d74-0ef96edd0b2f,f2c23359-e6fb-4d50-ba94-d24146bd6e00,bdbf022b-770f-4522-a88d-9a5bf93efc48,26.94,80.0,Verified Supplier
34e0d892-6dbb-42fd-a67a-561d081290f9,2026-04-08,2026-04-08,4303b39e-474b-4805-8d74-0ef96edd0b2f,f2c23359-e6fb-4d50-ba94-d24146bd6e00,bdbf022b-770f-4522-a88d-9a5bf93efc48,42.35,80.0,Verified Supplier
5718e191-3647-4565-a88d-8ab08a62d32f,2026-04-13,2026-04-13,4303b39e-474b-4805-8d74-0ef96edd0b2f,f2c23359-e6fb-4d50-ba94-d24146bd6e00,bdbf022b-770f-4522-a88d-9a5bf93efc48,46.42,80.0,Verified Supplier
fc0b2929-3cf0-4428-b1a2-6e514c908c17,2026-04-19,2026-04-19,4303b39e-474b-4805-8d74-0ef96edd0b2f,f2c23359-e6fb-4d50-ba94-d24146bd6e00,bdbf022b-770f-4522-a88d-9a5bf93efc48,30.49,80.0,Verified Supplier
a9b277a8-1763-4e6f-8c76-0fedb03d601f,2026-04-23,2026-04-23,4303b39e-474b-4805-8d74-0ef96edd0b2f,f2c23359-e6fb-4d50-ba94-d24146bd6e00,bdbf022b-770f-4522-a88d-9a5bf93efc48,40.56,80.0,Verified Supplier
3a10d6ed-04ca-4059-9af8-1199539af4ca,2026-04-27,2026-04-27,4303b39e-474b-4805-8d74-0ef96edd0b2f,f2c23359-e6fb-4d50-ba94-d24146bd6e00,bdbf022b-770f-4522-a88d-9a5bf93efc48,34.48,80.0,Verified Supplier
0e9b48cc-000a-4406-b3b5-26b367138be9,2026-05-02,2026-05-02,4303b39e-474b-4805-8d74-0ef96edd0b2f,f2c23359-e6fb-4d50-ba94-d24146bd6e00,bdbf022b-770f-4522-a88d-9a5bf93efc48,50.0,80.0,Verified Supplier
670a7e5b-1b60-4e29-a196-5671c86b0728,2026-05-08,2026-05-08,4303b39e-474b-4805-8d74-0ef96edd0b2f,f2c23359-e6fb-4d50-ba94-d24146bd6e00,bdbf022b-770f-4522-a88d-9a5bf93efc48,30.45,80.0,Verified Supplier
b3295557-5e56-4147-8057-fc4e21d971c2,2026-05-12,2026-05-12,4303b39e-474b-4805-8d74-0ef96edd0b2f,f2c23359-e6fb-4d50-ba94-d24146bd6e00,bdbf022b-770f-4522-a88d-9a5bf93efc48,27.7,80.0,Verified Supplier
f1a6ad71-ec5b-4681-8e23-ea614711ca4b,2026-05-16,2026-05-16,4303b39e-474b-4805-8d74-0ef96edd0b2f,f2c23359-e6fb-4d50-ba94-d24146bd6e00,bdbf022b-770f-4522-a88d-9a5bf93efc48,40.68,80.0,Verified Supplier
f3720f29-01b9-457c-972c-59290ca51390,2026-05-21,2026-05-21,4303b39e-474b-4805-8d74-0ef96edd0b2f,f2c23359-e6fb-4d50-ba94-d24146bd6e00,bdbf022b-770f-4522-a88d-9a5bf93efc48,37.65,80.0,Verified Supplier
7f47aae0-bf60-49fa-8923-7cb15706e6fe,2026-05-26,2026-05-26,4303b39e-474b-4805-8d74-0ef96edd0b2f,f2c23359-e6fb-4d50-ba94-d24146bd6e00,bdbf022b-770f-4522-a88d-9a5bf93efc48,49.14,80.0,Verified Supplier
2f71515a-7adb-4717-acbd-055fe1171cd4,2026-06-02,2026-06-02,4303b39e-474b-4805-8d74-0ef96edd0b2f,f2c23359-e6fb-4d50-ba94-d24146bd6e00,bdbf022b-770f-4522-a88d-9a5bf93efc48,34.47,80.0,Verified Supplier
543b91c0-1825-4717-931a-9d3df5750f14,2026-06-07,2026-06-07,4303b39e-474b-4805-8d74-0ef96edd0b2f,f2c23359-e6fb-4d50-ba94-d24146bd6e00,bdbf022b-770f-4522-a88d-9a5bf93efc48,48.7,80.0,Verified Supplier
ec906463-ef1a-45bc-8e9a-bfd56726b875,2026-06-13,2026-06-13,4303b39e-474b-4805-8d74-0ef96edd0b2f,f2c23359-e6fb-4d50-ba94-d24146bd6e00,bdbf022b-770f-4522-a88d-9a5bf93efc48,39.54,80.0,Verified Supplier
e06dbfa5-1a7b-47f9-bf3b-9bd6c0058aac,2026-06-18,2026-06-18,4303b39e-474b-4805-8d74-0ef96edd0b2f,f2c23359-e6fb-4d50-ba94-d24146bd6e00,bdbf022b-770f-4522-a88d-9a5bf93efc48,27.99,80.0,Verified Supplier
f4097683-4bd7-46be-9206-6dab74bc7262,2026-06-22,2026-06-22,4303b39e-474b-4805-8d74-0ef96edd0b2f,f2c23359-e6fb-4d50-ba94-d24146bd6e00,bdbf022b-770f-4522-a88d-9a5bf93efc48,32.07,80.0,Verified Supplier
a35297c7-f940-4897-b8ae-434393dd2629,2026-06-27,2026-06-27,4303b39e-474b-4805-8d74-0ef96edd0b2f,f2c23359-e6fb-4d50-ba94-d24146bd6e00,bdbf022b-770f-4522-a88d-9a5bf93efc48,28.16,80.0,Verified Supplier
a245c85e-9df9-4803-964f-52e616cf49f8,2026-07-01,2026-07-01,4303b39e-474b-4805-8d74-0ef96edd0b2f,f2c23359-e6fb-4d50-ba94-d24146bd6e00,bdbf022b-770f-4522-a88d-9a5bf93efc48,48.53,80.0,Verified Supplier
f08af106-7683-4e2d-8543-6a8885a19bd5,2026-07-06,2026-07-06,4303b39e-474b-4805-8d74-0ef96edd0b2f,f2c23359-e6fb-4d50-ba94-d24146bd6e00,bdbf022b-770f-4522-a88d-9a5bf93efc48,27.96,80.0,Verified Supplier
9c8b3667-59a5-49d2-839f-ec7d01033b6f,2026-07-11,2026-07-11,4303b39e-474b-4805-8d74-0ef96edd0b2f,f2c23359-e6fb-4d50-ba94-d24146bd6e00,bdbf022b-770f-4522-a88d-9a5bf93efc48,40.53,80.0,Verified Supplier
8d7cf38d-8efb-4547-ae85-3177f8791003,2026-07-16,2026-07-16,4303b39e-474b-4805-8d74-0ef96edd0b2f,f2c23359-e6fb-4d50-ba94-d24146bd6e00,bdbf022b-770f-4522-a88d-9a5bf93efc48,36.26,80.0,Verified Supplier
2a6df654-9e08-4aae-a0ef-6fa798572997,2026-07-20,2026-07-20,4303b39e-474b-4805-8d74-0ef96edd0b2f,f2c23359-e6fb-4d50-ba94-d24146bd6e00,bdbf022b-770f-4522-a88d-9a5bf93efc48,44.7,80.0,Verified Supplier
87abf351-3ad9-4473-a8f1-1d2b2f9dabe7,2026-07-26,2026-07-26,4303b39e-474b-4805-8d74-0ef96edd0b2f,f2c23359-e6fb-4d50-ba94-d24146bd6e00,bdbf022b-770f-4522-a88d-9a5bf93efc48,39.23,80.0,Verified Supplier
ff7a8afa-c8a6-45cf-a4ac-dfca160de7ae,2026-08-01,2026-08-01,4303b39e-474b-4805-8d74-0ef96edd0b2f,f2c23359-e6fb-4d50-ba94-d24146bd6e00,bdbf022b-770f-4522-a88d-9a5bf93efc48,27.28,80.0,Verified Supplier
a3b81b29-b668-49c5-b163-1df3f0c25483,2026-08-05,2026-08-05,4303b39e-474b-4805-8d74-0ef96edd0b2f,f2c23359-e6fb-4d50-ba94-d24146bd6e00,bdbf022b-770f-4522-a88d-9a5bf93efc48,43.91,80.0,Verified Supplier
9d95b880-8eb1-4a39-9882-38c427bc515e,2026-08-12,2026-08-12,4303b39e-474b-4805-8d74-0ef96edd0b2f,f2c23359-e6fb-4d50-ba94-d24146bd6e00,bdbf022b-770f-4522-a88d-9a5bf93efc48,32.21,80.0,Verified Supplier
2e179725-7fa2-44e6-808a-a55f1970af78,2026-08-17,2026-08-17,4303b39e-474b-4805-8d74-0ef96edd0b2f,f2c23359-e6fb-4d50-ba94-d24146bd6e00,bdbf022b-770f-4522-a88d-9a5bf93efc48,41.44,80.0,Verified Supplier
12fb619a-8e22-4060-95c3-5eb7c53975d2,2026-08-24,2026-08-24,4303b39e-474b-4805-8d74-0ef96edd0b2f,f2c23359-e6fb-4d50-ba94-d24146bd6e00,bdbf022b-770f-4522-a88d-9a5bf93efc48,40.22,80.0,Verified Supplier
6e71a898-5493-4b3e-a617-b108eef286fb,2026-08-30,2026-08-30,4303b39e-474b-4805-8d74-0ef96edd0b2f,f2c23359-e6fb-4d50-ba94-d24146bd6e00,bdbf022b-770f-4522-a88d-9a5bf93efc48,37.72,80.0,Verified Supplier
2d1564f7-3273-45c6-beaf-22c843e3c56f,2026-09-05,2026-09-05,4303b39e-474b-4805-8d74-0ef96edd0b2f,f2c23359-e6fb-4d50-ba94-d24146bd6e00,bdbf022b-770f-4522-a88d-9a5bf93efc48,35.37,80.0,Verified Supplier
8dc0f7e3-8560-42e3-b4d7-a97e56cf112a,2025-09-08,2025-09-08,4303b39e-474b-4805-8d74-0ef96edd0b2f,9810d51c-eb53-4bfb-9a67-5c0a5d1fa1ba,ea0a3472-bbde-4050-9e10-d2377117c47e,31.98,60.0,CSV Supplier
986d55a2-f465-400a-a47a-4a319310ed43,2025-09-15,2025-09-15,4303b39e-474b-4805-8d74-0ef96edd0b2f,9810d51c-eb53-4bfb-9a67-5c0a5d1fa1ba,ea0a3472-bbde-4050-9e10-d2377117c47e,27.92,60.0,CSV Supplier
0722c8b1-f071-449d-b406-22375c2282db,2025-09-21,2025-09-21,4303b39e-474b-4805-8d74-0ef96edd0b2f,9810d51c-eb53-4bfb-9a67-5c0a5d1fa1ba,ea0a3472-bbde-4050-9e10-d2377117c47e,23.04,60.0,CSV Supplier
df56165f-f368-4003-97c0-13d54944c193,2025-09-27,2025-09-27,4303b39e-474b-4805-8d74-0ef96edd0b2f,9810d51c-eb53-4bfb-9a67-5c0a5d1fa1ba,ea0a3472-bbde-4050-9e10-d2377117c47e,29.64,60.0,CSV Supplier
7f6caa09-04e5-49fa-a179-621d8ac62e2b,2025-10-04,2025-10-04,4303b39e-474b-4805-8d74-0ef96edd0b2f,9810d51c-eb53-4bfb-9a67-5c0a5d1fa1ba,ea0a3472-bbde-4050-9e10-d2377117c47e,26.14,60.0,CSV Supplier
06455853-4e96-4416-9a5b-4791a48ea01a,2025-10-10,2025-10-10,4303b39e-474b-4805-8d74-0ef96edd0b2f,9810d51c-eb53-4bfb-9a67-5c0a5d1fa1ba,ea0a3472-bbde-4050-9e10-d2377117c47e,18.72,60.0,CSV Supplier
f37c876b-a1a6-4684-a5fd-b671f7d4929a,2025-10-15,2025-10-15,4303b39e-474b-4805-8d74-0ef96edd0b2f,9810d51c-eb53-4bfb-9a67-5c0a5d1fa1ba,ea0a3472-bbde-4050-9e10-d2377117c47e,28.87,60.0,CSV Supplier
3b045eda-c5e1-4711-b2ce-55cf9fe7a558,2025-10-22,2025-10-22,4303b39e-474b-4805-8d74-0ef96edd0b2f,9810d51c-eb53-4bfb-9a67-5c0a5d1fa1ba,ea0a3472-bbde-4050-9e10-d2377117c47e,25.15,60.0,CSV Supplier
da24f51f-2ade-49ee-89b3-babcdcadb4fb,2025-10-28,2025-10-28,4303b39e-474b-4805-8d74-0ef96edd0b2f,9810d51c-eb53-4bfb-9a67-5c0a5d1fa1ba,ea0a3472-bbde-4050-9e10-d2377117c47e,30.47,60.0,CSV Supplier
45f59c30-819d-4a50-bcd2-174b8d7f2dc2,2025-11-03,2025-11-03,4303b39e-474b-4805-8d74-0ef96edd0b2f,9810d51c-eb53-4bfb-9a67-5c0a5d1fa1ba,ea0a3472-bbde-4050-9e10-d2377117c47e,26.34,60.0,CSV Supplier
085476f5-257d-44b1-94a2-88c844d2e686,2025-11-09,2025-11-09,4303b39e-474b-4805-8d74-0ef96edd0b2f,9810d51c-eb53-4bfb-9a67-5c0a5d1fa1ba,ea0a3472-bbde-4050-9e10-d2377117c47e,30.62,60.0,CSV Supplier
abb33ee7-2e8f-4b06-9adf-6ca5fb0e57fa,2025-11-16,2025-11-16,4303b39e-474b-4805-8d74-0ef96edd0b2f,9810d51c-eb53-4bfb-9a67-5c0a5d1fa1ba,ea0a3472-bbde-4050-9e10-d2377117c47e,31.48,60.0,CSV Supplier
af848fef-2cb7-4091-b778-ad0a7d9b9cac,2025-11-23,2025-11-23,4303b39e-474b-4805-8d74-0ef96edd0b2f,9810d51c-eb53-4bfb-9a67-5c0a5d1fa1ba,ea0a3472-bbde-4050-9e10-d2377117c47e,30.15,60.0,CSV Supplier
9d7d8f40-5b47-45ab-85a6-95ced986a136,2025-11-30,2025-11-30,4303b39e-474b-4805-8d74-0ef96edd0b2f,9810d51c-eb53-4bfb-9a67-5c0a5d1fa1ba,ea0a3472-bbde-4050-9e10-d2377117c47e,18.17,60.0,CSV Supplier
606a8535-ee0e-4438-83e2-89a5881cdd88,2025-12-05,2025-12-05,4303b39e-474b-4805-8d74-0ef96edd0b2f,9810d51c-eb53-4bfb-9a67-5c0a5d1fa1ba,ea0a3472-bbde-4050-9e10-d2377117c47e,22.53,60.0,CSV Supplier
b905eb00-88f7-4ea8-ad65-d84ac09228b9,2025-12-11,2025-12-11,4303b39e-474b-4805-8d74-0ef96edd0b2f,9810d51c-eb53-4bfb-9a67-5c0a5d1fa1ba,ea0a3472-bbde-4050-9e10-d2377117c47e,19.04,60.0,CSV Supplier
b2cf3956-75b0-4ef0-80ef-aa84f0f23b07,2025-12-15,2025-12-15,4303b39e-474b-4805-8d74-0ef96edd0b2f,9810d51c-eb53-4bfb-9a67-5c0a5d1fa1ba,ea0a3472-bbde-4050-9e10-d2377117c47e,19.9,60.0,CSV Supplier
2016761b-fcab-414b-b5ef-0b4b0bfbe144,2025-12-20,2025-12-20,4303b39e-474b-4805-8d74-0ef96edd0b2f,9810d51c-eb53-4bfb-9a67-5c0a5d1fa1ba,ea0a3472-bbde-4050-9e10-d2377117c47e,16.05,60.0,CSV Supplier
aab82764-7738-4872-9e91-3e8e3710742e,2025-12-24,2025-12-24,4303b39e-474b-4805-8d74-0ef96edd0b2f,9810d51c-eb53-4bfb-9a67-5c0a5d1fa1ba,ea0a3472-bbde-4050-9e10-d2377117c47e,28.64,60.0,CSV Supplier
6dbfc941-bdc0-457b-a123-d14155bcd7b0,2025-12-30,2025-12-30,4303b39e-474b-4805-8d74-0ef96edd0b2f,9810d51c-eb53-4bfb-9a67-5c0a5d1fa1ba,ea0a3472-bbde-4050-9e10-d2377117c47e,31.13,60.0,CSV Supplier
5c32290c-1939-46e1-8788-1a4f1e4e1abf,2026-01-05,2026-01-05,4303b39e-474b-4805-8d74-0ef96edd0b2f,9810d51c-eb53-4bfb-9a67-5c0a5d1fa1ba,ea0a3472-bbde-4050-9e10-d2377117c47e,17.18,60.0,CSV Supplier
097ad4c3-8b6f-40ed-b314-7283ffec658b,2026-01-10,2026-01-10,4303b39e-474b-4805-8d74-0ef96edd0b2f,9810d51c-eb53-4bfb-9a67-5c0a5d1fa1ba,ea0a3472-bbde-4050-9e10-d2377117c47e,25.69,60.0,CSV Supplier
2c734dc9-ac18-4367-9e69-a3a68825d8a2,2026-01-15,2026-01-15,4303b39e-474b-4805-8d74-0ef96edd0b2f,9810d51c-eb53-4bfb-9a67-5c0a5d1fa1ba,ea0a3472-bbde-4050-9e10-d2377117c47e,23.26,60.0,CSV Supplier
98e7f001-8d6d-4f51-8b21-bf6868e3c24b,2026-01-20,2026-01-20,4303b39e-474b-4805-8d74-0ef96edd0b2f,9810d51c-eb53-4bfb-9a67-5c0a5d1fa1ba,ea0a3472-bbde-4050-9e10-d2377117c47e,17.55,60.0,CSV Supplier
b4ee3f17-bac5-4ad5-a53d-ef6f8749cd69,2026-01-24,2026-01-24,4303b39e-474b-4805-8d74-0ef96edd0b2f,9810d51c-eb53-4bfb-9a67-5c0a5d1fa1ba,ea0a3472-bbde-4050-9e10-d2377117c47e,26.65,60.0,CSV Supplier
4566dad7-19d9-41cb-85b1-68850b97f1d8,2026-01-30,2026-01-30,4303b39e-474b-4805-8d74-0ef96edd0b2f,9810d51c-eb53-4bfb-9a67-5c0a5d1fa1ba,ea0a3472-bbde-4050-9e10-d2377117c47e,21.88,60.0,CSV Supplier
887ca600-5bea-46f3-8f16-819636243eed,2026-02-03,2026-02-03,4303b39e-474b-4805-8d74-0ef96edd0b2f,9810d51c-eb53-4bfb-9a67-5c0a5d1fa1ba,ea0a3472-bbde-4050-9e10-d2377117c47e,16.42,60.0,CSV Supplier
6bdb3fec-38c1-41e6-9ab7-24e124d5c100,2026-02-07,2026-02-07,4303b39e-474b-4805-8d74-0ef96edd0b2f,9810d51c-eb53-4bfb-9a67-5c0a5d1fa1ba,ea0a3472-bbde-4050-9e10-d2377117c47e,29.92,60.0,CSV Supplier
5f521717-f26a-4b97-9f93-a93ab1c9f980,2026-02-13,2026-02-13,4303b39e-474b-4805-8d74-0ef96edd0b2f,9810d51c-eb53-4bfb-9a67-5c0a5d1fa1ba,ea0a3472-bbde-4050-9e10-d2377117c47e,25.08,60.0,CSV Supplier
d312f17e-2bea-49aa-a65b-0d3bbe4e0445,2026-02-18,2026-02-18,4303b39e-474b-4805-8d74-0ef96edd0b2f,9810d51c-eb53-4bfb-9a67-5c0a5d1fa1ba,ea0a3472-bbde-4050-9e10-d2377117c47e,28.08,60.0,CSV Supplier
d1adbf94-4dac-423e-96c0-796f307e2b89,2026-02-24,2026-02-24,4303b39e-474b-4805-8d74-0ef96edd0b2f,9810d51c-eb53-4bfb-9a67-5c0a5d1fa1ba,ea0a3472-bbde-4050-9e10-d2377117c47e,18.2,60.0,CSV Supplier
713bbc25-eb9f-4af9-840b-e91625bff6f7,2026-02-28,2026-02-28,4303b39e-474b-4805-8d74-0ef96edd0b2f,9810d51c-eb53-4bfb-9a67-5c0a5d1fa1ba,ea0a3472-bbde-4050-9e10-d2377117c47e,29.33,60.0,CSV Supplier
2bf89f74-32b3-4ec7-abaa-36a5251075d0,2026-03-05,2026-03-05,4303b39e-474b-4805-8d74-0ef96edd0b2f,9810d51c-eb53-4bfb-9a67-5c0a5d1fa1ba,ea0a3472-bbde-4050-9e10-d2377117c47e,22.68,60.0,CSV Supplier
b7f54f78-f49d-4833-9fe8-660db86e9541,2026-03-10,2026-03-10,4303b39e-474b-4805-8d74-0ef96edd0b2f,9810d51c-eb53-4bfb-9a67-5c0a5d1fa1ba,ea0a3472-bbde-4050-9e10-d2377117c47e,25.42,60.0,CSV Supplier
4a586922-1bb6-431f-8975-e202b2225af9,2026-03-15,2026-03-15,4303b39e-474b-4805-8d74-0ef96edd0b2f,9810d51c-eb53-4bfb-9a67-5c0a5d1fa1ba,ea0a3472-bbde-4050-9e10-d2377117c47e,21.59,60.0,CSV Supplier
4b0f9da3-5f87-40ae-885d-bc6d0bd07ada,2026-03-20,2026-03-20,4303b39e-474b-4805-8d74-0ef96edd0b2f,9810d51c-eb53-4bfb-9a67-5c0a5d1fa1ba,ea0a3472-bbde-4050-9e10-d2377117c47e,28.37,60.0,CSV Supplier
d8216d4b-efd8-49d4-9fdf-d6ffcb2c0257,2026-03-25,2026-03-25,4303b39e-474b-4805-8d74-0ef96edd0b2f,9810d51c-eb53-4bfb-9a67-5c0a5d1fa1ba,ea0a3472-bbde-4050-9e10-d2377117c47e,18.42,60.0,CSV Supplier
f5d05f1a-4340-41e8-a991-e7574da66d61,2026-03-29,2026-03-29,4303b39e-474b-4805-8d74-0ef96edd0b2f,9810d51c-eb53-4bfb-9a67-5c0a5d1fa1ba,ea0a3472-bbde-4050-9e10-d2377117c47e,16.91,60.0,CSV Supplier
0f717f24-c44b-4161-957a-0cd14ac53bab,2026-04-02,2026-04-02,4303b39e-474b-4805-8d74-0ef96edd0b2f,9810d51c-eb53-4bfb-9a67-5c0a5d1fa1ba,ea0a3472-bbde-4050-9e10-d2377117c47e,28.67,60.0,CSV Supplier
cca65639-7c5f-4f24-b346-33982b04b124,2026-04-07,2026-04-07,4303b39e-474b-4805-8d74-0ef96edd0b2f,9810d51c-eb53-4bfb-9a67-5c0a5d1fa1ba,ea0a3472-bbde-4050-9e10-d2377117c47e,21.5,60.0,CSV Supplier
5de9c2b6-0322-41fb-9534-ba9edfa7ef33,2026-04-12,2026-04-12,4303b39e-474b-4805-8d74-0ef96edd0b2f,9810d51c-eb53-4bfb-9a67-5c0a5d1fa1ba,ea0a3472-bbde-4050-9e10-d2377117c47e,22.54,60.0,CSV Supplier
d0bdbf6e-15fa-4af4-8f3c-32dc9eab9ed8,2026-04-16,2026-04-16,4303b39e-474b-4805-8d74-0ef96edd0b2f,9810d51c-eb53-4bfb-9a67-5c0a5d1fa1ba,ea0a3472-bbde-4050-9e10-d2377117c47e,27.58,60.0,CSV Supplier
c9209da9-50a5-4286-be5a-740015f3de7e,2026-04-21,2026-04-21,4303b39e-474b-4805-8d74-0ef96edd0b2f,9810d51c-eb53-4bfb-9a67-5c0a5d1fa1ba,ea0a3472-bbde-4050-9e10-d2377117c47e,25.52,60.0,CSV Supplier
fabdc8df-8a74-4fdc-b959-d56147e4f067,2026-04-26,2026-04-26,4303b39e-474b-4805-8d74-0ef96edd0b2f,9810d51c-eb53-4bfb-9a67-5c0a5d1fa1ba,ea0a3472-bbde-4050-9e10-d2377117c47e,26.34,60.0,CSV Supplier
5845c97f-99a6-458a-b293-e29a775fd8ef,2026-05-01,2026-05-01,4303b39e-474b-4805-8d74-0ef96edd0b2f,9810d51c-eb53-4bfb-9a67-5c0a5d1fa1ba,ea0a3472-bbde-4050-9e10-d2377117c47e,29.51,60.0,CSV Supplier
16ce1f78-751d-49e9-b7a3-f251aa279820,2026-05-06,2026-05-06,4303b39e-474b-4805-8d74-0ef96edd0b2f,9810d51c-eb53-4bfb-9a67-5c0a5d1fa1ba,ea0a3472-bbde-4050-9e10-d2377117c47e,29.3,60.0,CSV Supplier
9d9bff69-1724-4a8c-8b9a-66ba4e52251c,2026-05-12,2026-05-12,4303b39e-474b-4805-8d74-0ef96edd0b2f,9810d51c-eb53-4bfb-9a67-5c0a5d1fa1ba,ea0a3472-bbde-4050-9e10-d2377117c47e,20.95,60.0,CSV Supplier
15bcaf14-b431-47c5-8a05-49ef090176c4,2026-05-16,2026-05-16,4303b39e-474b-4805-8d74-0ef96edd0b2f,9810d51c-eb53-4bfb-9a67-5c0a5d1fa1ba,ea0a3472-bbde-4050-9e10-d2377117c47e,22.11,60.0,CSV Supplier
5214fc96-c7e2-4416-a3da-600fc0add5af,2026-05-20,2026-05-20,4303b39e-474b-4805-8d74-0ef96edd0b2f,9810d51c-eb53-4bfb-9a67-5c0a5d1fa1ba,ea0a3472-bbde-4050-9e10-d2377117c47e,24.87,60.0,CSV Supplier
bda199a8-ced0-416f-a1e3-a5060fffbdbc,2026-05-24,2026-05-24,4303b39e-474b-4805-8d74-0ef96edd0b2f,9810d51c-eb53-4bfb-9a67-5c0a5d1fa1ba,ea0a3472-bbde-4050-9e10-d2377117c47e,23.0,60.0,CSV Supplier
70483741-70d3-45f2-a3fc-ba939987b820,2026-05-29,2026-05-29,4303b39e-474b-4805-8d74-0ef96edd0b2f,9810d51c-eb53-4bfb-9a67-5c0a5d1fa1ba,ea0a3472-bbde-4050-9e10-d2377117c47e,16.45,60.0,CSV Supplier
71776da3-32ee-41e3-8dbf-ef810ab93628,2026-06-02,2026-06-02,4303b39e-474b-4805-8d74-0ef96edd0b2f,9810d51c-eb53-4bfb-9a67-5c0a5d1fa1ba,ea0a3472-bbde-4050-9e10-d2377117c47e,18.22,60.0,CSV Supplier
3f216440-5d2d-4ab6-8197-cead5f8b98dd,2026-06-06,2026-06-06,4303b39e-474b-4805-8d74-0ef96edd0b2f,9810d51c-eb53-4bfb-9a67-5c0a5d1fa1ba,ea0a3472-bbde-4050-9e10-d2377117c47e,24.44,60.0,CSV Supplier
ccc25fd6-02d4-4fd4-ba26-00757cbc98af,2026-06-12,2026-06-12,4303b39e-474b-4805-8d74-0ef96edd0b2f,9810d51c-eb53-4bfb-9a67-5c0a5d1fa1ba,ea0a3472-bbde-4050-9e10-d2377117c47e,19.87,60.0,CSV Supplier
e6f97783-46ef-46c8-bf37-886a12fd2b21,2026-06-17,2026-06-17,4303b39e-474b-4805-8d74-0ef96edd0b2f,9810d51c-eb53-4bfb-9a67-5c0a5d1fa1ba,ea0a3472-bbde-4050-9e10-d2377117c47e,24.12,60.0,CSV Supplier
bce6580d-7e1d-47b7-a80f-a79c1e898174,2026-06-21,2026-06-21,4303b39e-474b-4805-8d74-0ef96edd0b2f,9810d51c-eb53-4bfb-9a67-5c0a5d1fa1ba,ea0a3472-bbde-4050-9e10-d2377117c47e,28.62,60.0,CSV Supplier
226cb9cc-34cd-4cbd-9e62-e6447ad78f4e,2026-06-27,2026-06-27,4303b39e-474b-4805-8d74-0ef96edd0b2f,9810d51c-eb53-4bfb-9a67-5c0a5d1fa1ba,ea0a3472-bbde-4050-9e10-d2377117c47e,27.13,60.0,CSV Supplier
63166f38-e62b-4197-9833-c3dca13f1a8b,2026-07-03,2026-07-03,4303b39e-474b-4805-8d74-0ef96edd0b2f,9810d51c-eb53-4bfb-9a67-5c0a5d1fa1ba,ea0a3472-bbde-4050-9e10-d2377117c47e,24.69,60.0,CSV Supplier
fd123e42-3847-4c19-8a32-5bfa5f29eb3c,2026-07-09,2026-07-09,4303b39e-474b-4805-8d74-0ef96edd0b2f,9810d51c-eb53-4bfb-9a67-5c0a5d1fa1ba,ea0a3472-bbde-4050-9e10-d2377117c47e,22.19,60.0,CSV Supplier
a5396b40-1d94-47f2-8116-634842ec376b,2026-07-14,2026-07-14,4303b39e-474b-4805-8d74-0ef96edd0b2f,9810d51c-eb53-4bfb-9a67-5c0a5d1fa1ba,ea0a3472-bbde-4050-9e10-d2377117c47e,24.73,60.0,CSV Supplier
0dfcb8df-7540-4ea6-b179-ab7081167348,2026-07-19,2026-07-19,4303b39e-474b-4805-8d74-0ef96edd0b2f,9810d51c-eb53-4bfb-9a67-5c0a5d1fa1ba,ea0a3472-bbde-4050-9e10-d2377117c47e,21.64,60.0,CSV Supplier
1d99a19a-bc75-4370-bae4-b682358d2e48,2026-07-25,2026-07-25,4303b39e-474b-4805-8d74-0ef96edd0b2f,9810d51c-eb53-4bfb-9a67-5c0a5d1fa1ba,ea0a3472-bbde-4050-9e10-d2377117c47e,28.5,60.0,CSV Supplier
3097dd92-b3e2-42f6-bbc4-9d8b52c0f46f,2026-07-31,2026-07-31,4303b39e-474b-4805-8d74-0ef96edd0b2f,9810d51c-eb53-4bfb-9a67-5c0a5d1fa1ba,ea0a3472-bbde-4050-9e10-d2377117c47e,24.47,60.0,CSV Supplier
944aa96a-ca98-4b18-a5e5-18f0702f3dbb,2026-08-05,2026-08-05,4303b39e-474b-4805-8d74-0ef96edd0b2f,9810d51c-eb53-4bfb-9a67-5c0a5d1fa1ba,ea0a3472-bbde-4050-9e10-d2377117c47e,23.14,60.0,CSV Supplier
9adbf480-2e7a-4c36-895e-303ceaa295fb,2026-08-11,2026-08-11,4303b39e-474b-4805-8d74-0ef96edd0b2f,9810d51c-eb53-4bfb-9a67-5c0a5d1fa1ba,ea0a3472-bbde-4050-9e10-d2377117c47e,21.11,60.0,CSV Supplier
f45888a0-aaf2-4426-aecc-5b4b0e224c2b,2026-08-16,2026-08-16,4303b39e-474b-4805-8d74-0ef96edd0b2f,9810d51c-eb53-4bfb-9a67-5c0a5d1fa1ba,ea0a3472-bbde-4050-9e10-d2377117c47e,17.94,60.0,CSV Supplier
6a9277e4-3226-42d9-8219-0b6cf11804cd,2026-08-20,2026-08-20,4303b39e-474b-4805-8d74-0ef96edd0b2f,9810d51c-eb53-4bfb-9a67-5c0a5d1fa1ba,ea0a3472-bbde-4050-9e10-d2377117c47e,25.79,60.0,CSV Supplier
0a3f812c-3e93-45c0-a737-42fac1bfde2c,2026-08-26,2026-08-26,4303b39e-474b-4805-8d74-0ef96edd0b2f,9810d51c-eb53-4bfb-9a67-5c0a5d1fa1ba,ea0a3472-bbde-4050-9e10-d2377117c47e,21.51,60.0,CSV Supplier
93837292-ba9f-405c-bf76-827bdfa4232b,2026-08-31,2026-08-31,4303b39e-474b-4805-8d74-0ef96edd0b2f,9810d51c-eb53-4bfb-9a67-5c0a5d1fa1ba,ea0a3472-bbde-4050-9e10-d2377117c47e,18.63,60.0,CSV Supplier
8059c40b-adbc-4861-b1a7-8101e38dd883,2026-09-05,2026-09-05,4303b39e-474b-4805-8d74-0ef96edd0b2f,9810d51c-eb53-4bfb-9a67-5c0a5d1fa1ba,ea0a3472-bbde-4050-9e10-d2377117c47e,20.85,60.0,CSV Supplier
d48335f1-f465-40e0-a335-6cd243cf4650,2025-09-08,2025-09-08,de2aa412-e109-4bcf-b6e9-9d9ad0b05e22,86c9d449-3f66-41d2-bfdb-d40385eca579,96b28d33-5a6e-489e-b9fa-fa38dfac0ba0,929.14,42.0,Fresh Dairy Co.
0ca7948c-e43e-4281-8093-52727ace9e44,2025-09-14,2025-09-14,de2aa412-e109-4bcf-b6e9-9d9ad0b05e22,86c9d449-3f66-41d2-bfdb-d40385eca579,96b28d33-5a6e-489e-b9fa-fa38dfac0ba0,808.94,42.0,Fresh Dairy Co.
a6ba61b0-2dce-4bd7-a39c-eab207f01f90,2025-09-20,2025-09-20,de2aa412-e109-4bcf-b6e9-9d9ad0b05e22,86c9d449-3f66-41d2-bfdb-d40385eca579,96b28d33-5a6e-489e-b9fa-fa38dfac0ba0,867.6,42.0,Fresh Dairy Co.
bf037037-63fd-498a-8f00-8d218763ca49,2025-09-27,2025-09-27,de2aa412-e109-4bcf-b6e9-9d9ad0b05e22,86c9d449-3f66-41d2-bfdb-d40385eca579,96b28d33-5a6e-489e-b9fa-fa38dfac0ba0,747.44,42.0,Fresh Dairy Co.
13431bcb-ce28-4a84-bda8-07fa13244840,2025-10-03,2025-10-03,de2aa412-e109-4bcf-b6e9-9d9ad0b05e22,86c9d449-3f66-41d2-bfdb-d40385eca579,96b28d33-5a6e-489e-b9fa-fa38dfac0ba0,552.52,42.0,Fresh Dairy Co.
9f15c163-ce88-4855-9ba4-82270e86791d,2025-10-07,2025-10-07,de2aa412-e109-4bcf-b6e9-9d9ad0b05e22,86c9d449-3f66-41d2-bfdb-d40385eca579,96b28d33-5a6e-489e-b9fa-fa38dfac0ba0,893.3,42.0,Fresh Dairy Co.
b8fba182-6fb3-4218-9201-38aa98338c34,2025-10-13,2025-10-13,de2aa412-e109-4bcf-b6e9-9d9ad0b05e22,86c9d449-3f66-41d2-bfdb-d40385eca579,96b28d33-5a6e-489e-b9fa-fa38dfac0ba0,579.71,42.0,Fresh Dairy Co.
82d45c9e-310f-4eba-9093-50de74a0b42f,2025-10-17,2025-10-17,de2aa412-e109-4bcf-b6e9-9d9ad0b05e22,86c9d449-3f66-41d2-bfdb-d40385eca579,96b28d33-5a6e-489e-b9fa-fa38dfac0ba0,969.24,42.0,Fresh Dairy Co.
8dd55d53-469b-4270-8ee9-d132d391d95b,2025-10-24,2025-10-24,de2aa412-e109-4bcf-b6e9-9d9ad0b05e22,86c9d449-3f66-41d2-bfdb-d40385eca579,96b28d33-5a6e-489e-b9fa-fa38dfac0ba0,871.06,42.0,Fresh Dairy Co.
ba24cfc4-58dc-47f6-bbf0-f6b9a2e007d1,2025-10-30,2025-10-30,de2aa412-e109-4bcf-b6e9-9d9ad0b05e22,86c9d449-3f66-41d2-bfdb-d40385eca579,96b28d33-5a6e-489e-b9fa-fa38dfac0ba0,1069.14,42.0,Fresh Dairy Co.
d7649a84-9285-48c4-a7fa-4298351fa722,2025-11-06,2025-11-06,de2aa412-e109-4bcf-b6e9-9d9ad0b05e22,86c9d449-3f66-41d2-bfdb-d40385eca579,96b28d33-5a6e-489e-b9fa-fa38dfac0ba0,874.66,42.0,Fresh Dairy Co.
e3b73aa6-563d-4f9a-97a3-f17cce600403,2025-11-12,2025-11-12,de2aa412-e109-4bcf-b6e9-9d9ad0b05e22,86c9d449-3f66-41d2-bfdb-d40385eca579,96b28d33-5a6e-489e-b9fa-fa38dfac0ba0,1037.08,42.0,Fresh Dairy Co.
e26fd92c-cee6-4c49-b618-2669349184d4,2025-11-19,2025-11-19,de2aa412-e109-4bcf-b6e9-9d9ad0b05e22,86c9d449-3f66-41d2-bfdb-d40385eca579,96b28d33-5a6e-489e-b9fa-fa38dfac0ba0,929.3,42.0,Fresh Dairy Co.
2480587c-780a-4c1f-9e01-9446c55524a9,2025-11-25,2025-11-25,de2aa412-e109-4bcf-b6e9-9d9ad0b05e22,86c9d449-3f66-41d2-bfdb-d40385eca579,96b28d33-5a6e-489e-b9fa-fa38dfac0ba0,711.2,42.0,Fresh Dairy Co.
4d5076c7-4261-4811-aad8-6df3fcee5d02,2025-11-30,2025-11-30,de2aa412-e109-4bcf-b6e9-9d9ad0b05e22,86c9d449-3f66-41d2-bfdb-d40385eca579,96b28d33-5a6e-489e-b9fa-fa38dfac0ba0,974.49,42.0,Fresh Dairy Co.
5d4b4e18-22eb-4332-b9f9-33985585e4c4,2025-12-06,2025-12-06,de2aa412-e109-4bcf-b6e9-9d9ad0b05e22,86c9d449-3f66-41d2-bfdb-d40385eca579,96b28d33-5a6e-489e-b9fa-fa38dfac0ba0,872.47,42.0,Fresh Dairy Co.
5cc80423-7df0-4a11-95bb-c494c6fe7a52,2025-12-12,2025-12-12,de2aa412-e109-4bcf-b6e9-9d9ad0b05e22,86c9d449-3f66-41d2-bfdb-d40385eca579,96b28d33-5a6e-489e-b9fa-fa38dfac0ba0,1041.71,42.0,Fresh Dairy Co.
958cbf4b-0d9f-45ec-be87-0fa95280db86,2025-12-19,2025-12-19,de2aa412-e109-4bcf-b6e9-9d9ad0b05e22,86c9d449-3f66-41d2-bfdb-d40385eca579,96b28d33-5a6e-489e-b9fa-fa38dfac0ba0,1033.14,42.0,Fresh Dairy Co.
268a0ab2-928b-4bc3-affe-8dfdd166384c,2025-12-25,2025-12-25,de2aa412-e109-4bcf-b6e9-9d9ad0b05e22,86c9d449-3f66-41d2-bfdb-d40385eca579,96b28d33-5a6e-489e-b9fa-fa38dfac0ba0,846.7,42.0,Fresh Dairy Co.
a5ac226c-a3b2-4f2c-881a-1fded4abcb40,2025-12-31,2025-12-31,de2aa412-e109-4bcf-b6e9-9d9ad0b05e22,86c9d449-3f66-41d2-bfdb-d40385eca579,96b28d33-5a6e-489e-b9fa-fa38dfac0ba0,787.81,42.0,Fresh Dairy Co.
047627dc-b462-40d6-b421-25606fbd491c,2026-01-04,2026-01-04,de2aa412-e109-4bcf-b6e9-9d9ad0b05e22,86c9d449-3f66-41d2-bfdb-d40385eca579,96b28d33-5a6e-489e-b9fa-fa38dfac0ba0,1024.4,42.0,Fresh Dairy Co.
be8f3617-17b7-4d81-bb36-38030ed475f7,2026-01-11,2026-01-11,de2aa412-e109-4bcf-b6e9-9d9ad0b05e22,86c9d449-3f66-41d2-bfdb-d40385eca579,96b28d33-5a6e-489e-b9fa-fa38dfac0ba0,546.18,42.0,Fresh Dairy Co.
3d03c617-4933-4635-ab78-36722132eb9b,2026-01-15,2026-01-15,de2aa412-e109-4bcf-b6e9-9d9ad0b05e22,86c9d449-3f66-41d2-bfdb-d40385eca579,96b28d33-5a6e-489e-b9fa-fa38dfac0ba0,919.92,42.0,Fresh Dairy Co.
dd176195-1d6e-41f1-99cc-9f16e7c71852,2026-01-20,2026-01-20,de2aa412-e109-4bcf-b6e9-9d9ad0b05e22,86c9d449-3f66-41d2-bfdb-d40385eca579,96b28d33-5a6e-489e-b9fa-fa38dfac0ba0,764.56,42.0,Fresh Dairy Co.
d8916cd5-5e91-4a09-8e53-02d57d6698a6,2026-01-25,2026-01-25,de2aa412-e109-4bcf-b6e9-9d9ad0b05e22,86c9d449-3f66-41d2-bfdb-d40385eca579,96b28d33-5a6e-489e-b9fa-fa38dfac0ba0,920.03,42.0,Fresh Dairy Co.
d8526804-ad2c-4fee-b2ee-3c0915aff546,2026-01-31,2026-01-31,de2aa412-e109-4bcf-b6e9-9d9ad0b05e22,86c9d449-3f66-41d2-bfdb-d40385eca579,96b28d33-5a6e-489e-b9fa-fa38dfac0ba0,589.11,42.0,Fresh Dairy Co.
fbb6ea90-c701-419f-9532-07a3e0a53bc4,2026-02-03,2026-02-03,de2aa412-e109-4bcf-b6e9-9d9ad0b05e22,86c9d449-3f66-41d2-bfdb-d40385eca579,96b28d33-5a6e-489e-b9fa-fa38dfac0ba0,789.68,42.0,Fresh Dairy Co.
8bfc1188-302d-42f4-99bd-e904a2f2d9ab,2026-02-07,2026-02-07,de2aa412-e109-4bcf-b6e9-9d9ad0b05e22,86c9d449-3f66-41d2-bfdb-d40385eca579,96b28d33-5a6e-489e-b9fa-fa38dfac0ba0,574.43,42.0,Fresh Dairy Co.
a8cddbd8-90fd-4848-9497-38df2ead6cb1,2026-02-10,2026-02-10,de2aa412-e109-4bcf-b6e9-9d9ad0b05e22,86c9d449-3f66-41d2-bfdb-d40385eca579,96b28d33-5a6e-489e-b9fa-fa38dfac0ba0,955.24,42.0,Fresh Dairy Co.
f744a586-6f63-488d-aa7e-f5ec815a17b2,2026-02-15,2026-02-15,de2aa412-e109-4bcf-b6e9-9d9ad0b05e22,86c9d449-3f66-41d2-bfdb-d40385eca579,96b28d33-5a6e-489e-b9fa-fa38dfac0ba0,897.37,42.0,Fresh Dairy Co.
a9764f02-9137-4f58-a411-b75ce4fdf9ee,2026-02-20,2026-02-20,de2aa412-e109-4bcf-b6e9-9d9ad0b05e22,86c9d449-3f66-41d2-bfdb-d40385eca579,96b28d33-5a6e-489e-b9fa-fa38dfac0ba0,701.12,42.0,Fresh Dairy Co.
59de7243-85ee-4d12-993f-e5359c7739b8,2026-02-24,2026-02-24,de2aa412-e109-4bcf-b6e9-9d9ad0b05e22,86c9d449-3f66-41d2-bfdb-d40385eca579,96b28d33-5a6e-489e-b9fa-fa38dfac0ba0,931.51,42.0,Fresh Dairy Co.
2b5b0ab2-2732-4b93-bffb-4c3e3ca5e188,2026-03-01,2026-03-01,de2aa412-e109-4bcf-b6e9-9d9ad0b05e22,86c9d449-3f66-41d2-bfdb-d40385eca579,96b28d33-5a6e-489e-b9fa-fa38dfac0ba0,919.77,42.0,Fresh Dairy Co.
5fc628a0-1fd4-4314-8530-73d63acad8d0,2026-03-06,2026-03-06,de2aa412-e109-4bcf-b6e9-9d9ad0b05e22,86c9d449-3f66-41d2-bfdb-d40385eca579,96b28d33-5a6e-489e-b9fa-fa38dfac0ba0,935.02,42.0,Fresh Dairy Co.
e1fca1da-8a8d-4eeb-9dde-ae14047a981d,2026-03-11,2026-03-11,de2aa412-e109-4bcf-b6e9-9d9ad0b05e22,86c9d449-3f66-41d2-bfdb-d40385eca579,96b28d33-5a6e-489e-b9fa-fa38dfac0ba0,1052.2,42.0,Fresh Dairy Co.
ee4734da-ac8a-4802-aa14-f3331e277c17,2026-03-17,2026-03-17,de2aa412-e109-4bcf-b6e9-9d9ad0b05e22,86c9d449-3f66-41d2-bfdb-d40385eca579,96b28d33-5a6e-489e-b9fa-fa38dfac0ba0,743.29,42.0,Fresh Dairy Co.
3d260302-ed56-41c9-9ee8-9b7ae7e2167b,2026-03-21,2026-03-21,de2aa412-e109-4bcf-b6e9-9d9ad0b05e22,86c9d449-3f66-41d2-bfdb-d40385eca579,96b28d33-5a6e-489e-b9fa-fa38dfac0ba0,1062.6,42.0,Fresh Dairy Co.
1f54fd45-941a-49c1-b58c-ee7cec99e02e,2026-03-27,2026-03-27,de2aa412-e109-4bcf-b6e9-9d9ad0b05e22,86c9d449-3f66-41d2-bfdb-d40385eca579,96b28d33-5a6e-489e-b9fa-fa38dfac0ba0,865.58,42.0,Fresh Dairy Co.
3c315a80-fa11-4d3b-a315-8a9e124ef25b,2026-04-01,2026-04-01,de2aa412-e109-4bcf-b6e9-9d9ad0b05e22,86c9d449-3f66-41d2-bfdb-d40385eca579,96b28d33-5a6e-489e-b9fa-fa38dfac0ba0,1046.07,42.0,Fresh Dairy Co.
53689da6-b59d-40dd-94d9-8c19b32e43b9,2026-04-07,2026-04-07,de2aa412-e109-4bcf-b6e9-9d9ad0b05e22,86c9d449-3f66-41d2-bfdb-d40385eca579,96b28d33-5a6e-489e-b9fa-fa38dfac0ba0,734.0,42.0,Fresh Dairy Co.
80c2f1f9-ad08-4da2-8e1b-ae36403f7699,2026-04-12,2026-04-12,de2aa412-e109-4bcf-b6e9-9d9ad0b05e22,86c9d449-3f66-41d2-bfdb-d40385eca579,96b28d33-5a6e-489e-b9fa-fa38dfac0ba0,843.76,42.0,Fresh Dairy Co.
2a2ae189-3619-42b5-9127-2fbd2ac59692,2026-04-17,2026-04-17,de2aa412-e109-4bcf-b6e9-9d9ad0b05e22,86c9d449-3f66-41d2-bfdb-d40385eca579,96b28d33-5a6e-489e-b9fa-fa38dfac0ba0,809.62,42.0,Fresh Dairy Co.
3ee4733b-2b3d-4971-b430-8993d8693b4d,2026-04-21,2026-04-21,de2aa412-e109-4bcf-b6e9-9d9ad0b05e22,86c9d449-3f66-41d2-bfdb-d40385eca579,96b28d33-5a6e-489e-b9fa-fa38dfac0ba0,969.29,42.0,Fresh Dairy Co.
ef6fc756-4110-4718-a132-d5a4d6d7f507,2026-04-26,2026-04-26,de2aa412-e109-4bcf-b6e9-9d9ad0b05e22,86c9d449-3f66-41d2-bfdb-d40385eca579,96b28d33-5a6e-489e-b9fa-fa38dfac0ba0,900.84,42.0,Fresh Dairy Co.
0c8cf318-d094-420f-89cf-e0912e3f543d,2026-05-01,2026-05-01,de2aa412-e109-4bcf-b6e9-9d9ad0b05e22,86c9d449-3f66-41d2-bfdb-d40385eca579,96b28d33-5a6e-489e-b9fa-fa38dfac0ba0,872.92,42.0,Fresh Dairy Co.
d584cdcd-272d-4e8d-b0b5-b3c36fa9e4ec,2026-05-06,2026-05-06,de2aa412-e109-4bcf-b6e9-9d9ad0b05e22,86c9d449-3f66-41d2-bfdb-d40385eca579,96b28d33-5a6e-489e-b9fa-fa38dfac0ba0,903.98,42.0,Fresh Dairy Co.
de1e9541-dd5f-4918-86bb-071508f678f2,2026-05-12,2026-05-12,de2aa412-e109-4bcf-b6e9-9d9ad0b05e22,86c9d449-3f66-41d2-bfdb-d40385eca579,96b28d33-5a6e-489e-b9fa-fa38dfac0ba0,845.1,42.0,Fresh Dairy Co.
7eb31d09-ae75-4bd1-8e28-78a100c9692d,2026-05-17,2026-05-17,de2aa412-e109-4bcf-b6e9-9d9ad0b05e22,86c9d449-3f66-41d2-bfdb-d40385eca579,96b28d33-5a6e-489e-b9fa-fa38dfac0ba0,570.3,42.0,Fresh Dairy Co.
c9931908-8ce5-4f0d-b013-15947b5c42a3,2026-05-21,2026-05-21,de2aa412-e109-4bcf-b6e9-9d9ad0b05e22,86c9d449-3f66-41d2-bfdb-d40385eca579,96b28d33-5a6e-489e-b9fa-fa38dfac0ba0,825.21,42.0,Fresh Dairy Co.
9f5af70d-190c-4ab2-959e-fbcfde1d4f1d,2026-05-25,2026-05-25,de2aa412-e109-4bcf-b6e9-9d9ad0b05e22,86c9d449-3f66-41d2-bfdb-d40385eca579,96b28d33-5a6e-489e-b9fa-fa38dfac0ba0,1025.63,42.0,Fresh Dairy Co.
3bd36098-ba8d-446e-9f8c-fb7129801ad9,2026-06-01,2026-06-01,de2aa412-e109-4bcf-b6e9-9d9ad0b05e22,86c9d449-3f66-41d2-bfdb-d40385eca579,96b28d33-5a6e-489e-b9fa-fa38dfac0ba0,1024.12,42.0,Fresh Dairy Co.
28a9fea6-fbca-4775-9ca4-b9c6e8c18e88,2026-06-06,2026-06-06,de2aa412-e109-4bcf-b6e9-9d9ad0b05e22,86c9d449-3f66-41d2-bfdb-d40385eca579,96b28d33-5a6e-489e-b9fa-fa38dfac0ba0,723.92,42.0,Fresh Dairy Co.
466a1cb9-008b-47fe-95d2-30d297592c04,2026-06-11,2026-06-11,de2aa412-e109-4bcf-b6e9-9d9ad0b05e22,86c9d449-3f66-41d2-bfdb-d40385eca579,96b28d33-5a6e-489e-b9fa-fa38dfac0ba0,773.2,42.0,Fresh Dairy Co.
d7b50922-ce56-4a2b-8eb0-d79f5b0e04f0,2026-06-15,2026-06-15,de2aa412-e109-4bcf-b6e9-9d9ad0b05e22,86c9d449-3f66-41d2-bfdb-d40385eca579,96b28d33-5a6e-489e-b9fa-fa38dfac0ba0,924.31,42.0,Fresh Dairy Co.
1bf69fb1-324f-4773-9af9-bd886e3dd986,2026-06-20,2026-06-20,de2aa412-e109-4bcf-b6e9-9d9ad0b05e22,86c9d449-3f66-41d2-bfdb-d40385eca579,96b28d33-5a6e-489e-b9fa-fa38dfac0ba0,782.38,42.0,Fresh Dairy Co.
32face9d-8c87-496a-8730-a1cfe4bee12b,2026-06-26,2026-06-26,de2aa412-e109-4bcf-b6e9-9d9ad0b05e22,86c9d449-3f66-41d2-bfdb-d40385eca579,96b28d33-5a6e-489e-b9fa-fa38dfac0ba0,1028.81,42.0,Fresh Dairy Co.
59052c62-61ec-4a6d-a007-848d218f0ac7,2026-07-01,2026-07-01,de2aa412-e109-4bcf-b6e9-9d9ad0b05e22,86c9d449-3f66-41d2-bfdb-d40385eca579,96b28d33-5a6e-489e-b9fa-fa38dfac0ba0,801.48,42.0,Fresh Dairy Co.
a43f045c-e357-4d40-8843-aab5454c054c,2026-07-07,2026-07-07,de2aa412-e109-4bcf-b6e9-9d9ad0b05e22,86c9d449-3f66-41d2-bfdb-d40385eca579,96b28d33-5a6e-489e-b9fa-fa38dfac0ba0,717.95,42.0,Fresh Dairy Co.
49b3722d-22d1-45e7-a0f6-3bf8937faca9,2026-07-12,2026-07-12,de2aa412-e109-4bcf-b6e9-9d9ad0b05e22,86c9d449-3f66-41d2-bfdb-d40385eca579,96b28d33-5a6e-489e-b9fa-fa38dfac0ba0,1063.11,42.0,Fresh Dairy Co.
99a6e224-60e4-406b-930c-426c7eaf8300,2026-07-18,2026-07-18,de2aa412-e109-4bcf-b6e9-9d9ad0b05e22,86c9d449-3f66-41d2-bfdb-d40385eca579,96b28d33-5a6e-489e-b9fa-fa38dfac0ba0,908.12,42.0,Fresh Dairy Co.
0dc295b7-d733-4e71-bdc8-e8eef16810e4,2026-07-24,2026-07-24,de2aa412-e109-4bcf-b6e9-9d9ad0b05e22,86c9d449-3f66-41d2-bfdb-d40385eca579,96b28d33-5a6e-489e-b9fa-fa38dfac0ba0,670.69,42.0,Fresh Dairy Co.
13b43679-adeb-4d02-9978-0d1e14d061de,2026-07-28,2026-07-28,de2aa412-e109-4bcf-b6e9-9d9ad0b05e22,86c9d449-3f66-41d2-bfdb-d40385eca579,96b28d33-5a6e-489e-b9fa-fa38dfac0ba0,1037.01,42.0,Fresh Dairy Co.
e4fbb886-7c72-44eb-ac4d-8de7734e14c0,2026-08-04,2026-08-04,de2aa412-e109-4bcf-b6e9-9d9ad0b05e22,86c9d449-3f66-41d2-bfdb-d40385eca579,96b28d33-5a6e-489e-b9fa-fa38dfac0ba0,905.83,42.0,Fresh Dairy Co.
b3a37adf-c30e-471d-a7b4-5c2c4b3e56c8,2026-08-11,2026-08-11,de2aa412-e109-4bcf-b6e9-9d9ad0b05e22,86c9d449-3f66-41d2-bfdb-d40385eca579,96b28d33-5a6e-489e-b9fa-fa38dfac0ba0,810.25,42.0,Fresh Dairy Co.
de33b0b2-2030-4576-9150-738d6021a93b,2026-08-16,2026-08-16,de2aa412-e109-4bcf-b6e9-9d9ad0b05e22,86c9d449-3f66-41d2-bfdb-d40385eca579,96b28d33-5a6e-489e-b9fa-fa38dfac0ba0,651.71,42.0,Fresh Dairy Co.
02b25631-b424-489b-9eb1-a252185c250b,2026-08-22,2026-08-22,de2aa412-e109-4bcf-b6e9-9d9ad0b05e22,86c9d449-3f66-41d2-bfdb-d40385eca579,96b28d33-5a6e-489e-b9fa-fa38dfac0ba0,1071.31,42.0,Fresh Dairy Co.
aa883bc6-e146-460f-8425-a7a00202de19,2026-08-28,2026-08-28,de2aa412-e109-4bcf-b6e9-9d9ad0b05e22,86c9d449-3f66-41d2-bfdb-d40385eca579,96b28d33-5a6e-489e-b9fa-fa38dfac0ba0,946.26,42.0,Fresh Dairy Co.
f080a381-3bb1-444c-bb2d-aec80125b440,2026-08-29,2026-08-29,de2aa412-e109-4bcf-b6e9-9d9ad0b05e22,86c9d449-3f66-41d2-bfdb-d40385eca579,96b28d33-5a6e-489e-b9fa-fa38dfac0ba0,1010.87,42.0,Fresh Dairy Co.
7ab530a4-8055-4455-a693-4c2567fbdc7d,2026-08-31,2026-08-31,de2aa412-e109-4bcf-b6e9-9d9ad0b05e22,86c9d449-3f66-41d2-bfdb-d40385eca579,96b28d33-5a6e-489e-b9fa-fa38dfac0ba0,885.12,42.0,Fresh Dairy Co.
6136ab66-1114-49d5-9a41-96b501bddfd8,2026-09-01,2026-09-01,de2aa412-e109-4bcf-b6e9-9d9ad0b05e22,86c9d449-3f66-41d2-bfdb-d40385eca579,96b28d33-5a6e-489e-b9fa-fa38dfac0ba0,727.88,42.0,Fresh Dairy Co.
50106eaa-409f-4472-b93e-785abe0c01fa,2026-09-02,2026-09-02,de2aa412-e109-4bcf-b6e9-9d9ad0b05e22,86c9d449-3f66-41d2-bfdb-d40385eca579,96b28d33-5a6e-489e-b9fa-fa38dfac0ba0,921.23,42.0,Fresh Dairy Co.
8edf7747-ae1f-49df-87f2-10dce16bbd89,2026-09-04,2026-09-04,de2aa412-e109-4bcf-b6e9-9d9ad0b05e22,86c9d449-3f66-41d2-bfdb-d40385eca579,96b28d33-5a6e-489e-b9fa-fa38dfac0ba0,638.84,42.0,Fresh Dairy Co.
8cd4761d-e2bd-4818-a8fc-80abace17650,2026-09-05,2026-09-05,de2aa412-e109-4bcf-b6e9-9d9ad0b05e22,86c9d449-3f66-41d2-bfdb-d40385eca579,96b28d33-5a6e-489e-b9fa-fa38dfac0ba0,614.45,42.0,Fresh Dairy Co.
1219b366-d785-4a36-aee8-eb2cf3719cf4,2026-09-06,2026-09-06,de2aa412-e109-4bcf-b6e9-9d9ad0b05e22,86c9d449-3f66-41d2-bfdb-d40385eca579,96b28d33-5a6e-489e-b9fa-fa38dfac0ba0,914.45,42.0,Fresh Dairy Co.
cbc04db5-8330-48e5-beba-ea6ed6dc61e7,2026-09-07,2026-09-07,de2aa412-e109-4bcf-b6e9-9d9ad0b05e22,86c9d449-3f66-41d2-bfdb-d40385eca579,96b28d33-5a6e-489e-b9fa-fa38dfac0ba0,804.41,42.0,Fresh Dairy Co.
77037a94-0104-48c3-ba51-04c85f56207c,2025-09-08,2025-09-08,de2aa412-e109-4bcf-b6e9-9d9ad0b05e22,89414700-a29c-442e-84b4-bd0e350e2a09,cb9f5c0b-1572-402e-8cb6-1261674358e6,252.87,35.0,Hill Orchard
b1a4b420-8a74-49cb-9229-a29a7696d94f,2025-09-12,2025-09-12,de2aa412-e109-4bcf-b6e9-9d9ad0b05e22,89414700-a29c-442e-84b4-bd0e350e2a09,cb9f5c0b-1572-402e-8cb6-1261674358e6,339.75,35.0,Hill Orchard
56c4e48e-fbec-41a6-a851-d85d10349b4b,2025-09-17,2025-09-17,de2aa412-e109-4bcf-b6e9-9d9ad0b05e22,89414700-a29c-442e-84b4-bd0e350e2a09,cb9f5c0b-1572-402e-8cb6-1261674358e6,418.2,35.0,Hill Orchard
642c9541-256e-4059-b25d-78552e020e7c,2025-09-24,2025-09-24,de2aa412-e109-4bcf-b6e9-9d9ad0b05e22,89414700-a29c-442e-84b4-bd0e350e2a09,cb9f5c0b-1572-402e-8cb6-1261674358e6,420.32,35.0,Hill Orchard
109085c4-128a-4918-a2f7-d5d4cb41aaf4,2025-09-30,2025-09-30,de2aa412-e109-4bcf-b6e9-9d9ad0b05e22,89414700-a29c-442e-84b4-bd0e350e2a09,cb9f5c0b-1572-402e-8cb6-1261674358e6,410.58,35.0,Hill Orchard
a724aa66-afd5-4205-853f-d188825619bc,2025-10-06,2025-10-06,de2aa412-e109-4bcf-b6e9-9d9ad0b05e22,89414700-a29c-442e-84b4-bd0e350e2a09,cb9f5c0b-1572-402e-8cb6-1261674358e6,304.16,35.0,Hill Orchard
2ea7de34-2152-4275-8f37-cbb4907f30b6,2025-10-11,2025-10-11,de2aa412-e109-4bcf-b6e9-9d9ad0b05e22,89414700-a29c-442e-84b4-bd0e350e2a09,cb9f5c0b-1572-402e-8cb6-1261674358e6,447.86,35.0,Hill Orchard
efb4b79a-616c-4305-804b-22daa10b716f,2025-10-18,2025-10-18,de2aa412-e109-4bcf-b6e9-9d9ad0b05e22,89414700-a29c-442e-84b4-bd0e350e2a09,cb9f5c0b-1572-402e-8cb6-1261674358e6,306.77,35.0,Hill Orchard
84c8cd49-8175-4b8b-951d-31dc0f4f3fe9,2025-10-23,2025-10-23,de2aa412-e109-4bcf-b6e9-9d9ad0b05e22,89414700-a29c-442e-84b4-bd0e350e2a09,cb9f5c0b-1572-402e-8cb6-1261674358e6,325.97,35.0,Hill Orchard
874f6f6b-cb25-401b-9642-4cd58b825512,2025-10-28,2025-10-28,de2aa412-e109-4bcf-b6e9-9d9ad0b05e22,89414700-a29c-442e-84b4-bd0e350e2a09,cb9f5c0b-1572-402e-8cb6-1261674358e6,356.48,35.0,Hill Orchard
ace4b331-43b1-4df2-a4e8-df93ed685507,2025-11-03,2025-11-03,de2aa412-e109-4bcf-b6e9-9d9ad0b05e22,89414700-a29c-442e-84b4-bd0e350e2a09,cb9f5c0b-1572-402e-8cb6-1261674358e6,405.26,35.0,Hill Orchard
c2b19d74-d3c0-4498-a699-702bc895425b,2025-11-09,2025-11-09,de2aa412-e109-4bcf-b6e9-9d9ad0b05e22,89414700-a29c-442e-84b4-bd0e350e2a09,cb9f5c0b-1572-402e-8cb6-1261674358e6,407.87,35.0,Hill Orchard
40cd402a-5cac-4576-b743-910becaaeb85,2025-11-16,2025-11-16,de2aa412-e109-4bcf-b6e9-9d9ad0b05e22,89414700-a29c-442e-84b4-bd0e350e2a09,cb9f5c0b-1572-402e-8cb6-1261674358e6,257.0,35.0,Hill Orchard
531f6d67-37a7-4863-840f-c76bbdf51e20,2025-11-20,2025-11-20,de2aa412-e109-4bcf-b6e9-9d9ad0b05e22,89414700-a29c-442e-84b4-bd0e350e2a09,cb9f5c0b-1572-402e-8cb6-1261674358e6,271.96,35.0,Hill Orchard
6608811a-39e5-42c7-8192-618b4ba527c7,2025-11-23,2025-11-23,de2aa412-e109-4bcf-b6e9-9d9ad0b05e22,89414700-a29c-442e-84b4-bd0e350e2a09,cb9f5c0b-1572-402e-8cb6-1261674358e6,413.38,35.0,Hill Orchard
52803682-249f-48ac-8c74-8ebfa52e71d8,2025-11-30,2025-11-30,de2aa412-e109-4bcf-b6e9-9d9ad0b05e22,89414700-a29c-442e-84b4-bd0e350e2a09,cb9f5c0b-1572-402e-8cb6-1261674358e6,260.22,35.0,Hill Orchard
af661aea-1c06-47e6-973e-de1c7c30eb74,2025-12-04,2025-12-04,de2aa412-e109-4bcf-b6e9-9d9ad0b05e22,89414700-a29c-442e-84b4-bd0e350e2a09,cb9f5c0b-1572-402e-8cb6-1261674358e6,364.26,35.0,Hill Orchard
a4dbe68e-8f15-4374-8e73-c0b17f5ab944,2025-12-10,2025-12-10,de2aa412-e109-4bcf-b6e9-9d9ad0b05e22,89414700-a29c-442e-84b4-bd0e350e2a09,cb9f5c0b-1572-402e-8cb6-1261674358e6,476.85,35.0,Hill Orchard
ff02230b-a60b-4434-b00c-f54ee7717e74,2025-12-17,2025-12-17,de2aa412-e109-4bcf-b6e9-9d9ad0b05e22,89414700-a29c-442e-84b4-bd0e350e2a09,cb9f5c0b-1572-402e-8cb6-1261674358e6,429.43,35.0,Hill Orchard
3bbf474e-4f22-404d-bf6c-905624246b18,2025-12-23,2025-12-23,de2aa412-e109-4bcf-b6e9-9d9ad0b05e22,89414700-a29c-442e-84b4-bd0e350e2a09,cb9f5c0b-1572-402e-8cb6-1261674358e6,433.93,35.0,Hill Orchard
0fec037d-8615-447d-a222-f9db2fcfc316,2025-12-29,2025-12-29,de2aa412-e109-4bcf-b6e9-9d9ad0b05e22,89414700-a29c-442e-84b4-bd0e350e2a09,cb9f5c0b-1572-402e-8cb6-1261674358e6,348.81,35.0,Hill Orchard
7059b480-cbc3-4a45-aab2-2495370c61f6,2026-01-04,2026-01-04,de2aa412-e109-4bcf-b6e9-9d9ad0b05e22,89414700-a29c-442e-84b4-bd0e350e2a09,cb9f5c0b-1572-402e-8cb6-1261674358e6,280.07,35.0,Hill Orchard
6733d5b9-8e0b-41a5-ac5f-1109fcb5b92f,2026-01-07,2026-01-07,de2aa412-e109-4bcf-b6e9-9d9ad0b05e22,89414700-a29c-442e-84b4-bd0e350e2a09,cb9f5c0b-1572-402e-8cb6-1261674358e6,433.71,35.0,Hill Orchard
cda13249-0b28-436d-a72f-a33004f7fb4d,2026-01-13,2026-01-13,de2aa412-e109-4bcf-b6e9-9d9ad0b05e22,89414700-a29c-442e-84b4-bd0e350e2a09,cb9f5c0b-1572-402e-8cb6-1261674358e6,377.74,35.0,Hill Orchard
6678320b-fe31-4f24-8331-f9d0a9323e49,2026-01-18,2026-01-18,de2aa412-e109-4bcf-b6e9-9d9ad0b05e22,89414700-a29c-442e-84b4-bd0e350e2a09,cb9f5c0b-1572-402e-8cb6-1261674358e6,445.8,35.0,Hill Orchard
09587fce-86c9-43a9-a732-de62223a10c5,2026-01-24,2026-01-24,de2aa412-e109-4bcf-b6e9-9d9ad0b05e22,89414700-a29c-442e-84b4-bd0e350e2a09,cb9f5c0b-1572-402e-8cb6-1261674358e6,283.04,35.0,Hill Orchard
1ab4898a-7474-4fe8-8560-1c1e85f49738,2026-01-27,2026-01-27,de2aa412-e109-4bcf-b6e9-9d9ad0b05e22,89414700-a29c-442e-84b4-bd0e350e2a09,cb9f5c0b-1572-402e-8cb6-1261674358e6,442.76,35.0,Hill Orchard
71d61c0d-4cb0-4fa5-9c35-8d2f9dd94ab7,2026-02-02,2026-02-02,de2aa412-e109-4bcf-b6e9-9d9ad0b05e22,89414700-a29c-442e-84b4-bd0e350e2a09,cb9f5c0b-1572-402e-8cb6-1261674358e6,456.11,35.0,Hill Orchard
b54522af-b952-455f-aedc-0c7c7b56b9e2,2026-02-08,2026-02-08,de2aa412-e109-4bcf-b6e9-9d9ad0b05e22,89414700-a29c-442e-84b4-bd0e350e2a09,cb9f5c0b-1572-402e-8cb6-1261674358e6,414.53,35.0,Hill Orchard
7c9302d6-9b82-495f-aaa0-7e3d49b1077a,2026-02-14,2026-02-14,de2aa412-e109-4bcf-b6e9-9d9ad0b05e22,89414700-a29c-442e-84b4-bd0e350e2a09,cb9f5c0b-1572-402e-8cb6-1261674358e6,329.4,35.0,Hill Orchard
cb60d14c-32f6-4903-a102-3c1616c43600,2026-02-18,2026-02-18,de2aa412-e109-4bcf-b6e9-9d9ad0b05e22,89414700-a29c-442e-84b4-bd0e350e2a09,cb9f5c0b-1572-402e-8cb6-1261674358e6,471.41,35.0,Hill Orchard
fe8f778c-f3fd-4d0d-9c59-1de9457e3ca3,2026-02-24,2026-02-24,de2aa412-e109-4bcf-b6e9-9d9ad0b05e22,89414700-a29c-442e-84b4-bd0e350e2a09,cb9f5c0b-1572-402e-8cb6-1261674358e6,277.3,35.0,Hill Orchard
8cf13b93-c8dd-4720-98cb-c229d8e135b4,2026-03-01,2026-03-01,de2aa412-e109-4bcf-b6e9-9d9ad0b05e22,89414700-a29c-442e-84b4-bd0e350e2a09,cb9f5c0b-1572-402e-8cb6-1261674358e6,404.65,35.0,Hill Orchard
370240be-ec87-4cac-9ee0-404914a8e12c,2026-03-06,2026-03-06,de2aa412-e109-4bcf-b6e9-9d9ad0b05e22,89414700-a29c-442e-84b4-bd0e350e2a09,cb9f5c0b-1572-402e-8cb6-1261674358e6,302.44,35.0,Hill Orchard
bf7858a1-6f18-4c40-8d25-a0271424648a,2026-03-09,2026-03-09,de2aa412-e109-4bcf-b6e9-9d9ad0b05e22,89414700-a29c-442e-84b4-bd0e350e2a09,cb9f5c0b-1572-402e-8cb6-1261674358e6,350.89,35.0,Hill Orchard
ed318387-4f0f-441c-ac81-6520cfb935c5,2026-03-14,2026-03-14,de2aa412-e109-4bcf-b6e9-9d9ad0b05e22,89414700-a29c-442e-84b4-bd0e350e2a09,cb9f5c0b-1572-402e-8cb6-1261674358e6,379.76,35.0,Hill Orchard
00579a46-6738-41ac-9734-220d19219a88,2026-03-19,2026-03-19,de2aa412-e109-4bcf-b6e9-9d9ad0b05e22,89414700-a29c-442e-84b4-bd0e350e2a09,cb9f5c0b-1572-402e-8cb6-1261674358e6,250.25,35.0,Hill Orchard
e8e2bdbd-857d-4c0e-b3fc-1b9d44299b61,2026-03-22,2026-03-22,de2aa412-e109-4bcf-b6e9-9d9ad0b05e22,89414700-a29c-442e-84b4-bd0e350e2a09,cb9f5c0b-1572-402e-8cb6-1261674358e6,403.97,35.0,Hill Orchard
c35b3810-0c89-4dd7-a99a-7af2e7816aa2,2026-03-27,2026-03-27,de2aa412-e109-4bcf-b6e9-9d9ad0b05e22,89414700-a29c-442e-84b4-bd0e350e2a09,cb9f5c0b-1572-402e-8cb6-1261674358e6,372.17,35.0,Hill Orchard
52c588f0-b2d2-4964-8800-931bae0d61eb,2026-04-01,2026-04-01,de2aa412-e109-4bcf-b6e9-9d9ad0b05e22,89414700-a29c-442e-84b4-bd0e350e2a09,cb9f5c0b-1572-402e-8cb6-1261674358e6,427.66,35.0,Hill Orchard
2e3b6798-4e2f-47cc-84b8-2159b95d8269,2026-04-06,2026-04-06,de2aa412-e109-4bcf-b6e9-9d9ad0b05e22,89414700-a29c-442e-84b4-bd0e350e2a09,cb9f5c0b-1572-402e-8cb6-1261674358e6,426.85,35.0,Hill Orchard
9c847da6-c085-45d5-b599-a869e83dea61,2026-04-12,2026-04-12,de2aa412-e109-4bcf-b6e9-9d9ad0b05e22,89414700-a29c-442e-84b4-bd0e350e2a09,cb9f5c0b-1572-402e-8cb6-1261674358e6,479.13,35.0,Hill Orchard
053dfff3-981d-431f-8fb3-c9fb16b766bd,2026-04-18,2026-04-18,de2aa412-e109-4bcf-b6e9-9d9ad0b05e22,89414700-a29c-442e-84b4-bd0e350e2a09,cb9f5c0b-1572-402e-8cb6-1261674358e6,408.13,35.0,Hill Orchard
5dca2e03-f779-41c3-986e-9521508ec0f2,2026-04-23,2026-04-23,de2aa412-e109-4bcf-b6e9-9d9ad0b05e22,89414700-a29c-442e-84b4-bd0e350e2a09,cb9f5c0b-1572-402e-8cb6-1261674358e6,295.83,35.0,Hill Orchard
8052c385-8d14-41dc-bee7-95309cf930c4,2026-04-27,2026-04-27,de2aa412-e109-4bcf-b6e9-9d9ad0b05e22,89414700-a29c-442e-84b4-bd0e350e2a09,cb9f5c0b-1572-402e-8cb6-1261674358e6,442.63,35.0,Hill Orchard
00434ebc-7ed9-469a-be24-a307bc33177e,2026-05-03,2026-05-03,de2aa412-e109-4bcf-b6e9-9d9ad0b05e22,89414700-a29c-442e-84b4-bd0e350e2a09,cb9f5c0b-1572-402e-8cb6-1261674358e6,312.42,35.0,Hill Orchard
9f3a7c8e-c801-430f-97ca-3dd637c72023,2026-05-07,2026-05-07,de2aa412-e109-4bcf-b6e9-9d9ad0b05e22,89414700-a29c-442e-84b4-bd0e350e2a09,cb9f5c0b-1572-402e-8cb6-1261674358e6,406.45,35.0,Hill Orchard
0db46f1d-deb1-411f-86bc-3a566053fa33,2026-05-12,2026-05-12,de2aa412-e109-4bcf-b6e9-9d9ad0b05e22,89414700-a29c-442e-84b4-bd0e350e2a09,cb9f5c0b-1572-402e-8cb6-1261674358e6,467.69,35.0,Hill Orchard
2ce6a0a1-34a5-417d-86e2-5624087fc9fb,2026-05-18,2026-05-18,de2aa412-e109-4bcf-b6e9-9d9ad0b05e22,89414700-a29c-442e-84b4-bd0e350e2a09,cb9f5c0b-1572-402e-8cb6-1261674358e6,297.12,35.0,Hill Orchard
8b617f8a-f72a-4a9e-b775-e677551f4cd4,2026-05-23,2026-05-23,de2aa412-e109-4bcf-b6e9-9d9ad0b05e22,89414700-a29c-442e-84b4-bd0e350e2a09,cb9f5c0b-1572-402e-8cb6-1261674358e6,256.27,35.0,Hill Orchard
316a9710-a10b-4f86-baee-182588cd4c03,2026-05-27,2026-05-27,de2aa412-e109-4bcf-b6e9-9d9ad0b05e22,89414700-a29c-442e-84b4-bd0e350e2a09,cb9f5c0b-1572-402e-8cb6-1261674358e6,330.89,35.0,Hill Orchard
c0fd8ba5-4f31-44c0-a470-c7dd05bf6045,2026-06-01,2026-06-01,de2aa412-e109-4bcf-b6e9-9d9ad0b05e22,89414700-a29c-442e-84b4-bd0e350e2a09,cb9f5c0b-1572-402e-8cb6-1261674358e6,316.49,35.0,Hill Orchard
49e19ec4-4171-4ffd-9fff-711b18e2989b,2026-06-05,2026-06-05,de2aa412-e109-4bcf-b6e9-9d9ad0b05e22,89414700-a29c-442e-84b4-bd0e350e2a09,cb9f5c0b-1572-402e-8cb6-1261674358e6,382.57,35.0,Hill Orchard
42d279de-1348-4c52-b0bb-b894a6c7e811,2026-06-11,2026-06-11,de2aa412-e109-4bcf-b6e9-9d9ad0b05e22,89414700-a29c-442e-84b4-bd0e350e2a09,cb9f5c0b-1572-402e-8cb6-1261674358e6,415.19,35.0,Hill Orchard
83c1561a-b1ad-4a32-a83e-267d561c32df,2026-06-16,2026-06-16,de2aa412-e109-4bcf-b6e9-9d9ad0b05e22,89414700-a29c-442e-84b4-bd0e350e2a09,cb9f5c0b-1572-402e-8cb6-1261674358e6,398.88,35.0,Hill Orchard
6be805b7-1b63-4faf-bf6a-af0f0576f57e,2026-06-22,2026-06-22,de2aa412-e109-4bcf-b6e9-9d9ad0b05e22,89414700-a29c-442e-84b4-bd0e350e2a09,cb9f5c0b-1572-402e-8cb6-1261674358e6,370.59,35.0,Hill Orchard
fa8a3ffd-41c1-4e54-98d3-11fd63c8028b,2026-06-27,2026-06-27,de2aa412-e109-4bcf-b6e9-9d9ad0b05e22,89414700-a29c-442e-84b4-bd0e350e2a09,cb9f5c0b-1572-402e-8cb6-1261674358e6,400.19,35.0,Hill Orchard
b8800ea1-0979-4163-af11-0e35086abc45,2026-07-02,2026-07-02,de2aa412-e109-4bcf-b6e9-9d9ad0b05e22,89414700-a29c-442e-84b4-bd0e350e2a09,cb9f5c0b-1572-402e-8cb6-1261674358e6,448.05,35.0,Hill Orchard
c92579f1-017e-4bf9-ba9b-2225b6d2b1f9,2026-07-08,2026-07-08,de2aa412-e109-4bcf-b6e9-9d9ad0b05e22,89414700-a29c-442e-84b4-bd0e350e2a09,cb9f5c0b-1572-402e-8cb6-1261674358e6,421.73,35.0,Hill Orchard
7b25c3e4-eebf-42ca-9e07-429717be95dd,2026-07-14,2026-07-14,de2aa412-e109-4bcf-b6e9-9d9ad0b05e22,89414700-a29c-442e-84b4-bd0e350e2a09,cb9f5c0b-1572-402e-8cb6-1261674358e6,458.59,35.0,Hill Orchard
81a3696e-bf03-430e-a542-125f6e07aed5,2026-07-21,2026-07-21,de2aa412-e109-4bcf-b6e9-9d9ad0b05e22,89414700-a29c-442e-84b4-bd0e350e2a09,cb9f5c0b-1572-402e-8cb6-1261674358e6,381.1,35.0,Hill Orchard
6cde72b2-33d9-40f7-8832-1e33bb71bd3d,2026-07-26,2026-07-26,de2aa412-e109-4bcf-b6e9-9d9ad0b05e22,89414700-a29c-442e-84b4-bd0e350e2a09,cb9f5c0b-1572-402e-8cb6-1261674358e6,356.54,35.0,Hill Orchard
956b8ae4-7a2f-4185-be88-1fcbc0314407,2026-07-31,2026-07-31,de2aa412-e109-4bcf-b6e9-9d9ad0b05e22,89414700-a29c-442e-84b4-bd0e350e2a09,cb9f5c0b-1572-402e-8cb6-1261674358e6,418.98,35.0,Hill Orchard
2c83bbd0-04d9-4ad3-8ef3-bff8683e591e,2026-08-06,2026-08-06,de2aa412-e109-4bcf-b6e9-9d9ad0b05e22,89414700-a29c-442e-84b4-bd0e350e2a09,cb9f5c0b-1572-402e-8cb6-1261674358e6,304.66,35.0,Hill Orchard
abff2196-8eda-4ed9-9fd2-6dd6986507f1,2026-08-09,2026-08-09,de2aa412-e109-4bcf-b6e9-9d9ad0b05e22,89414700-a29c-442e-84b4-bd0e350e2a09,cb9f5c0b-1572-402e-8cb6-1261674358e6,278.15,35.0,Hill Orchard
6eef1023-5ee4-4095-a60b-ae80a7dc3064,2026-08-10,2026-08-10,de2aa412-e109-4bcf-b6e9-9d9ad0b05e22,89414700-a29c-442e-84b4-bd0e350e2a09,cb9f5c0b-1572-402e-8cb6-1261674358e6,444.31,35.0,Hill Orchard
0fbfaf12-6c07-485d-b7d6-6951f38f75f2,2026-08-11,2026-08-11,de2aa412-e109-4bcf-b6e9-9d9ad0b05e22,89414700-a29c-442e-84b4-bd0e350e2a09,cb9f5c0b-1572-402e-8cb6-1261674358e6,439.9,35.0,Hill Orchard
e4f58e3c-5726-45b1-ad08-860f37cce9e8,2026-08-12,2026-08-12,de2aa412-e109-4bcf-b6e9-9d9ad0b05e22,89414700-a29c-442e-84b4-bd0e350e2a09,cb9f5c0b-1572-402e-8cb6-1261674358e6,460.33,35.0,Hill Orchard
6b775b97-768c-4eb1-a9e7-00f4df1f2240,2026-08-13,2026-08-13,de2aa412-e109-4bcf-b6e9-9d9ad0b05e22,89414700-a29c-442e-84b4-bd0e350e2a09,cb9f5c0b-1572-402e-8cb6-1261674358e6,361.23,35.0,Hill Orchard
cf8a028d-c05f-4559-8896-04a1d502b498,2026-08-14,2026-08-14,de2aa412-e109-4bcf-b6e9-9d9ad0b05e22,89414700-a29c-442e-84b4-bd0e350e2a09,cb9f5c0b-1572-402e-8cb6-1261674358e6,329.39,35.0,Hill Orchard
fdd44fb3-e998-4f6b-a093-0e8586c01a2b,2026-08-15,2026-08-15,de2aa412-e109-4bcf-b6e9-9d9ad0b05e22,89414700-a29c-442e-84b4-bd0e350e2a09,cb9f5c0b-1572-402e-8cb6-1261674358e6,380.85,35.0,Hill Orchard
68d7c1f9-ac40-48cf-b366-de49af509886,2026-08-16,2026-08-16,de2aa412-e109-4bcf-b6e9-9d9ad0b05e22,89414700-a29c-442e-84b4-bd0e350e2a09,cb9f5c0b-1572-402e-8cb6-1261674358e6,419.75,35.0,Hill Orchard
2044a42c-4dea-44d4-b211-a125b6c81fb1,2026-08-17,2026-08-17,de2aa412-e109-4bcf-b6e9-9d9ad0b05e22,89414700-a29c-442e-84b4-bd0e350e2a09,cb9f5c0b-1572-402e-8cb6-1261674358e6,279.1,35.0,Hill Orchard
5d08ba09-f150-4555-9757-b547bc52814c,2026-08-18,2026-08-18,de2aa412-e109-4bcf-b6e9-9d9ad0b05e22,89414700-a29c-442e-84b4-bd0e350e2a09,cb9f5c0b-1572-402e-8cb6-1261674358e6,395.37,35.0,Hill Orchard
1df900ad-356b-43dc-8216-579bbd5a6976,2026-08-19,2026-08-19,de2aa412-e109-4bcf-b6e9-9d9ad0b05e22,89414700-a29c-442e-84b4-bd0e350e2a09,cb9f5c0b-1572-402e-8cb6-1261674358e6,244.81,35.0,Hill Orchard
d1b0fbf6-fe40-4c77-930a-8281bee61ad2,2026-08-20,2026-08-20,de2aa412-e109-4bcf-b6e9-9d9ad0b05e22,89414700-a29c-442e-84b4-bd0e350e2a09,cb9f5c0b-1572-402e-8cb6-1261674358e6,458.76,35.0,Hill Orchard
4decdfe2-a6a4-4f5c-9ff3-78f3b3bac6c1,2026-08-21,2026-08-21,de2aa412-e109-4bcf-b6e9-9d9ad0b05e22,89414700-a29c-442e-84b4-bd0e350e2a09,cb9f5c0b-1572-402e-8cb6-1261674358e6,300.57,35.0,Hill Orchard
070e9bde-e1b7-4f73-8fa0-03ad5ff29539,2026-08-22,2026-08-22,de2aa412-e109-4bcf-b6e9-9d9ad0b05e22,89414700-a29c-442e-84b4-bd0e350e2a09,cb9f5c0b-1572-402e-8cb6-1261674358e6,394.26,35.0,Hill Orchard
638d9e99-8f1a-4017-a262-6147cb199671,2026-08-23,2026-08-23,de2aa412-e109-4bcf-b6e9-9d9ad0b05e22,89414700-a29c-442e-84b4-bd0e350e2a09,cb9f5c0b-1572-402e-8cb6-1261674358e6,300.48,35.0,Hill Orchard
7b24d635-4ee5-4028-b612-fad50dffe201,2026-08-24,2026-08-24,de2aa412-e109-4bcf-b6e9-9d9ad0b05e22,89414700-a29c-442e-84b4-bd0e350e2a09,cb9f5c0b-1572-402e-8cb6-1261674358e6,335.32,35.0,Hill Orchard
6cf3d5b9-e865-4472-a01c-5cdf61dfb7a8,2026-08-26,2026-08-26,de2aa412-e109-4bcf-b6e9-9d9ad0b05e22,89414700-a29c-442e-84b4-bd0e350e2a09,cb9f5c0b-1572-402e-8cb6-1261674358e6,386.17,35.0,Hill Orchard
6c65af39-df28-4ebf-b443-cf3af3b81de5,2026-08-27,2026-08-27,de2aa412-e109-4bcf-b6e9-9d9ad0b05e22,89414700-a29c-442e-84b4-bd0e350e2a09,cb9f5c0b-1572-402e-8cb6-1261674358e6,477.21,35.0,Hill Orchard
5e7685f1-a7ed-482c-9768-523412bb3d77,2026-08-29,2026-08-29,de2aa412-e109-4bcf-b6e9-9d9ad0b05e22,89414700-a29c-442e-84b4-bd0e350e2a09,cb9f5c0b-1572-402e-8cb6-1261674358e6,275.98,35.0,Hill Orchard
13a63ba6-add2-4063-8071-c3afc90fafc0,2026-08-30,2026-08-30,de2aa412-e109-4bcf-b6e9-9d9ad0b05e22,89414700-a29c-442e-84b4-bd0e350e2a09,cb9f5c0b-1572-402e-8cb6-1261674358e6,432.57,35.0,Hill Orchard
3af9641a-28f9-426a-8495-87623f25f876,2026-08-31,2026-08-31,de2aa412-e109-4bcf-b6e9-9d9ad0b05e22,89414700-a29c-442e-84b4-bd0e350e2a09,cb9f5c0b-1572-402e-8cb6-1261674358e6,413.11,35.0,Hill Orchard
2d522dff-3725-472e-aedd-d68c2c816e27,2026-09-01,2026-09-01,de2aa412-e109-4bcf-b6e9-9d9ad0b05e22,89414700-a29c-442e-84b4-bd0e350e2a09,cb9f5c0b-1572-402e-8cb6-1261674358e6,340.46,35.0,Hill Orchard
84965087-d714-48d9-b1dd-02615bc0373f,2026-09-02,2026-09-02,de2aa412-e109-4bcf-b6e9-9d9ad0b05e22,89414700-a29c-442e-84b4-bd0e350e2a09,cb9f5c0b-1572-402e-8cb6-1261674358e6,377.29,35.0,Hill Orchard
663dea30-2c92-498d-a9e2-98e7b3c6d7a1,2026-09-04,2026-09-04,de2aa412-e109-4bcf-b6e9-9d9ad0b05e22,89414700-a29c-442e-84b4-bd0e350e2a09,cb9f5c0b-1572-402e-8cb6-1261674358e6,401.25,35.0,Hill Orchard
52344d10-1ce4-449a-b8c1-9ff3a6fae794,2026-09-05,2026-09-05,de2aa412-e109-4bcf-b6e9-9d9ad0b05e22,89414700-a29c-442e-84b4-bd0e350e2a09,cb9f5c0b-1572-402e-8cb6-1261674358e6,450.36,35.0,Hill Orchard
27917701-21c7-4ab5-ba28-55c586d9d22a,2026-09-07,2026-09-07,de2aa412-e109-4bcf-b6e9-9d9ad0b05e22,89414700-a29c-442e-84b4-bd0e350e2a09,cb9f5c0b-1572-402e-8cb6-1261674358e6,283.94,35.0,Hill Orchard
2576e793-dacd-4e19-93ea-600cb9845791,2025-09-08,2025-09-08,b20d8f39-c2e2-4853-a202-6f43e0041828,86c9d449-3f66-41d2-bfdb-d40385eca579,4a7fc09a-aada-4907-ab4e-482c3a6a066a,121.98,42.0,Fresh Dairy Co.
85c140cb-cf32-40f7-bdb1-faf8be2b0b1e,2025-09-14,2025-09-14,b20d8f39-c2e2-4853-a202-6f43e0041828,86c9d449-3f66-41d2-bfdb-d40385eca579,4a7fc09a-aada-4907-ab4e-482c3a6a066a,170.05,42.0,Fresh Dairy Co.
16d1da8f-cb88-4122-a57f-4cb7251d078e,2025-09-20,2025-09-20,b20d8f39-c2e2-4853-a202-6f43e0041828,86c9d449-3f66-41d2-bfdb-d40385eca579,4a7fc09a-aada-4907-ab4e-482c3a6a066a,118.47,42.0,Fresh Dairy Co.
92325ca8-ce00-447b-a135-c5f2026ba346,2025-09-26,2025-09-26,b20d8f39-c2e2-4853-a202-6f43e0041828,86c9d449-3f66-41d2-bfdb-d40385eca579,4a7fc09a-aada-4907-ab4e-482c3a6a066a,158.72,42.0,Fresh Dairy Co.
7a9b8825-8ae9-4034-a363-b22ff198913a,2025-10-02,2025-10-02,b20d8f39-c2e2-4853-a202-6f43e0041828,86c9d449-3f66-41d2-bfdb-d40385eca579,4a7fc09a-aada-4907-ab4e-482c3a6a066a,107.15,42.0,Fresh Dairy Co.
25deca65-9a9b-4f1d-abb4-a9428dce3b14,2025-10-08,2025-10-08,b20d8f39-c2e2-4853-a202-6f43e0041828,86c9d449-3f66-41d2-bfdb-d40385eca579,4a7fc09a-aada-4907-ab4e-482c3a6a066a,155.5,42.0,Fresh Dairy Co.
4e3bcbb5-58e4-47f4-8a24-8a9aa863a016,2025-10-14,2025-10-14,b20d8f39-c2e2-4853-a202-6f43e0041828,86c9d449-3f66-41d2-bfdb-d40385eca579,4a7fc09a-aada-4907-ab4e-482c3a6a066a,155.45,42.0,Fresh Dairy Co.
f9fb1e6d-9e36-4378-a162-df8cb46de454,2025-10-20,2025-10-20,b20d8f39-c2e2-4853-a202-6f43e0041828,86c9d449-3f66-41d2-bfdb-d40385eca579,4a7fc09a-aada-4907-ab4e-482c3a6a066a,149.58,42.0,Fresh Dairy Co.
3d3f4e6a-4240-463b-89e2-87d0ef82d1ad,2025-10-26,2025-10-26,b20d8f39-c2e2-4853-a202-6f43e0041828,86c9d449-3f66-41d2-bfdb-d40385eca579,4a7fc09a-aada-4907-ab4e-482c3a6a066a,149.62,42.0,Fresh Dairy Co.
ce259067-0656-4162-94d3-839606191b61,2025-11-02,2025-11-02,b20d8f39-c2e2-4853-a202-6f43e0041828,86c9d449-3f66-41d2-bfdb-d40385eca579,4a7fc09a-aada-4907-ab4e-482c3a6a066a,153.31,42.0,Fresh Dairy Co.
d3d1e04d-4237-490e-894c-113df8e0884b,2025-11-08,2025-11-08,b20d8f39-c2e2-4853-a202-6f43e0041828,86c9d449-3f66-41d2-bfdb-d40385eca579,4a7fc09a-aada-4907-ab4e-482c3a6a066a,98.11,42.0,Fresh Dairy Co.
707ebd22-5258-499f-badd-e0d746d202a2,2025-11-12,2025-11-12,b20d8f39-c2e2-4853-a202-6f43e0041828,86c9d449-3f66-41d2-bfdb-d40385eca579,4a7fc09a-aada-4907-ab4e-482c3a6a066a,98.98,42.0,Fresh Dairy Co.
fa38738a-d959-40b0-9028-ed23187308b1,2025-11-16,2025-11-16,b20d8f39-c2e2-4853-a202-6f43e0041828,86c9d449-3f66-41d2-bfdb-d40385eca579,4a7fc09a-aada-4907-ab4e-482c3a6a066a,94.13,42.0,Fresh Dairy Co.
d4f7ec53-7ddb-4315-94f6-cb43682a711d,2025-11-21,2025-11-21,b20d8f39-c2e2-4853-a202-6f43e0041828,86c9d449-3f66-41d2-bfdb-d40385eca579,4a7fc09a-aada-4907-ab4e-482c3a6a066a,126.07,42.0,Fresh Dairy Co.
5fe60e7b-3db7-4b29-8dcd-de96d8af3110,2025-11-27,2025-11-27,b20d8f39-c2e2-4853-a202-6f43e0041828,86c9d449-3f66-41d2-bfdb-d40385eca579,4a7fc09a-aada-4907-ab4e-482c3a6a066a,127.44,42.0,Fresh Dairy Co.
0ffc9da3-e4a5-4334-8db7-5fe471cad666,2025-12-02,2025-12-02,b20d8f39-c2e2-4853-a202-6f43e0041828,86c9d449-3f66-41d2-bfdb-d40385eca579,4a7fc09a-aada-4907-ab4e-482c3a6a066a,101.76,42.0,Fresh Dairy Co.
1080935c-d0e1-4cb3-be4f-97cf7395242e,2025-12-06,2025-12-06,b20d8f39-c2e2-4853-a202-6f43e0041828,86c9d449-3f66-41d2-bfdb-d40385eca579,4a7fc09a-aada-4907-ab4e-482c3a6a066a,159.08,42.0,Fresh Dairy Co.
6bee01b2-f7bc-4cfa-b181-235f916ab76b,2025-12-13,2025-12-13,b20d8f39-c2e2-4853-a202-6f43e0041828,86c9d449-3f66-41d2-bfdb-d40385eca579,4a7fc09a-aada-4907-ab4e-482c3a6a066a,140.25,42.0,Fresh Dairy Co.
0587a73c-891f-4423-bee9-f39e124a65db,2025-12-18,2025-12-18,b20d8f39-c2e2-4853-a202-6f43e0041828,86c9d449-3f66-41d2-bfdb-d40385eca579,4a7fc09a-aada-4907-ab4e-482c3a6a066a,177.31,42.0,Fresh Dairy Co.
17c69dab-41d1-4973-8ea6-fd1ce6e48f15,2025-12-25,2025-12-25,b20d8f39-c2e2-4853-a202-6f43e0041828,86c9d449-3f66-41d2-bfdb-d40385eca579,4a7fc09a-aada-4907-ab4e-482c3a6a066a,127.11,42.0,Fresh Dairy Co.
aed72c87-127f-4930-a7c3-99efea4ed61b,2025-12-30,2025-12-30,b20d8f39-c2e2-4853-a202-6f43e0041828,86c9d449-3f66-41d2-bfdb-d40385eca579,4a7fc09a-aada-4907-ab4e-482c3a6a066a,122.7,42.0,Fresh Dairy Co.
a8abfda1-d888-466c-a996-1c2cb07418c0,2026-01-04,2026-01-04,b20d8f39-c2e2-4853-a202-6f43e0041828,86c9d449-3f66-41d2-bfdb-d40385eca579,4a7fc09a-aada-4907-ab4e-482c3a6a066a,109.96,42.0,Fresh Dairy Co.
b75e2924-db44-4077-82b7-25f93be81466,2026-01-09,2026-01-09,b20d8f39-c2e2-4853-a202-6f43e0041828,86c9d449-3f66-41d2-bfdb-d40385eca579,4a7fc09a-aada-4907-ab4e-482c3a6a066a,154.94,42.0,Fresh Dairy Co.
b01db94b-4765-40d6-881c-c96c9a8522d9,2026-01-14,2026-01-14,b20d8f39-c2e2-4853-a202-6f43e0041828,86c9d449-3f66-41d2-bfdb-d40385eca579,4a7fc09a-aada-4907-ab4e-482c3a6a066a,173.4,42.0,Fresh Dairy Co.
ae6e672c-c97e-485a-9d46-a4c1e35a7653,2026-01-21,2026-01-21,b20d8f39-c2e2-4853-a202-6f43e0041828,86c9d449-3f66-41d2-bfdb-d40385eca579,4a7fc09a-aada-4907-ab4e-482c3a6a066a,172.9,42.0,Fresh Dairy Co.
18042078-1416-43a1-9a33-fb9764b7c785,2026-01-27,2026-01-27,b20d8f39-c2e2-4853-a202-6f43e0041828,86c9d449-3f66-41d2-bfdb-d40385eca579,4a7fc09a-aada-4907-ab4e-482c3a6a066a,114.62,42.0,Fresh Dairy Co.
40bad6de-4c10-4320-8d94-90c30e9e8857,2026-02-01,2026-02-01,b20d8f39-c2e2-4853-a202-6f43e0041828,86c9d449-3f66-41d2-bfdb-d40385eca579,4a7fc09a-aada-4907-ab4e-482c3a6a066a,154.07,42.0,Fresh Dairy Co.
5483162e-c06f-4b26-9ac9-76702412cdf1,2026-02-07,2026-02-07,b20d8f39-c2e2-4853-a202-6f43e0041828,86c9d449-3f66-41d2-bfdb-d40385eca579,4a7fc09a-aada-4907-ab4e-482c3a6a066a,119.01,42.0,Fresh Dairy Co.
bc6c80f8-b674-47a8-89cf-5ad1291fe459,2026-02-10,2026-02-10,b20d8f39-c2e2-4853-a202-6f43e0041828,86c9d449-3f66-41d2-bfdb-d40385eca579,4a7fc09a-aada-4907-ab4e-482c3a6a066a,157.31,42.0,Fresh Dairy Co.
cd1baae9-6034-43f1-9f24-0427b88d9c89,2026-02-16,2026-02-16,b20d8f39-c2e2-4853-a202-6f43e0041828,86c9d449-3f66-41d2-bfdb-d40385eca579,4a7fc09a-aada-4907-ab4e-482c3a6a066a,112.55,42.0,Fresh Dairy Co.
d1e51323-ae39-407b-ba59-48174a71c7d7,2026-02-20,2026-02-20,b20d8f39-c2e2-4853-a202-6f43e0041828,86c9d449-3f66-41d2-bfdb-d40385eca579,4a7fc09a-aada-4907-ab4e-482c3a6a066a,156.55,42.0,Fresh Dairy Co.
6db284e2-c4b5-43fa-baff-e2eb5d048df9,2026-02-25,2026-02-25,b20d8f39-c2e2-4853-a202-6f43e0041828,86c9d449-3f66-41d2-bfdb-d40385eca579,4a7fc09a-aada-4907-ab4e-482c3a6a066a,176.1,42.0,Fresh Dairy Co.
fcb50aa4-6a6f-46e7-b372-17c0f194fe1e,2026-03-03,2026-03-03,b20d8f39-c2e2-4853-a202-6f43e0041828,86c9d449-3f66-41d2-bfdb-d40385eca579,4a7fc09a-aada-4907-ab4e-482c3a6a066a,157.96,42.0,Fresh Dairy Co.
ea1355bb-40bf-47ee-8b82-be85e2e43003,2026-03-08,2026-03-08,b20d8f39-c2e2-4853-a202-6f43e0041828,86c9d449-3f66-41d2-bfdb-d40385eca579,4a7fc09a-aada-4907-ab4e-482c3a6a066a,123.95,42.0,Fresh Dairy Co.
f8eb84bd-ec88-45f7-95a2-e1d5c3cc2660,2026-03-13,2026-03-13,b20d8f39-c2e2-4853-a202-6f43e0041828,86c9d449-3f66-41d2-bfdb-d40385eca579,4a7fc09a-aada-4907-ab4e-482c3a6a066a,94.58,42.0,Fresh Dairy Co.
a9496d6a-1101-42de-aad7-e0d3310dbbff,2026-03-16,2026-03-16,b20d8f39-c2e2-4853-a202-6f43e0041828,86c9d449-3f66-41d2-bfdb-d40385eca579,4a7fc09a-aada-4907-ab4e-482c3a6a066a,160.56,42.0,Fresh Dairy Co.
fcc7765b-b7bb-4763-94ae-97f32af57b61,2026-03-21,2026-03-21,b20d8f39-c2e2-4853-a202-6f43e0041828,86c9d449-3f66-41d2-bfdb-d40385eca579,4a7fc09a-aada-4907-ab4e-482c3a6a066a,119.87,42.0,Fresh Dairy Co.
aea551ab-a9a6-4e95-8bad-a589250058b1,2026-03-25,2026-03-25,b20d8f39-c2e2-4853-a202-6f43e0041828,86c9d449-3f66-41d2-bfdb-d40385eca579,4a7fc09a-aada-4907-ab4e-482c3a6a066a,150.2,42.0,Fresh Dairy Co.
c3180984-b3dc-4288-8bcd-b880748f7616,2026-03-30,2026-03-30,b20d8f39-c2e2-4853-a202-6f43e0041828,86c9d449-3f66-41d2-bfdb-d40385eca579,4a7fc09a-aada-4907-ab4e-482c3a6a066a,138.62,42.0,Fresh Dairy Co.
ed53e84c-fc5d-4268-a06a-6ae6bc69a836,2026-04-04,2026-04-04,b20d8f39-c2e2-4853-a202-6f43e0041828,86c9d449-3f66-41d2-bfdb-d40385eca579,4a7fc09a-aada-4907-ab4e-482c3a6a066a,175.34,42.0,Fresh Dairy Co.
0c09fd92-0133-440f-80bf-331bc49eef2c,2026-04-10,2026-04-10,b20d8f39-c2e2-4853-a202-6f43e0041828,86c9d449-3f66-41d2-bfdb-d40385eca579,4a7fc09a-aada-4907-ab4e-482c3a6a066a,177.86,42.0,Fresh Dairy Co.
45bfca59-4ad5-4473-bdd5-01ae7b90b58a,2026-04-15,2026-04-15,b20d8f39-c2e2-4853-a202-6f43e0041828,86c9d449-3f66-41d2-bfdb-d40385eca579,4a7fc09a-aada-4907-ab4e-482c3a6a066a,140.23,42.0,Fresh Dairy Co.
7a00c284-dd5a-4f17-abfc-785caf8e6b91,2026-04-20,2026-04-20,b20d8f39-c2e2-4853-a202-6f43e0041828,86c9d449-3f66-41d2-bfdb-d40385eca579,4a7fc09a-aada-4907-ab4e-482c3a6a066a,145.65,42.0,Fresh Dairy Co.
b100fa39-066f-42c5-9a1b-e854b4307033,2026-04-25,2026-04-25,b20d8f39-c2e2-4853-a202-6f43e0041828,86c9d449-3f66-41d2-bfdb-d40385eca579,4a7fc09a-aada-4907-ab4e-482c3a6a066a,129.39,42.0,Fresh Dairy Co.
de1ac96c-a65a-4601-852a-2244aca03b94,2026-04-30,2026-04-30,b20d8f39-c2e2-4853-a202-6f43e0041828,86c9d449-3f66-41d2-bfdb-d40385eca579,4a7fc09a-aada-4907-ab4e-482c3a6a066a,150.96,42.0,Fresh Dairy Co.
08ba6905-2f4e-4c46-af03-6bbc03ade345,2026-05-05,2026-05-05,b20d8f39-c2e2-4853-a202-6f43e0041828,86c9d449-3f66-41d2-bfdb-d40385eca579,4a7fc09a-aada-4907-ab4e-482c3a6a066a,138.34,42.0,Fresh Dairy Co.
0e9511ce-59bc-45fe-bfdd-53578799930b,2026-05-10,2026-05-10,b20d8f39-c2e2-4853-a202-6f43e0041828,86c9d449-3f66-41d2-bfdb-d40385eca579,4a7fc09a-aada-4907-ab4e-482c3a6a066a,165.13,42.0,Fresh Dairy Co.
ad1fddc9-af37-4dd3-95f3-f6d626f137ac,2026-05-15,2026-05-15,b20d8f39-c2e2-4853-a202-6f43e0041828,86c9d449-3f66-41d2-bfdb-d40385eca579,4a7fc09a-aada-4907-ab4e-482c3a6a066a,96.06,42.0,Fresh Dairy Co.
c60644ca-825b-485c-985e-33b03073b485,2026-05-19,2026-05-19,b20d8f39-c2e2-4853-a202-6f43e0041828,86c9d449-3f66-41d2-bfdb-d40385eca579,4a7fc09a-aada-4907-ab4e-482c3a6a066a,171.01,42.0,Fresh Dairy Co.
a7fad7bc-b26b-4eab-8ebb-53fd63e1e10e,2026-05-24,2026-05-24,b20d8f39-c2e2-4853-a202-6f43e0041828,86c9d449-3f66-41d2-bfdb-d40385eca579,4a7fc09a-aada-4907-ab4e-482c3a6a066a,112.16,42.0,Fresh Dairy Co.
6f5c1a21-9fc5-4941-84f3-f9615574f689,2026-05-29,2026-05-29,b20d8f39-c2e2-4853-a202-6f43e0041828,86c9d449-3f66-41d2-bfdb-d40385eca579,4a7fc09a-aada-4907-ab4e-482c3a6a066a,139.65,42.0,Fresh Dairy Co.
09890db5-b0a4-41fc-bbbb-8d978893eb86,2026-06-03,2026-06-03,b20d8f39-c2e2-4853-a202-6f43e0041828,86c9d449-3f66-41d2-bfdb-d40385eca579,4a7fc09a-aada-4907-ab4e-482c3a6a066a,91.68,42.0,Fresh Dairy Co.
22f551d8-6c35-4da2-becf-cff553642fb4,2026-06-06,2026-06-06,b20d8f39-c2e2-4853-a202-6f43e0041828,86c9d449-3f66-41d2-bfdb-d40385eca579,4a7fc09a-aada-4907-ab4e-482c3a6a066a,139.64,42.0,Fresh Dairy Co.
2a8e0e73-22ff-4994-9128-a53d6b832584,2026-06-11,2026-06-11,b20d8f39-c2e2-4853-a202-6f43e0041828,86c9d449-3f66-41d2-bfdb-d40385eca579,4a7fc09a-aada-4907-ab4e-482c3a6a066a,135.94,42.0,Fresh Dairy Co.
0162947d-3faa-4c1e-b624-54ccb3c01a08,2026-06-16,2026-06-16,b20d8f39-c2e2-4853-a202-6f43e0041828,86c9d449-3f66-41d2-bfdb-d40385eca579,4a7fc09a-aada-4907-ab4e-482c3a6a066a,175.38,42.0,Fresh Dairy Co.
9fe70c48-5c75-4910-ab6e-b51e980efdba,2026-06-22,2026-06-22,b20d8f39-c2e2-4853-a202-6f43e0041828,86c9d449-3f66-41d2-bfdb-d40385eca579,4a7fc09a-aada-4907-ab4e-482c3a6a066a,122.51,42.0,Fresh Dairy Co.
e24d8024-4833-4702-97b3-64d4284c65b3,2026-06-27,2026-06-27,b20d8f39-c2e2-4853-a202-6f43e0041828,86c9d449-3f66-41d2-bfdb-d40385eca579,4a7fc09a-aada-4907-ab4e-482c3a6a066a,138.99,42.0,Fresh Dairy Co.
2b21d1d9-5ed4-4744-ad89-8a545212990d,2026-07-02,2026-07-02,b20d8f39-c2e2-4853-a202-6f43e0041828,86c9d449-3f66-41d2-bfdb-d40385eca579,4a7fc09a-aada-4907-ab4e-482c3a6a066a,168.09,42.0,Fresh Dairy Co.
77c7dc8c-eaac-488a-ba72-123d0b372926,2026-07-08,2026-07-08,b20d8f39-c2e2-4853-a202-6f43e0041828,86c9d449-3f66-41d2-bfdb-d40385eca579,4a7fc09a-aada-4907-ab4e-482c3a6a066a,100.65,42.0,Fresh Dairy Co.
f19d3df7-0d56-41bf-b87b-eba5dbec4c8e,2026-07-12,2026-07-12,b20d8f39-c2e2-4853-a202-6f43e0041828,86c9d449-3f66-41d2-bfdb-d40385eca579,4a7fc09a-aada-4907-ab4e-482c3a6a066a,92.02,42.0,Fresh Dairy Co.
84f686d4-c274-4863-81d8-5e1e6bbd1be1,2026-07-16,2026-07-16,b20d8f39-c2e2-4853-a202-6f43e0041828,86c9d449-3f66-41d2-bfdb-d40385eca579,4a7fc09a-aada-4907-ab4e-482c3a6a066a,106.2,42.0,Fresh Dairy Co.
0fa8aae6-940a-4ad3-8472-65264762bc80,2026-07-20,2026-07-20,b20d8f39-c2e2-4853-a202-6f43e0041828,86c9d449-3f66-41d2-bfdb-d40385eca579,4a7fc09a-aada-4907-ab4e-482c3a6a066a,130.43,42.0,Fresh Dairy Co.
bf518149-3da2-478c-89a9-ea30be2be7d6,2026-07-26,2026-07-26,b20d8f39-c2e2-4853-a202-6f43e0041828,86c9d449-3f66-41d2-bfdb-d40385eca579,4a7fc09a-aada-4907-ab4e-482c3a6a066a,130.81,42.0,Fresh Dairy Co.
7fa064b3-341e-4f0e-b3b6-ea69124bdacf,2026-08-01,2026-08-01,b20d8f39-c2e2-4853-a202-6f43e0041828,86c9d449-3f66-41d2-bfdb-d40385eca579,4a7fc09a-aada-4907-ab4e-482c3a6a066a,93.51,42.0,Fresh Dairy Co.
86b43b11-fc46-4634-b855-3c27d60b4af8,2026-08-05,2026-08-05,b20d8f39-c2e2-4853-a202-6f43e0041828,86c9d449-3f66-41d2-bfdb-d40385eca579,4a7fc09a-aada-4907-ab4e-482c3a6a066a,159.74,42.0,Fresh Dairy Co.
d77fe892-95d7-4624-8dc9-f9f1d5ff4d8e,2026-08-12,2026-08-12,b20d8f39-c2e2-4853-a202-6f43e0041828,86c9d449-3f66-41d2-bfdb-d40385eca579,4a7fc09a-aada-4907-ab4e-482c3a6a066a,102.05,42.0,Fresh Dairy Co.
2c644cbb-8f10-46be-a73c-57512dbfd2fd,2026-08-16,2026-08-16,b20d8f39-c2e2-4853-a202-6f43e0041828,86c9d449-3f66-41d2-bfdb-d40385eca579,4a7fc09a-aada-4907-ab4e-482c3a6a066a,161.05,42.0,Fresh Dairy Co.
b96deca6-35b4-4f20-b4a5-f25382d9d924,2026-08-23,2026-08-23,b20d8f39-c2e2-4853-a202-6f43e0041828,86c9d449-3f66-41d2-bfdb-d40385eca579,4a7fc09a-aada-4907-ab4e-482c3a6a066a,151.25,42.0,Fresh Dairy Co.
9031f504-f902-4472-a776-0350583d9be8,2026-08-28,2026-08-28,b20d8f39-c2e2-4853-a202-6f43e0041828,86c9d449-3f66-41d2-bfdb-d40385eca579,4a7fc09a-aada-4907-ab4e-482c3a6a066a,152.94,42.0,Fresh Dairy Co.
c606cfae-2fb5-4dd1-a16d-a1dccfb4298b,2026-08-30,2026-08-30,b20d8f39-c2e2-4853-a202-6f43e0041828,86c9d449-3f66-41d2-bfdb-d40385eca579,4a7fc09a-aada-4907-ab4e-482c3a6a066a,153.61,42.0,Fresh Dairy Co.
4a0258d3-20d4-4db4-a603-c62f893368a9,2026-09-01,2026-09-01,b20d8f39-c2e2-4853-a202-6f43e0041828,86c9d449-3f66-41d2-bfdb-d40385eca579,4a7fc09a-aada-4907-ab4e-482c3a6a066a,129.18,42.0,Fresh Dairy Co.
edcf4343-3941-4549-9a4d-af847279838b,2026-09-03,2026-09-03,b20d8f39-c2e2-4853-a202-6f43e0041828,86c9d449-3f66-41d2-bfdb-d40385eca579,4a7fc09a-aada-4907-ab4e-482c3a6a066a,145.26,42.0,Fresh Dairy Co.
306405ba-215e-426d-919f-cd76399a7864,2026-09-04,2026-09-04,b20d8f39-c2e2-4853-a202-6f43e0041828,86c9d449-3f66-41d2-bfdb-d40385eca579,4a7fc09a-aada-4907-ab4e-482c3a6a066a,175.11,42.0,Fresh Dairy Co.
d8bc75f4-03e9-4cb6-bf2e-deb2f2df6076,2026-09-05,2026-09-05,b20d8f39-c2e2-4853-a202-6f43e0041828,86c9d449-3f66-41d2-bfdb-d40385eca579,4a7fc09a-aada-4907-ab4e-482c3a6a066a,108.15,42.0,Fresh Dairy Co.
a607ddf1-9785-4c6d-abfc-1c66f3e16cae,2026-09-06,2026-09-06,b20d8f39-c2e2-4853-a202-6f43e0041828,86c9d449-3f66-41d2-bfdb-d40385eca579,4a7fc09a-aada-4907-ab4e-482c3a6a066a,93.02,42.0,Fresh Dairy Co.
f4a2cb94-4c45-44ec-999f-feab03bd19c3,2026-09-07,2026-09-07,b20d8f39-c2e2-4853-a202-6f43e0041828,86c9d449-3f66-41d2-bfdb-d40385eca579,4a7fc09a-aada-4907-ab4e-482c3a6a066a,105.25,42.0,Fresh Dairy Co.
19f014e7-6529-4cf4-9603-f64e5f87bd81,2025-09-08,2025-09-08,b20d8f39-c2e2-4853-a202-6f43e0041828,89414700-a29c-442e-84b4-bd0e350e2a09,2d57c11e-6346-4143-8899-4862ca78dad5,46.3,35.0,Hill Orchard
1c010ad0-a06d-4caa-b064-4072b733c8d2,2025-09-12,2025-09-12,b20d8f39-c2e2-4853-a202-6f43e0041828,89414700-a29c-442e-84b4-bd0e350e2a09,2d57c11e-6346-4143-8899-4862ca78dad5,43.61,35.0,Hill Orchard
087c25bb-058d-4110-88ec-7c8c7d5b9b80,2025-09-16,2025-09-16,b20d8f39-c2e2-4853-a202-6f43e0041828,89414700-a29c-442e-84b4-bd0e350e2a09,2d57c11e-6346-4143-8899-4862ca78dad5,77.19,35.0,Hill Orchard
9df653cb-5c50-48e5-a1d0-75025846f9b4,2025-09-24,2025-09-24,b20d8f39-c2e2-4853-a202-6f43e0041828,89414700-a29c-442e-84b4-bd0e350e2a09,2d57c11e-6346-4143-8899-4862ca78dad5,70.3,35.0,Hill Orchard
824cebef-3aab-448c-a19a-f363d5adb817,2025-10-01,2025-10-01,b20d8f39-c2e2-4853-a202-6f43e0041828,89414700-a29c-442e-84b4-bd0e350e2a09,2d57c11e-6346-4143-8899-4862ca78dad5,40.39,35.0,Hill Orchard
2dfb3c49-dc80-4e71-ad2f-8eb3f2e18aa5,2025-10-04,2025-10-04,b20d8f39-c2e2-4853-a202-6f43e0041828,89414700-a29c-442e-84b4-bd0e350e2a09,2d57c11e-6346-4143-8899-4862ca78dad5,77.26,35.0,Hill Orchard
ff7da085-8e51-4e95-a27f-e9b7f0bdd5db,2025-10-12,2025-10-12,b20d8f39-c2e2-4853-a202-6f43e0041828,89414700-a29c-442e-84b4-bd0e350e2a09,2d57c11e-6346-4143-8899-4862ca78dad5,44.27,35.0,Hill Orchard
36a6f7c0-9109-4465-8e9c-25ca1cf49e93,2025-10-16,2025-10-16,b20d8f39-c2e2-4853-a202-6f43e0041828,89414700-a29c-442e-84b4-bd0e350e2a09,2d57c11e-6346-4143-8899-4862ca78dad5,64.83,35.0,Hill Orchard
6881b258-7639-4530-930a-2607d82fa337,2025-10-23,2025-10-23,b20d8f39-c2e2-4853-a202-6f43e0041828,89414700-a29c-442e-84b4-bd0e350e2a09,2d57c11e-6346-4143-8899-4862ca78dad5,60.1,35.0,Hill Orchard
d30c90b3-4656-4cef-a845-8bdc6a71e6cf,2025-10-28,2025-10-28,b20d8f39-c2e2-4853-a202-6f43e0041828,89414700-a29c-442e-84b4-bd0e350e2a09,2d57c11e-6346-4143-8899-4862ca78dad5,53.02,35.0,Hill Orchard
1f9899a6-d075-4104-a473-5495e10dd4ea,2025-11-02,2025-11-02,b20d8f39-c2e2-4853-a202-6f43e0041828,89414700-a29c-442e-84b4-bd0e350e2a09,2d57c11e-6346-4143-8899-4862ca78dad5,54.89,35.0,Hill Orchard
467706c8-8106-4c4c-abaf-218f0fc79253,2025-11-08,2025-11-08,b20d8f39-c2e2-4853-a202-6f43e0041828,89414700-a29c-442e-84b4-bd0e350e2a09,2d57c11e-6346-4143-8899-4862ca78dad5,78.37,35.0,Hill Orchard
2c811276-3fd7-4297-a677-22cc109f917c,2025-11-15,2025-11-15,b20d8f39-c2e2-4853-a202-6f43e0041828,89414700-a29c-442e-84b4-bd0e350e2a09,2d57c11e-6346-4143-8899-4862ca78dad5,42.4,35.0,Hill Orchard
90fa44f8-7eb8-4acd-bdbd-1b214b69dbbe,2025-11-19,2025-11-19,b20d8f39-c2e2-4853-a202-6f43e0041828,89414700-a29c-442e-84b4-bd0e350e2a09,2d57c11e-6346-4143-8899-4862ca78dad5,50.31,35.0,Hill Orchard
e67b4dd1-aeae-48e7-b9bc-9c89af48b668,2025-11-24,2025-11-24,b20d8f39-c2e2-4853-a202-6f43e0041828,89414700-a29c-442e-84b4-bd0e350e2a09,2d57c11e-6346-4143-8899-4862ca78dad5,66.93,35.0,Hill Orchard
3a55049c-995a-4350-8d3d-be94a10edf08,2025-12-01,2025-12-01,b20d8f39-c2e2-4853-a202-6f43e0041828,89414700-a29c-442e-84b4-bd0e350e2a09,2d57c11e-6346-4143-8899-4862ca78dad5,46.48,35.0,Hill Orchard
084f665e-fa64-4b78-b752-fc9523cd7813,2025-12-05,2025-12-05,b20d8f39-c2e2-4853-a202-6f43e0041828,89414700-a29c-442e-84b4-bd0e350e2a09,2d57c11e-6346-4143-8899-4862ca78dad5,54.53,35.0,Hill Orchard
c07ead86-1b1d-4366-82e4-09726c3a8d44,2025-12-10,2025-12-10,b20d8f39-c2e2-4853-a202-6f43e0041828,89414700-a29c-442e-84b4-bd0e350e2a09,2d57c11e-6346-4143-8899-4862ca78dad5,46.68,35.0,Hill Orchard
e8c29d79-8466-4f90-a765-531ff530780b,2025-12-15,2025-12-15,b20d8f39-c2e2-4853-a202-6f43e0041828,89414700-a29c-442e-84b4-bd0e350e2a09,2d57c11e-6346-4143-8899-4862ca78dad5,66.19,35.0,Hill Orchard
4b6fa65d-24e5-4a7b-9a19-d4cae30a856a,2025-12-21,2025-12-21,b20d8f39-c2e2-4853-a202-6f43e0041828,89414700-a29c-442e-84b4-bd0e350e2a09,2d57c11e-6346-4143-8899-4862ca78dad5,79.0,35.0,Hill Orchard
fec7e363-b97b-4c2e-8ae0-5b700b4b2331,2025-12-27,2025-12-27,b20d8f39-c2e2-4853-a202-6f43e0041828,89414700-a29c-442e-84b4-bd0e350e2a09,2d57c11e-6346-4143-8899-4862ca78dad5,52.39,35.0,Hill Orchard
b847d8b1-6a78-42be-8f00-00f16d448c01,2026-01-01,2026-01-01,b20d8f39-c2e2-4853-a202-6f43e0041828,89414700-a29c-442e-84b4-bd0e350e2a09,2d57c11e-6346-4143-8899-4862ca78dad5,53.76,35.0,Hill Orchard
299d2a8c-f5f2-4a48-91b6-e47f28045b10,2026-01-05,2026-01-05,b20d8f39-c2e2-4853-a202-6f43e0041828,89414700-a29c-442e-84b4-bd0e350e2a09,2d57c11e-6346-4143-8899-4862ca78dad5,49.25,35.0,Hill Orchard
e561d11b-b89b-4f7a-992f-6c71f4e4ae03,2026-01-09,2026-01-09,b20d8f39-c2e2-4853-a202-6f43e0041828,89414700-a29c-442e-84b4-bd0e350e2a09,2d57c11e-6346-4143-8899-4862ca78dad5,55.13,35.0,Hill Orchard
8c43b45a-357a-453b-9265-0308ba6df663,2026-01-14,2026-01-14,b20d8f39-c2e2-4853-a202-6f43e0041828,89414700-a29c-442e-84b4-bd0e350e2a09,2d57c11e-6346-4143-8899-4862ca78dad5,56.52,35.0,Hill Orchard
4cac9b25-63ee-4212-8e4d-d80e7590c73e,2026-01-19,2026-01-19,b20d8f39-c2e2-4853-a202-6f43e0041828,89414700-a29c-442e-84b4-bd0e350e2a09,2d57c11e-6346-4143-8899-4862ca78dad5,61.4,35.0,Hill Orchard
43827e4d-6975-435e-a19d-6adeb7aef366,2026-01-24,2026-01-24,b20d8f39-c2e2-4853-a202-6f43e0041828,89414700-a29c-442e-84b4-bd0e350e2a09,2d57c11e-6346-4143-8899-4862ca78dad5,71.98,35.0,Hill Orchard
2a9e4301-6bb8-41be-8e77-10bb8f7b6968,2026-01-30,2026-01-30,b20d8f39-c2e2-4853-a202-6f43e0041828,89414700-a29c-442e-84b4-bd0e350e2a09,2d57c11e-6346-4143-8899-4862ca78dad5,72.69,35.0,Hill Orchard
21893e67-9512-4e21-9195-0646019dcb43,2026-02-05,2026-02-05,b20d8f39-c2e2-4853-a202-6f43e0041828,89414700-a29c-442e-84b4-bd0e350e2a09,2d57c11e-6346-4143-8899-4862ca78dad5,58.91,35.0,Hill Orchard
49d3fbf0-3f6f-4642-8ebb-d7b4f8c8ea71,2026-02-09,2026-02-09,b20d8f39-c2e2-4853-a202-6f43e0041828,89414700-a29c-442e-84b4-bd0e350e2a09,2d57c11e-6346-4143-8899-4862ca78dad5,65.54,35.0,Hill Orchard
a0c6691b-cd07-4284-acf0-9389dc0edc99,2026-02-15,2026-02-15,b20d8f39-c2e2-4853-a202-6f43e0041828,89414700-a29c-442e-84b4-bd0e350e2a09,2d57c11e-6346-4143-8899-4862ca78dad5,41.68,35.0,Hill Orchard
ad5092c9-2cce-4567-8e79-c6d18e3c0859,2026-02-18,2026-02-18,b20d8f39-c2e2-4853-a202-6f43e0041828,89414700-a29c-442e-84b4-bd0e350e2a09,2d57c11e-6346-4143-8899-4862ca78dad5,43.66,35.0,Hill Orchard
a8d4d2c3-5395-4330-b982-c5a07d1aef1e,2026-02-21,2026-02-21,b20d8f39-c2e2-4853-a202-6f43e0041828,89414700-a29c-442e-84b4-bd0e350e2a09,2d57c11e-6346-4143-8899-4862ca78dad5,68.05,35.0,Hill Orchard
5031ceca-e8e6-4672-96e8-720e0791f2d6,2026-02-26,2026-02-26,b20d8f39-c2e2-4853-a202-6f43e0041828,89414700-a29c-442e-84b4-bd0e350e2a09,2d57c11e-6346-4143-8899-4862ca78dad5,54.33,35.0,Hill Orchard
abb191e5-12d3-4f3c-a4a9-675811b0bf0f,2026-03-03,2026-03-03,b20d8f39-c2e2-4853-a202-6f43e0041828,89414700-a29c-442e-84b4-bd0e350e2a09,2d57c11e-6346-4143-8899-4862ca78dad5,51.01,35.0,Hill Orchard
0681e32c-5d4c-437f-a036-da00b3a29120,2026-03-07,2026-03-07,b20d8f39-c2e2-4853-a202-6f43e0041828,89414700-a29c-442e-84b4-bd0e350e2a09,2d57c11e-6346-4143-8899-4862ca78dad5,40.03,35.0,Hill Orchard
f9700028-8520-4aa5-81c8-0087ad574d45,2026-03-10,2026-03-10,b20d8f39-c2e2-4853-a202-6f43e0041828,89414700-a29c-442e-84b4-bd0e350e2a09,2d57c11e-6346-4143-8899-4862ca78dad5,49.55,35.0,Hill Orchard
39047137-b313-4cb4-b227-cab1d11ac30e,2026-03-15,2026-03-15,b20d8f39-c2e2-4853-a202-6f43e0041828,89414700-a29c-442e-84b4-bd0e350e2a09,2d57c11e-6346-4143-8899-4862ca78dad5,44.42,35.0,Hill Orchard
20ed3581-87b1-473e-9f1e-feb4761315d0,2026-03-18,2026-03-18,b20d8f39-c2e2-4853-a202-6f43e0041828,89414700-a29c-442e-84b4-bd0e350e2a09,2d57c11e-6346-4143-8899-4862ca78dad5,59.41,35.0,Hill Orchard
49970a28-a918-4a94-8772-1b394f330906,2026-03-23,2026-03-23,b20d8f39-c2e2-4853-a202-6f43e0041828,89414700-a29c-442e-84b4-bd0e350e2a09,2d57c11e-6346-4143-8899-4862ca78dad5,77.21,35.0,Hill Orchard
6f95bdea-b016-4ea8-81ec-49a45e0d4e9f,2026-03-29,2026-03-29,b20d8f39-c2e2-4853-a202-6f43e0041828,89414700-a29c-442e-84b4-bd0e350e2a09,2d57c11e-6346-4143-8899-4862ca78dad5,50.63,35.0,Hill Orchard
ce60452e-7cba-49fa-b267-6056a6664c4f,2026-04-01,2026-04-01,b20d8f39-c2e2-4853-a202-6f43e0041828,89414700-a29c-442e-84b4-bd0e350e2a09,2d57c11e-6346-4143-8899-4862ca78dad5,69.01,35.0,Hill Orchard
14bbbe93-bf72-4053-813f-7214eef1de55,2026-04-06,2026-04-06,b20d8f39-c2e2-4853-a202-6f43e0041828,89414700-a29c-442e-84b4-bd0e350e2a09,2d57c11e-6346-4143-8899-4862ca78dad5,54.32,35.0,Hill Orchard
df8494bf-c731-41ae-b70d-fb1991152917,2026-04-11,2026-04-11,b20d8f39-c2e2-4853-a202-6f43e0041828,89414700-a29c-442e-84b4-bd0e350e2a09,2d57c11e-6346-4143-8899-4862ca78dad5,54.09,35.0,Hill Orchard
48315128-40eb-4ea9-8042-eb3c798120f5,2026-04-16,2026-04-16,b20d8f39-c2e2-4853-a202-6f43e0041828,89414700-a29c-442e-84b4-bd0e350e2a09,2d57c11e-6346-4143-8899-4862ca78dad5,70.63,35.0,Hill Orchard
d92df710-9414-49bd-994f-0ea1e443b684,2026-04-21,2026-04-21,b20d8f39-c2e2-4853-a202-6f43e0041828,89414700-a29c-442e-84b4-bd0e350e2a09,2d57c11e-6346-4143-8899-4862ca78dad5,52.07,35.0,Hill Orchard
7fcd66af-2708-4ec0-9c36-8609f317c873,2026-04-26,2026-04-26,b20d8f39-c2e2-4853-a202-6f43e0041828,89414700-a29c-442e-84b4-bd0e350e2a09,2d57c11e-6346-4143-8899-4862ca78dad5,46.19,35.0,Hill Orchard
af9ed013-5055-4387-9b8c-dbd444a47931,2026-04-29,2026-04-29,b20d8f39-c2e2-4853-a202-6f43e0041828,89414700-a29c-442e-84b4-bd0e350e2a09,2d57c11e-6346-4143-8899-4862ca78dad5,72.44,35.0,Hill Orchard
37494257-bfc6-4a6f-8de2-6c68f9fa9abb,2026-05-05,2026-05-05,b20d8f39-c2e2-4853-a202-6f43e0041828,89414700-a29c-442e-84b4-bd0e350e2a09,2d57c11e-6346-4143-8899-4862ca78dad5,52.02,35.0,Hill Orchard
23605859-c711-4102-8022-38cf907bf12a,2026-05-09,2026-05-09,b20d8f39-c2e2-4853-a202-6f43e0041828,89414700-a29c-442e-84b4-bd0e350e2a09,2d57c11e-6346-4143-8899-4862ca78dad5,74.71,35.0,Hill Orchard
a2a195cb-bb04-4c9b-bdd0-40e30275c7de,2026-05-15,2026-05-15,b20d8f39-c2e2-4853-a202-6f43e0041828,89414700-a29c-442e-84b4-bd0e350e2a09,2d57c11e-6346-4143-8899-4862ca78dad5,48.83,35.0,Hill Orchard
51dd4764-7083-4cf4-bd60-9c87b44a4e36,2026-05-18,2026-05-18,b20d8f39-c2e2-4853-a202-6f43e0041828,89414700-a29c-442e-84b4-bd0e350e2a09,2d57c11e-6346-4143-8899-4862ca78dad5,48.88,35.0,Hill Orchard
ad42c8dc-d6d5-4f17-93ae-ece9b02feb62,2026-05-22,2026-05-22,b20d8f39-c2e2-4853-a202-6f43e0041828,89414700-a29c-442e-84b4-bd0e350e2a09,2d57c11e-6346-4143-8899-4862ca78dad5,60.07,35.0,Hill Orchard
fd4d1278-bedc-41a7-8fb4-02148d707c61,2026-05-28,2026-05-28,b20d8f39-c2e2-4853-a202-6f43e0041828,89414700-a29c-442e-84b4-bd0e350e2a09,2d57c11e-6346-4143-8899-4862ca78dad5,52.94,35.0,Hill Orchard
6f7cc6c6-6c55-4903-9616-49208d059569,2026-06-01,2026-06-01,b20d8f39-c2e2-4853-a202-6f43e0041828,89414700-a29c-442e-84b4-bd0e350e2a09,2d57c11e-6346-4143-8899-4862ca78dad5,52.19,35.0,Hill Orchard
dcd61632-3dec-4c31-935b-f6041e264136,2026-06-06,2026-06-06,b20d8f39-c2e2-4853-a202-6f43e0041828,89414700-a29c-442e-84b4-bd0e350e2a09,2d57c11e-6346-4143-8899-4862ca78dad5,74.11,35.0,Hill Orchard
7b91ff6b-e66c-4214-b03a-6754c964a2e4,2026-06-12,2026-06-12,b20d8f39-c2e2-4853-a202-6f43e0041828,89414700-a29c-442e-84b4-bd0e350e2a09,2d57c11e-6346-4143-8899-4862ca78dad5,61.52,35.0,Hill Orchard
c8e72d90-3ef3-4495-9193-ab312d284f29,2026-06-17,2026-06-17,b20d8f39-c2e2-4853-a202-6f43e0041828,89414700-a29c-442e-84b4-bd0e350e2a09,2d57c11e-6346-4143-8899-4862ca78dad5,41.74,35.0,Hill Orchard
22551ffb-613f-4755-be6c-e6deae3123e3,2026-06-21,2026-06-21,b20d8f39-c2e2-4853-a202-6f43e0041828,89414700-a29c-442e-84b4-bd0e350e2a09,2d57c11e-6346-4143-8899-4862ca78dad5,50.85,35.0,Hill Orchard
4571df62-fca3-49d5-a3ee-4ca721acc661,2026-06-25,2026-06-25,b20d8f39-c2e2-4853-a202-6f43e0041828,89414700-a29c-442e-84b4-bd0e350e2a09,2d57c11e-6346-4143-8899-4862ca78dad5,79.06,35.0,Hill Orchard
63d3871e-786b-4d42-a49d-b7375c609880,2026-07-02,2026-07-02,b20d8f39-c2e2-4853-a202-6f43e0041828,89414700-a29c-442e-84b4-bd0e350e2a09,2d57c11e-6346-4143-8899-4862ca78dad5,53.87,35.0,Hill Orchard
abf0df69-0ba3-429e-b853-0b5f1ad624ea,2026-07-07,2026-07-07,b20d8f39-c2e2-4853-a202-6f43e0041828,89414700-a29c-442e-84b4-bd0e350e2a09,2d57c11e-6346-4143-8899-4862ca78dad5,41.18,35.0,Hill Orchard
53862a31-1f4e-492d-99de-da3577cf0210,2026-07-11,2026-07-11,b20d8f39-c2e2-4853-a202-6f43e0041828,89414700-a29c-442e-84b4-bd0e350e2a09,2d57c11e-6346-4143-8899-4862ca78dad5,64.5,35.0,Hill Orchard
dff4aaf9-435a-4e26-b1eb-92b6df73088f,2026-07-16,2026-07-16,b20d8f39-c2e2-4853-a202-6f43e0041828,89414700-a29c-442e-84b4-bd0e350e2a09,2d57c11e-6346-4143-8899-4862ca78dad5,61.65,35.0,Hill Orchard
f3c2b457-761a-40c8-8deb-221a8e122660,2026-07-22,2026-07-22,b20d8f39-c2e2-4853-a202-6f43e0041828,89414700-a29c-442e-84b4-bd0e350e2a09,2d57c11e-6346-4143-8899-4862ca78dad5,62.29,35.0,Hill Orchard
ef9977f7-fc2e-4b72-bb92-f6be0b35ba36,2026-07-28,2026-07-28,b20d8f39-c2e2-4853-a202-6f43e0041828,89414700-a29c-442e-84b4-bd0e350e2a09,2d57c11e-6346-4143-8899-4862ca78dad5,77.33,35.0,Hill Orchard
cfce89ed-2fab-4b20-88b8-e1f8e36411b0,2026-08-04,2026-08-04,b20d8f39-c2e2-4853-a202-6f43e0041828,89414700-a29c-442e-84b4-bd0e350e2a09,2d57c11e-6346-4143-8899-4862ca78dad5,60.09,35.0,Hill Orchard
bb96fc4f-670c-430e-84f6-4ba14464cf2a,2026-08-09,2026-08-09,b20d8f39-c2e2-4853-a202-6f43e0041828,89414700-a29c-442e-84b4-bd0e350e2a09,2d57c11e-6346-4143-8899-4862ca78dad5,50.79,35.0,Hill Orchard
60d6c6ee-9312-4bb1-8646-43c1c0b42c56,2026-08-14,2026-08-14,b20d8f39-c2e2-4853-a202-6f43e0041828,89414700-a29c-442e-84b4-bd0e350e2a09,2d57c11e-6346-4143-8899-4862ca78dad5,58.3,35.0,Hill Orchard
fcb8ef1d-0a90-4a18-a10d-13cd720884fd,2026-08-20,2026-08-20,b20d8f39-c2e2-4853-a202-6f43e0041828,89414700-a29c-442e-84b4-bd0e350e2a09,2d57c11e-6346-4143-8899-4862ca78dad5,60.83,35.0,Hill Orchard
909b4034-6129-4833-89e2-720590cf9a77,2026-08-26,2026-08-26,b20d8f39-c2e2-4853-a202-6f43e0041828,89414700-a29c-442e-84b4-bd0e350e2a09,2d57c11e-6346-4143-8899-4862ca78dad5,55.92,35.0,Hill Orchard
00b1a435-94cb-4a0d-bb55-432ca6ae231e,2026-08-31,2026-08-31,b20d8f39-c2e2-4853-a202-6f43e0041828,89414700-a29c-442e-84b4-bd0e350e2a09,2d57c11e-6346-4143-8899-4862ca78dad5,68.91,35.0,Hill Orchard
cc63a427-1f47-4861-9b8c-96843211b30f,2026-09-06,2026-09-06,b20d8f39-c2e2-4853-a202-6f43e0041828,89414700-a29c-442e-84b4-bd0e350e2a09,2d57c11e-6346-4143-8899-4862ca78dad5,76.29,35.0,Hill Orchard
e22d1e5c-bce2-4503-ab5a-e789a451c371,2025-09-08,2025-09-08,de2aa412-e109-4bcf-b6e9-9d9ad0b05e22,b84574d4-874a-4bc8-8811-bf540d30bb51,94cd1867-dce6-43e8-b50d-43da76700549,332.18,0.0,Unknown Supplier
dd22f290-fab1-4453-b0c3-e40589c1d72a,2025-09-13,2025-09-13,de2aa412-e109-4bcf-b6e9-9d9ad0b05e22,b84574d4-874a-4bc8-8811-bf540d30bb51,94cd1867-dce6-43e8-b50d-43da76700549,448.52,0.0,Unknown Supplier
4177957c-e700-4fbc-a889-d314a143aa10,2025-09-20,2025-09-20,de2aa412-e109-4bcf-b6e9-9d9ad0b05e22,b84574d4-874a-4bc8-8811-bf540d30bb51,94cd1867-dce6-43e8-b50d-43da76700549,370.44,0.0,Unknown Supplier
60c299ef-27b4-422a-9b2d-64453755484e,2025-09-26,2025-09-26,de2aa412-e109-4bcf-b6e9-9d9ad0b05e22,b84574d4-874a-4bc8-8811-bf540d30bb51,94cd1867-dce6-43e8-b50d-43da76700549,438.06,0.0,Unknown Supplier
83c85b5c-34cb-4e64-ac71-38d124b008c4,2025-10-03,2025-10-03,de2aa412-e109-4bcf-b6e9-9d9ad0b05e22,b84574d4-874a-4bc8-8811-bf540d30bb51,94cd1867-dce6-43e8-b50d-43da76700549,405.96,0.0,Unknown Supplier
734cc964-3214-49ec-b9d8-b2dd16a85fd8,2025-10-10,2025-10-10,de2aa412-e109-4bcf-b6e9-9d9ad0b05e22,b84574d4-874a-4bc8-8811-bf540d30bb51,94cd1867-dce6-43e8-b50d-43da76700549,272.29,0.0,Unknown Supplier
5356dfee-6f51-4d2a-bd8e-d171c76b2e40,2025-10-14,2025-10-14,de2aa412-e109-4bcf-b6e9-9d9ad0b05e22,b84574d4-874a-4bc8-8811-bf540d30bb51,94cd1867-dce6-43e8-b50d-43da76700549,390.95,0.0,Unknown Supplier
2ea05a11-8352-42e3-a40a-252bbd9a84fb,2025-10-21,2025-10-21,de2aa412-e109-4bcf-b6e9-9d9ad0b05e22,b84574d4-874a-4bc8-8811-bf540d30bb51,94cd1867-dce6-43e8-b50d-43da76700549,391.65,0.0,Unknown Supplier
e71bb868-7bc3-4cc7-b1c7-2c063a6dd260,2025-10-27,2025-10-27,de2aa412-e109-4bcf-b6e9-9d9ad0b05e22,b84574d4-874a-4bc8-8811-bf540d30bb51,94cd1867-dce6-43e8-b50d-43da76700549,339.37,0.0,Unknown Supplier
7a844227-f70a-410f-b6f0-b1b711004c65,2025-11-01,2025-11-01,de2aa412-e109-4bcf-b6e9-9d9ad0b05e22,b84574d4-874a-4bc8-8811-bf540d30bb51,94cd1867-dce6-43e8-b50d-43da76700549,241.47,0.0,Unknown Supplier
91f52b0a-5489-4054-84f1-de90ad8f755b,2025-11-06,2025-11-06,de2aa412-e109-4bcf-b6e9-9d9ad0b05e22,b84574d4-874a-4bc8-8811-bf540d30bb51,94cd1867-dce6-43e8-b50d-43da76700549,431.34,0.0,Unknown Supplier
d949aaab-9036-4155-bc2f-cb2df33a6f6c,2025-11-13,2025-11-13,de2aa412-e109-4bcf-b6e9-9d9ad0b05e22,b84574d4-874a-4bc8-8811-bf540d30bb51,94cd1867-dce6-43e8-b50d-43da76700549,289.98,0.0,Unknown Supplier
bd47ebc0-85c3-49b2-bd1d-cc5fe8b115d3,2025-11-18,2025-11-18,de2aa412-e109-4bcf-b6e9-9d9ad0b05e22,b84574d4-874a-4bc8-8811-bf540d30bb51,94cd1867-dce6-43e8-b50d-43da76700549,377.04,0.0,Unknown Supplier
e9dccb7e-f4d6-4652-ade1-350ba2f2dc74,2025-11-23,2025-11-23,de2aa412-e109-4bcf-b6e9-9d9ad0b05e22,b84574d4-874a-4bc8-8811-bf540d30bb51,94cd1867-dce6-43e8-b50d-43da76700549,348.46,0.0,Unknown Supplier
1295409a-5986-4cad-bf72-5acb38fe9dd4,2025-11-29,2025-11-29,de2aa412-e109-4bcf-b6e9-9d9ad0b05e22,b84574d4-874a-4bc8-8811-bf540d30bb51,94cd1867-dce6-43e8-b50d-43da76700549,461.67,0.0,Unknown Supplier
e7f01632-35c1-4377-98f8-6ca261334d87,2025-12-06,2025-12-06,de2aa412-e109-4bcf-b6e9-9d9ad0b05e22,b84574d4-874a-4bc8-8811-bf540d30bb51,94cd1867-dce6-43e8-b50d-43da76700549,463.76,0.0,Unknown Supplier
42ffedba-7e5f-436f-a8ab-13d73838510e,2025-12-13,2025-12-13,de2aa412-e109-4bcf-b6e9-9d9ad0b05e22,b84574d4-874a-4bc8-8811-bf540d30bb51,94cd1867-dce6-43e8-b50d-43da76700549,316.6,0.0,Unknown Supplier
5df462c4-d8a1-418e-a306-0a3e073c09d8,2025-12-18,2025-12-18,de2aa412-e109-4bcf-b6e9-9d9ad0b05e22,b84574d4-874a-4bc8-8811-bf540d30bb51,94cd1867-dce6-43e8-b50d-43da76700549,273.97,0.0,Unknown Supplier
70754bda-e0a7-47b8-914f-7a7e60c55f2a,2025-12-22,2025-12-22,de2aa412-e109-4bcf-b6e9-9d9ad0b05e22,b84574d4-874a-4bc8-8811-bf540d30bb51,94cd1867-dce6-43e8-b50d-43da76700549,352.98,0.0,Unknown Supplier
9cedaff8-0262-45e9-9915-036eb19b76d1,2025-12-27,2025-12-27,de2aa412-e109-4bcf-b6e9-9d9ad0b05e22,b84574d4-874a-4bc8-8811-bf540d30bb51,94cd1867-dce6-43e8-b50d-43da76700549,314.99,0.0,Unknown Supplier
a09aa10e-7913-4f27-a470-623f9b9c5235,2026-01-01,2026-01-01,de2aa412-e109-4bcf-b6e9-9d9ad0b05e22,b84574d4-874a-4bc8-8811-bf540d30bb51,94cd1867-dce6-43e8-b50d-43da76700549,352.39,0.0,Unknown Supplier
91cf3156-35f6-4fab-ba90-b80e069c9c0e,2026-01-05,2026-01-05,de2aa412-e109-4bcf-b6e9-9d9ad0b05e22,b84574d4-874a-4bc8-8811-bf540d30bb51,94cd1867-dce6-43e8-b50d-43da76700549,459.09,0.0,Unknown Supplier
6824554e-b6ff-45b5-bdca-ee09a6cebeac,2026-01-11,2026-01-11,de2aa412-e109-4bcf-b6e9-9d9ad0b05e22,b84574d4-874a-4bc8-8811-bf540d30bb51,94cd1867-dce6-43e8-b50d-43da76700549,385.07,0.0,Unknown Supplier
fbe954af-fd16-4325-9fca-819de9f41bd6,2026-01-17,2026-01-17,de2aa412-e109-4bcf-b6e9-9d9ad0b05e22,b84574d4-874a-4bc8-8811-bf540d30bb51,94cd1867-dce6-43e8-b50d-43da76700549,473.73,0.0,Unknown Supplier
5524eee9-4f23-47a0-934f-f7e0fd0fa074,2026-01-23,2026-01-23,de2aa412-e109-4bcf-b6e9-9d9ad0b05e22,b84574d4-874a-4bc8-8811-bf540d30bb51,94cd1867-dce6-43e8-b50d-43da76700549,377.81,0.0,Unknown Supplier
562bf8c0-fe4e-400d-8d33-48e5d419abab,2026-01-28,2026-01-28,de2aa412-e109-4bcf-b6e9-9d9ad0b05e22,b84574d4-874a-4bc8-8811-bf540d30bb51,94cd1867-dce6-43e8-b50d-43da76700549,425.12,0.0,Unknown Supplier
0d6e6ad7-9fbd-4697-9255-1ad41cb2fd13,2026-02-02,2026-02-02,de2aa412-e109-4bcf-b6e9-9d9ad0b05e22,b84574d4-874a-4bc8-8811-bf540d30bb51,94cd1867-dce6-43e8-b50d-43da76700549,275.81,0.0,Unknown Supplier
23f67398-f4d3-412f-8b4b-c0d231a87e95,2026-02-06,2026-02-06,de2aa412-e109-4bcf-b6e9-9d9ad0b05e22,b84574d4-874a-4bc8-8811-bf540d30bb51,94cd1867-dce6-43e8-b50d-43da76700549,313.09,0.0,Unknown Supplier
dce24b15-7ce2-49fe-8ed9-3bddc0ffa69f,2026-02-11,2026-02-11,de2aa412-e109-4bcf-b6e9-9d9ad0b05e22,b84574d4-874a-4bc8-8811-bf540d30bb51,94cd1867-dce6-43e8-b50d-43da76700549,328.61,0.0,Unknown Supplier
122dab75-432a-4984-a626-a780ec791a53,2026-02-15,2026-02-15,de2aa412-e109-4bcf-b6e9-9d9ad0b05e22,b84574d4-874a-4bc8-8811-bf540d30bb51,94cd1867-dce6-43e8-b50d-43da76700549,408.53,0.0,Unknown Supplier
d65bf1b0-e1fa-46bc-b0a3-d66e416dbc42,2026-02-21,2026-02-21,de2aa412-e109-4bcf-b6e9-9d9ad0b05e22,b84574d4-874a-4bc8-8811-bf540d30bb51,94cd1867-dce6-43e8-b50d-43da76700549,479.39,0.0,Unknown Supplier
0af534ec-afb5-454e-a4c2-79006f6ed143,2026-02-28,2026-02-28,de2aa412-e109-4bcf-b6e9-9d9ad0b05e22,b84574d4-874a-4bc8-8811-bf540d30bb51,94cd1867-dce6-43e8-b50d-43da76700549,342.17,0.0,Unknown Supplier
d5060ebd-7f47-46ae-81c8-82e9838e382a,2026-03-04,2026-03-04,de2aa412-e109-4bcf-b6e9-9d9ad0b05e22,b84574d4-874a-4bc8-8811-bf540d30bb51,94cd1867-dce6-43e8-b50d-43da76700549,443.23,0.0,Unknown Supplier
cad87354-b0a6-419b-bd0f-6928942a113e,2026-03-10,2026-03-10,de2aa412-e109-4bcf-b6e9-9d9ad0b05e22,b84574d4-874a-4bc8-8811-bf540d30bb51,94cd1867-dce6-43e8-b50d-43da76700549,415.51,0.0,Unknown Supplier
b2b502b5-70cf-4a69-b67f-5f4e45ff9125,2026-03-15,2026-03-15,de2aa412-e109-4bcf-b6e9-9d9ad0b05e22,b84574d4-874a-4bc8-8811-bf540d30bb51,94cd1867-dce6-43e8-b50d-43da76700549,258.74,0.0,Unknown Supplier
68f7cfe3-39c7-465d-84ce-8c067687ceb4,2026-03-19,2026-03-19,de2aa412-e109-4bcf-b6e9-9d9ad0b05e22,b84574d4-874a-4bc8-8811-bf540d30bb51,94cd1867-dce6-43e8-b50d-43da76700549,352.62,0.0,Unknown Supplier
81c45520-81db-4fb2-ac6f-88dc6aae6097,2026-03-23,2026-03-23,de2aa412-e109-4bcf-b6e9-9d9ad0b05e22,b84574d4-874a-4bc8-8811-bf540d30bb51,94cd1867-dce6-43e8-b50d-43da76700549,414.47,0.0,Unknown Supplier
79eda65d-f36f-4b50-b328-9d916bff2ae8,2026-03-29,2026-03-29,de2aa412-e109-4bcf-b6e9-9d9ad0b05e22,b84574d4-874a-4bc8-8811-bf540d30bb51,94cd1867-dce6-43e8-b50d-43da76700549,306.68,0.0,Unknown Supplier
0142e1c0-434f-44e2-97c1-4b76b302ab92,2026-04-03,2026-04-03,de2aa412-e109-4bcf-b6e9-9d9ad0b05e22,b84574d4-874a-4bc8-8811-bf540d30bb51,94cd1867-dce6-43e8-b50d-43da76700549,302.7,0.0,Unknown Supplier
00ac9292-f0c3-4f97-a10f-c33a022b809b,2026-04-07,2026-04-07,de2aa412-e109-4bcf-b6e9-9d9ad0b05e22,b84574d4-874a-4bc8-8811-bf540d30bb51,94cd1867-dce6-43e8-b50d-43da76700549,277.0,0.0,Unknown Supplier
5a8ad83e-ebb8-422e-84e2-10a5eb8826c5,2026-04-11,2026-04-11,de2aa412-e109-4bcf-b6e9-9d9ad0b05e22,b84574d4-874a-4bc8-8811-bf540d30bb51,94cd1867-dce6-43e8-b50d-43da76700549,322.82,0.0,Unknown Supplier
89dcd263-748c-40e0-b625-b0a41f22509b,2026-04-15,2026-04-15,de2aa412-e109-4bcf-b6e9-9d9ad0b05e22,b84574d4-874a-4bc8-8811-bf540d30bb51,94cd1867-dce6-43e8-b50d-43da76700549,367.8,0.0,Unknown Supplier
344f7e6a-3f3b-449c-bfbb-7a742811ee7b,2026-04-20,2026-04-20,de2aa412-e109-4bcf-b6e9-9d9ad0b05e22,b84574d4-874a-4bc8-8811-bf540d30bb51,94cd1867-dce6-43e8-b50d-43da76700549,403.89,0.0,Unknown Supplier
3929ddf9-e12f-4df5-8e9f-10e4d2da7a04,2026-04-25,2026-04-25,de2aa412-e109-4bcf-b6e9-9d9ad0b05e22,b84574d4-874a-4bc8-8811-bf540d30bb51,94cd1867-dce6-43e8-b50d-43da76700549,397.04,0.0,Unknown Supplier
6a8f92dd-c905-4183-a86a-6836726aa0d3,2026-04-30,2026-04-30,de2aa412-e109-4bcf-b6e9-9d9ad0b05e22,b84574d4-874a-4bc8-8811-bf540d30bb51,94cd1867-dce6-43e8-b50d-43da76700549,401.47,0.0,Unknown Supplier
e6d486a2-bb5f-4b35-9171-7c34f6da10c6,2026-05-05,2026-05-05,de2aa412-e109-4bcf-b6e9-9d9ad0b05e22,b84574d4-874a-4bc8-8811-bf540d30bb51,94cd1867-dce6-43e8-b50d-43da76700549,465.24,0.0,Unknown Supplier
fcfc3b96-6d48-43d1-9592-b738496008c5,2026-05-11,2026-05-11,de2aa412-e109-4bcf-b6e9-9d9ad0b05e22,b84574d4-874a-4bc8-8811-bf540d30bb51,94cd1867-dce6-43e8-b50d-43da76700549,455.04,0.0,Unknown Supplier
bca1f50d-07b7-4060-9639-24cf7d7b60bb,2026-05-17,2026-05-17,de2aa412-e109-4bcf-b6e9-9d9ad0b05e22,b84574d4-874a-4bc8-8811-bf540d30bb51,94cd1867-dce6-43e8-b50d-43da76700549,257.76,0.0,Unknown Supplier
929c5960-1cac-4222-befa-bbcae84f624a,2026-05-20,2026-05-20,de2aa412-e109-4bcf-b6e9-9d9ad0b05e22,b84574d4-874a-4bc8-8811-bf540d30bb51,94cd1867-dce6-43e8-b50d-43da76700549,345.74,0.0,Unknown Supplier
a9627acf-dcbd-46b5-b449-6aab21671ffc,2026-05-25,2026-05-25,de2aa412-e109-4bcf-b6e9-9d9ad0b05e22,b84574d4-874a-4bc8-8811-bf540d30bb51,94cd1867-dce6-43e8-b50d-43da76700549,411.7,0.0,Unknown Supplier
6ed5fa90-10a6-4d79-b745-77b44d642ebe,2026-05-31,2026-05-31,de2aa412-e109-4bcf-b6e9-9d9ad0b05e22,b84574d4-874a-4bc8-8811-bf540d30bb51,94cd1867-dce6-43e8-b50d-43da76700549,457.11,0.0,Unknown Supplier
1e7699f7-f7b9-4774-9593-ae46ed61fc60,2026-06-06,2026-06-06,de2aa412-e109-4bcf-b6e9-9d9ad0b05e22,b84574d4-874a-4bc8-8811-bf540d30bb51,94cd1867-dce6-43e8-b50d-43da76700549,355.7,0.0,Unknown Supplier
41d1594f-57ae-4f46-992c-7fc2ed6318fd,2026-06-10,2026-06-10,de2aa412-e109-4bcf-b6e9-9d9ad0b05e22,b84574d4-874a-4bc8-8811-bf540d30bb51,94cd1867-dce6-43e8-b50d-43da76700549,368.31,0.0,Unknown Supplier
22da0d89-0ed8-48d1-871f-39ea4cd2d6a2,2026-06-15,2026-06-15,de2aa412-e109-4bcf-b6e9-9d9ad0b05e22,b84574d4-874a-4bc8-8811-bf540d30bb51,94cd1867-dce6-43e8-b50d-43da76700549,455.15,0.0,Unknown Supplier
5f39d139-6fb4-4db2-89ab-751646518807,2026-06-21,2026-06-21,de2aa412-e109-4bcf-b6e9-9d9ad0b05e22,b84574d4-874a-4bc8-8811-bf540d30bb51,94cd1867-dce6-43e8-b50d-43da76700549,313.86,0.0,Unknown Supplier
b73b7330-4351-442b-89fc-9bb5cbf6bd23,2026-06-26,2026-06-26,de2aa412-e109-4bcf-b6e9-9d9ad0b05e22,b84574d4-874a-4bc8-8811-bf540d30bb51,94cd1867-dce6-43e8-b50d-43da76700549,400.16,0.0,Unknown Supplier
d7430757-56c9-4ae9-8025-bc2029bdf168,2026-07-01,2026-07-01,de2aa412-e109-4bcf-b6e9-9d9ad0b05e22,b84574d4-874a-4bc8-8811-bf540d30bb51,94cd1867-dce6-43e8-b50d-43da76700549,460.32,0.0,Unknown Supplier
f3df8851-bb71-45ec-95b1-591190cf91c2,2026-07-08,2026-07-08,de2aa412-e109-4bcf-b6e9-9d9ad0b05e22,b84574d4-874a-4bc8-8811-bf540d30bb51,94cd1867-dce6-43e8-b50d-43da76700549,292.94,0.0,Unknown Supplier
6a1e989a-fb60-4e60-a168-17ec9383a889,2026-07-12,2026-07-12,de2aa412-e109-4bcf-b6e9-9d9ad0b05e22,b84574d4-874a-4bc8-8811-bf540d30bb51,94cd1867-dce6-43e8-b50d-43da76700549,272.96,0.0,Unknown Supplier
de784ffe-efef-4498-b6d7-74496411267f,2026-07-17,2026-07-17,de2aa412-e109-4bcf-b6e9-9d9ad0b05e22,b84574d4-874a-4bc8-8811-bf540d30bb51,94cd1867-dce6-43e8-b50d-43da76700549,345.28,0.0,Unknown Supplier
83d5e03f-79b7-4a64-aa9c-735a482991b6,2026-07-22,2026-07-22,de2aa412-e109-4bcf-b6e9-9d9ad0b05e22,b84574d4-874a-4bc8-8811-bf540d30bb51,94cd1867-dce6-43e8-b50d-43da76700549,261.39,0.0,Unknown Supplier
3c38e9e7-1205-4480-afee-f63b6086b580,2026-07-26,2026-07-26,de2aa412-e109-4bcf-b6e9-9d9ad0b05e22,b84574d4-874a-4bc8-8811-bf540d30bb51,94cd1867-dce6-43e8-b50d-43da76700549,365.54,0.0,Unknown Supplier
91e65a7a-767e-4a6d-8e5c-be90cea48132,2026-08-01,2026-08-01,de2aa412-e109-4bcf-b6e9-9d9ad0b05e22,b84574d4-874a-4bc8-8811-bf540d30bb51,94cd1867-dce6-43e8-b50d-43da76700549,268.2,0.0,Unknown Supplier
6807a350-5ec0-4637-a98c-b0847649106e,2026-08-05,2026-08-05,de2aa412-e109-4bcf-b6e9-9d9ad0b05e22,b84574d4-874a-4bc8-8811-bf540d30bb51,94cd1867-dce6-43e8-b50d-43da76700549,306.34,0.0,Unknown Supplier
e4839307-8664-4a09-80f9-7ed915e77e53,2026-08-09,2026-08-09,de2aa412-e109-4bcf-b6e9-9d9ad0b05e22,b84574d4-874a-4bc8-8811-bf540d30bb51,94cd1867-dce6-43e8-b50d-43da76700549,394.77,0.0,Unknown Supplier
91b30349-cddf-441b-a2d1-3786b1e74e48,2026-08-15,2026-08-15,de2aa412-e109-4bcf-b6e9-9d9ad0b05e22,b84574d4-874a-4bc8-8811-bf540d30bb51,94cd1867-dce6-43e8-b50d-43da76700549,454.82,0.0,Unknown Supplier
dded595f-665a-4ad3-b7a0-08ef96b03a26,2026-08-22,2026-08-22,de2aa412-e109-4bcf-b6e9-9d9ad0b05e22,b84574d4-874a-4bc8-8811-bf540d30bb51,94cd1867-dce6-43e8-b50d-43da76700549,356.26,0.0,Unknown Supplier
29ee358a-9c99-497a-b40d-2a2b1c8b1321,2026-08-28,2026-08-28,de2aa412-e109-4bcf-b6e9-9d9ad0b05e22,b84574d4-874a-4bc8-8811-bf540d30bb51,94cd1867-dce6-43e8-b50d-43da76700549,444.4,0.0,Unknown Supplier
06065157-b47c-43d9-b1ae-dcaa6493cdc1,2026-08-30,2026-08-30,de2aa412-e109-4bcf-b6e9-9d9ad0b05e22,b84574d4-874a-4bc8-8811-bf540d30bb51,94cd1867-dce6-43e8-b50d-43da76700549,393.12,0.0,Unknown Supplier
9d545058-68a3-456e-a6e7-bf584200da82,2026-08-31,2026-08-31,de2aa412-e109-4bcf-b6e9-9d9ad0b05e22,b84574d4-874a-4bc8-8811-bf540d30bb51,94cd1867-dce6-43e8-b50d-43da76700549,445.2,0.0,Unknown Supplier
85789b9a-52e9-472a-be4c-8989ae68b4ae,2026-09-02,2026-09-02,de2aa412-e109-4bcf-b6e9-9d9ad0b05e22,b84574d4-874a-4bc8-8811-bf540d30bb51,94cd1867-dce6-43e8-b50d-43da76700549,307.0,0.0,Unknown Supplier
e64ed145-9501-4486-8098-1968ffd35562,2026-09-03,2026-09-03,de2aa412-e109-4bcf-b6e9-9d9ad0b05e22,b84574d4-874a-4bc8-8811-bf540d30bb51,94cd1867-dce6-43e8-b50d-43da76700549,318.55,0.0,Unknown Supplier
33cd1080-7f13-478f-aca9-153e24e39fd3,2026-09-04,2026-09-04,de2aa412-e109-4bcf-b6e9-9d9ad0b05e22,b84574d4-874a-4bc8-8811-bf540d30bb51,94cd1867-dce6-43e8-b50d-43da76700549,275.75,0.0,Unknown Supplier
2a204d43-d2cc-4c2c-bc69-b30e1a43f43b,2026-09-05,2026-09-05,de2aa412-e109-4bcf-b6e9-9d9ad0b05e22,b84574d4-874a-4bc8-8811-bf540d30bb51,94cd1867-dce6-43e8-b50d-43da76700549,249.61,0.0,Unknown Supplier
8e1028fa-a54c-4898-a7e4-8a39317bc249,2026-09-06,2026-09-06,de2aa412-e109-4bcf-b6e9-9d9ad0b05e22,b84574d4-874a-4bc8-8811-bf540d30bb51,94cd1867-dce6-43e8-b50d-43da76700549,367.47,0.0,Unknown Supplier
6787b2e4-42e8-4aca-b25e-4e1c73c43f18,2026-09-07,2026-09-07,de2aa412-e109-4bcf-b6e9-9d9ad0b05e22,b84574d4-874a-4bc8-8811-bf540d30bb51,94cd1867-dce6-43e8-b50d-43da76700549,348.59,0.0,Unknown Supplier
7d9f1173-6da6-4102-a1b4-0b4101b16a50,2025-09-08,2025-09-08,de2aa412-e109-4bcf-b6e9-9d9ad0b05e22,7bd8bcc0-f3ca-44ed-80bc-c680e6693617,80ee4eab-d83d-4306-b05c-82f63a06d1a4,207.81,0.0,Unknown Supplier
03423534-649b-4c43-b202-0266b5ca32aa,2025-09-14,2025-09-14,de2aa412-e109-4bcf-b6e9-9d9ad0b05e22,7bd8bcc0-f3ca-44ed-80bc-c680e6693617,80ee4eab-d83d-4306-b05c-82f63a06d1a4,212.62,0.0,Unknown Supplier
11d19f28-00b3-481b-8115-7e0582cf45d0,2025-09-21,2025-09-21,de2aa412-e109-4bcf-b6e9-9d9ad0b05e22,7bd8bcc0-f3ca-44ed-80bc-c680e6693617,80ee4eab-d83d-4306-b05c-82f63a06d1a4,185.09,0.0,Unknown Supplier
c5764b51-0913-450b-a2d3-308fca6aa223,2025-09-27,2025-09-27,de2aa412-e109-4bcf-b6e9-9d9ad0b05e22,7bd8bcc0-f3ca-44ed-80bc-c680e6693617,80ee4eab-d83d-4306-b05c-82f63a06d1a4,163.87,0.0,Unknown Supplier
1bba8022-0192-4f0a-88d8-ada5355167a0,2025-10-02,2025-10-02,de2aa412-e109-4bcf-b6e9-9d9ad0b05e22,7bd8bcc0-f3ca-44ed-80bc-c680e6693617,80ee4eab-d83d-4306-b05c-82f63a06d1a4,189.61,0.0,Unknown Supplier
edd6c619-f73a-42de-acea-4f9c0b2faac0,2025-10-08,2025-10-08,de2aa412-e109-4bcf-b6e9-9d9ad0b05e22,7bd8bcc0-f3ca-44ed-80bc-c680e6693617,80ee4eab-d83d-4306-b05c-82f63a06d1a4,134.73,0.0,Unknown Supplier
d999d15c-2dec-4197-ae17-16135c76d3be,2025-10-13,2025-10-13,de2aa412-e109-4bcf-b6e9-9d9ad0b05e22,7bd8bcc0-f3ca-44ed-80bc-c680e6693617,80ee4eab-d83d-4306-b05c-82f63a06d1a4,227.03,0.0,Unknown Supplier
049426ad-652f-4af4-81f1-954dd4e94f3c,2025-10-20,2025-10-20,de2aa412-e109-4bcf-b6e9-9d9ad0b05e22,7bd8bcc0-f3ca-44ed-80bc-c680e6693617,80ee4eab-d83d-4306-b05c-82f63a06d1a4,184.97,0.0,Unknown Supplier
c1156bc6-d413-492b-be37-863b801440c7,2025-10-26,2025-10-26,de2aa412-e109-4bcf-b6e9-9d9ad0b05e22,7bd8bcc0-f3ca-44ed-80bc-c680e6693617,80ee4eab-d83d-4306-b05c-82f63a06d1a4,197.53,0.0,Unknown Supplier
3eeac98a-0a87-4398-aa8e-8f8fa695fb4f,2025-11-02,2025-11-02,de2aa412-e109-4bcf-b6e9-9d9ad0b05e22,7bd8bcc0-f3ca-44ed-80bc-c680e6693617,80ee4eab-d83d-4306-b05c-82f63a06d1a4,162.37,0.0,Unknown Supplier
8dad7e86-1cdf-4cee-8a41-92e271b571b4,2025-11-07,2025-11-07,de2aa412-e109-4bcf-b6e9-9d9ad0b05e22,7bd8bcc0-f3ca-44ed-80bc-c680e6693617,80ee4eab-d83d-4306-b05c-82f63a06d1a4,148.55,0.0,Unknown Supplier
19261bc3-9953-40e6-80f8-4bd9c95525ad,2025-11-12,2025-11-12,de2aa412-e109-4bcf-b6e9-9d9ad0b05e22,7bd8bcc0-f3ca-44ed-80bc-c680e6693617,80ee4eab-d83d-4306-b05c-82f63a06d1a4,184.78,0.0,Unknown Supplier
6c1d9d12-c447-4f6e-8d03-44ccf5863ec2,2025-11-17,2025-11-17,de2aa412-e109-4bcf-b6e9-9d9ad0b05e22,7bd8bcc0-f3ca-44ed-80bc-c680e6693617,80ee4eab-d83d-4306-b05c-82f63a06d1a4,237.07,0.0,Unknown Supplier
a88c62b5-219a-477f-a8a6-7266fc084387,2025-11-24,2025-11-24,de2aa412-e109-4bcf-b6e9-9d9ad0b05e22,7bd8bcc0-f3ca-44ed-80bc-c680e6693617,80ee4eab-d83d-4306-b05c-82f63a06d1a4,136.73,0.0,Unknown Supplier
b34e825b-11e9-4ef7-a58e-27946fd1b69c,2025-11-28,2025-11-28,de2aa412-e109-4bcf-b6e9-9d9ad0b05e22,7bd8bcc0-f3ca-44ed-80bc-c680e6693617,80ee4eab-d83d-4306-b05c-82f63a06d1a4,190.01,0.0,Unknown Supplier
9dffd3c2-c799-489b-98d2-38299ea570fa,2025-12-04,2025-12-04,de2aa412-e109-4bcf-b6e9-9d9ad0b05e22,7bd8bcc0-f3ca-44ed-80bc-c680e6693617,80ee4eab-d83d-4306-b05c-82f63a06d1a4,233.21,0.0,Unknown Supplier
fba62181-7535-49bf-bbae-09fccd765d1e,2025-12-11,2025-12-11,de2aa412-e109-4bcf-b6e9-9d9ad0b05e22,7bd8bcc0-f3ca-44ed-80bc-c680e6693617,80ee4eab-d83d-4306-b05c-82f63a06d1a4,216.44,0.0,Unknown Supplier
479454f9-0793-4f5a-8f32-799e25f0d76a,2025-12-17,2025-12-17,de2aa412-e109-4bcf-b6e9-9d9ad0b05e22,7bd8bcc0-f3ca-44ed-80bc-c680e6693617,80ee4eab-d83d-4306-b05c-82f63a06d1a4,127.93,0.0,Unknown Supplier
d8dde55b-ff3b-43d4-8766-d6b45dc6c6ff,2025-12-21,2025-12-21,de2aa412-e109-4bcf-b6e9-9d9ad0b05e22,7bd8bcc0-f3ca-44ed-80bc-c680e6693617,80ee4eab-d83d-4306-b05c-82f63a06d1a4,210.63,0.0,Unknown Supplier
27b22d76-ebaa-4681-9e24-21f2e1b02cd0,2025-12-28,2025-12-28,de2aa412-e109-4bcf-b6e9-9d9ad0b05e22,7bd8bcc0-f3ca-44ed-80bc-c680e6693617,80ee4eab-d83d-4306-b05c-82f63a06d1a4,220.11,0.0,Unknown Supplier
bda3073b-d368-47eb-996a-bb41a35b43d9,2026-01-03,2026-01-03,de2aa412-e109-4bcf-b6e9-9d9ad0b05e22,7bd8bcc0-f3ca-44ed-80bc-c680e6693617,80ee4eab-d83d-4306-b05c-82f63a06d1a4,189.73,0.0,Unknown Supplier
57aa06c2-ca5c-404e-bfd2-73e9fac6a63b,2026-01-09,2026-01-09,de2aa412-e109-4bcf-b6e9-9d9ad0b05e22,7bd8bcc0-f3ca-44ed-80bc-c680e6693617,80ee4eab-d83d-4306-b05c-82f63a06d1a4,225.4,0.0,Unknown Supplier
f1f237c0-1379-4400-9158-d3e73d254308,2026-01-15,2026-01-15,de2aa412-e109-4bcf-b6e9-9d9ad0b05e22,7bd8bcc0-f3ca-44ed-80bc-c680e6693617,80ee4eab-d83d-4306-b05c-82f63a06d1a4,131.34,0.0,Unknown Supplier
7ade4eb3-36d8-4e46-8513-018617d6047d,2026-01-19,2026-01-19,de2aa412-e109-4bcf-b6e9-9d9ad0b05e22,7bd8bcc0-f3ca-44ed-80bc-c680e6693617,80ee4eab-d83d-4306-b05c-82f63a06d1a4,131.5,0.0,Unknown Supplier
42900f29-45f0-4f4c-972c-feeb5da6f8ab,2026-01-23,2026-01-23,de2aa412-e109-4bcf-b6e9-9d9ad0b05e22,7bd8bcc0-f3ca-44ed-80bc-c680e6693617,80ee4eab-d83d-4306-b05c-82f63a06d1a4,132.29,0.0,Unknown Supplier
f14e7377-982d-431b-8dd3-d6e837c4dbea,2026-01-27,2026-01-27,de2aa412-e109-4bcf-b6e9-9d9ad0b05e22,7bd8bcc0-f3ca-44ed-80bc-c680e6693617,80ee4eab-d83d-4306-b05c-82f63a06d1a4,186.13,0.0,Unknown Supplier
6eb042c9-da99-4f46-9cdd-40d84fdb4de0,2026-01-31,2026-01-31,de2aa412-e109-4bcf-b6e9-9d9ad0b05e22,7bd8bcc0-f3ca-44ed-80bc-c680e6693617,80ee4eab-d83d-4306-b05c-82f63a06d1a4,163.51,0.0,Unknown Supplier
728a243c-9e1b-4763-8bdd-b065cbc2fbb2,2026-02-04,2026-02-04,de2aa412-e109-4bcf-b6e9-9d9ad0b05e22,7bd8bcc0-f3ca-44ed-80bc-c680e6693617,80ee4eab-d83d-4306-b05c-82f63a06d1a4,146.68,0.0,Unknown Supplier
63ff5c3a-9f49-4d13-a889-8dc30f746908,2026-02-08,2026-02-08,de2aa412-e109-4bcf-b6e9-9d9ad0b05e22,7bd8bcc0-f3ca-44ed-80bc-c680e6693617,80ee4eab-d83d-4306-b05c-82f63a06d1a4,129.33,0.0,Unknown Supplier
0591cfca-473d-4ae5-8c01-5c6125f031eb,2026-02-11,2026-02-11,de2aa412-e109-4bcf-b6e9-9d9ad0b05e22,7bd8bcc0-f3ca-44ed-80bc-c680e6693617,80ee4eab-d83d-4306-b05c-82f63a06d1a4,127.11,0.0,Unknown Supplier
be30ff8b-2186-4b15-b5fa-3962809e0c19,2026-02-15,2026-02-15,de2aa412-e109-4bcf-b6e9-9d9ad0b05e22,7bd8bcc0-f3ca-44ed-80bc-c680e6693617,80ee4eab-d83d-4306-b05c-82f63a06d1a4,228.14,0.0,Unknown Supplier
c9f0eca0-47f2-48d8-8371-e7ed14021d68,2026-02-21,2026-02-21,de2aa412-e109-4bcf-b6e9-9d9ad0b05e22,7bd8bcc0-f3ca-44ed-80bc-c680e6693617,80ee4eab-d83d-4306-b05c-82f63a06d1a4,131.89,0.0,Unknown Supplier
541a5d76-1a4f-4f3b-a37f-3a4d84fde7d4,2026-02-24,2026-02-24,de2aa412-e109-4bcf-b6e9-9d9ad0b05e22,7bd8bcc0-f3ca-44ed-80bc-c680e6693617,80ee4eab-d83d-4306-b05c-82f63a06d1a4,184.46,0.0,Unknown Supplier
641e55a1-89f7-461b-8a2f-c680872f837b,2026-03-01,2026-03-01,de2aa412-e109-4bcf-b6e9-9d9ad0b05e22,7bd8bcc0-f3ca-44ed-80bc-c680e6693617,80ee4eab-d83d-4306-b05c-82f63a06d1a4,162.58,0.0,Unknown Supplier
be47a5ca-66bc-4fdd-bafb-8db812fa3ef4,2026-03-05,2026-03-05,de2aa412-e109-4bcf-b6e9-9d9ad0b05e22,7bd8bcc0-f3ca-44ed-80bc-c680e6693617,80ee4eab-d83d-4306-b05c-82f63a06d1a4,211.47,0.0,Unknown Supplier
1217ea60-f281-486d-b407-ba193117b0b1,2026-03-10,2026-03-10,de2aa412-e109-4bcf-b6e9-9d9ad0b05e22,7bd8bcc0-f3ca-44ed-80bc-c680e6693617,80ee4eab-d83d-4306-b05c-82f63a06d1a4,186.47,0.0,Unknown Supplier
ed220fe7-2e4d-4d69-8bc2-4e7773815310,2026-03-15,2026-03-15,de2aa412-e109-4bcf-b6e9-9d9ad0b05e22,7bd8bcc0-f3ca-44ed-80bc-c680e6693617,80ee4eab-d83d-4306-b05c-82f63a06d1a4,132.62,0.0,Unknown Supplier
fad5dbba-900f-4d51-a982-3038d2de4914,2026-03-19,2026-03-19,de2aa412-e109-4bcf-b6e9-9d9ad0b05e22,7bd8bcc0-f3ca-44ed-80bc-c680e6693617,80ee4eab-d83d-4306-b05c-82f63a06d1a4,237.34,0.0,Unknown Supplier
3dae6824-5eff-4864-a55b-ed79b18a306d,2026-03-24,2026-03-24,de2aa412-e109-4bcf-b6e9-9d9ad0b05e22,7bd8bcc0-f3ca-44ed-80bc-c680e6693617,80ee4eab-d83d-4306-b05c-82f63a06d1a4,189.83,0.0,Unknown Supplier
8572e61d-459a-4290-8abe-f7b302ae2294,2026-03-29,2026-03-29,de2aa412-e109-4bcf-b6e9-9d9ad0b05e22,7bd8bcc0-f3ca-44ed-80bc-c680e6693617,80ee4eab-d83d-4306-b05c-82f63a06d1a4,132.96,0.0,Unknown Supplier
c2a98ee7-b645-43e2-8b6a-4ffdb0915052,2026-04-02,2026-04-02,de2aa412-e109-4bcf-b6e9-9d9ad0b05e22,7bd8bcc0-f3ca-44ed-80bc-c680e6693617,80ee4eab-d83d-4306-b05c-82f63a06d1a4,236.65,0.0,Unknown Supplier
ee1eedcc-a90a-49b4-a639-87d44a477517,2026-04-08,2026-04-08,de2aa412-e109-4bcf-b6e9-9d9ad0b05e22,7bd8bcc0-f3ca-44ed-80bc-c680e6693617,80ee4eab-d83d-4306-b05c-82f63a06d1a4,151.4,0.0,Unknown Supplier
a8cd1af8-f5f6-416d-81b0-7674b586fe8e,2026-04-12,2026-04-12,de2aa412-e109-4bcf-b6e9-9d9ad0b05e22,7bd8bcc0-f3ca-44ed-80bc-c680e6693617,80ee4eab-d83d-4306-b05c-82f63a06d1a4,157.75,0.0,Unknown Supplier
0e20231f-b8a5-4a20-8881-5bb15bd9fe80,2026-04-17,2026-04-17,de2aa412-e109-4bcf-b6e9-9d9ad0b05e22,7bd8bcc0-f3ca-44ed-80bc-c680e6693617,80ee4eab-d83d-4306-b05c-82f63a06d1a4,178.49,0.0,Unknown Supplier
9af514e0-b3a5-4fc5-a9e6-92a416641e29,2026-04-21,2026-04-21,de2aa412-e109-4bcf-b6e9-9d9ad0b05e22,7bd8bcc0-f3ca-44ed-80bc-c680e6693617,80ee4eab-d83d-4306-b05c-82f63a06d1a4,166.97,0.0,Unknown Supplier
43d7228e-306b-4f16-aa74-a3bee09e7b0d,2026-04-26,2026-04-26,de2aa412-e109-4bcf-b6e9-9d9ad0b05e22,7bd8bcc0-f3ca-44ed-80bc-c680e6693617,80ee4eab-d83d-4306-b05c-82f63a06d1a4,209.05,0.0,Unknown Supplier
c37d6784-6a29-4835-903e-3ecd266c42d8,2026-05-02,2026-05-02,de2aa412-e109-4bcf-b6e9-9d9ad0b05e22,7bd8bcc0-f3ca-44ed-80bc-c680e6693617,80ee4eab-d83d-4306-b05c-82f63a06d1a4,127.86,0.0,Unknown Supplier
c3d0a27b-46b8-4c9c-9064-36d558bdc2f5,2026-05-06,2026-05-06,de2aa412-e109-4bcf-b6e9-9d9ad0b05e22,7bd8bcc0-f3ca-44ed-80bc-c680e6693617,80ee4eab-d83d-4306-b05c-82f63a06d1a4,151.99,0.0,Unknown Supplier
1d44abb5-aef9-442b-92c2-afe49bb57f34,2026-05-10,2026-05-10,de2aa412-e109-4bcf-b6e9-9d9ad0b05e22,7bd8bcc0-f3ca-44ed-80bc-c680e6693617,80ee4eab-d83d-4306-b05c-82f63a06d1a4,201.01,0.0,Unknown Supplier
d34353e9-0190-4e34-97a4-b7147653e26c,2026-05-15,2026-05-15,de2aa412-e109-4bcf-b6e9-9d9ad0b05e22,7bd8bcc0-f3ca-44ed-80bc-c680e6693617,80ee4eab-d83d-4306-b05c-82f63a06d1a4,220.85,0.0,Unknown Supplier
9ab8dac9-0554-4e19-ad18-0bfde7605f5a,2026-05-21,2026-05-21,de2aa412-e109-4bcf-b6e9-9d9ad0b05e22,7bd8bcc0-f3ca-44ed-80bc-c680e6693617,80ee4eab-d83d-4306-b05c-82f63a06d1a4,216.14,0.0,Unknown Supplier
d5126302-281b-4dd9-b7ae-1ac89542725e,2026-05-26,2026-05-26,de2aa412-e109-4bcf-b6e9-9d9ad0b05e22,7bd8bcc0-f3ca-44ed-80bc-c680e6693617,80ee4eab-d83d-4306-b05c-82f63a06d1a4,195.0,0.0,Unknown Supplier
fa748640-6f3a-421e-bac8-2a3f76c8fef7,2026-06-01,2026-06-01,de2aa412-e109-4bcf-b6e9-9d9ad0b05e22,7bd8bcc0-f3ca-44ed-80bc-c680e6693617,80ee4eab-d83d-4306-b05c-82f63a06d1a4,183.93,0.0,Unknown Supplier
179bb500-5093-4022-8dc3-107202eb97a7,2026-06-06,2026-06-06,de2aa412-e109-4bcf-b6e9-9d9ad0b05e22,7bd8bcc0-f3ca-44ed-80bc-c680e6693617,80ee4eab-d83d-4306-b05c-82f63a06d1a4,156.03,0.0,Unknown Supplier
6f02a3f9-4576-471b-9e5f-1403b3aae638,2026-06-10,2026-06-10,de2aa412-e109-4bcf-b6e9-9d9ad0b05e22,7bd8bcc0-f3ca-44ed-80bc-c680e6693617,80ee4eab-d83d-4306-b05c-82f63a06d1a4,150.77,0.0,Unknown Supplier
e44dfbfd-59bc-4b6a-b8bb-9013b6ed9d1e,2026-06-14,2026-06-14,de2aa412-e109-4bcf-b6e9-9d9ad0b05e22,7bd8bcc0-f3ca-44ed-80bc-c680e6693617,80ee4eab-d83d-4306-b05c-82f63a06d1a4,172.34,0.0,Unknown Supplier
81bfbfc2-d7f2-490b-a2a6-67df077d0eae,2026-06-18,2026-06-18,de2aa412-e109-4bcf-b6e9-9d9ad0b05e22,7bd8bcc0-f3ca-44ed-80bc-c680e6693617,80ee4eab-d83d-4306-b05c-82f63a06d1a4,222.3,0.0,Unknown Supplier
97018562-9af7-4b79-bd39-bb2575326e07,2026-06-25,2026-06-25,de2aa412-e109-4bcf-b6e9-9d9ad0b05e22,7bd8bcc0-f3ca-44ed-80bc-c680e6693617,80ee4eab-d83d-4306-b05c-82f63a06d1a4,136.87,0.0,Unknown Supplier
1a1839a0-56e6-4ae9-8bcc-7ea1aafe48d5,2026-06-29,2026-06-29,de2aa412-e109-4bcf-b6e9-9d9ad0b05e22,7bd8bcc0-f3ca-44ed-80bc-c680e6693617,80ee4eab-d83d-4306-b05c-82f63a06d1a4,226.15,0.0,Unknown Supplier
b4ff50b1-4252-4102-b08a-a2240cb214eb,2026-07-05,2026-07-05,de2aa412-e109-4bcf-b6e9-9d9ad0b05e22,7bd8bcc0-f3ca-44ed-80bc-c680e6693617,80ee4eab-d83d-4306-b05c-82f63a06d1a4,172.74,0.0,Unknown Supplier
c1e9f1c5-f0dd-4386-a4f0-6852e78bf6b9,2026-07-11,2026-07-11,de2aa412-e109-4bcf-b6e9-9d9ad0b05e22,7bd8bcc0-f3ca-44ed-80bc-c680e6693617,80ee4eab-d83d-4306-b05c-82f63a06d1a4,205.88,0.0,Unknown Supplier
33654a59-15fb-479a-ad38-bd9df071d642,2026-07-17,2026-07-17,de2aa412-e109-4bcf-b6e9-9d9ad0b05e22,7bd8bcc0-f3ca-44ed-80bc-c680e6693617,80ee4eab-d83d-4306-b05c-82f63a06d1a4,235.02,0.0,Unknown Supplier
7e3044c3-34a9-4491-ae9b-293f3f86f20d,2026-07-24,2026-07-24,de2aa412-e109-4bcf-b6e9-9d9ad0b05e22,7bd8bcc0-f3ca-44ed-80bc-c680e6693617,80ee4eab-d83d-4306-b05c-82f63a06d1a4,226.83,0.0,Unknown Supplier
7a53d2f9-0701-47d7-b750-fb001f5e481d,2026-08-01,2026-08-01,de2aa412-e109-4bcf-b6e9-9d9ad0b05e22,7bd8bcc0-f3ca-44ed-80bc-c680e6693617,80ee4eab-d83d-4306-b05c-82f63a06d1a4,203.82,0.0,Unknown Supplier
65baa0f9-a50b-4b43-863a-b39bd122195c,2026-08-07,2026-08-07,de2aa412-e109-4bcf-b6e9-9d9ad0b05e22,7bd8bcc0-f3ca-44ed-80bc-c680e6693617,80ee4eab-d83d-4306-b05c-82f63a06d1a4,168.08,0.0,Unknown Supplier
327fe48b-4154-4fd5-8a5d-b30e9a9b8433,2026-08-13,2026-08-13,de2aa412-e109-4bcf-b6e9-9d9ad0b05e22,7bd8bcc0-f3ca-44ed-80bc-c680e6693617,80ee4eab-d83d-4306-b05c-82f63a06d1a4,177.4,0.0,Unknown Supplier
2710023f-074a-4ffe-8a56-99363e9a4dba,2026-08-18,2026-08-18,de2aa412-e109-4bcf-b6e9-9d9ad0b05e22,7bd8bcc0-f3ca-44ed-80bc-c680e6693617,80ee4eab-d83d-4306-b05c-82f63a06d1a4,226.12,0.0,Unknown Supplier
6b050fd8-da7c-480c-836f-274e6122a711,2026-08-25,2026-08-25,de2aa412-e109-4bcf-b6e9-9d9ad0b05e22,7bd8bcc0-f3ca-44ed-80bc-c680e6693617,80ee4eab-d83d-4306-b05c-82f63a06d1a4,134.08,0.0,Unknown Supplier
b04c3d13-c636-4802-8ef8-8892c5af7b13,2026-08-28,2026-08-28,de2aa412-e109-4bcf-b6e9-9d9ad0b05e22,7bd8bcc0-f3ca-44ed-80bc-c680e6693617,80ee4eab-d83d-4306-b05c-82f63a06d1a4,213.85,0.0,Unknown Supplier
a4a72bf4-0a77-4e28-a6a8-83035b4075b5,2026-08-30,2026-08-30,de2aa412-e109-4bcf-b6e9-9d9ad0b05e22,7bd8bcc0-f3ca-44ed-80bc-c680e6693617,80ee4eab-d83d-4306-b05c-82f63a06d1a4,153.96,0.0,Unknown Supplier
0f33f4c4-19d6-4ab9-8717-050896b51e0e,2026-08-31,2026-08-31,de2aa412-e109-4bcf-b6e9-9d9ad0b05e22,7bd8bcc0-f3ca-44ed-80bc-c680e6693617,80ee4eab-d83d-4306-b05c-82f63a06d1a4,137.51,0.0,Unknown Supplier
6ff76a6d-fbab-4b61-9fed-97b4114a0f3c,2026-09-01,2026-09-01,de2aa412-e109-4bcf-b6e9-9d9ad0b05e22,7bd8bcc0-f3ca-44ed-80bc-c680e6693617,80ee4eab-d83d-4306-b05c-82f63a06d1a4,228.88,0.0,Unknown Supplier
d61f0bc9-a3d1-4add-b58a-6bffc6734b85,2026-09-03,2026-09-03,de2aa412-e109-4bcf-b6e9-9d9ad0b05e22,7bd8bcc0-f3ca-44ed-80bc-c680e6693617,80ee4eab-d83d-4306-b05c-82f63a06d1a4,203.16,0.0,Unknown Supplier
0fe19911-2bde-442a-a2cf-3294c7ba0718,2026-09-04,2026-09-04,de2aa412-e109-4bcf-b6e9-9d9ad0b05e22,7bd8bcc0-f3ca-44ed-80bc-c680e6693617,80ee4eab-d83d-4306-b05c-82f63a06d1a4,208.33,0.0,Unknown Supplier
7f02b7f3-8cb9-470e-83c1-76f08b8b37ae,2026-09-06,2026-09-06,de2aa412-e109-4bcf-b6e9-9d9ad0b05e22,7bd8bcc0-f3ca-44ed-80bc-c680e6693617,80ee4eab-d83d-4306-b05c-82f63a06d1a4,239.61,0.0,Unknown Supplier
abed3d1e-fe34-4a59-98e4-c15594de5b58,2026-09-07,2026-09-07,de2aa412-e109-4bcf-b6e9-9d9ad0b05e22,7bd8bcc0-f3ca-44ed-80bc-c680e6693617,80ee4eab-d83d-4306-b05c-82f63a06d1a4,209.79,0.0,Unknown Supplier
a059afa0-4236-4e7b-9461-1bf8af0523c8,2025-09-08,2025-09-08,de2aa412-e109-4bcf-b6e9-9d9ad0b05e22,634638dd-37cc-4f1e-b442-bc59bc3bfb7c,284b7bf2-898c-40d5-8aba-619a7128ac28,130.25,0.0,Unknown Supplier
eebc3e78-8bfc-42ea-b663-9dcaab9373d6,2025-09-13,2025-09-13,de2aa412-e109-4bcf-b6e9-9d9ad0b05e22,634638dd-37cc-4f1e-b442-bc59bc3bfb7c,284b7bf2-898c-40d5-8aba-619a7128ac28,131.73,0.0,Unknown Supplier
3861f825-b023-43da-a803-f98f1beee418,2025-09-18,2025-09-18,de2aa412-e109-4bcf-b6e9-9d9ad0b05e22,634638dd-37cc-4f1e-b442-bc59bc3bfb7c,284b7bf2-898c-40d5-8aba-619a7128ac28,187.69,0.0,Unknown Supplier
34932510-7c83-4b0e-ab66-7c18b3e35c05,2025-09-25,2025-09-25,de2aa412-e109-4bcf-b6e9-9d9ad0b05e22,634638dd-37cc-4f1e-b442-bc59bc3bfb7c,284b7bf2-898c-40d5-8aba-619a7128ac28,122.99,0.0,Unknown Supplier
d5ef54c9-a98c-42ea-b578-31bde44ccc2b,2025-09-30,2025-09-30,de2aa412-e109-4bcf-b6e9-9d9ad0b05e22,634638dd-37cc-4f1e-b442-bc59bc3bfb7c,284b7bf2-898c-40d5-8aba-619a7128ac28,149.3,0.0,Unknown Supplier
dcee1d41-d3bb-4675-897d-ac8d272d4bf0,2025-10-07,2025-10-07,de2aa412-e109-4bcf-b6e9-9d9ad0b05e22,634638dd-37cc-4f1e-b442-bc59bc3bfb7c,284b7bf2-898c-40d5-8aba-619a7128ac28,157.08,0.0,Unknown Supplier
1bb003f2-6b1f-423c-841a-8880cb896cee,2025-10-12,2025-10-12,de2aa412-e109-4bcf-b6e9-9d9ad0b05e22,634638dd-37cc-4f1e-b442-bc59bc3bfb7c,284b7bf2-898c-40d5-8aba-619a7128ac28,195.12,0.0,Unknown Supplier
6c3f83db-0224-4319-94ce-9b2b3799c8bb,2025-10-20,2025-10-20,de2aa412-e109-4bcf-b6e9-9d9ad0b05e22,634638dd-37cc-4f1e-b442-bc59bc3bfb7c,284b7bf2-898c-40d5-8aba-619a7128ac28,156.92,0.0,Unknown Supplier
141b1d81-f342-41c4-a865-eedfa08b5ee8,2025-10-26,2025-10-26,de2aa412-e109-4bcf-b6e9-9d9ad0b05e22,634638dd-37cc-4f1e-b442-bc59bc3bfb7c,284b7bf2-898c-40d5-8aba-619a7128ac28,108.92,0.0,Unknown Supplier
ccb7d2c4-a12b-4c4c-9ae2-ab87ba802682,2025-10-31,2025-10-31,de2aa412-e109-4bcf-b6e9-9d9ad0b05e22,634638dd-37cc-4f1e-b442-bc59bc3bfb7c,284b7bf2-898c-40d5-8aba-619a7128ac28,131.01,0.0,Unknown Supplier
b4b5a12d-24d3-46d1-abda-f06f490d0e8d,2025-11-05,2025-11-05,de2aa412-e109-4bcf-b6e9-9d9ad0b05e22,634638dd-37cc-4f1e-b442-bc59bc3bfb7c,284b7bf2-898c-40d5-8aba-619a7128ac28,175.65,0.0,Unknown Supplier
634d5f13-2d98-41cf-8b65-9f6fb191927b,2025-11-11,2025-11-11,de2aa412-e109-4bcf-b6e9-9d9ad0b05e22,634638dd-37cc-4f1e-b442-bc59bc3bfb7c,284b7bf2-898c-40d5-8aba-619a7128ac28,152.47,0.0,Unknown Supplier
440b2313-5e76-43a9-aa88-794c146c508e,2025-11-17,2025-11-17,de2aa412-e109-4bcf-b6e9-9d9ad0b05e22,634638dd-37cc-4f1e-b442-bc59bc3bfb7c,284b7bf2-898c-40d5-8aba-619a7128ac28,104.51,0.0,Unknown Supplier
7e27395b-1b36-49e8-8b57-d695a0c9dfdb,2025-11-21,2025-11-21,de2aa412-e109-4bcf-b6e9-9d9ad0b05e22,634638dd-37cc-4f1e-b442-bc59bc3bfb7c,284b7bf2-898c-40d5-8aba-619a7128ac28,150.34,0.0,Unknown Supplier
88ede8ff-9532-4df9-bd28-b05ee4e21e2d,2025-11-27,2025-11-27,de2aa412-e109-4bcf-b6e9-9d9ad0b05e22,634638dd-37cc-4f1e-b442-bc59bc3bfb7c,284b7bf2-898c-40d5-8aba-619a7128ac28,126.51,0.0,Unknown Supplier
49969ae5-e678-4b2c-b427-104d652eb587,2025-12-01,2025-12-01,de2aa412-e109-4bcf-b6e9-9d9ad0b05e22,634638dd-37cc-4f1e-b442-bc59bc3bfb7c,284b7bf2-898c-40d5-8aba-619a7128ac28,153.44,0.0,Unknown Supplier
db129a0a-bae7-4a4c-a460-eceb93724827,2025-12-07,2025-12-07,de2aa412-e109-4bcf-b6e9-9d9ad0b05e22,634638dd-37cc-4f1e-b442-bc59bc3bfb7c,284b7bf2-898c-40d5-8aba-619a7128ac28,167.38,0.0,Unknown Supplier
1d13a8f0-b3a6-410e-b4de-55e6946567fd,2025-12-14,2025-12-14,de2aa412-e109-4bcf-b6e9-9d9ad0b05e22,634638dd-37cc-4f1e-b442-bc59bc3bfb7c,284b7bf2-898c-40d5-8aba-619a7128ac28,179.0,0.0,Unknown Supplier
875c2cd1-0ad2-4b63-a6dc-dcd8d00a885f,2025-12-20,2025-12-20,de2aa412-e109-4bcf-b6e9-9d9ad0b05e22,634638dd-37cc-4f1e-b442-bc59bc3bfb7c,284b7bf2-898c-40d5-8aba-619a7128ac28,120.13,0.0,Unknown Supplier
809d5b1e-0ed5-4a4d-9c66-7dd2cf65239a,2025-12-25,2025-12-25,de2aa412-e109-4bcf-b6e9-9d9ad0b05e22,634638dd-37cc-4f1e-b442-bc59bc3bfb7c,284b7bf2-898c-40d5-8aba-619a7128ac28,155.43,0.0,Unknown Supplier
2330aa47-0039-467c-96ad-feb322e0f4b4,2025-12-31,2025-12-31,de2aa412-e109-4bcf-b6e9-9d9ad0b05e22,634638dd-37cc-4f1e-b442-bc59bc3bfb7c,284b7bf2-898c-40d5-8aba-619a7128ac28,106.35,0.0,Unknown Supplier
7b355e05-4559-4854-8c5f-8a2c0050b390,2026-01-04,2026-01-04,de2aa412-e109-4bcf-b6e9-9d9ad0b05e22,634638dd-37cc-4f1e-b442-bc59bc3bfb7c,284b7bf2-898c-40d5-8aba-619a7128ac28,128.8,0.0,Unknown Supplier
626d51e5-00e2-434a-a696-fbaf7d070c93,2026-01-09,2026-01-09,de2aa412-e109-4bcf-b6e9-9d9ad0b05e22,634638dd-37cc-4f1e-b442-bc59bc3bfb7c,284b7bf2-898c-40d5-8aba-619a7128ac28,129.34,0.0,Unknown Supplier
6e5b4ace-64b1-493b-abc2-7325ff3cc1aa,2026-01-13,2026-01-13,de2aa412-e109-4bcf-b6e9-9d9ad0b05e22,634638dd-37cc-4f1e-b442-bc59bc3bfb7c,284b7bf2-898c-40d5-8aba-619a7128ac28,162.18,0.0,Unknown Supplier
d549e2b0-6675-42fb-8482-e69c7666fead,2026-01-19,2026-01-19,de2aa412-e109-4bcf-b6e9-9d9ad0b05e22,634638dd-37cc-4f1e-b442-bc59bc3bfb7c,284b7bf2-898c-40d5-8aba-619a7128ac28,101.81,0.0,Unknown Supplier
e7f3d10d-1a9e-40cc-8488-b3cc0be97a64,2026-01-22,2026-01-22,de2aa412-e109-4bcf-b6e9-9d9ad0b05e22,634638dd-37cc-4f1e-b442-bc59bc3bfb7c,284b7bf2-898c-40d5-8aba-619a7128ac28,106.37,0.0,Unknown Supplier
5e189466-0d39-443b-8323-4ffde48a69da,2026-01-26,2026-01-26,de2aa412-e109-4bcf-b6e9-9d9ad0b05e22,634638dd-37cc-4f1e-b442-bc59bc3bfb7c,284b7bf2-898c-40d5-8aba-619a7128ac28,187.77,0.0,Unknown Supplier
f45c2a2b-f303-42c5-8092-16da328ce117,2026-02-01,2026-02-01,de2aa412-e109-4bcf-b6e9-9d9ad0b05e22,634638dd-37cc-4f1e-b442-bc59bc3bfb7c,284b7bf2-898c-40d5-8aba-619a7128ac28,161.06,0.0,Unknown Supplier
407b15d1-0f60-45fe-b8b6-e63156772044,2026-02-06,2026-02-06,de2aa412-e109-4bcf-b6e9-9d9ad0b05e22,634638dd-37cc-4f1e-b442-bc59bc3bfb7c,284b7bf2-898c-40d5-8aba-619a7128ac28,144.15,0.0,Unknown Supplier
fe9274cc-a1ca-4dcd-97a6-80b022850dfc,2026-02-10,2026-02-10,de2aa412-e109-4bcf-b6e9-9d9ad0b05e22,634638dd-37cc-4f1e-b442-bc59bc3bfb7c,284b7bf2-898c-40d5-8aba-619a7128ac28,141.57,0.0,Unknown Supplier
b9eb6df8-d2dd-4cd9-b0ac-d7f1298b59d1,2026-02-15,2026-02-15,de2aa412-e109-4bcf-b6e9-9d9ad0b05e22,634638dd-37cc-4f1e-b442-bc59bc3bfb7c,284b7bf2-898c-40d5-8aba-619a7128ac28,115.16,0.0,Unknown Supplier
ecd79a10-42af-4da1-955f-6e9b8ab53a8d,2026-02-19,2026-02-19,de2aa412-e109-4bcf-b6e9-9d9ad0b05e22,634638dd-37cc-4f1e-b442-bc59bc3bfb7c,284b7bf2-898c-40d5-8aba-619a7128ac28,179.46,0.0,Unknown Supplier
e1d23ff7-61bd-4585-9ffe-06586ef4fb60,2026-02-24,2026-02-24,de2aa412-e109-4bcf-b6e9-9d9ad0b05e22,634638dd-37cc-4f1e-b442-bc59bc3bfb7c,284b7bf2-898c-40d5-8aba-619a7128ac28,106.15,0.0,Unknown Supplier
81fe376b-0a6b-4375-b48d-0f0437ef77d1,2026-02-28,2026-02-28,de2aa412-e109-4bcf-b6e9-9d9ad0b05e22,634638dd-37cc-4f1e-b442-bc59bc3bfb7c,284b7bf2-898c-40d5-8aba-619a7128ac28,151.98,0.0,Unknown Supplier
8e64dbbf-a980-43ee-87b5-5611d7e35e03,2026-03-04,2026-03-04,de2aa412-e109-4bcf-b6e9-9d9ad0b05e22,634638dd-37cc-4f1e-b442-bc59bc3bfb7c,284b7bf2-898c-40d5-8aba-619a7128ac28,127.98,0.0,Unknown Supplier
4ecfd9f1-5772-44d0-a58c-538584135f46,2026-03-08,2026-03-08,de2aa412-e109-4bcf-b6e9-9d9ad0b05e22,634638dd-37cc-4f1e-b442-bc59bc3bfb7c,284b7bf2-898c-40d5-8aba-619a7128ac28,169.75,0.0,Unknown Supplier
c8fb205a-ae9b-44a4-9c33-76d4eb018ac2,2026-03-14,2026-03-14,de2aa412-e109-4bcf-b6e9-9d9ad0b05e22,634638dd-37cc-4f1e-b442-bc59bc3bfb7c,284b7bf2-898c-40d5-8aba-619a7128ac28,109.28,0.0,Unknown Supplier
0b349984-8db9-43fb-96b2-e22e8bd2bae2,2026-03-17,2026-03-17,de2aa412-e109-4bcf-b6e9-9d9ad0b05e22,634638dd-37cc-4f1e-b442-bc59bc3bfb7c,284b7bf2-898c-40d5-8aba-619a7128ac28,159.25,0.0,Unknown Supplier
e045e77d-92ef-4182-bcd4-14b7e39d87dd,2026-03-22,2026-03-22,de2aa412-e109-4bcf-b6e9-9d9ad0b05e22,634638dd-37cc-4f1e-b442-bc59bc3bfb7c,284b7bf2-898c-40d5-8aba-619a7128ac28,165.1,0.0,Unknown Supplier
f56e2be8-4970-4dd9-b7f8-2468f4a2b5cb,2026-03-27,2026-03-27,de2aa412-e109-4bcf-b6e9-9d9ad0b05e22,634638dd-37cc-4f1e-b442-bc59bc3bfb7c,284b7bf2-898c-40d5-8aba-619a7128ac28,153.33,0.0,Unknown Supplier
b3a5bd86-2a80-4204-9a07-2ebba4946594,2026-04-01,2026-04-01,de2aa412-e109-4bcf-b6e9-9d9ad0b05e22,634638dd-37cc-4f1e-b442-bc59bc3bfb7c,284b7bf2-898c-40d5-8aba-619a7128ac28,158.24,0.0,Unknown Supplier
f6975a3b-18cb-4bf8-8106-d01a6d800b57,2026-04-06,2026-04-06,de2aa412-e109-4bcf-b6e9-9d9ad0b05e22,634638dd-37cc-4f1e-b442-bc59bc3bfb7c,284b7bf2-898c-40d5-8aba-619a7128ac28,136.93,0.0,Unknown Supplier
202738e2-7d65-4e04-a298-520ae768bcc8,2026-04-11,2026-04-11,de2aa412-e109-4bcf-b6e9-9d9ad0b05e22,634638dd-37cc-4f1e-b442-bc59bc3bfb7c,284b7bf2-898c-40d5-8aba-619a7128ac28,197.33,0.0,Unknown Supplier
062b05cf-b732-4d19-9cf9-40a66ed46646,2026-04-16,2026-04-16,de2aa412-e109-4bcf-b6e9-9d9ad0b05e22,634638dd-37cc-4f1e-b442-bc59bc3bfb7c,284b7bf2-898c-40d5-8aba-619a7128ac28,174.65,0.0,Unknown Supplier
e7b801d2-27f5-463c-8820-50ca96426d5c,2026-04-22,2026-04-22,de2aa412-e109-4bcf-b6e9-9d9ad0b05e22,634638dd-37cc-4f1e-b442-bc59bc3bfb7c,284b7bf2-898c-40d5-8aba-619a7128ac28,148.59,0.0,Unknown Supplier
e1025bf7-b148-4a33-86a8-a01877265922,2026-04-26,2026-04-26,de2aa412-e109-4bcf-b6e9-9d9ad0b05e22,634638dd-37cc-4f1e-b442-bc59bc3bfb7c,284b7bf2-898c-40d5-8aba-619a7128ac28,148.88,0.0,Unknown Supplier
baa922c6-7b28-4ea7-949e-95f455336561,2026-05-02,2026-05-02,de2aa412-e109-4bcf-b6e9-9d9ad0b05e22,634638dd-37cc-4f1e-b442-bc59bc3bfb7c,284b7bf2-898c-40d5-8aba-619a7128ac28,150.48,0.0,Unknown Supplier
441b9a67-0739-400d-b1c6-789d7b67a98b,2026-05-07,2026-05-07,de2aa412-e109-4bcf-b6e9-9d9ad0b05e22,634638dd-37cc-4f1e-b442-bc59bc3bfb7c,284b7bf2-898c-40d5-8aba-619a7128ac28,154.1,0.0,Unknown Supplier
57f204d1-dcfd-41e9-81bc-5e2e53c498a5,2026-05-13,2026-05-13,de2aa412-e109-4bcf-b6e9-9d9ad0b05e22,634638dd-37cc-4f1e-b442-bc59bc3bfb7c,284b7bf2-898c-40d5-8aba-619a7128ac28,119.24,0.0,Unknown Supplier
2a05f79c-d606-4d8a-8ca0-e378fabfabd9,2026-05-17,2026-05-17,de2aa412-e109-4bcf-b6e9-9d9ad0b05e22,634638dd-37cc-4f1e-b442-bc59bc3bfb7c,284b7bf2-898c-40d5-8aba-619a7128ac28,193.62,0.0,Unknown Supplier
3764fd16-38b9-4560-9242-a5fe724a40a3,2026-05-24,2026-05-24,de2aa412-e109-4bcf-b6e9-9d9ad0b05e22,634638dd-37cc-4f1e-b442-bc59bc3bfb7c,284b7bf2-898c-40d5-8aba-619a7128ac28,141.49,0.0,Unknown Supplier
d2c0dc54-4153-45a6-9679-ecfa6fb7884c,2026-05-28,2026-05-28,de2aa412-e109-4bcf-b6e9-9d9ad0b05e22,634638dd-37cc-4f1e-b442-bc59bc3bfb7c,284b7bf2-898c-40d5-8aba-619a7128ac28,108.96,0.0,Unknown Supplier
47a01260-04c8-4d6e-a1b8-451c2463c55d,2026-05-31,2026-05-31,de2aa412-e109-4bcf-b6e9-9d9ad0b05e22,634638dd-37cc-4f1e-b442-bc59bc3bfb7c,284b7bf2-898c-40d5-8aba-619a7128ac28,105.85,0.0,Unknown Supplier
7669a14e-2427-4514-bb86-e9e19d446886,2026-06-04,2026-06-04,de2aa412-e109-4bcf-b6e9-9d9ad0b05e22,634638dd-37cc-4f1e-b442-bc59bc3bfb7c,284b7bf2-898c-40d5-8aba-619a7128ac28,175.21,0.0,Unknown Supplier
14e03d09-ed31-4ae9-83a1-12e9eb185a07,2026-06-09,2026-06-09,de2aa412-e109-4bcf-b6e9-9d9ad0b05e22,634638dd-37cc-4f1e-b442-bc59bc3bfb7c,284b7bf2-898c-40d5-8aba-619a7128ac28,123.37,0.0,Unknown Supplier
8e541605-3390-43e1-8ef8-9fe41dfc5916,2026-06-14,2026-06-14,de2aa412-e109-4bcf-b6e9-9d9ad0b05e22,634638dd-37cc-4f1e-b442-bc59bc3bfb7c,284b7bf2-898c-40d5-8aba-619a7128ac28,163.58,0.0,Unknown Supplier
c9e62094-cac7-4f55-8a87-1315fce5e49a,2026-06-19,2026-06-19,de2aa412-e109-4bcf-b6e9-9d9ad0b05e22,634638dd-37cc-4f1e-b442-bc59bc3bfb7c,284b7bf2-898c-40d5-8aba-619a7128ac28,146.47,0.0,Unknown Supplier
e8bb3c80-8e4d-4f20-ade0-69b92a3a72bc,2026-06-24,2026-06-24,de2aa412-e109-4bcf-b6e9-9d9ad0b05e22,634638dd-37cc-4f1e-b442-bc59bc3bfb7c,284b7bf2-898c-40d5-8aba-619a7128ac28,163.22,0.0,Unknown Supplier
b3c7303c-0754-417a-860a-3ff04f45d749,2026-06-29,2026-06-29,de2aa412-e109-4bcf-b6e9-9d9ad0b05e22,634638dd-37cc-4f1e-b442-bc59bc3bfb7c,284b7bf2-898c-40d5-8aba-619a7128ac28,127.95,0.0,Unknown Supplier
9a3a09a9-d97d-4604-b217-df5bb13b057d,2026-07-04,2026-07-04,de2aa412-e109-4bcf-b6e9-9d9ad0b05e22,634638dd-37cc-4f1e-b442-bc59bc3bfb7c,284b7bf2-898c-40d5-8aba-619a7128ac28,198.3,0.0,Unknown Supplier
8767a603-6f74-4c21-b473-d51c112691f5,2026-07-10,2026-07-10,de2aa412-e109-4bcf-b6e9-9d9ad0b05e22,634638dd-37cc-4f1e-b442-bc59bc3bfb7c,284b7bf2-898c-40d5-8aba-619a7128ac28,170.33,0.0,Unknown Supplier
44b7bfbc-8b98-4d6b-8829-80031a6de93f,2026-07-16,2026-07-16,de2aa412-e109-4bcf-b6e9-9d9ad0b05e22,634638dd-37cc-4f1e-b442-bc59bc3bfb7c,284b7bf2-898c-40d5-8aba-619a7128ac28,135.8,0.0,Unknown Supplier
e2bcc437-66ea-465f-8f18-ec7f8702556e,2026-07-21,2026-07-21,de2aa412-e109-4bcf-b6e9-9d9ad0b05e22,634638dd-37cc-4f1e-b442-bc59bc3bfb7c,284b7bf2-898c-40d5-8aba-619a7128ac28,192.14,0.0,Unknown Supplier
b87e77a4-75b8-4f02-bd44-165bfe15f6e7,2026-07-27,2026-07-27,de2aa412-e109-4bcf-b6e9-9d9ad0b05e22,634638dd-37cc-4f1e-b442-bc59bc3bfb7c,284b7bf2-898c-40d5-8aba-619a7128ac28,119.61,0.0,Unknown Supplier
8eb2720f-839e-4650-a0ef-462fea7a0bb6,2026-08-01,2026-08-01,de2aa412-e109-4bcf-b6e9-9d9ad0b05e22,634638dd-37cc-4f1e-b442-bc59bc3bfb7c,284b7bf2-898c-40d5-8aba-619a7128ac28,106.54,0.0,Unknown Supplier
4841c78d-d386-4a37-a429-7ab45e733381,2026-08-05,2026-08-05,de2aa412-e109-4bcf-b6e9-9d9ad0b05e22,634638dd-37cc-4f1e-b442-bc59bc3bfb7c,284b7bf2-898c-40d5-8aba-619a7128ac28,167.8,0.0,Unknown Supplier
893abf5a-543e-4ba5-b9a6-22d873ece856,2026-08-11,2026-08-11,de2aa412-e109-4bcf-b6e9-9d9ad0b05e22,634638dd-37cc-4f1e-b442-bc59bc3bfb7c,284b7bf2-898c-40d5-8aba-619a7128ac28,199.51,0.0,Unknown Supplier
fa531818-b493-4f67-8708-ebad40706639,2026-08-18,2026-08-18,de2aa412-e109-4bcf-b6e9-9d9ad0b05e22,634638dd-37cc-4f1e-b442-bc59bc3bfb7c,284b7bf2-898c-40d5-8aba-619a7128ac28,102.54,0.0,Unknown Supplier
236aae4a-8198-40e9-8b5d-9821d248f886,2026-08-22,2026-08-22,de2aa412-e109-4bcf-b6e9-9d9ad0b05e22,634638dd-37cc-4f1e-b442-bc59bc3bfb7c,284b7bf2-898c-40d5-8aba-619a7128ac28,109.67,0.0,Unknown Supplier
991c5857-2d7d-424e-8f0a-c6920211defe,2026-08-26,2026-08-26,de2aa412-e109-4bcf-b6e9-9d9ad0b05e22,634638dd-37cc-4f1e-b442-bc59bc3bfb7c,284b7bf2-898c-40d5-8aba-619a7128ac28,133.36,0.0,Unknown Supplier
308a4eca-ea06-40da-b8be-7cc484a33342,2026-08-29,2026-08-29,de2aa412-e109-4bcf-b6e9-9d9ad0b05e22,634638dd-37cc-4f1e-b442-bc59bc3bfb7c,284b7bf2-898c-40d5-8aba-619a7128ac28,103.33,0.0,Unknown Supplier
b2d45601-7ba2-493e-8d2a-c5f1119e0700,2026-08-30,2026-08-30,de2aa412-e109-4bcf-b6e9-9d9ad0b05e22,634638dd-37cc-4f1e-b442-bc59bc3bfb7c,284b7bf2-898c-40d5-8aba-619a7128ac28,112.75,0.0,Unknown Supplier
7ff83ae6-2b74-4768-9c38-e142db039524,2026-08-31,2026-08-31,de2aa412-e109-4bcf-b6e9-9d9ad0b05e22,634638dd-37cc-4f1e-b442-bc59bc3bfb7c,284b7bf2-898c-40d5-8aba-619a7128ac28,162.62,0.0,Unknown Supplier
d1f46a1e-1835-4f0e-962d-52246d808ee3,2026-09-02,2026-09-02,de2aa412-e109-4bcf-b6e9-9d9ad0b05e22,634638dd-37cc-4f1e-b442-bc59bc3bfb7c,284b7bf2-898c-40d5-8aba-619a7128ac28,175.2,0.0,Unknown Supplier
37bf45df-6b72-407c-bf76-5fd1fdc23727,2026-09-04,2026-09-04,de2aa412-e109-4bcf-b6e9-9d9ad0b05e22,634638dd-37cc-4f1e-b442-bc59bc3bfb7c,284b7bf2-898c-40d5-8aba-619a7128ac28,187.99,0.0,Unknown Supplier
06a5f83b-7c8c-44ed-b050-0aa18c329a6f,2026-09-05,2026-09-05,de2aa412-e109-4bcf-b6e9-9d9ad0b05e22,634638dd-37cc-4f1e-b442-bc59bc3bfb7c,284b7bf2-898c-40d5-8aba-619a7128ac28,178.29,0.0,Unknown Supplier
9b16f7a7-8ca7-41f6-b3a2-3618a7726ce6,2026-09-07,2026-09-07,de2aa412-e109-4bcf-b6e9-9d9ad0b05e22,634638dd-37cc-4f1e-b442-bc59bc3bfb7c,284b7bf2-898c-40d5-8aba-619a7128ac28,178.94,0.0,Unknown Supplier
e3688482-2302-46b5-a8ef-a88ae44b3a51,2025-09-08,2025-09-08,de2aa412-e109-4bcf-b6e9-9d9ad0b05e22,a52866af-8c40-44be-b216-7444874c214c,6ff4fe00-1ccb-4857-b3e6-fe13489dc014,90.45,0.0,Unknown Supplier
2405129f-d6f4-4547-8e5a-8189eb2e8e2e,2025-09-13,2025-09-13,de2aa412-e109-4bcf-b6e9-9d9ad0b05e22,a52866af-8c40-44be-b216-7444874c214c,6ff4fe00-1ccb-4857-b3e6-fe13489dc014,94.41,0.0,Unknown Supplier
844551bd-0b79-4b2b-975b-a971ed83d675,2025-09-18,2025-09-18,de2aa412-e109-4bcf-b6e9-9d9ad0b05e22,a52866af-8c40-44be-b216-7444874c214c,6ff4fe00-1ccb-4857-b3e6-fe13489dc014,108.51,0.0,Unknown Supplier
437defba-75f5-44f0-9141-30b14e9eb306,2025-09-24,2025-09-24,de2aa412-e109-4bcf-b6e9-9d9ad0b05e22,a52866af-8c40-44be-b216-7444874c214c,6ff4fe00-1ccb-4857-b3e6-fe13489dc014,95.84,0.0,Unknown Supplier
0512cce6-3ffa-48bd-aa6c-dae83c0e5512,2025-09-29,2025-09-29,de2aa412-e109-4bcf-b6e9-9d9ad0b05e22,a52866af-8c40-44be-b216-7444874c214c,6ff4fe00-1ccb-4857-b3e6-fe13489dc014,88.06,0.0,Unknown Supplier
8e4f742e-1cb1-4108-be08-2dc27d6a6f81,2025-10-04,2025-10-04,de2aa412-e109-4bcf-b6e9-9d9ad0b05e22,a52866af-8c40-44be-b216-7444874c214c,6ff4fe00-1ccb-4857-b3e6-fe13489dc014,98.12,0.0,Unknown Supplier
59018a23-cb2a-4bdc-9000-e31310b9b0c9,2025-10-09,2025-10-09,de2aa412-e109-4bcf-b6e9-9d9ad0b05e22,a52866af-8c40-44be-b216-7444874c214c,6ff4fe00-1ccb-4857-b3e6-fe13489dc014,84.54,0.0,Unknown Supplier
029e9f22-c780-426b-aaf0-54f53f745663,2025-10-12,2025-10-12,de2aa412-e109-4bcf-b6e9-9d9ad0b05e22,a52866af-8c40-44be-b216-7444874c214c,6ff4fe00-1ccb-4857-b3e6-fe13489dc014,132.69,0.0,Unknown Supplier
8bde794f-fbc4-4301-ba23-fc35e93b6194,2025-10-19,2025-10-19,de2aa412-e109-4bcf-b6e9-9d9ad0b05e22,a52866af-8c40-44be-b216-7444874c214c,6ff4fe00-1ccb-4857-b3e6-fe13489dc014,135.48,0.0,Unknown Supplier
c89d955f-9e41-4cff-a31e-ee37c615f15e,2025-10-26,2025-10-26,de2aa412-e109-4bcf-b6e9-9d9ad0b05e22,a52866af-8c40-44be-b216-7444874c214c,6ff4fe00-1ccb-4857-b3e6-fe13489dc014,110.55,0.0,Unknown Supplier
286f1741-dd37-4278-9ef9-a33f6c8f1e3e,2025-11-01,2025-11-01,de2aa412-e109-4bcf-b6e9-9d9ad0b05e22,a52866af-8c40-44be-b216-7444874c214c,6ff4fe00-1ccb-4857-b3e6-fe13489dc014,76.67,0.0,Unknown Supplier
5a9a000f-2dbf-4a34-8dc7-961fccb8ec87,2025-11-05,2025-11-05,de2aa412-e109-4bcf-b6e9-9d9ad0b05e22,a52866af-8c40-44be-b216-7444874c214c,6ff4fe00-1ccb-4857-b3e6-fe13489dc014,122.0,0.0,Unknown Supplier
372b89c7-49c5-48a5-98a0-143d2a015a85,2025-11-11,2025-11-11,de2aa412-e109-4bcf-b6e9-9d9ad0b05e22,a52866af-8c40-44be-b216-7444874c214c,6ff4fe00-1ccb-4857-b3e6-fe13489dc014,135.99,0.0,Unknown Supplier
da791177-0ed4-46da-bf2f-cd2a9d350ca3,2025-11-18,2025-11-18,de2aa412-e109-4bcf-b6e9-9d9ad0b05e22,a52866af-8c40-44be-b216-7444874c214c,6ff4fe00-1ccb-4857-b3e6-fe13489dc014,129.92,0.0,Unknown Supplier
4cd8e58d-1e87-4f0a-94b2-ba5b2def7e49,2025-11-26,2025-11-26,de2aa412-e109-4bcf-b6e9-9d9ad0b05e22,a52866af-8c40-44be-b216-7444874c214c,6ff4fe00-1ccb-4857-b3e6-fe13489dc014,86.16,0.0,Unknown Supplier
2d496323-55fd-4467-83af-a7c3d8474b6e,2025-11-30,2025-11-30,de2aa412-e109-4bcf-b6e9-9d9ad0b05e22,a52866af-8c40-44be-b216-7444874c214c,6ff4fe00-1ccb-4857-b3e6-fe13489dc014,126.17,0.0,Unknown Supplier
a2339d7d-930d-4c93-ba39-cbc4b835f506,2025-12-07,2025-12-07,de2aa412-e109-4bcf-b6e9-9d9ad0b05e22,a52866af-8c40-44be-b216-7444874c214c,6ff4fe00-1ccb-4857-b3e6-fe13489dc014,100.62,0.0,Unknown Supplier
911fc44a-30a5-4878-877f-55bb65c771b1,2025-12-12,2025-12-12,de2aa412-e109-4bcf-b6e9-9d9ad0b05e22,a52866af-8c40-44be-b216-7444874c214c,6ff4fe00-1ccb-4857-b3e6-fe13489dc014,85.52,0.0,Unknown Supplier
ec807468-f4d4-46ea-80c2-6f0b038adb5b,2025-12-16,2025-12-16,de2aa412-e109-4bcf-b6e9-9d9ad0b05e22,a52866af-8c40-44be-b216-7444874c214c,6ff4fe00-1ccb-4857-b3e6-fe13489dc014,139.92,0.0,Unknown Supplier
b0656e05-be7e-4ab3-833c-b17fb50f2c47,2025-12-23,2025-12-23,de2aa412-e109-4bcf-b6e9-9d9ad0b05e22,a52866af-8c40-44be-b216-7444874c214c,6ff4fe00-1ccb-4857-b3e6-fe13489dc014,140.59,0.0,Unknown Supplier
59c25648-5867-4d33-bede-d9ee64e03d4e,2025-12-29,2025-12-29,de2aa412-e109-4bcf-b6e9-9d9ad0b05e22,a52866af-8c40-44be-b216-7444874c214c,6ff4fe00-1ccb-4857-b3e6-fe13489dc014,104.51,0.0,Unknown Supplier
f4b3e0fa-1437-489f-b873-53672b48e804,2026-01-03,2026-01-03,de2aa412-e109-4bcf-b6e9-9d9ad0b05e22,a52866af-8c40-44be-b216-7444874c214c,6ff4fe00-1ccb-4857-b3e6-fe13489dc014,92.43,0.0,Unknown Supplier
fd5325a5-8648-4fa7-b672-f4d9d32fca1c,2026-01-08,2026-01-08,de2aa412-e109-4bcf-b6e9-9d9ad0b05e22,a52866af-8c40-44be-b216-7444874c214c,6ff4fe00-1ccb-4857-b3e6-fe13489dc014,110.62,0.0,Unknown Supplier
f484ac96-8ae4-48a7-9a0c-fae9300ac9b3,2026-01-13,2026-01-13,de2aa412-e109-4bcf-b6e9-9d9ad0b05e22,a52866af-8c40-44be-b216-7444874c214c,6ff4fe00-1ccb-4857-b3e6-fe13489dc014,139.62,0.0,Unknown Supplier
1e92eaef-f10f-41f4-92a1-d431942d1883,2026-01-19,2026-01-19,de2aa412-e109-4bcf-b6e9-9d9ad0b05e22,a52866af-8c40-44be-b216-7444874c214c,6ff4fe00-1ccb-4857-b3e6-fe13489dc014,105.13,0.0,Unknown Supplier
3a8e9696-d001-4653-9b1f-8a42f03c0800,2026-01-24,2026-01-24,de2aa412-e109-4bcf-b6e9-9d9ad0b05e22,a52866af-8c40-44be-b216-7444874c214c,6ff4fe00-1ccb-4857-b3e6-fe13489dc014,84.61,0.0,Unknown Supplier
ae8b3149-5f8b-439f-880a-1747d0d2e0dd,2026-01-28,2026-01-28,de2aa412-e109-4bcf-b6e9-9d9ad0b05e22,a52866af-8c40-44be-b216-7444874c214c,6ff4fe00-1ccb-4857-b3e6-fe13489dc014,140.09,0.0,Unknown Supplier
e6213de7-33be-4f2c-9604-8538a3262d23,2026-02-03,2026-02-03,de2aa412-e109-4bcf-b6e9-9d9ad0b05e22,a52866af-8c40-44be-b216-7444874c214c,6ff4fe00-1ccb-4857-b3e6-fe13489dc014,143.66,0.0,Unknown Supplier
c6417223-c1ac-479c-918b-b5b1b76eae60,2026-02-09,2026-02-09,de2aa412-e109-4bcf-b6e9-9d9ad0b05e22,a52866af-8c40-44be-b216-7444874c214c,6ff4fe00-1ccb-4857-b3e6-fe13489dc014,125.71,0.0,Unknown Supplier
257fca3b-0ba6-4b92-b421-b8b8bbe0c05e,2026-02-14,2026-02-14,de2aa412-e109-4bcf-b6e9-9d9ad0b05e22,a52866af-8c40-44be-b216-7444874c214c,6ff4fe00-1ccb-4857-b3e6-fe13489dc014,89.45,0.0,Unknown Supplier
289a208e-b1e9-45a7-a2d1-ba54bed38778,2026-02-19,2026-02-19,de2aa412-e109-4bcf-b6e9-9d9ad0b05e22,a52866af-8c40-44be-b216-7444874c214c,6ff4fe00-1ccb-4857-b3e6-fe13489dc014,77.59,0.0,Unknown Supplier
e1ecf7de-84a9-4bba-8961-f7b7073a356a,2026-02-22,2026-02-22,de2aa412-e109-4bcf-b6e9-9d9ad0b05e22,a52866af-8c40-44be-b216-7444874c214c,6ff4fe00-1ccb-4857-b3e6-fe13489dc014,120.6,0.0,Unknown Supplier
f1cb0612-55f4-49a4-b992-db61f19d89fd,2026-02-28,2026-02-28,de2aa412-e109-4bcf-b6e9-9d9ad0b05e22,a52866af-8c40-44be-b216-7444874c214c,6ff4fe00-1ccb-4857-b3e6-fe13489dc014,127.23,0.0,Unknown Supplier
32ee2492-4daa-4e5c-babb-d0ed474a9b71,2026-03-05,2026-03-05,de2aa412-e109-4bcf-b6e9-9d9ad0b05e22,a52866af-8c40-44be-b216-7444874c214c,6ff4fe00-1ccb-4857-b3e6-fe13489dc014,135.52,0.0,Unknown Supplier
3590b8f3-e47c-49a9-86eb-21586e617d7d,2026-03-11,2026-03-11,de2aa412-e109-4bcf-b6e9-9d9ad0b05e22,a52866af-8c40-44be-b216-7444874c214c,6ff4fe00-1ccb-4857-b3e6-fe13489dc014,80.7,0.0,Unknown Supplier
6068df7b-5c46-4e45-a2e6-d25e437027be,2026-03-15,2026-03-15,de2aa412-e109-4bcf-b6e9-9d9ad0b05e22,a52866af-8c40-44be-b216-7444874c214c,6ff4fe00-1ccb-4857-b3e6-fe13489dc014,130.69,0.0,Unknown Supplier
4c3a5097-a28e-4b72-80af-e3e44bf600c2,2026-03-21,2026-03-21,de2aa412-e109-4bcf-b6e9-9d9ad0b05e22,a52866af-8c40-44be-b216-7444874c214c,6ff4fe00-1ccb-4857-b3e6-fe13489dc014,141.05,0.0,Unknown Supplier
151c5e9e-c670-415e-9703-b496f047a6de,2026-03-27,2026-03-27,de2aa412-e109-4bcf-b6e9-9d9ad0b05e22,a52866af-8c40-44be-b216-7444874c214c,6ff4fe00-1ccb-4857-b3e6-fe13489dc014,96.13,0.0,Unknown Supplier
9b0203ab-4580-456d-9766-ec6ad3fa01b1,2026-04-01,2026-04-01,de2aa412-e109-4bcf-b6e9-9d9ad0b05e22,a52866af-8c40-44be-b216-7444874c214c,6ff4fe00-1ccb-4857-b3e6-fe13489dc014,94.24,0.0,Unknown Supplier
225a9323-db24-43f6-8221-53b2d807853a,2026-04-05,2026-04-05,de2aa412-e109-4bcf-b6e9-9d9ad0b05e22,a52866af-8c40-44be-b216-7444874c214c,6ff4fe00-1ccb-4857-b3e6-fe13489dc014,74.73,0.0,Unknown Supplier
7e52f586-e0d0-4722-be25-4bf3143747a6,2026-04-08,2026-04-08,de2aa412-e109-4bcf-b6e9-9d9ad0b05e22,a52866af-8c40-44be-b216-7444874c214c,6ff4fe00-1ccb-4857-b3e6-fe13489dc014,118.34,0.0,Unknown Supplier
14fb7e4e-0928-4dec-8359-0a378395cc2f,2026-04-12,2026-04-12,de2aa412-e109-4bcf-b6e9-9d9ad0b05e22,a52866af-8c40-44be-b216-7444874c214c,6ff4fe00-1ccb-4857-b3e6-fe13489dc014,89.44,0.0,Unknown Supplier
e7b9329d-94de-477d-b55f-93f3f32c1378,2026-04-17,2026-04-17,de2aa412-e109-4bcf-b6e9-9d9ad0b05e22,a52866af-8c40-44be-b216-7444874c214c,6ff4fe00-1ccb-4857-b3e6-fe13489dc014,72.44,0.0,Unknown Supplier
d877a79c-c2fc-4189-ad02-8dcd0bf83976,2026-04-20,2026-04-20,de2aa412-e109-4bcf-b6e9-9d9ad0b05e22,a52866af-8c40-44be-b216-7444874c214c,6ff4fe00-1ccb-4857-b3e6-fe13489dc014,78.61,0.0,Unknown Supplier
ca6ebb32-289c-4bed-a3c1-80f06664eff3,2026-04-23,2026-04-23,de2aa412-e109-4bcf-b6e9-9d9ad0b05e22,a52866af-8c40-44be-b216-7444874c214c,6ff4fe00-1ccb-4857-b3e6-fe13489dc014,94.43,0.0,Unknown Supplier
35ebbad7-96ef-4566-ba6b-330299b6db6c,2026-04-28,2026-04-28,de2aa412-e109-4bcf-b6e9-9d9ad0b05e22,a52866af-8c40-44be-b216-7444874c214c,6ff4fe00-1ccb-4857-b3e6-fe13489dc014,142.02,0.0,Unknown Supplier
221697fd-5acd-4e9b-a9f8-60788cc3725d,2026-05-04,2026-05-04,de2aa412-e109-4bcf-b6e9-9d9ad0b05e22,a52866af-8c40-44be-b216-7444874c214c,6ff4fe00-1ccb-4857-b3e6-fe13489dc014,138.35,0.0,Unknown Supplier
3996253f-8dc6-45fb-9337-c9cbf6738a88,2026-05-11,2026-05-11,de2aa412-e109-4bcf-b6e9-9d9ad0b05e22,a52866af-8c40-44be-b216-7444874c214c,6ff4fe00-1ccb-4857-b3e6-fe13489dc014,108.05,0.0,Unknown Supplier
696ef22b-96bf-4f20-880e-d6628c852676,2026-05-15,2026-05-15,de2aa412-e109-4bcf-b6e9-9d9ad0b05e22,a52866af-8c40-44be-b216-7444874c214c,6ff4fe00-1ccb-4857-b3e6-fe13489dc014,114.36,0.0,Unknown Supplier
8d6b2d4a-7588-4f3d-8d1f-cf9bad60e64d,2026-05-20,2026-05-20,de2aa412-e109-4bcf-b6e9-9d9ad0b05e22,a52866af-8c40-44be-b216-7444874c214c,6ff4fe00-1ccb-4857-b3e6-fe13489dc014,108.69,0.0,Unknown Supplier
67487b3a-49b0-4fe2-9eb9-361f9a4c8278,2026-05-24,2026-05-24,de2aa412-e109-4bcf-b6e9-9d9ad0b05e22,a52866af-8c40-44be-b216-7444874c214c,6ff4fe00-1ccb-4857-b3e6-fe13489dc014,130.55,0.0,Unknown Supplier
2e2659c3-a4a6-433b-802f-5f3590428bbf,2026-05-30,2026-05-30,de2aa412-e109-4bcf-b6e9-9d9ad0b05e22,a52866af-8c40-44be-b216-7444874c214c,6ff4fe00-1ccb-4857-b3e6-fe13489dc014,127.51,0.0,Unknown Supplier
5599641e-ce29-48ab-aa15-0b39dbf4b7fc,2026-06-05,2026-06-05,de2aa412-e109-4bcf-b6e9-9d9ad0b05e22,a52866af-8c40-44be-b216-7444874c214c,6ff4fe00-1ccb-4857-b3e6-fe13489dc014,119.41,0.0,Unknown Supplier
b4f87f8d-e56e-498b-a391-7c325bbf44eb,2026-06-10,2026-06-10,de2aa412-e109-4bcf-b6e9-9d9ad0b05e22,a52866af-8c40-44be-b216-7444874c214c,6ff4fe00-1ccb-4857-b3e6-fe13489dc014,125.91,0.0,Unknown Supplier
12749360-b700-4246-8bfd-3517f968dfda,2026-06-16,2026-06-16,de2aa412-e109-4bcf-b6e9-9d9ad0b05e22,a52866af-8c40-44be-b216-7444874c214c,6ff4fe00-1ccb-4857-b3e6-fe13489dc014,98.97,0.0,Unknown Supplier
0c511cf7-f32e-4934-b0b7-e65987123c4d,2026-06-20,2026-06-20,de2aa412-e109-4bcf-b6e9-9d9ad0b05e22,a52866af-8c40-44be-b216-7444874c214c,6ff4fe00-1ccb-4857-b3e6-fe13489dc014,85.16,0.0,Unknown Supplier
2538a11d-57f8-4258-a637-4e3f9e319995,2026-06-24,2026-06-24,de2aa412-e109-4bcf-b6e9-9d9ad0b05e22,a52866af-8c40-44be-b216-7444874c214c,6ff4fe00-1ccb-4857-b3e6-fe13489dc014,93.11,0.0,Unknown Supplier
087e25a1-4fb6-4f9d-90c9-702c808a1e09,2026-06-29,2026-06-29,de2aa412-e109-4bcf-b6e9-9d9ad0b05e22,a52866af-8c40-44be-b216-7444874c214c,6ff4fe00-1ccb-4857-b3e6-fe13489dc014,113.94,0.0,Unknown Supplier
c4e6a5a3-75d0-49e6-9145-88f641997153,2026-07-04,2026-07-04,de2aa412-e109-4bcf-b6e9-9d9ad0b05e22,a52866af-8c40-44be-b216-7444874c214c,6ff4fe00-1ccb-4857-b3e6-fe13489dc014,102.92,0.0,Unknown Supplier
b09a78ac-aa31-4191-816e-1bc35baad9b9,2026-07-09,2026-07-09,de2aa412-e109-4bcf-b6e9-9d9ad0b05e22,a52866af-8c40-44be-b216-7444874c214c,6ff4fe00-1ccb-4857-b3e6-fe13489dc014,79.21,0.0,Unknown Supplier
20cfb7c1-a928-4fce-bf01-479903fb8288,2026-07-12,2026-07-12,de2aa412-e109-4bcf-b6e9-9d9ad0b05e22,a52866af-8c40-44be-b216-7444874c214c,6ff4fe00-1ccb-4857-b3e6-fe13489dc014,134.57,0.0,Unknown Supplier
8fc86b86-60ea-4c4f-b335-7672297ba05a,2026-07-19,2026-07-19,de2aa412-e109-4bcf-b6e9-9d9ad0b05e22,a52866af-8c40-44be-b216-7444874c214c,6ff4fe00-1ccb-4857-b3e6-fe13489dc014,75.29,0.0,Unknown Supplier
45aecd39-dd4e-4dd7-827d-485f780cd143,2026-07-23,2026-07-23,de2aa412-e109-4bcf-b6e9-9d9ad0b05e22,a52866af-8c40-44be-b216-7444874c214c,6ff4fe00-1ccb-4857-b3e6-fe13489dc014,139.07,0.0,Unknown Supplier
e8f314ab-a796-4a6d-a8a3-97b42f76ade3,2026-07-30,2026-07-30,de2aa412-e109-4bcf-b6e9-9d9ad0b05e22,a52866af-8c40-44be-b216-7444874c214c,6ff4fe00-1ccb-4857-b3e6-fe13489dc014,93.7,0.0,Unknown Supplier
80230770-decb-4c91-b1c4-e1bdca473d94,2026-08-04,2026-08-04,de2aa412-e109-4bcf-b6e9-9d9ad0b05e22,a52866af-8c40-44be-b216-7444874c214c,6ff4fe00-1ccb-4857-b3e6-fe13489dc014,119.5,0.0,Unknown Supplier
0aa39a93-8901-438c-9b9e-0d3ca7455198,2026-08-10,2026-08-10,de2aa412-e109-4bcf-b6e9-9d9ad0b05e22,a52866af-8c40-44be-b216-7444874c214c,6ff4fe00-1ccb-4857-b3e6-fe13489dc014,81.77,0.0,Unknown Supplier
79edf151-7650-4d5f-87e7-122d4f2d1298,2026-08-15,2026-08-15,de2aa412-e109-4bcf-b6e9-9d9ad0b05e22,a52866af-8c40-44be-b216-7444874c214c,6ff4fe00-1ccb-4857-b3e6-fe13489dc014,123.66,0.0,Unknown Supplier
24cb42e0-5502-401c-808c-f763b3ec42ba,2026-08-22,2026-08-22,de2aa412-e109-4bcf-b6e9-9d9ad0b05e22,a52866af-8c40-44be-b216-7444874c214c,6ff4fe00-1ccb-4857-b3e6-fe13489dc014,98.48,0.0,Unknown Supplier
731ebb4e-2c7d-453e-9a7f-4b0dde03f3ed,2026-08-26,2026-08-26,de2aa412-e109-4bcf-b6e9-9d9ad0b05e22,a52866af-8c40-44be-b216-7444874c214c,6ff4fe00-1ccb-4857-b3e6-fe13489dc014,109.42,0.0,Unknown Supplier
df9da948-940b-4b3c-9e98-6a423fa74076,2026-08-27,2026-08-27,de2aa412-e109-4bcf-b6e9-9d9ad0b05e22,a52866af-8c40-44be-b216-7444874c214c,6ff4fe00-1ccb-4857-b3e6-fe13489dc014,110.76,0.0,Unknown Supplier
2a56fc15-3dae-410c-bf4b-8429cdf28c18,2026-08-29,2026-08-29,de2aa412-e109-4bcf-b6e9-9d9ad0b05e22,a52866af-8c40-44be-b216-7444874c214c,6ff4fe00-1ccb-4857-b3e6-fe13489dc014,115.31,0.0,Unknown Supplier
8ce15bd2-d10b-4cad-8cf7-260ed57f018d,2026-08-31,2026-08-31,de2aa412-e109-4bcf-b6e9-9d9ad0b05e22,a52866af-8c40-44be-b216-7444874c214c,6ff4fe00-1ccb-4857-b3e6-fe13489dc014,143.3,0.0,Unknown Supplier
0eb066a7-d696-42e1-9ea4-484dea028bcc,2026-09-02,2026-09-02,de2aa412-e109-4bcf-b6e9-9d9ad0b05e22,a52866af-8c40-44be-b216-7444874c214c,6ff4fe00-1ccb-4857-b3e6-fe13489dc014,122.7,0.0,Unknown Supplier
a8719b53-a10e-4c0c-9252-c9ea0cd67617,2026-09-04,2026-09-04,de2aa412-e109-4bcf-b6e9-9d9ad0b05e22,a52866af-8c40-44be-b216-7444874c214c,6ff4fe00-1ccb-4857-b3e6-fe13489dc014,130.35,0.0,Unknown Supplier
5b678a9d-dc81-4fca-a3bc-1f512ee04065,2026-09-05,2026-09-05,de2aa412-e109-4bcf-b6e9-9d9ad0b05e22,a52866af-8c40-44be-b216-7444874c214c,6ff4fe00-1ccb-4857-b3e6-fe13489dc014,84.89,0.0,Unknown Supplier
38e8430d-5150-40b2-ae4a-6f0fa4b12a46,2026-09-06,2026-09-06,de2aa412-e109-4bcf-b6e9-9d9ad0b05e22,a52866af-8c40-44be-b216-7444874c214c,6ff4fe00-1ccb-4857-b3e6-fe13489dc014,119.47,0.0,Unknown Supplier
55f1ad90-3d73-4e7d-96dc-ae94159192eb,2026-09-07,2026-09-07,de2aa412-e109-4bcf-b6e9-9d9ad0b05e22,a52866af-8c40-44be-b216-7444874c214c,6ff4fe00-1ccb-4857-b3e6-fe13489dc014,96.29,0.0,Unknown Supplier
6f4fefdf-de02-49a2-8dfc-d14a78103f49,2025-09-08,2025-09-08,de2aa412-e109-4bcf-b6e9-9d9ad0b05e22,9cb23577-19df-4574-ab77-553f6d3490d7,d62800f9-f2ad-4cac-8831-6061caa962fe,83.46,0.0,Unknown Supplier
dff1336e-2667-4035-8d8b-3968f061040d,2025-09-13,2025-09-13,de2aa412-e109-4bcf-b6e9-9d9ad0b05e22,9cb23577-19df-4574-ab77-553f6d3490d7,d62800f9-f2ad-4cac-8831-6061caa962fe,110.99,0.0,Unknown Supplier
a66d84ba-0159-4c06-be57-3b8f0230a6ac,2025-09-20,2025-09-20,de2aa412-e109-4bcf-b6e9-9d9ad0b05e22,9cb23577-19df-4574-ab77-553f6d3490d7,d62800f9-f2ad-4cac-8831-6061caa962fe,119.31,0.0,Unknown Supplier
0971e873-6776-45c0-97f4-516a2bc74040,2025-09-27,2025-09-27,de2aa412-e109-4bcf-b6e9-9d9ad0b05e22,9cb23577-19df-4574-ab77-553f6d3490d7,d62800f9-f2ad-4cac-8831-6061caa962fe,84.24,0.0,Unknown Supplier
5519396e-aad5-4d51-b4a9-49d6b31c9f50,2025-10-03,2025-10-03,de2aa412-e109-4bcf-b6e9-9d9ad0b05e22,9cb23577-19df-4574-ab77-553f6d3490d7,d62800f9-f2ad-4cac-8831-6061caa962fe,99.02,0.0,Unknown Supplier
f4821d4e-ec38-405b-9abc-e0120e379c77,2025-10-10,2025-10-10,de2aa412-e109-4bcf-b6e9-9d9ad0b05e22,9cb23577-19df-4574-ab77-553f6d3490d7,d62800f9-f2ad-4cac-8831-6061caa962fe,70.87,0.0,Unknown Supplier
90cb4e89-a509-449e-a749-60e3e7f9cc20,2025-10-14,2025-10-14,de2aa412-e109-4bcf-b6e9-9d9ad0b05e22,9cb23577-19df-4574-ab77-553f6d3490d7,d62800f9-f2ad-4cac-8831-6061caa962fe,71.09,0.0,Unknown Supplier
788768a0-1b0c-4418-a278-ff245a2a0472,2025-10-18,2025-10-18,de2aa412-e109-4bcf-b6e9-9d9ad0b05e22,9cb23577-19df-4574-ab77-553f6d3490d7,d62800f9-f2ad-4cac-8831-6061caa962fe,102.82,0.0,Unknown Supplier
0967aa2b-0358-44b9-b8be-5b22478ff92a,2025-10-24,2025-10-24,de2aa412-e109-4bcf-b6e9-9d9ad0b05e22,9cb23577-19df-4574-ab77-553f6d3490d7,d62800f9-f2ad-4cac-8831-6061caa962fe,72.37,0.0,Unknown Supplier
b7e04392-d753-4f69-af0e-c05bec7bd008,2025-10-28,2025-10-28,de2aa412-e109-4bcf-b6e9-9d9ad0b05e22,9cb23577-19df-4574-ab77-553f6d3490d7,d62800f9-f2ad-4cac-8831-6061caa962fe,85.38,0.0,Unknown Supplier
8bf1fa68-3ccd-4cda-9adb-429303225d32,2025-11-03,2025-11-03,de2aa412-e109-4bcf-b6e9-9d9ad0b05e22,9cb23577-19df-4574-ab77-553f6d3490d7,d62800f9-f2ad-4cac-8831-6061caa962fe,81.13,0.0,Unknown Supplier
91ddc9fb-8fd7-4210-87e6-128ec615d93e,2025-11-09,2025-11-09,de2aa412-e109-4bcf-b6e9-9d9ad0b05e22,9cb23577-19df-4574-ab77-553f6d3490d7,d62800f9-f2ad-4cac-8831-6061caa962fe,67.71,0.0,Unknown Supplier
b83a3b6f-9a94-4753-8aa4-65a3ee1e0196,2025-11-13,2025-11-13,de2aa412-e109-4bcf-b6e9-9d9ad0b05e22,9cb23577-19df-4574-ab77-553f6d3490d7,d62800f9-f2ad-4cac-8831-6061caa962fe,85.52,0.0,Unknown Supplier
849bc82a-3f19-448e-9657-583facdce379,2025-11-18,2025-11-18,de2aa412-e109-4bcf-b6e9-9d9ad0b05e22,9cb23577-19df-4574-ab77-553f6d3490d7,d62800f9-f2ad-4cac-8831-6061caa962fe,96.3,0.0,Unknown Supplier
a6addae0-df90-4dde-9b9c-e232294fc77e,2025-11-24,2025-11-24,de2aa412-e109-4bcf-b6e9-9d9ad0b05e22,9cb23577-19df-4574-ab77-553f6d3490d7,d62800f9-f2ad-4cac-8831-6061caa962fe,81.77,0.0,Unknown Supplier
1b173e77-526b-450c-8bdd-f5a51d42afc4,2025-11-30,2025-11-30,de2aa412-e109-4bcf-b6e9-9d9ad0b05e22,9cb23577-19df-4574-ab77-553f6d3490d7,d62800f9-f2ad-4cac-8831-6061caa962fe,78.39,0.0,Unknown Supplier
6b2b7bbc-87b0-46cf-9085-bad23f7ac3a9,2025-12-05,2025-12-05,de2aa412-e109-4bcf-b6e9-9d9ad0b05e22,9cb23577-19df-4574-ab77-553f6d3490d7,d62800f9-f2ad-4cac-8831-6061caa962fe,83.37,0.0,Unknown Supplier
07848171-22a7-453b-949f-62c09d5398e6,2025-12-10,2025-12-10,de2aa412-e109-4bcf-b6e9-9d9ad0b05e22,9cb23577-19df-4574-ab77-553f6d3490d7,d62800f9-f2ad-4cac-8831-6061caa962fe,69.33,0.0,Unknown Supplier
7df58acf-18eb-4444-be55-bba7551b2a31,2025-12-15,2025-12-15,de2aa412-e109-4bcf-b6e9-9d9ad0b05e22,9cb23577-19df-4574-ab77-553f6d3490d7,d62800f9-f2ad-4cac-8831-6061caa962fe,70.99,0.0,Unknown Supplier
c86d1464-66c7-45ba-a314-655454574dcd,2025-12-20,2025-12-20,de2aa412-e109-4bcf-b6e9-9d9ad0b05e22,9cb23577-19df-4574-ab77-553f6d3490d7,d62800f9-f2ad-4cac-8831-6061caa962fe,116.85,0.0,Unknown Supplier
4d8dd16d-20cd-4b6d-8d9c-4de53e99057d,2025-12-26,2025-12-26,de2aa412-e109-4bcf-b6e9-9d9ad0b05e22,9cb23577-19df-4574-ab77-553f6d3490d7,d62800f9-f2ad-4cac-8831-6061caa962fe,117.73,0.0,Unknown Supplier
26b9e84a-5a3c-402c-bf27-8a45227f2022,2026-01-02,2026-01-02,de2aa412-e109-4bcf-b6e9-9d9ad0b05e22,9cb23577-19df-4574-ab77-553f6d3490d7,d62800f9-f2ad-4cac-8831-6061caa962fe,104.98,0.0,Unknown Supplier
4a0fafc7-be36-41ed-8de3-320cacaec213,2026-01-07,2026-01-07,de2aa412-e109-4bcf-b6e9-9d9ad0b05e22,9cb23577-19df-4574-ab77-553f6d3490d7,d62800f9-f2ad-4cac-8831-6061caa962fe,112.92,0.0,Unknown Supplier
85a15117-84af-439a-b08d-79773f7bbb5a,2026-01-15,2026-01-15,de2aa412-e109-4bcf-b6e9-9d9ad0b05e22,9cb23577-19df-4574-ab77-553f6d3490d7,d62800f9-f2ad-4cac-8831-6061caa962fe,77.61,0.0,Unknown Supplier
31a97b02-1a1e-48e9-a61e-5a1ca44c0db7,2026-01-20,2026-01-20,de2aa412-e109-4bcf-b6e9-9d9ad0b05e22,9cb23577-19df-4574-ab77-553f6d3490d7,d62800f9-f2ad-4cac-8831-6061caa962fe,97.06,0.0,Unknown Supplier
645a163d-ec69-413e-b199-8c8f45207dda,2026-01-25,2026-01-25,de2aa412-e109-4bcf-b6e9-9d9ad0b05e22,9cb23577-19df-4574-ab77-553f6d3490d7,d62800f9-f2ad-4cac-8831-6061caa962fe,89.52,0.0,Unknown Supplier
c507414b-cf7a-4ce6-8038-297833c89afd,2026-01-30,2026-01-30,de2aa412-e109-4bcf-b6e9-9d9ad0b05e22,9cb23577-19df-4574-ab77-553f6d3490d7,d62800f9-f2ad-4cac-8831-6061caa962fe,85.7,0.0,Unknown Supplier
46666e31-db68-4b0c-8d13-5aa449025222,2026-02-04,2026-02-04,de2aa412-e109-4bcf-b6e9-9d9ad0b05e22,9cb23577-19df-4574-ab77-553f6d3490d7,d62800f9-f2ad-4cac-8831-6061caa962fe,71.91,0.0,Unknown Supplier
df333079-3ca9-4d73-985a-c92098940822,2026-02-09,2026-02-09,de2aa412-e109-4bcf-b6e9-9d9ad0b05e22,9cb23577-19df-4574-ab77-553f6d3490d7,d62800f9-f2ad-4cac-8831-6061caa962fe,85.27,0.0,Unknown Supplier
1abcd344-7b23-492f-9af3-b86fbae6c228,2026-02-14,2026-02-14,de2aa412-e109-4bcf-b6e9-9d9ad0b05e22,9cb23577-19df-4574-ab77-553f6d3490d7,d62800f9-f2ad-4cac-8831-6061caa962fe,66.58,0.0,Unknown Supplier
43dba680-6039-4e2a-a9c5-684265141877,2026-02-17,2026-02-17,de2aa412-e109-4bcf-b6e9-9d9ad0b05e22,9cb23577-19df-4574-ab77-553f6d3490d7,d62800f9-f2ad-4cac-8831-6061caa962fe,100.7,0.0,Unknown Supplier
d9fe1ec9-eea3-45e9-809d-1e27ad701d71,2026-02-23,2026-02-23,de2aa412-e109-4bcf-b6e9-9d9ad0b05e22,9cb23577-19df-4574-ab77-553f6d3490d7,d62800f9-f2ad-4cac-8831-6061caa962fe,111.85,0.0,Unknown Supplier
4aecf10e-e577-448f-a47c-33d82e64554c,2026-03-01,2026-03-01,de2aa412-e109-4bcf-b6e9-9d9ad0b05e22,9cb23577-19df-4574-ab77-553f6d3490d7,d62800f9-f2ad-4cac-8831-6061caa962fe,73.76,0.0,Unknown Supplier
5b3805e1-b129-419f-a3b3-84799854be2a,2026-03-05,2026-03-05,de2aa412-e109-4bcf-b6e9-9d9ad0b05e22,9cb23577-19df-4574-ab77-553f6d3490d7,d62800f9-f2ad-4cac-8831-6061caa962fe,84.44,0.0,Unknown Supplier
4cd6c78a-b34f-4ac8-b0e1-1f6c2b158218,2026-03-09,2026-03-09,de2aa412-e109-4bcf-b6e9-9d9ad0b05e22,9cb23577-19df-4574-ab77-553f6d3490d7,d62800f9-f2ad-4cac-8831-6061caa962fe,76.15,0.0,Unknown Supplier
10dfc5a1-ff43-4ce0-8746-bf9f26171c07,2026-03-14,2026-03-14,de2aa412-e109-4bcf-b6e9-9d9ad0b05e22,9cb23577-19df-4574-ab77-553f6d3490d7,d62800f9-f2ad-4cac-8831-6061caa962fe,114.51,0.0,Unknown Supplier
a8415918-ff81-496a-98c9-cf076a7fb708,2026-03-20,2026-03-20,de2aa412-e109-4bcf-b6e9-9d9ad0b05e22,9cb23577-19df-4574-ab77-553f6d3490d7,d62800f9-f2ad-4cac-8831-6061caa962fe,106.73,0.0,Unknown Supplier
0f7a761b-eba3-468c-8fa7-a99771ee4f57,2026-03-25,2026-03-25,de2aa412-e109-4bcf-b6e9-9d9ad0b05e22,9cb23577-19df-4574-ab77-553f6d3490d7,d62800f9-f2ad-4cac-8831-6061caa962fe,114.73,0.0,Unknown Supplier
91004260-9ad1-4de9-b427-906cdd91c7ef,2026-03-31,2026-03-31,de2aa412-e109-4bcf-b6e9-9d9ad0b05e22,9cb23577-19df-4574-ab77-553f6d3490d7,d62800f9-f2ad-4cac-8831-6061caa962fe,71.5,0.0,Unknown Supplier
4e049b8e-d46c-41a9-b2ed-eed08b7aa670,2026-04-04,2026-04-04,de2aa412-e109-4bcf-b6e9-9d9ad0b05e22,9cb23577-19df-4574-ab77-553f6d3490d7,d62800f9-f2ad-4cac-8831-6061caa962fe,103.04,0.0,Unknown Supplier
cbba911c-c46a-49ec-99a0-5b1e7b6b7c1b,2026-04-09,2026-04-09,de2aa412-e109-4bcf-b6e9-9d9ad0b05e22,9cb23577-19df-4574-ab77-553f6d3490d7,d62800f9-f2ad-4cac-8831-6061caa962fe,93.97,0.0,Unknown Supplier
31fcb0cc-4a39-4cfc-9e5f-ba9f912a9d7f,2026-04-14,2026-04-14,de2aa412-e109-4bcf-b6e9-9d9ad0b05e22,9cb23577-19df-4574-ab77-553f6d3490d7,d62800f9-f2ad-4cac-8831-6061caa962fe,106.76,0.0,Unknown Supplier
37b1e1ab-f032-4235-8317-2ed136d1b7b0,2026-04-20,2026-04-20,de2aa412-e109-4bcf-b6e9-9d9ad0b05e22,9cb23577-19df-4574-ab77-553f6d3490d7,d62800f9-f2ad-4cac-8831-6061caa962fe,73.22,0.0,Unknown Supplier
88e0b11c-0db3-4ae2-9e12-a4b1218b787c,2026-04-23,2026-04-23,de2aa412-e109-4bcf-b6e9-9d9ad0b05e22,9cb23577-19df-4574-ab77-553f6d3490d7,d62800f9-f2ad-4cac-8831-6061caa962fe,68.89,0.0,Unknown Supplier
91871261-2a29-4916-8863-5bc763fee50c,2026-04-27,2026-04-27,de2aa412-e109-4bcf-b6e9-9d9ad0b05e22,9cb23577-19df-4574-ab77-553f6d3490d7,d62800f9-f2ad-4cac-8831-6061caa962fe,60.08,0.0,Unknown Supplier
f1194731-22dd-4fb0-bb97-dca683411112,2026-05-01,2026-05-01,de2aa412-e109-4bcf-b6e9-9d9ad0b05e22,9cb23577-19df-4574-ab77-553f6d3490d7,d62800f9-f2ad-4cac-8831-6061caa962fe,96.69,0.0,Unknown Supplier
3555f822-9e73-4653-ad9c-4115d9132d0f,2026-05-06,2026-05-06,de2aa412-e109-4bcf-b6e9-9d9ad0b05e22,9cb23577-19df-4574-ab77-553f6d3490d7,d62800f9-f2ad-4cac-8831-6061caa962fe,106.69,0.0,Unknown Supplier
5551223b-6403-4aac-9107-afdadae44c98,2026-05-12,2026-05-12,de2aa412-e109-4bcf-b6e9-9d9ad0b05e22,9cb23577-19df-4574-ab77-553f6d3490d7,d62800f9-f2ad-4cac-8831-6061caa962fe,108.46,0.0,Unknown Supplier
7ce031f8-dab7-46e0-9cf8-e7c074f1a6f7,2026-05-17,2026-05-17,de2aa412-e109-4bcf-b6e9-9d9ad0b05e22,9cb23577-19df-4574-ab77-553f6d3490d7,d62800f9-f2ad-4cac-8831-6061caa962fe,71.33,0.0,Unknown Supplier
7b728918-aaea-455a-97ef-0b5c0a6320d8,2026-05-21,2026-05-21,de2aa412-e109-4bcf-b6e9-9d9ad0b05e22,9cb23577-19df-4574-ab77-553f6d3490d7,d62800f9-f2ad-4cac-8831-6061caa962fe,64.17,0.0,Unknown Supplier
5c306eda-79a2-43c3-a149-0882e2d8ed8c,2026-05-24,2026-05-24,de2aa412-e109-4bcf-b6e9-9d9ad0b05e22,9cb23577-19df-4574-ab77-553f6d3490d7,d62800f9-f2ad-4cac-8831-6061caa962fe,103.61,0.0,Unknown Supplier
722aafba-6405-4020-9c4e-e1c92823c122,2026-05-30,2026-05-30,de2aa412-e109-4bcf-b6e9-9d9ad0b05e22,9cb23577-19df-4574-ab77-553f6d3490d7,d62800f9-f2ad-4cac-8831-6061caa962fe,60.81,0.0,Unknown Supplier
55e0384f-e5e8-47f4-bd4c-8a20e8916e95,2026-06-03,2026-06-03,de2aa412-e109-4bcf-b6e9-9d9ad0b05e22,9cb23577-19df-4574-ab77-553f6d3490d7,d62800f9-f2ad-4cac-8831-6061caa962fe,93.77,0.0,Unknown Supplier
60048000-32cb-4dae-be50-52b578a4004e,2026-06-07,2026-06-07,de2aa412-e109-4bcf-b6e9-9d9ad0b05e22,9cb23577-19df-4574-ab77-553f6d3490d7,d62800f9-f2ad-4cac-8831-6061caa962fe,109.5,0.0,Unknown Supplier
e8f748ce-6f0c-4af8-a793-6552b80d5a6f,2026-06-14,2026-06-14,de2aa412-e109-4bcf-b6e9-9d9ad0b05e22,9cb23577-19df-4574-ab77-553f6d3490d7,d62800f9-f2ad-4cac-8831-6061caa962fe,109.37,0.0,Unknown Supplier
9bf2b8d1-6552-412a-bd01-ef72b4d862be,2026-06-20,2026-06-20,de2aa412-e109-4bcf-b6e9-9d9ad0b05e22,9cb23577-19df-4574-ab77-553f6d3490d7,d62800f9-f2ad-4cac-8831-6061caa962fe,70.68,0.0,Unknown Supplier
dd5837a8-063f-423c-8d50-58c5ef70d363,2026-06-24,2026-06-24,de2aa412-e109-4bcf-b6e9-9d9ad0b05e22,9cb23577-19df-4574-ab77-553f6d3490d7,d62800f9-f2ad-4cac-8831-6061caa962fe,66.24,0.0,Unknown Supplier
c29b2afb-ff1a-4ff8-a5c4-05939d3a05c9,2026-06-27,2026-06-27,de2aa412-e109-4bcf-b6e9-9d9ad0b05e22,9cb23577-19df-4574-ab77-553f6d3490d7,d62800f9-f2ad-4cac-8831-6061caa962fe,60.13,0.0,Unknown Supplier
e3e4ab3f-7936-42a2-89cc-5c61969fdac3,2026-07-01,2026-07-01,de2aa412-e109-4bcf-b6e9-9d9ad0b05e22,9cb23577-19df-4574-ab77-553f6d3490d7,d62800f9-f2ad-4cac-8831-6061caa962fe,64.04,0.0,Unknown Supplier
1ff89252-52ed-48bb-9999-4af76b611cb0,2026-07-05,2026-07-05,de2aa412-e109-4bcf-b6e9-9d9ad0b05e22,9cb23577-19df-4574-ab77-553f6d3490d7,d62800f9-f2ad-4cac-8831-6061caa962fe,85.43,0.0,Unknown Supplier
69a311dd-3a83-4583-b44a-135e462c7b88,2026-07-11,2026-07-11,de2aa412-e109-4bcf-b6e9-9d9ad0b05e22,9cb23577-19df-4574-ab77-553f6d3490d7,d62800f9-f2ad-4cac-8831-6061caa962fe,83.08,0.0,Unknown Supplier
29b41085-2781-4af1-bb3e-a58a7985ac8b,2026-07-16,2026-07-16,de2aa412-e109-4bcf-b6e9-9d9ad0b05e22,9cb23577-19df-4574-ab77-553f6d3490d7,d62800f9-f2ad-4cac-8831-6061caa962fe,93.5,0.0,Unknown Supplier
7f1bf0d0-27ad-43ea-97f5-9f32e780dd07,2026-07-21,2026-07-21,de2aa412-e109-4bcf-b6e9-9d9ad0b05e22,9cb23577-19df-4574-ab77-553f6d3490d7,d62800f9-f2ad-4cac-8831-6061caa962fe,118.31,0.0,Unknown Supplier
28504a1e-5268-47f9-9334-4d8650c58d0c,2026-07-27,2026-07-27,de2aa412-e109-4bcf-b6e9-9d9ad0b05e22,9cb23577-19df-4574-ab77-553f6d3490d7,d62800f9-f2ad-4cac-8831-6061caa962fe,99.76,0.0,Unknown Supplier
f0a00cb3-28d1-402a-b4ed-2deb65b77d3c,2026-08-02,2026-08-02,de2aa412-e109-4bcf-b6e9-9d9ad0b05e22,9cb23577-19df-4574-ab77-553f6d3490d7,d62800f9-f2ad-4cac-8831-6061caa962fe,104.89,0.0,Unknown Supplier
a3f29ef1-dc00-41ba-9165-eea33e6c4863,2026-08-08,2026-08-08,de2aa412-e109-4bcf-b6e9-9d9ad0b05e22,9cb23577-19df-4574-ab77-553f6d3490d7,d62800f9-f2ad-4cac-8831-6061caa962fe,60.65,0.0,Unknown Supplier
4767c4a7-e464-40d2-a42c-de9d18697bc2,2026-08-12,2026-08-12,de2aa412-e109-4bcf-b6e9-9d9ad0b05e22,9cb23577-19df-4574-ab77-553f6d3490d7,d62800f9-f2ad-4cac-8831-6061caa962fe,85.42,0.0,Unknown Supplier
70d7a77d-ae34-4e37-9e4f-4401fd8bb5b8,2026-08-18,2026-08-18,de2aa412-e109-4bcf-b6e9-9d9ad0b05e22,9cb23577-19df-4574-ab77-553f6d3490d7,d62800f9-f2ad-4cac-8831-6061caa962fe,108.99,0.0,Unknown Supplier
b7a0a74e-3275-4b84-b1a3-9d09b6515809,2026-08-25,2026-08-25,de2aa412-e109-4bcf-b6e9-9d9ad0b05e22,9cb23577-19df-4574-ab77-553f6d3490d7,d62800f9-f2ad-4cac-8831-6061caa962fe,92.49,0.0,Unknown Supplier
3ad968a4-8369-4b37-a2e7-4ce3ad97af65,2026-08-30,2026-08-30,de2aa412-e109-4bcf-b6e9-9d9ad0b05e22,9cb23577-19df-4574-ab77-553f6d3490d7,d62800f9-f2ad-4cac-8831-6061caa962fe,116.61,0.0,Unknown Supplier
4b7e0e5e-ef0f-48f8-b58b-13f9732a53bd,2026-09-01,2026-09-01,de2aa412-e109-4bcf-b6e9-9d9ad0b05e22,9cb23577-19df-4574-ab77-553f6d3490d7,d62800f9-f2ad-4cac-8831-6061caa962fe,103.54,0.0,Unknown Supplier
0a41e14a-8fd9-4b75-a7c5-d11cb51963b9,2026-09-02,2026-09-02,de2aa412-e109-4bcf-b6e9-9d9ad0b05e22,9cb23577-19df-4574-ab77-553f6d3490d7,d62800f9-f2ad-4cac-8831-6061caa962fe,84.44,0.0,Unknown Supplier
26b755e5-fc29-408e-bcd3-20f3a4e146da,2026-09-03,2026-09-03,de2aa412-e109-4bcf-b6e9-9d9ad0b05e22,9cb23577-19df-4574-ab77-553f6d3490d7,d62800f9-f2ad-4cac-8831-6061caa962fe,69.01,0.0,Unknown Supplier
e1b07b44-ea5f-4c55-ae5a-7a1ce04b2006,2026-09-04,2026-09-04,de2aa412-e109-4bcf-b6e9-9d9ad0b05e22,9cb23577-19df-4574-ab77-553f6d3490d7,d62800f9-f2ad-4cac-8831-6061caa962fe,111.12,0.0,Unknown Supplier
561794c0-3fd3-438b-b5a9-1a7484a87132,2026-09-06,2026-09-06,de2aa412-e109-4bcf-b6e9-9d9ad0b05e22,9cb23577-19df-4574-ab77-553f6d3490d7,d62800f9-f2ad-4cac-8831-6061caa962fe,113.06,0.0,Unknown Supplier
5273a50d-b211-4d78-bdff-59ad24996925,2026-09-07,2026-09-07,de2aa412-e109-4bcf-b6e9-9d9ad0b05e22,9cb23577-19df-4574-ab77-553f6d3490d7,d62800f9-f2ad-4cac-8831-6061caa962fe,69.66,0.0,Unknown Supplier
c0e2051a-a70b-45e2-8a70-0d0c3fa34372,2025-09-08,2025-09-08,de2aa412-e109-4bcf-b6e9-9d9ad0b05e22,4f98fe0c-8596-458e-a60a-7d2a0424626c,c57f2604-416c-44c9-93cf-a08ebcb9854f,1321.12,7.0,Sunrise Poultry
af963c19-ba57-4198-9165-adc96d65f02d,2025-09-14,2025-09-14,de2aa412-e109-4bcf-b6e9-9d9ad0b05e22,4f98fe0c-8596-458e-a60a-7d2a0424626c,c57f2604-416c-44c9-93cf-a08ebcb9854f,860.0,7.0,Sunrise Poultry
bf96164f-29a1-4574-9ac3-a9ae2e18b5cc,2025-09-19,2025-09-19,de2aa412-e109-4bcf-b6e9-9d9ad0b05e22,4f98fe0c-8596-458e-a60a-7d2a0424626c,c57f2604-416c-44c9-93cf-a08ebcb9854f,875.29,7.0,Sunrise Poultry
ad10086e-817d-4420-820f-fc33046bba6a,2025-09-23,2025-09-23,de2aa412-e109-4bcf-b6e9-9d9ad0b05e22,4f98fe0c-8596-458e-a60a-7d2a0424626c,c57f2604-416c-44c9-93cf-a08ebcb9854f,1006.36,7.0,Sunrise Poultry
207ef6dd-616a-4378-a91f-80a5765291fc,2025-09-29,2025-09-29,de2aa412-e109-4bcf-b6e9-9d9ad0b05e22,4f98fe0c-8596-458e-a60a-7d2a0424626c,c57f2604-416c-44c9-93cf-a08ebcb9854f,903.19,7.0,Sunrise Poultry
4096bdd5-75f7-4e12-85c7-17f3b82cc376,2025-10-04,2025-10-04,de2aa412-e109-4bcf-b6e9-9d9ad0b05e22,4f98fe0c-8596-458e-a60a-7d2a0424626c,c57f2604-416c-44c9-93cf-a08ebcb9854f,1315.09,7.0,Sunrise Poultry
cf995621-f8b3-497b-a563-cd180c92e944,2025-10-10,2025-10-10,de2aa412-e109-4bcf-b6e9-9d9ad0b05e22,4f98fe0c-8596-458e-a60a-7d2a0424626c,c57f2604-416c-44c9-93cf-a08ebcb9854f,1172.7,7.0,Sunrise Poultry
50c84919-fc76-4f56-9c25-2fd3b6c80ee4,2025-10-15,2025-10-15,de2aa412-e109-4bcf-b6e9-9d9ad0b05e22,4f98fe0c-8596-458e-a60a-7d2a0424626c,c57f2604-416c-44c9-93cf-a08ebcb9854f,1053.83,7.0,Sunrise Poultry
89d97214-420d-4741-99e5-769053095d63,2025-10-20,2025-10-20,de2aa412-e109-4bcf-b6e9-9d9ad0b05e22,4f98fe0c-8596-458e-a60a-7d2a0424626c,c57f2604-416c-44c9-93cf-a08ebcb9854f,825.06,7.0,Sunrise Poultry
194eafd7-74e9-490f-b38f-4884d8c0236b,2025-10-24,2025-10-24,de2aa412-e109-4bcf-b6e9-9d9ad0b05e22,4f98fe0c-8596-458e-a60a-7d2a0424626c,c57f2604-416c-44c9-93cf-a08ebcb9854f,1562.12,7.0,Sunrise Poultry
8324db67-c9eb-466c-b0cc-838162be7353,2025-11-01,2025-11-01,de2aa412-e109-4bcf-b6e9-9d9ad0b05e22,4f98fe0c-8596-458e-a60a-7d2a0424626c,c57f2604-416c-44c9-93cf-a08ebcb9854f,1402.54,7.0,Sunrise Poultry
f89b8697-8deb-4a39-9769-8906cf3f9e62,2025-11-08,2025-11-08,de2aa412-e109-4bcf-b6e9-9d9ad0b05e22,4f98fe0c-8596-458e-a60a-7d2a0424626c,c57f2604-416c-44c9-93cf-a08ebcb9854f,1334.37,7.0,Sunrise Poultry
5f741f38-d5bc-43ab-b17d-34a6e35aa42e,2025-11-14,2025-11-14,de2aa412-e109-4bcf-b6e9-9d9ad0b05e22,4f98fe0c-8596-458e-a60a-7d2a0424626c,c57f2604-416c-44c9-93cf-a08ebcb9854f,1575.98,7.0,Sunrise Poultry
ab61c9ae-ac10-49c7-94df-aefba0d2cadb,2025-11-21,2025-11-21,de2aa412-e109-4bcf-b6e9-9d9ad0b05e22,4f98fe0c-8596-458e-a60a-7d2a0424626c,c57f2604-416c-44c9-93cf-a08ebcb9854f,1102.05,7.0,Sunrise Poultry
4c06e0f9-c6d8-41be-b334-34c10940fccd,2025-11-26,2025-11-26,de2aa412-e109-4bcf-b6e9-9d9ad0b05e22,4f98fe0c-8596-458e-a60a-7d2a0424626c,c57f2604-416c-44c9-93cf-a08ebcb9854f,1359.45,7.0,Sunrise Poultry
fffd858e-0ebb-44af-bc88-6e2adcc4786c,2025-12-03,2025-12-03,de2aa412-e109-4bcf-b6e9-9d9ad0b05e22,4f98fe0c-8596-458e-a60a-7d2a0424626c,c57f2604-416c-44c9-93cf-a08ebcb9854f,1476.07,7.0,Sunrise Poultry
51b8c914-73d7-4740-ba92-0afefc9d452e,2025-12-09,2025-12-09,de2aa412-e109-4bcf-b6e9-9d9ad0b05e22,4f98fe0c-8596-458e-a60a-7d2a0424626c,c57f2604-416c-44c9-93cf-a08ebcb9854f,1197.12,7.0,Sunrise Poultry
6fb41b06-f046-48ea-93f9-2fcc4905aff1,2025-12-14,2025-12-14,de2aa412-e109-4bcf-b6e9-9d9ad0b05e22,4f98fe0c-8596-458e-a60a-7d2a0424626c,c57f2604-416c-44c9-93cf-a08ebcb9854f,1104.86,7.0,Sunrise Poultry
a7596917-1400-46b4-a0aa-3ec995bc539b,2025-12-20,2025-12-20,de2aa412-e109-4bcf-b6e9-9d9ad0b05e22,4f98fe0c-8596-458e-a60a-7d2a0424626c,c57f2604-416c-44c9-93cf-a08ebcb9854f,1026.88,7.0,Sunrise Poultry
641a4846-df47-4ed8-9450-6d138747b818,2025-12-24,2025-12-24,de2aa412-e109-4bcf-b6e9-9d9ad0b05e22,4f98fe0c-8596-458e-a60a-7d2a0424626c,c57f2604-416c-44c9-93cf-a08ebcb9854f,812.42,7.0,Sunrise Poultry
9e9f6f10-d7ae-4d03-8474-08ebfd15e2a4,2025-12-28,2025-12-28,de2aa412-e109-4bcf-b6e9-9d9ad0b05e22,4f98fe0c-8596-458e-a60a-7d2a0424626c,c57f2604-416c-44c9-93cf-a08ebcb9854f,993.46,7.0,Sunrise Poultry
7239e067-ffb3-49be-8f21-364250a7a0c3,2026-01-02,2026-01-02,de2aa412-e109-4bcf-b6e9-9d9ad0b05e22,4f98fe0c-8596-458e-a60a-7d2a0424626c,c57f2604-416c-44c9-93cf-a08ebcb9854f,1523.34,7.0,Sunrise Poultry
87f4b7a0-27ba-4cf7-a6f9-e497402a63c4,2026-01-08,2026-01-08,de2aa412-e109-4bcf-b6e9-9d9ad0b05e22,4f98fe0c-8596-458e-a60a-7d2a0424626c,c57f2604-416c-44c9-93cf-a08ebcb9854f,963.01,7.0,Sunrise Poultry
7e48d85c-cf1c-4f5e-b328-1578f9310409,2026-01-12,2026-01-12,de2aa412-e109-4bcf-b6e9-9d9ad0b05e22,4f98fe0c-8596-458e-a60a-7d2a0424626c,c57f2604-416c-44c9-93cf-a08ebcb9854f,1105.92,7.0,Sunrise Poultry
3a34048b-49e8-4bb1-b25a-618023939da9,2026-01-17,2026-01-17,de2aa412-e109-4bcf-b6e9-9d9ad0b05e22,4f98fe0c-8596-458e-a60a-7d2a0424626c,c57f2604-416c-44c9-93cf-a08ebcb9854f,1424.02,7.0,Sunrise Poultry
4f0142fd-6d3a-40c2-8d3a-f0b44a4c97dc,2026-01-23,2026-01-23,de2aa412-e109-4bcf-b6e9-9d9ad0b05e22,4f98fe0c-8596-458e-a60a-7d2a0424626c,c57f2604-416c-44c9-93cf-a08ebcb9854f,1025.97,7.0,Sunrise Poultry
af584f2e-c187-445f-9f34-c11be310bcaa,2026-01-27,2026-01-27,de2aa412-e109-4bcf-b6e9-9d9ad0b05e22,4f98fe0c-8596-458e-a60a-7d2a0424626c,c57f2604-416c-44c9-93cf-a08ebcb9854f,858.86,7.0,Sunrise Poultry
053796ba-c61f-4ebc-a5af-53cca4a0212a,2026-01-31,2026-01-31,de2aa412-e109-4bcf-b6e9-9d9ad0b05e22,4f98fe0c-8596-458e-a60a-7d2a0424626c,c57f2604-416c-44c9-93cf-a08ebcb9854f,808.11,7.0,Sunrise Poultry
2b792757-2251-4e65-b09a-acecf9d47aa3,2026-02-03,2026-02-03,de2aa412-e109-4bcf-b6e9-9d9ad0b05e22,4f98fe0c-8596-458e-a60a-7d2a0424626c,c57f2604-416c-44c9-93cf-a08ebcb9854f,1187.13,7.0,Sunrise Poultry
f3280045-5528-45aa-b711-8b07d1f83bd3,2026-02-08,2026-02-08,de2aa412-e109-4bcf-b6e9-9d9ad0b05e22,4f98fe0c-8596-458e-a60a-7d2a0424626c,c57f2604-416c-44c9-93cf-a08ebcb9854f,1493.5,7.0,Sunrise Poultry
f0803bf6-bf14-4878-8d7e-aae4793eab41,2026-02-14,2026-02-14,de2aa412-e109-4bcf-b6e9-9d9ad0b05e22,4f98fe0c-8596-458e-a60a-7d2a0424626c,c57f2604-416c-44c9-93cf-a08ebcb9854f,1396.16,7.0,Sunrise Poultry
a1c0cd2e-5b75-4eb7-a353-a3896677b8b9,2026-02-20,2026-02-20,de2aa412-e109-4bcf-b6e9-9d9ad0b05e22,4f98fe0c-8596-458e-a60a-7d2a0424626c,c57f2604-416c-44c9-93cf-a08ebcb9854f,1435.28,7.0,Sunrise Poultry
759b59c9-86c0-416f-a55c-5039d11f7e7a,2026-02-26,2026-02-26,de2aa412-e109-4bcf-b6e9-9d9ad0b05e22,4f98fe0c-8596-458e-a60a-7d2a0424626c,c57f2604-416c-44c9-93cf-a08ebcb9854f,851.41,7.0,Sunrise Poultry
1cee19ef-3f04-4ac0-b1b1-1dd628a27441,2026-03-01,2026-03-01,de2aa412-e109-4bcf-b6e9-9d9ad0b05e22,4f98fe0c-8596-458e-a60a-7d2a0424626c,c57f2604-416c-44c9-93cf-a08ebcb9854f,1316.08,7.0,Sunrise Poultry
e7f2e36f-9e29-428b-a506-078218b413ba,2026-03-07,2026-03-07,de2aa412-e109-4bcf-b6e9-9d9ad0b05e22,4f98fe0c-8596-458e-a60a-7d2a0424626c,c57f2604-416c-44c9-93cf-a08ebcb9854f,1054.87,7.0,Sunrise Poultry
15b5ec0b-e900-4a25-9dda-bea82d079dac,2026-03-11,2026-03-11,de2aa412-e109-4bcf-b6e9-9d9ad0b05e22,4f98fe0c-8596-458e-a60a-7d2a0424626c,c57f2604-416c-44c9-93cf-a08ebcb9854f,1221.81,7.0,Sunrise Poultry
5dfb0eda-5139-4c35-acb3-589c9dba1696,2026-03-16,2026-03-16,de2aa412-e109-4bcf-b6e9-9d9ad0b05e22,4f98fe0c-8596-458e-a60a-7d2a0424626c,c57f2604-416c-44c9-93cf-a08ebcb9854f,1056.1,7.0,Sunrise Poultry
74b7d813-c940-439a-8e28-1d0986b231c2,2026-03-21,2026-03-21,de2aa412-e109-4bcf-b6e9-9d9ad0b05e22,4f98fe0c-8596-458e-a60a-7d2a0424626c,c57f2604-416c-44c9-93cf-a08ebcb9854f,1028.03,7.0,Sunrise Poultry
a17a24bf-6214-43a8-b6e5-179418ca5ef6,2026-03-26,2026-03-26,de2aa412-e109-4bcf-b6e9-9d9ad0b05e22,4f98fe0c-8596-458e-a60a-7d2a0424626c,c57f2604-416c-44c9-93cf-a08ebcb9854f,1315.82,7.0,Sunrise Poultry
adde29a8-8d34-4137-b71c-3c0f8efdb907,2026-03-30,2026-03-30,de2aa412-e109-4bcf-b6e9-9d9ad0b05e22,4f98fe0c-8596-458e-a60a-7d2a0424626c,c57f2604-416c-44c9-93cf-a08ebcb9854f,1050.54,7.0,Sunrise Poultry
7fea17e0-8aa2-45f8-9f09-a4273cc4383b,2026-04-04,2026-04-04,de2aa412-e109-4bcf-b6e9-9d9ad0b05e22,4f98fe0c-8596-458e-a60a-7d2a0424626c,c57f2604-416c-44c9-93cf-a08ebcb9854f,838.27,7.0,Sunrise Poultry
508bda6f-fd14-4a67-9bbd-fd9cdbafb70b,2026-04-07,2026-04-07,de2aa412-e109-4bcf-b6e9-9d9ad0b05e22,4f98fe0c-8596-458e-a60a-7d2a0424626c,c57f2604-416c-44c9-93cf-a08ebcb9854f,952.93,7.0,Sunrise Poultry
5ea169e6-d339-445e-9068-cc5f269da53a,2026-04-11,2026-04-11,de2aa412-e109-4bcf-b6e9-9d9ad0b05e22,4f98fe0c-8596-458e-a60a-7d2a0424626c,c57f2604-416c-44c9-93cf-a08ebcb9854f,888.64,7.0,Sunrise Poultry
ce6fbf59-1016-4f29-a5b7-c1dd2e5e1b56,2026-04-14,2026-04-14,de2aa412-e109-4bcf-b6e9-9d9ad0b05e22,4f98fe0c-8596-458e-a60a-7d2a0424626c,c57f2604-416c-44c9-93cf-a08ebcb9854f,936.27,7.0,Sunrise Poultry
9db8abf0-5d7e-4840-9324-89237bbe00f5,2026-04-18,2026-04-18,de2aa412-e109-4bcf-b6e9-9d9ad0b05e22,4f98fe0c-8596-458e-a60a-7d2a0424626c,c57f2604-416c-44c9-93cf-a08ebcb9854f,1157.42,7.0,Sunrise Poultry
cbd76e62-9f26-4c07-bac5-99f9038eb563,2026-04-23,2026-04-23,de2aa412-e109-4bcf-b6e9-9d9ad0b05e22,4f98fe0c-8596-458e-a60a-7d2a0424626c,c57f2604-416c-44c9-93cf-a08ebcb9854f,866.24,7.0,Sunrise Poultry
2183afee-5460-4628-b912-ccfc93ff903a,2026-04-26,2026-04-26,de2aa412-e109-4bcf-b6e9-9d9ad0b05e22,4f98fe0c-8596-458e-a60a-7d2a0424626c,c57f2604-416c-44c9-93cf-a08ebcb9854f,1577.41,7.0,Sunrise Poultry
ac2a3e08-0002-44b6-a081-cfca168ea357,2026-05-02,2026-05-02,de2aa412-e109-4bcf-b6e9-9d9ad0b05e22,4f98fe0c-8596-458e-a60a-7d2a0424626c,c57f2604-416c-44c9-93cf-a08ebcb9854f,1163.22,7.0,Sunrise Poultry
743d15eb-feef-47a1-bb90-125231c3c445,2026-05-06,2026-05-06,de2aa412-e109-4bcf-b6e9-9d9ad0b05e22,4f98fe0c-8596-458e-a60a-7d2a0424626c,c57f2604-416c-44c9-93cf-a08ebcb9854f,950.36,7.0,Sunrise Poultry
d3bb2ca8-6287-4251-ab89-1c7a034f12df,2026-05-09,2026-05-09,de2aa412-e109-4bcf-b6e9-9d9ad0b05e22,4f98fe0c-8596-458e-a60a-7d2a0424626c,c57f2604-416c-44c9-93cf-a08ebcb9854f,949.62,7.0,Sunrise Poultry
5d99a460-b58e-4528-8565-4beed0db3de9,2026-05-10,2026-05-10,de2aa412-e109-4bcf-b6e9-9d9ad0b05e22,4f98fe0c-8596-458e-a60a-7d2a0424626c,c57f2604-416c-44c9-93cf-a08ebcb9854f,1012.46,7.0,Sunrise Poultry
73d10f79-36f1-4752-8477-91b211b3318f,2026-05-11,2026-05-11,de2aa412-e109-4bcf-b6e9-9d9ad0b05e22,4f98fe0c-8596-458e-a60a-7d2a0424626c,c57f2604-416c-44c9-93cf-a08ebcb9854f,920.5,7.0,Sunrise Poultry
93832ec9-7292-48c0-afd7-422cd53c5f3a,2026-05-12,2026-05-12,de2aa412-e109-4bcf-b6e9-9d9ad0b05e22,4f98fe0c-8596-458e-a60a-7d2a0424626c,c57f2604-416c-44c9-93cf-a08ebcb9854f,1018.07,7.0,Sunrise Poultry
71110f7e-cf64-44f0-b412-fa8f3c0ca2ed,2026-05-14,2026-05-14,de2aa412-e109-4bcf-b6e9-9d9ad0b05e22,4f98fe0c-8596-458e-a60a-7d2a0424626c,c57f2604-416c-44c9-93cf-a08ebcb9854f,1275.24,7.0,Sunrise Poultry
bcf6e931-9fde-4b79-a745-cc343fc3a288,2026-05-15,2026-05-15,de2aa412-e109-4bcf-b6e9-9d9ad0b05e22,4f98fe0c-8596-458e-a60a-7d2a0424626c,c57f2604-416c-44c9-93cf-a08ebcb9854f,1344.93,7.0,Sunrise Poultry
5366bc0a-a885-4cb0-8a8a-64130627b679,2026-05-16,2026-05-16,de2aa412-e109-4bcf-b6e9-9d9ad0b05e22,4f98fe0c-8596-458e-a60a-7d2a0424626c,c57f2604-416c-44c9-93cf-a08ebcb9854f,842.51,7.0,Sunrise Poultry
654b02be-fad7-433d-8879-14fdbd00bde6,2026-05-17,2026-05-17,de2aa412-e109-4bcf-b6e9-9d9ad0b05e22,4f98fe0c-8596-458e-a60a-7d2a0424626c,c57f2604-416c-44c9-93cf-a08ebcb9854f,880.83,7.0,Sunrise Poultry
7f116390-3f78-44b0-8b8a-5136274accca,2026-05-19,2026-05-19,de2aa412-e109-4bcf-b6e9-9d9ad0b05e22,4f98fe0c-8596-458e-a60a-7d2a0424626c,c57f2604-416c-44c9-93cf-a08ebcb9854f,1503.62,7.0,Sunrise Poultry
a085ea1c-c6c6-4c76-b515-bc56fe005c85,2026-05-21,2026-05-21,de2aa412-e109-4bcf-b6e9-9d9ad0b05e22,4f98fe0c-8596-458e-a60a-7d2a0424626c,c57f2604-416c-44c9-93cf-a08ebcb9854f,1387.11,7.0,Sunrise Poultry
6406abca-6069-476c-9d4d-cb40a04adeee,2026-05-23,2026-05-23,de2aa412-e109-4bcf-b6e9-9d9ad0b05e22,4f98fe0c-8596-458e-a60a-7d2a0424626c,c57f2604-416c-44c9-93cf-a08ebcb9854f,990.9,7.0,Sunrise Poultry
5e1be35d-0054-458e-9751-fdfe882f5a74,2026-05-24,2026-05-24,de2aa412-e109-4bcf-b6e9-9d9ad0b05e22,4f98fe0c-8596-458e-a60a-7d2a0424626c,c57f2604-416c-44c9-93cf-a08ebcb9854f,1519.9,7.0,Sunrise Poultry
dfe3fbe3-f117-4d8c-bc4e-eec2ac2b0268,2026-05-26,2026-05-26,de2aa412-e109-4bcf-b6e9-9d9ad0b05e22,4f98fe0c-8596-458e-a60a-7d2a0424626c,c57f2604-416c-44c9-93cf-a08ebcb9854f,861.58,7.0,Sunrise Poultry
bc94b938-63a9-452d-84e7-b2729017dbfb,2026-05-27,2026-05-27,de2aa412-e109-4bcf-b6e9-9d9ad0b05e22,4f98fe0c-8596-458e-a60a-7d2a0424626c,c57f2604-416c-44c9-93cf-a08ebcb9854f,1575.63,7.0,Sunrise Poultry
57c0adb1-d3da-46d6-b565-29b9fe342c63,2026-05-28,2026-05-28,de2aa412-e109-4bcf-b6e9-9d9ad0b05e22,4f98fe0c-8596-458e-a60a-7d2a0424626c,c57f2604-416c-44c9-93cf-a08ebcb9854f,887.51,7.0,Sunrise Poultry
95af394d-7aa8-497b-a732-05bffc02e69e,2026-05-29,2026-05-29,de2aa412-e109-4bcf-b6e9-9d9ad0b05e22,4f98fe0c-8596-458e-a60a-7d2a0424626c,c57f2604-416c-44c9-93cf-a08ebcb9854f,1468.29,7.0,Sunrise Poultry
815a4b60-e3a4-4c5f-a3fc-b049f00f6621,2026-05-30,2026-05-30,de2aa412-e109-4bcf-b6e9-9d9ad0b05e22,4f98fe0c-8596-458e-a60a-7d2a0424626c,c57f2604-416c-44c9-93cf-a08ebcb9854f,875.13,7.0,Sunrise Poultry
102cb14b-8326-43d0-9795-e4df820fb0e3,2026-05-31,2026-05-31,de2aa412-e109-4bcf-b6e9-9d9ad0b05e22,4f98fe0c-8596-458e-a60a-7d2a0424626c,c57f2604-416c-44c9-93cf-a08ebcb9854f,1387.85,7.0,Sunrise Poultry
1cc3b5b8-7fcc-4996-9b81-c3da0071dadd,2026-06-01,2026-06-01,de2aa412-e109-4bcf-b6e9-9d9ad0b05e22,4f98fe0c-8596-458e-a60a-7d2a0424626c,c57f2604-416c-44c9-93cf-a08ebcb9854f,1091.43,7.0,Sunrise Poultry
934ef87f-8cfa-4854-afe0-5c48018933a7,2026-06-03,2026-06-03,de2aa412-e109-4bcf-b6e9-9d9ad0b05e22,4f98fe0c-8596-458e-a60a-7d2a0424626c,c57f2604-416c-44c9-93cf-a08ebcb9854f,1521.73,7.0,Sunrise Poultry
81ab3d59-8d4b-4cab-bb97-c375c35726b9,2026-06-04,2026-06-04,de2aa412-e109-4bcf-b6e9-9d9ad0b05e22,4f98fe0c-8596-458e-a60a-7d2a0424626c,c57f2604-416c-44c9-93cf-a08ebcb9854f,1382.57,7.0,Sunrise Poultry
4ff4c743-3252-402e-9f29-b6c8fe8fbec7,2026-06-06,2026-06-06,de2aa412-e109-4bcf-b6e9-9d9ad0b05e22,4f98fe0c-8596-458e-a60a-7d2a0424626c,c57f2604-416c-44c9-93cf-a08ebcb9854f,995.49,7.0,Sunrise Poultry
ebbf3113-dbc1-4b20-8d1e-5f6618a67e5e,2026-06-07,2026-06-07,de2aa412-e109-4bcf-b6e9-9d9ad0b05e22,4f98fe0c-8596-458e-a60a-7d2a0424626c,c57f2604-416c-44c9-93cf-a08ebcb9854f,1395.49,7.0,Sunrise Poultry
491358f6-55b8-43a9-b94c-42cbdd4e9468,2026-06-09,2026-06-09,de2aa412-e109-4bcf-b6e9-9d9ad0b05e22,4f98fe0c-8596-458e-a60a-7d2a0424626c,c57f2604-416c-44c9-93cf-a08ebcb9854f,1519.38,7.0,Sunrise Poultry
e18dc637-1ba3-473b-96f8-e7ae542da462,2026-06-10,2026-06-10,de2aa412-e109-4bcf-b6e9-9d9ad0b05e22,4f98fe0c-8596-458e-a60a-7d2a0424626c,c57f2604-416c-44c9-93cf-a08ebcb9854f,1012.25,7.0,Sunrise Poultry
26ef9be2-b21e-4105-ad1d-bf836d3b10a9,2026-06-11,2026-06-11,de2aa412-e109-4bcf-b6e9-9d9ad0b05e22,4f98fe0c-8596-458e-a60a-7d2a0424626c,c57f2604-416c-44c9-93cf-a08ebcb9854f,1133.84,7.0,Sunrise Poultry
ea58a675-993b-4f1b-8f4a-d0d5497e9c0a,2026-06-12,2026-06-12,de2aa412-e109-4bcf-b6e9-9d9ad0b05e22,4f98fe0c-8596-458e-a60a-7d2a0424626c,c57f2604-416c-44c9-93cf-a08ebcb9854f,1216.06,7.0,Sunrise Poultry
16352853-57b6-4105-a5fa-a58e665fbc66,2026-06-13,2026-06-13,de2aa412-e109-4bcf-b6e9-9d9ad0b05e22,4f98fe0c-8596-458e-a60a-7d2a0424626c,c57f2604-416c-44c9-93cf-a08ebcb9854f,1164.02,7.0,Sunrise Poultry
6a44d96e-c2b1-45ec-9d38-a74162b719d0,2026-06-14,2026-06-14,de2aa412-e109-4bcf-b6e9-9d9ad0b05e22,4f98fe0c-8596-458e-a60a-7d2a0424626c,c57f2604-416c-44c9-93cf-a08ebcb9854f,1575.58,7.0,Sunrise Poultry
7b1ee2a3-8062-4f7e-95ba-25e739be7979,2026-06-16,2026-06-16,de2aa412-e109-4bcf-b6e9-9d9ad0b05e22,4f98fe0c-8596-458e-a60a-7d2a0424626c,c57f2604-416c-44c9-93cf-a08ebcb9854f,1331.46,7.0,Sunrise Poultry
7a8865a3-e4c7-4885-af43-13eccd8c5e5f,2026-06-18,2026-06-18,de2aa412-e109-4bcf-b6e9-9d9ad0b05e22,4f98fe0c-8596-458e-a60a-7d2a0424626c,c57f2604-416c-44c9-93cf-a08ebcb9854f,1274.46,7.0,Sunrise Poultry
19797353-618d-4573-a791-ff46259cfc17,2026-06-20,2026-06-20,de2aa412-e109-4bcf-b6e9-9d9ad0b05e22,4f98fe0c-8596-458e-a60a-7d2a0424626c,c57f2604-416c-44c9-93cf-a08ebcb9854f,1080.17,7.0,Sunrise Poultry
29cd9936-e8fc-4501-81b6-9819d229b0cd,2026-06-21,2026-06-21,de2aa412-e109-4bcf-b6e9-9d9ad0b05e22,4f98fe0c-8596-458e-a60a-7d2a0424626c,c57f2604-416c-44c9-93cf-a08ebcb9854f,1415.11,7.0,Sunrise Poultry
611878e6-cc8e-4b35-8312-8dd74d7f7fb3,2026-06-23,2026-06-23,de2aa412-e109-4bcf-b6e9-9d9ad0b05e22,4f98fe0c-8596-458e-a60a-7d2a0424626c,c57f2604-416c-44c9-93cf-a08ebcb9854f,864.57,7.0,Sunrise Poultry
87185f2b-268d-4536-b7c7-f6703174a09d,2026-06-24,2026-06-24,de2aa412-e109-4bcf-b6e9-9d9ad0b05e22,4f98fe0c-8596-458e-a60a-7d2a0424626c,c57f2604-416c-44c9-93cf-a08ebcb9854f,1449.37,7.0,Sunrise Poultry
bf520b04-b7a0-4a7a-ac15-8a86368f1667,2026-06-25,2026-06-25,de2aa412-e109-4bcf-b6e9-9d9ad0b05e22,4f98fe0c-8596-458e-a60a-7d2a0424626c,c57f2604-416c-44c9-93cf-a08ebcb9854f,878.51,7.0,Sunrise Poultry
9ad81de1-d3f3-44f4-a609-74ef8a6e12b3,2026-06-27,2026-06-27,de2aa412-e109-4bcf-b6e9-9d9ad0b05e22,4f98fe0c-8596-458e-a60a-7d2a0424626c,c57f2604-416c-44c9-93cf-a08ebcb9854f,1262.53,7.0,Sunrise Poultry
05da9a3d-0322-428a-abd8-51d6ad427be9,2026-06-28,2026-06-28,de2aa412-e109-4bcf-b6e9-9d9ad0b05e22,4f98fe0c-8596-458e-a60a-7d2a0424626c,c57f2604-416c-44c9-93cf-a08ebcb9854f,1243.43,7.0,Sunrise Poultry
7b886cd1-a7c1-4937-a25a-3d39d9f14e5e,2026-06-30,2026-06-30,de2aa412-e109-4bcf-b6e9-9d9ad0b05e22,4f98fe0c-8596-458e-a60a-7d2a0424626c,c57f2604-416c-44c9-93cf-a08ebcb9854f,1500.74,7.0,Sunrise Poultry
f655ff3b-437d-432a-8add-11ff733b7115,2026-07-02,2026-07-02,de2aa412-e109-4bcf-b6e9-9d9ad0b05e22,4f98fe0c-8596-458e-a60a-7d2a0424626c,c57f2604-416c-44c9-93cf-a08ebcb9854f,1174.7,7.0,Sunrise Poultry
66998d74-1a4a-4a59-87b1-f8d54af67382,2026-07-03,2026-07-03,de2aa412-e109-4bcf-b6e9-9d9ad0b05e22,4f98fe0c-8596-458e-a60a-7d2a0424626c,c57f2604-416c-44c9-93cf-a08ebcb9854f,822.14,7.0,Sunrise Poultry
407ee23a-bcb6-455f-a55f-51903001f52e,2026-07-04,2026-07-04,de2aa412-e109-4bcf-b6e9-9d9ad0b05e22,4f98fe0c-8596-458e-a60a-7d2a0424626c,c57f2604-416c-44c9-93cf-a08ebcb9854f,1404.69,7.0,Sunrise Poultry
47bc5da5-59a9-4d56-b34f-1a3fa55b1124,2026-07-05,2026-07-05,de2aa412-e109-4bcf-b6e9-9d9ad0b05e22,4f98fe0c-8596-458e-a60a-7d2a0424626c,c57f2604-416c-44c9-93cf-a08ebcb9854f,1209.77,7.0,Sunrise Poultry
68edb5df-7d1f-48bd-9809-f5684bf29044,2026-07-07,2026-07-07,de2aa412-e109-4bcf-b6e9-9d9ad0b05e22,4f98fe0c-8596-458e-a60a-7d2a0424626c,c57f2604-416c-44c9-93cf-a08ebcb9854f,1122.35,7.0,Sunrise Poultry
26849b3f-68b8-4e2f-8a89-314a7b212c35,2026-07-09,2026-07-09,de2aa412-e109-4bcf-b6e9-9d9ad0b05e22,4f98fe0c-8596-458e-a60a-7d2a0424626c,c57f2604-416c-44c9-93cf-a08ebcb9854f,1463.92,7.0,Sunrise Poultry
4c2e8e41-24a2-40d5-8a57-37dea53983a1,2026-07-10,2026-07-10,de2aa412-e109-4bcf-b6e9-9d9ad0b05e22,4f98fe0c-8596-458e-a60a-7d2a0424626c,c57f2604-416c-44c9-93cf-a08ebcb9854f,1032.46,7.0,Sunrise Poultry
53b690e6-6c53-4b9f-a245-6cd969ed9324,2026-07-11,2026-07-11,de2aa412-e109-4bcf-b6e9-9d9ad0b05e22,4f98fe0c-8596-458e-a60a-7d2a0424626c,c57f2604-416c-44c9-93cf-a08ebcb9854f,1392.38,7.0,Sunrise Poultry
b7a5c0fa-c122-4c3e-a727-0faa37991321,2026-07-12,2026-07-12,de2aa412-e109-4bcf-b6e9-9d9ad0b05e22,4f98fe0c-8596-458e-a60a-7d2a0424626c,c57f2604-416c-44c9-93cf-a08ebcb9854f,964.05,7.0,Sunrise Poultry
afeeaabf-37c7-4b54-a4c0-fc8d209fe3f9,2026-07-14,2026-07-14,de2aa412-e109-4bcf-b6e9-9d9ad0b05e22,4f98fe0c-8596-458e-a60a-7d2a0424626c,c57f2604-416c-44c9-93cf-a08ebcb9854f,1040.71,7.0,Sunrise Poultry
4d22fe41-7c23-4ef1-ae91-fda9bcfbfccb,2026-07-15,2026-07-15,de2aa412-e109-4bcf-b6e9-9d9ad0b05e22,4f98fe0c-8596-458e-a60a-7d2a0424626c,c57f2604-416c-44c9-93cf-a08ebcb9854f,1187.96,7.0,Sunrise Poultry
379313d4-cda9-48f3-9d5e-d17529d28133,2026-07-16,2026-07-16,de2aa412-e109-4bcf-b6e9-9d9ad0b05e22,4f98fe0c-8596-458e-a60a-7d2a0424626c,c57f2604-416c-44c9-93cf-a08ebcb9854f,1283.03,7.0,Sunrise Poultry
b6375a0d-c0fb-4d1e-a961-ccd0f8fc1d4f,2026-07-18,2026-07-18,de2aa412-e109-4bcf-b6e9-9d9ad0b05e22,4f98fe0c-8596-458e-a60a-7d2a0424626c,c57f2604-416c-44c9-93cf-a08ebcb9854f,844.52,7.0,Sunrise Poultry
cec4e38c-e45e-4939-9480-0632657b42f6,2026-07-19,2026-07-19,de2aa412-e109-4bcf-b6e9-9d9ad0b05e22,4f98fe0c-8596-458e-a60a-7d2a0424626c,c57f2604-416c-44c9-93cf-a08ebcb9854f,1456.22,7.0,Sunrise Poultry
3e198899-f6bb-46e2-b672-7ceb108f8b9c,2026-07-20,2026-07-20,de2aa412-e109-4bcf-b6e9-9d9ad0b05e22,4f98fe0c-8596-458e-a60a-7d2a0424626c,c57f2604-416c-44c9-93cf-a08ebcb9854f,1345.06,7.0,Sunrise Poultry
708c2a20-cd3e-4d01-b62d-ce2c9d2a5268,2026-07-21,2026-07-21,de2aa412-e109-4bcf-b6e9-9d9ad0b05e22,4f98fe0c-8596-458e-a60a-7d2a0424626c,c57f2604-416c-44c9-93cf-a08ebcb9854f,1308.96,7.0,Sunrise Poultry
470a8e2d-da36-4c05-b151-509a3582cc28,2026-07-23,2026-07-23,de2aa412-e109-4bcf-b6e9-9d9ad0b05e22,4f98fe0c-8596-458e-a60a-7d2a0424626c,c57f2604-416c-44c9-93cf-a08ebcb9854f,1180.93,7.0,Sunrise Poultry
03aa44c8-3c2e-442e-ade6-149b4e70b7cf,2026-07-25,2026-07-25,de2aa412-e109-4bcf-b6e9-9d9ad0b05e22,4f98fe0c-8596-458e-a60a-7d2a0424626c,c57f2604-416c-44c9-93cf-a08ebcb9854f,1358.12,7.0,Sunrise Poultry
f70d655c-d1c0-4d9b-ad81-5456b4a8bb15,2026-07-27,2026-07-27,de2aa412-e109-4bcf-b6e9-9d9ad0b05e22,4f98fe0c-8596-458e-a60a-7d2a0424626c,c57f2604-416c-44c9-93cf-a08ebcb9854f,808.82,7.0,Sunrise Poultry
73ff41f2-2046-4e7e-a881-6475e1cd394a,2026-07-28,2026-07-28,de2aa412-e109-4bcf-b6e9-9d9ad0b05e22,4f98fe0c-8596-458e-a60a-7d2a0424626c,c57f2604-416c-44c9-93cf-a08ebcb9854f,1295.9,7.0,Sunrise Poultry
e5def12d-81cd-416a-9710-649e58bb249f,2026-07-30,2026-07-30,de2aa412-e109-4bcf-b6e9-9d9ad0b05e22,4f98fe0c-8596-458e-a60a-7d2a0424626c,c57f2604-416c-44c9-93cf-a08ebcb9854f,1585.4,7.0,Sunrise Poultry
75d54e14-7388-4a33-92b8-8d1e3c169193,2026-08-01,2026-08-01,de2aa412-e109-4bcf-b6e9-9d9ad0b05e22,4f98fe0c-8596-458e-a60a-7d2a0424626c,c57f2604-416c-44c9-93cf-a08ebcb9854f,850.21,7.0,Sunrise Poultry
581c09bb-c889-4506-b940-e194992a698e,2026-08-02,2026-08-02,de2aa412-e109-4bcf-b6e9-9d9ad0b05e22,4f98fe0c-8596-458e-a60a-7d2a0424626c,c57f2604-416c-44c9-93cf-a08ebcb9854f,1071.43,7.0,Sunrise Poultry
5524bbea-afd8-4797-8d3c-ba7a715e20a2,2026-08-03,2026-08-03,de2aa412-e109-4bcf-b6e9-9d9ad0b05e22,4f98fe0c-8596-458e-a60a-7d2a0424626c,c57f2604-416c-44c9-93cf-a08ebcb9854f,1410.09,7.0,Sunrise Poultry
86f4f268-1d76-45d5-9029-3d6e607c238b,2026-08-05,2026-08-05,de2aa412-e109-4bcf-b6e9-9d9ad0b05e22,4f98fe0c-8596-458e-a60a-7d2a0424626c,c57f2604-416c-44c9-93cf-a08ebcb9854f,1327.18,7.0,Sunrise Poultry
e81cbcdb-fea1-4f19-99af-c11ecc0f60be,2026-08-06,2026-08-06,de2aa412-e109-4bcf-b6e9-9d9ad0b05e22,4f98fe0c-8596-458e-a60a-7d2a0424626c,c57f2604-416c-44c9-93cf-a08ebcb9854f,1220.35,7.0,Sunrise Poultry
cbb1508a-5a46-4436-96ed-8605404da371,2026-08-08,2026-08-08,de2aa412-e109-4bcf-b6e9-9d9ad0b05e22,4f98fe0c-8596-458e-a60a-7d2a0424626c,c57f2604-416c-44c9-93cf-a08ebcb9854f,835.94,7.0,Sunrise Poultry
c27b33d0-fb07-4a1c-a5ce-cea83a6acdbc,2026-08-09,2026-08-09,de2aa412-e109-4bcf-b6e9-9d9ad0b05e22,4f98fe0c-8596-458e-a60a-7d2a0424626c,c57f2604-416c-44c9-93cf-a08ebcb9854f,884.98,7.0,Sunrise Poultry
f1b65925-90b3-4278-8bea-4e1d8cae9102,2026-08-10,2026-08-10,de2aa412-e109-4bcf-b6e9-9d9ad0b05e22,4f98fe0c-8596-458e-a60a-7d2a0424626c,c57f2604-416c-44c9-93cf-a08ebcb9854f,1585.06,7.0,Sunrise Poultry
2bb3fc21-bb6b-49ef-b649-647541e54701,2026-08-11,2026-08-11,de2aa412-e109-4bcf-b6e9-9d9ad0b05e22,4f98fe0c-8596-458e-a60a-7d2a0424626c,c57f2604-416c-44c9-93cf-a08ebcb9854f,1519.84,7.0,Sunrise Poultry
14e09a4d-074f-4f0e-b96d-833efddac1c0,2026-08-13,2026-08-13,de2aa412-e109-4bcf-b6e9-9d9ad0b05e22,4f98fe0c-8596-458e-a60a-7d2a0424626c,c57f2604-416c-44c9-93cf-a08ebcb9854f,891.58,7.0,Sunrise Poultry
39e5ba23-04d6-4df6-93b2-fb5cade2babb,2026-08-14,2026-08-14,de2aa412-e109-4bcf-b6e9-9d9ad0b05e22,4f98fe0c-8596-458e-a60a-7d2a0424626c,c57f2604-416c-44c9-93cf-a08ebcb9854f,1285.23,7.0,Sunrise Poultry
a586f97f-1061-4d7c-98bb-fd5c909e5c00,2026-08-15,2026-08-15,de2aa412-e109-4bcf-b6e9-9d9ad0b05e22,4f98fe0c-8596-458e-a60a-7d2a0424626c,c57f2604-416c-44c9-93cf-a08ebcb9854f,1358.98,7.0,Sunrise Poultry
c92d4abb-e914-4818-ba97-3a81080ef8a0,2026-08-16,2026-08-16,de2aa412-e109-4bcf-b6e9-9d9ad0b05e22,4f98fe0c-8596-458e-a60a-7d2a0424626c,c57f2604-416c-44c9-93cf-a08ebcb9854f,959.79,7.0,Sunrise Poultry
396d7c72-c2b8-4ec9-a5de-ce8bffdfe94e,2026-08-18,2026-08-18,de2aa412-e109-4bcf-b6e9-9d9ad0b05e22,4f98fe0c-8596-458e-a60a-7d2a0424626c,c57f2604-416c-44c9-93cf-a08ebcb9854f,1446.94,7.0,Sunrise Poultry
7674bb83-23d8-4c29-a328-5143c2229d19,2026-08-20,2026-08-20,de2aa412-e109-4bcf-b6e9-9d9ad0b05e22,4f98fe0c-8596-458e-a60a-7d2a0424626c,c57f2604-416c-44c9-93cf-a08ebcb9854f,1514.63,7.0,Sunrise Poultry
659f23e9-131e-4fb3-8425-a0b748c7b6a9,2026-08-22,2026-08-22,de2aa412-e109-4bcf-b6e9-9d9ad0b05e22,4f98fe0c-8596-458e-a60a-7d2a0424626c,c57f2604-416c-44c9-93cf-a08ebcb9854f,1528.79,7.0,Sunrise Poultry
72524e44-cea9-44b5-8be0-ccec703b749b,2026-08-23,2026-08-23,de2aa412-e109-4bcf-b6e9-9d9ad0b05e22,4f98fe0c-8596-458e-a60a-7d2a0424626c,c57f2604-416c-44c9-93cf-a08ebcb9854f,1256.3,7.0,Sunrise Poultry
a66a5b6a-e1cf-46e5-b227-125f28aba75c,2026-08-24,2026-08-24,de2aa412-e109-4bcf-b6e9-9d9ad0b05e22,4f98fe0c-8596-458e-a60a-7d2a0424626c,c57f2604-416c-44c9-93cf-a08ebcb9854f,1246.96,7.0,Sunrise Poultry
d38c9584-aaea-462c-9c61-6b3139762d60,2026-08-26,2026-08-26,de2aa412-e109-4bcf-b6e9-9d9ad0b05e22,4f98fe0c-8596-458e-a60a-7d2a0424626c,c57f2604-416c-44c9-93cf-a08ebcb9854f,1425.91,7.0,Sunrise Poultry
501afaec-4e75-4ab9-816c-8cea9c5033c1,2026-08-28,2026-08-28,de2aa412-e109-4bcf-b6e9-9d9ad0b05e22,4f98fe0c-8596-458e-a60a-7d2a0424626c,c57f2604-416c-44c9-93cf-a08ebcb9854f,1552.49,7.0,Sunrise Poultry
00c3a995-8092-4490-b678-4897fb0a4b76,2026-08-29,2026-08-29,de2aa412-e109-4bcf-b6e9-9d9ad0b05e22,4f98fe0c-8596-458e-a60a-7d2a0424626c,c57f2604-416c-44c9-93cf-a08ebcb9854f,854.36,7.0,Sunrise Poultry
a9cb47e8-4c9d-4457-9fa3-9e4c540d2284,2026-08-30,2026-08-30,de2aa412-e109-4bcf-b6e9-9d9ad0b05e22,4f98fe0c-8596-458e-a60a-7d2a0424626c,c57f2604-416c-44c9-93cf-a08ebcb9854f,1260.28,7.0,Sunrise Poultry
491222b7-0648-457a-9578-c88cc60fb5c4,2026-08-31,2026-08-31,de2aa412-e109-4bcf-b6e9-9d9ad0b05e22,4f98fe0c-8596-458e-a60a-7d2a0424626c,c57f2604-416c-44c9-93cf-a08ebcb9854f,1119.38,7.0,Sunrise Poultry
8a2c21c3-5b1d-460d-b2d3-934c5ee4ff26,2026-09-02,2026-09-02,de2aa412-e109-4bcf-b6e9-9d9ad0b05e22,4f98fe0c-8596-458e-a60a-7d2a0424626c,c57f2604-416c-44c9-93cf-a08ebcb9854f,823.98,7.0,Sunrise Poultry
f9201aa3-07ee-4f2d-821b-f5a20a770aa3,2026-09-03,2026-09-03,de2aa412-e109-4bcf-b6e9-9d9ad0b05e22,4f98fe0c-8596-458e-a60a-7d2a0424626c,c57f2604-416c-44c9-93cf-a08ebcb9854f,1411.79,7.0,Sunrise Poultry
d272604d-9b08-4d8f-8014-cd3704712cbc,2026-09-05,2026-09-05,de2aa412-e109-4bcf-b6e9-9d9ad0b05e22,4f98fe0c-8596-458e-a60a-7d2a0424626c,c57f2604-416c-44c9-93cf-a08ebcb9854f,988.49,7.0,Sunrise Poultry
e80d918c-7470-477d-8078-74ffe79d14d3,2026-09-06,2026-09-06,de2aa412-e109-4bcf-b6e9-9d9ad0b05e22,4f98fe0c-8596-458e-a60a-7d2a0424626c,c57f2604-416c-44c9-93cf-a08ebcb9854f,1362.47,7.0,Sunrise Poultry
3ac9c386-6b66-4e5a-9cd8-cccc79dfed6a,2026-09-07,2026-09-07,de2aa412-e109-4bcf-b6e9-9d9ad0b05e22,4f98fe0c-8596-458e-a60a-7d2a0424626c,c57f2604-416c-44c9-93cf-a08ebcb9854f,1559.93,7.0,Sunrise Poultry
40ca1e76-6179-4341-ab34-0b1b09f4c99c,2025-09-08,2025-09-08,de2aa412-e109-4bcf-b6e9-9d9ad0b05e22,da6a03a1-50ad-4172-b9d0-4a32b63e152f,2bc316f4-efef-4ca2-9a81-f0bf92cc0753,248.23,0.0,Unknown Supplier
5efce00c-c315-4164-b89a-242bd89dba15,2025-09-14,2025-09-14,de2aa412-e109-4bcf-b6e9-9d9ad0b05e22,da6a03a1-50ad-4172-b9d0-4a32b63e152f,2bc316f4-efef-4ca2-9a81-f0bf92cc0753,283.78,0.0,Unknown Supplier
79f7bad0-9593-485f-9dd6-f0466caaaaa6,2025-09-21,2025-09-21,de2aa412-e109-4bcf-b6e9-9d9ad0b05e22,da6a03a1-50ad-4172-b9d0-4a32b63e152f,2bc316f4-efef-4ca2-9a81-f0bf92cc0753,317.21,0.0,Unknown Supplier
899e6527-fa52-46c8-ba4f-68e51169447c,2025-09-28,2025-09-28,de2aa412-e109-4bcf-b6e9-9d9ad0b05e22,da6a03a1-50ad-4172-b9d0-4a32b63e152f,2bc316f4-efef-4ca2-9a81-f0bf92cc0753,290.02,0.0,Unknown Supplier
5828704e-f882-4fe4-8f32-d02c4adcf8e2,2025-10-05,2025-10-05,de2aa412-e109-4bcf-b6e9-9d9ad0b05e22,da6a03a1-50ad-4172-b9d0-4a32b63e152f,2bc316f4-efef-4ca2-9a81-f0bf92cc0753,239.19,0.0,Unknown Supplier
d3b147d3-b582-4bfe-a8cf-be7bd6e7f2d7,2025-10-11,2025-10-11,de2aa412-e109-4bcf-b6e9-9d9ad0b05e22,da6a03a1-50ad-4172-b9d0-4a32b63e152f,2bc316f4-efef-4ca2-9a81-f0bf92cc0753,240.55,0.0,Unknown Supplier
8cf60032-bf15-4488-bf83-b32f9d433383,2025-10-18,2025-10-18,de2aa412-e109-4bcf-b6e9-9d9ad0b05e22,da6a03a1-50ad-4172-b9d0-4a32b63e152f,2bc316f4-efef-4ca2-9a81-f0bf92cc0753,316.47,0.0,Unknown Supplier
61a05103-3dee-4d17-ad42-999220ce2538,2025-10-25,2025-10-25,de2aa412-e109-4bcf-b6e9-9d9ad0b05e22,da6a03a1-50ad-4172-b9d0-4a32b63e152f,2bc316f4-efef-4ca2-9a81-f0bf92cc0753,221.55,0.0,Unknown Supplier
fb84d9dd-be9b-47b4-9db6-8c522aa65f0a,2025-11-01,2025-11-01,de2aa412-e109-4bcf-b6e9-9d9ad0b05e22,da6a03a1-50ad-4172-b9d0-4a32b63e152f,2bc316f4-efef-4ca2-9a81-f0bf92cc0753,254.55,0.0,Unknown Supplier
aab98e29-c5aa-4b5e-b9e8-0b694389f8b6,2025-11-06,2025-11-06,de2aa412-e109-4bcf-b6e9-9d9ad0b05e22,da6a03a1-50ad-4172-b9d0-4a32b63e152f,2bc316f4-efef-4ca2-9a81-f0bf92cc0753,275.41,0.0,Unknown Supplier
642a5db5-f487-41e5-972f-b30d5e8c657d,2025-11-13,2025-11-13,de2aa412-e109-4bcf-b6e9-9d9ad0b05e22,da6a03a1-50ad-4172-b9d0-4a32b63e152f,2bc316f4-efef-4ca2-9a81-f0bf92cc0753,312.15,0.0,Unknown Supplier
55cf7229-7aa7-4b1c-a3c6-42cfea74f87b,2025-11-20,2025-11-20,de2aa412-e109-4bcf-b6e9-9d9ad0b05e22,da6a03a1-50ad-4172-b9d0-4a32b63e152f,2bc316f4-efef-4ca2-9a81-f0bf92cc0753,202.32,0.0,Unknown Supplier
e96eb837-4f0f-4fc9-8c47-4169b787a1fb,2025-11-25,2025-11-25,de2aa412-e109-4bcf-b6e9-9d9ad0b05e22,da6a03a1-50ad-4172-b9d0-4a32b63e152f,2bc316f4-efef-4ca2-9a81-f0bf92cc0753,204.23,0.0,Unknown Supplier
5b821a09-4531-4dee-8959-36406dc90c7a,2025-11-29,2025-11-29,de2aa412-e109-4bcf-b6e9-9d9ad0b05e22,da6a03a1-50ad-4172-b9d0-4a32b63e152f,2bc316f4-efef-4ca2-9a81-f0bf92cc0753,260.85,0.0,Unknown Supplier
31eb9e83-8b36-41af-9e3a-e8424d125c38,2025-12-05,2025-12-05,de2aa412-e109-4bcf-b6e9-9d9ad0b05e22,da6a03a1-50ad-4172-b9d0-4a32b63e152f,2bc316f4-efef-4ca2-9a81-f0bf92cc0753,201.45,0.0,Unknown Supplier
405e2554-7584-489d-a1d6-8efcde97d926,2025-12-09,2025-12-09,de2aa412-e109-4bcf-b6e9-9d9ad0b05e22,da6a03a1-50ad-4172-b9d0-4a32b63e152f,2bc316f4-efef-4ca2-9a81-f0bf92cc0753,231.01,0.0,Unknown Supplier
6f73b952-884d-4938-94ac-a5dfdd01b801,2025-12-14,2025-12-14,de2aa412-e109-4bcf-b6e9-9d9ad0b05e22,da6a03a1-50ad-4172-b9d0-4a32b63e152f,2bc316f4-efef-4ca2-9a81-f0bf92cc0753,286.11,0.0,Unknown Supplier
ffda4630-b79a-4690-87ed-652588051db9,2025-12-21,2025-12-21,de2aa412-e109-4bcf-b6e9-9d9ad0b05e22,da6a03a1-50ad-4172-b9d0-4a32b63e152f,2bc316f4-efef-4ca2-9a81-f0bf92cc0753,284.94,0.0,Unknown Supplier
7736c175-ea56-40be-b1fb-b586e3543495,2025-12-27,2025-12-27,de2aa412-e109-4bcf-b6e9-9d9ad0b05e22,da6a03a1-50ad-4172-b9d0-4a32b63e152f,2bc316f4-efef-4ca2-9a81-f0bf92cc0753,195.93,0.0,Unknown Supplier
75f6c644-d4f0-41dc-a5c5-eedb10e777d9,2025-12-31,2025-12-31,de2aa412-e109-4bcf-b6e9-9d9ad0b05e22,da6a03a1-50ad-4172-b9d0-4a32b63e152f,2bc316f4-efef-4ca2-9a81-f0bf92cc0753,235.57,0.0,Unknown Supplier
6131cd17-194b-47f9-8ffa-37fd5561d963,2026-01-05,2026-01-05,de2aa412-e109-4bcf-b6e9-9d9ad0b05e22,da6a03a1-50ad-4172-b9d0-4a32b63e152f,2bc316f4-efef-4ca2-9a81-f0bf92cc0753,279.71,0.0,Unknown Supplier
544521a0-19cc-400b-967c-3517e66bab1b,2026-01-12,2026-01-12,de2aa412-e109-4bcf-b6e9-9d9ad0b05e22,da6a03a1-50ad-4172-b9d0-4a32b63e152f,2bc316f4-efef-4ca2-9a81-f0bf92cc0753,180.05,0.0,Unknown Supplier
b316b60e-9eb8-4be1-b61f-12b587ee9a37,2026-01-16,2026-01-16,de2aa412-e109-4bcf-b6e9-9d9ad0b05e22,da6a03a1-50ad-4172-b9d0-4a32b63e152f,2bc316f4-efef-4ca2-9a81-f0bf92cc0753,173.04,0.0,Unknown Supplier
155c7b99-e1d3-447c-ac0d-048f3415eb0a,2026-01-20,2026-01-20,de2aa412-e109-4bcf-b6e9-9d9ad0b05e22,da6a03a1-50ad-4172-b9d0-4a32b63e152f,2bc316f4-efef-4ca2-9a81-f0bf92cc0753,179.33,0.0,Unknown Supplier
561cbd88-c8b0-4da3-a6db-fc22f3e5534e,2026-01-24,2026-01-24,de2aa412-e109-4bcf-b6e9-9d9ad0b05e22,da6a03a1-50ad-4172-b9d0-4a32b63e152f,2bc316f4-efef-4ca2-9a81-f0bf92cc0753,318.39,0.0,Unknown Supplier
a3369dcd-34af-4096-a3ed-7ab0d989b1db,2026-01-30,2026-01-30,de2aa412-e109-4bcf-b6e9-9d9ad0b05e22,da6a03a1-50ad-4172-b9d0-4a32b63e152f,2bc316f4-efef-4ca2-9a81-f0bf92cc0753,258.66,0.0,Unknown Supplier
e54a6611-2653-4ecb-984a-2a33ee3427d9,2026-02-04,2026-02-04,de2aa412-e109-4bcf-b6e9-9d9ad0b05e22,da6a03a1-50ad-4172-b9d0-4a32b63e152f,2bc316f4-efef-4ca2-9a81-f0bf92cc0753,181.54,0.0,Unknown Supplier
cc636420-936f-4952-bec5-a662aa968f83,2026-02-07,2026-02-07,de2aa412-e109-4bcf-b6e9-9d9ad0b05e22,da6a03a1-50ad-4172-b9d0-4a32b63e152f,2bc316f4-efef-4ca2-9a81-f0bf92cc0753,254.97,0.0,Unknown Supplier
b32a74fd-a130-4f15-a46e-94f5e7c2106f,2026-02-13,2026-02-13,de2aa412-e109-4bcf-b6e9-9d9ad0b05e22,da6a03a1-50ad-4172-b9d0-4a32b63e152f,2bc316f4-efef-4ca2-9a81-f0bf92cc0753,252.77,0.0,Unknown Supplier
108b2752-d204-4a73-9d3d-29303ecf66df,2026-02-18,2026-02-18,de2aa412-e109-4bcf-b6e9-9d9ad0b05e22,da6a03a1-50ad-4172-b9d0-4a32b63e152f,2bc316f4-efef-4ca2-9a81-f0bf92cc0753,243.06,0.0,Unknown Supplier
2427ea11-5b41-4705-8134-7f6b46f7897e,2026-02-23,2026-02-23,de2aa412-e109-4bcf-b6e9-9d9ad0b05e22,da6a03a1-50ad-4172-b9d0-4a32b63e152f,2bc316f4-efef-4ca2-9a81-f0bf92cc0753,318.21,0.0,Unknown Supplier
084d9e32-1bae-4537-92f1-a527015aea82,2026-03-01,2026-03-01,de2aa412-e109-4bcf-b6e9-9d9ad0b05e22,da6a03a1-50ad-4172-b9d0-4a32b63e152f,2bc316f4-efef-4ca2-9a81-f0bf92cc0753,161.07,0.0,Unknown Supplier
0e9d8521-465e-4666-b47b-a750a3b2f2ad,2026-03-04,2026-03-04,de2aa412-e109-4bcf-b6e9-9d9ad0b05e22,da6a03a1-50ad-4172-b9d0-4a32b63e152f,2bc316f4-efef-4ca2-9a81-f0bf92cc0753,243.34,0.0,Unknown Supplier
96a9f512-69a5-4aea-bc12-a27b884ce3ec,2026-03-09,2026-03-09,de2aa412-e109-4bcf-b6e9-9d9ad0b05e22,da6a03a1-50ad-4172-b9d0-4a32b63e152f,2bc316f4-efef-4ca2-9a81-f0bf92cc0753,277.06,0.0,Unknown Supplier
9fcf5c01-734e-42c0-b31d-e3d2e8c17f1f,2026-03-14,2026-03-14,de2aa412-e109-4bcf-b6e9-9d9ad0b05e22,da6a03a1-50ad-4172-b9d0-4a32b63e152f,2bc316f4-efef-4ca2-9a81-f0bf92cc0753,284.33,0.0,Unknown Supplier
b21df687-e43d-4817-a211-e880b3a44a60,2026-03-20,2026-03-20,de2aa412-e109-4bcf-b6e9-9d9ad0b05e22,da6a03a1-50ad-4172-b9d0-4a32b63e152f,2bc316f4-efef-4ca2-9a81-f0bf92cc0753,161.28,0.0,Unknown Supplier
35128edd-3452-494e-bdf0-ce2d75070211,2026-03-23,2026-03-23,de2aa412-e109-4bcf-b6e9-9d9ad0b05e22,da6a03a1-50ad-4172-b9d0-4a32b63e152f,2bc316f4-efef-4ca2-9a81-f0bf92cc0753,290.22,0.0,Unknown Supplier
ee8e414f-5d81-413c-8ee0-7962786165cf,2026-03-29,2026-03-29,de2aa412-e109-4bcf-b6e9-9d9ad0b05e22,da6a03a1-50ad-4172-b9d0-4a32b63e152f,2bc316f4-efef-4ca2-9a81-f0bf92cc0753,226.91,0.0,Unknown Supplier
6d9e6b6e-de87-4b7b-a2cd-62e9471f4bee,2026-04-02,2026-04-02,de2aa412-e109-4bcf-b6e9-9d9ad0b05e22,da6a03a1-50ad-4172-b9d0-4a32b63e152f,2bc316f4-efef-4ca2-9a81-f0bf92cc0753,197.1,0.0,Unknown Supplier
80f35a51-8ce4-4020-b0c3-ff1f3acd0f61,2026-04-06,2026-04-06,de2aa412-e109-4bcf-b6e9-9d9ad0b05e22,da6a03a1-50ad-4172-b9d0-4a32b63e152f,2bc316f4-efef-4ca2-9a81-f0bf92cc0753,300.94,0.0,Unknown Supplier
f615aae3-2305-4454-868d-03357fe846f0,2026-04-12,2026-04-12,de2aa412-e109-4bcf-b6e9-9d9ad0b05e22,da6a03a1-50ad-4172-b9d0-4a32b63e152f,2bc316f4-efef-4ca2-9a81-f0bf92cc0753,237.4,0.0,Unknown Supplier
ccf3cdb8-32f2-48d7-ad32-1847b0a5b4a1,2026-04-17,2026-04-17,de2aa412-e109-4bcf-b6e9-9d9ad0b05e22,da6a03a1-50ad-4172-b9d0-4a32b63e152f,2bc316f4-efef-4ca2-9a81-f0bf92cc0753,201.86,0.0,Unknown Supplier
4e206eed-8a1e-42ba-b16f-bc9d451e2e95,2026-04-20,2026-04-20,de2aa412-e109-4bcf-b6e9-9d9ad0b05e22,da6a03a1-50ad-4172-b9d0-4a32b63e152f,2bc316f4-efef-4ca2-9a81-f0bf92cc0753,276.51,0.0,Unknown Supplier
036cf615-9eec-4b24-85c6-645c12c26e6a,2026-04-26,2026-04-26,de2aa412-e109-4bcf-b6e9-9d9ad0b05e22,da6a03a1-50ad-4172-b9d0-4a32b63e152f,2bc316f4-efef-4ca2-9a81-f0bf92cc0753,163.19,0.0,Unknown Supplier
edf5995a-e0a7-485b-89b8-0086c03ba430,2026-04-29,2026-04-29,de2aa412-e109-4bcf-b6e9-9d9ad0b05e22,da6a03a1-50ad-4172-b9d0-4a32b63e152f,2bc316f4-efef-4ca2-9a81-f0bf92cc0753,248.46,0.0,Unknown Supplier
d82cbf5e-be30-4dec-8e05-0301a703a159,2026-05-04,2026-05-04,de2aa412-e109-4bcf-b6e9-9d9ad0b05e22,da6a03a1-50ad-4172-b9d0-4a32b63e152f,2bc316f4-efef-4ca2-9a81-f0bf92cc0753,213.04,0.0,Unknown Supplier
a104ba64-6508-4135-94ca-93fee8d29503,2026-05-09,2026-05-09,de2aa412-e109-4bcf-b6e9-9d9ad0b05e22,da6a03a1-50ad-4172-b9d0-4a32b63e152f,2bc316f4-efef-4ca2-9a81-f0bf92cc0753,208.23,0.0,Unknown Supplier
04554582-1f28-4085-b8eb-a4ea0dc992fc,2026-05-13,2026-05-13,de2aa412-e109-4bcf-b6e9-9d9ad0b05e22,da6a03a1-50ad-4172-b9d0-4a32b63e152f,2bc316f4-efef-4ca2-9a81-f0bf92cc0753,278.48,0.0,Unknown Supplier
3bf20394-54d7-4353-be14-5f35e4420aa5,2026-05-18,2026-05-18,de2aa412-e109-4bcf-b6e9-9d9ad0b05e22,da6a03a1-50ad-4172-b9d0-4a32b63e152f,2bc316f4-efef-4ca2-9a81-f0bf92cc0753,277.74,0.0,Unknown Supplier
3c50bc3e-832f-41f0-9d7d-c9c7ef99da0c,2026-05-25,2026-05-25,de2aa412-e109-4bcf-b6e9-9d9ad0b05e22,da6a03a1-50ad-4172-b9d0-4a32b63e152f,2bc316f4-efef-4ca2-9a81-f0bf92cc0753,314.7,0.0,Unknown Supplier
74645f31-5b50-4c08-9ffc-a5888e73bc72,2026-05-31,2026-05-31,de2aa412-e109-4bcf-b6e9-9d9ad0b05e22,da6a03a1-50ad-4172-b9d0-4a32b63e152f,2bc316f4-efef-4ca2-9a81-f0bf92cc0753,316.03,0.0,Unknown Supplier
34dcaeb4-d1f2-47dc-adec-b980f2b81b24,2026-06-06,2026-06-06,de2aa412-e109-4bcf-b6e9-9d9ad0b05e22,da6a03a1-50ad-4172-b9d0-4a32b63e152f,2bc316f4-efef-4ca2-9a81-f0bf92cc0753,200.0,0.0,Unknown Supplier
0c4970cb-b9f0-4b48-8b47-33bed99e0930,2026-06-10,2026-06-10,de2aa412-e109-4bcf-b6e9-9d9ad0b05e22,da6a03a1-50ad-4172-b9d0-4a32b63e152f,2bc316f4-efef-4ca2-9a81-f0bf92cc0753,209.83,0.0,Unknown Supplier
0338655a-85b8-4301-8435-244cb36ebbc9,2026-06-15,2026-06-15,de2aa412-e109-4bcf-b6e9-9d9ad0b05e22,da6a03a1-50ad-4172-b9d0-4a32b63e152f,2bc316f4-efef-4ca2-9a81-f0bf92cc0753,210.08,0.0,Unknown Supplier
43934280-17be-4a69-a1b8-f11ec16b8814,2026-06-19,2026-06-19,de2aa412-e109-4bcf-b6e9-9d9ad0b05e22,da6a03a1-50ad-4172-b9d0-4a32b63e152f,2bc316f4-efef-4ca2-9a81-f0bf92cc0753,271.88,0.0,Unknown Supplier
4327ad2d-6f30-4553-b73e-6be7d7595c46,2026-06-25,2026-06-25,de2aa412-e109-4bcf-b6e9-9d9ad0b05e22,da6a03a1-50ad-4172-b9d0-4a32b63e152f,2bc316f4-efef-4ca2-9a81-f0bf92cc0753,279.84,0.0,Unknown Supplier
f8679a34-4deb-447b-b427-db23339da66d,2026-07-01,2026-07-01,de2aa412-e109-4bcf-b6e9-9d9ad0b05e22,da6a03a1-50ad-4172-b9d0-4a32b63e152f,2bc316f4-efef-4ca2-9a81-f0bf92cc0753,243.72,0.0,Unknown Supplier
2610207a-915a-4b7e-ba55-f73abc1f5ee5,2026-07-06,2026-07-06,de2aa412-e109-4bcf-b6e9-9d9ad0b05e22,da6a03a1-50ad-4172-b9d0-4a32b63e152f,2bc316f4-efef-4ca2-9a81-f0bf92cc0753,181.65,0.0,Unknown Supplier
2133fae8-29d3-4b79-9049-b79b047d82e6,2026-07-10,2026-07-10,de2aa412-e109-4bcf-b6e9-9d9ad0b05e22,da6a03a1-50ad-4172-b9d0-4a32b63e152f,2bc316f4-efef-4ca2-9a81-f0bf92cc0753,190.03,0.0,Unknown Supplier
6491e24a-fad7-4a44-8bc4-b1b366d477ef,2026-07-15,2026-07-15,de2aa412-e109-4bcf-b6e9-9d9ad0b05e22,da6a03a1-50ad-4172-b9d0-4a32b63e152f,2bc316f4-efef-4ca2-9a81-f0bf92cc0753,308.46,0.0,Unknown Supplier
7b3ff2ea-360c-4c4a-a1d2-5a264ad2f3b1,2026-07-22,2026-07-22,de2aa412-e109-4bcf-b6e9-9d9ad0b05e22,da6a03a1-50ad-4172-b9d0-4a32b63e152f,2bc316f4-efef-4ca2-9a81-f0bf92cc0753,202.07,0.0,Unknown Supplier
b41e0a20-2806-4af0-a32b-43d5a58151eb,2026-07-27,2026-07-27,de2aa412-e109-4bcf-b6e9-9d9ad0b05e22,da6a03a1-50ad-4172-b9d0-4a32b63e152f,2bc316f4-efef-4ca2-9a81-f0bf92cc0753,266.96,0.0,Unknown Supplier
5ca5ed05-e335-4b1a-81e5-15f886e67177,2026-08-02,2026-08-02,de2aa412-e109-4bcf-b6e9-9d9ad0b05e22,da6a03a1-50ad-4172-b9d0-4a32b63e152f,2bc316f4-efef-4ca2-9a81-f0bf92cc0753,241.87,0.0,Unknown Supplier
2090fc32-580f-4cc5-8bd8-d63f384a3358,2026-08-07,2026-08-07,de2aa412-e109-4bcf-b6e9-9d9ad0b05e22,da6a03a1-50ad-4172-b9d0-4a32b63e152f,2bc316f4-efef-4ca2-9a81-f0bf92cc0753,243.52,0.0,Unknown Supplier
780383ef-4505-4e74-8090-6dff1c2d51f2,2026-08-12,2026-08-12,de2aa412-e109-4bcf-b6e9-9d9ad0b05e22,da6a03a1-50ad-4172-b9d0-4a32b63e152f,2bc316f4-efef-4ca2-9a81-f0bf92cc0753,286.23,0.0,Unknown Supplier
24014ea6-5d05-460b-ad69-c773d5b42b2d,2026-08-19,2026-08-19,de2aa412-e109-4bcf-b6e9-9d9ad0b05e22,da6a03a1-50ad-4172-b9d0-4a32b63e152f,2bc316f4-efef-4ca2-9a81-f0bf92cc0753,188.64,0.0,Unknown Supplier
bef1a40c-5a42-47dd-aa6c-149a08559b6b,2026-08-23,2026-08-23,de2aa412-e109-4bcf-b6e9-9d9ad0b05e22,da6a03a1-50ad-4172-b9d0-4a32b63e152f,2bc316f4-efef-4ca2-9a81-f0bf92cc0753,200.6,0.0,Unknown Supplier
929bb208-8ef5-4848-bb58-80b04c216f80,2026-08-29,2026-08-29,de2aa412-e109-4bcf-b6e9-9d9ad0b05e22,da6a03a1-50ad-4172-b9d0-4a32b63e152f,2bc316f4-efef-4ca2-9a81-f0bf92cc0753,308.41,0.0,Unknown Supplier
55d5b8a7-53ae-4a3c-99cc-57d9279f13fe,2026-09-05,2026-09-05,de2aa412-e109-4bcf-b6e9-9d9ad0b05e22,da6a03a1-50ad-4172-b9d0-4a32b63e152f,2bc316f4-efef-4ca2-9a81-f0bf92cc0753,227.13,0.0,Unknown Supplier
88d7540f-2a5d-4ad4-9e9a-856994102050,2025-09-08,2025-09-08,de2aa412-e109-4bcf-b6e9-9d9ad0b05e22,3f776450-b3ca-43df-8944-9f345957258f,4c217f43-28fd-4cb7-8c35-463d5f5a847e,95.2,0.0,Unknown Supplier
dfbbeff9-6c43-414a-a057-4153814c26a4,2025-09-15,2025-09-15,de2aa412-e109-4bcf-b6e9-9d9ad0b05e22,3f776450-b3ca-43df-8944-9f345957258f,4c217f43-28fd-4cb7-8c35-463d5f5a847e,80.14,0.0,Unknown Supplier
bf7ec145-6cd3-4c8c-9b9c-058af93cdee5,2025-09-22,2025-09-22,de2aa412-e109-4bcf-b6e9-9d9ad0b05e22,3f776450-b3ca-43df-8944-9f345957258f,4c217f43-28fd-4cb7-8c35-463d5f5a847e,64.83,0.0,Unknown Supplier
bd7daec4-7c79-4aec-b755-cad205fe6a47,2025-09-27,2025-09-27,de2aa412-e109-4bcf-b6e9-9d9ad0b05e22,3f776450-b3ca-43df-8944-9f345957258f,4c217f43-28fd-4cb7-8c35-463d5f5a847e,94.36,0.0,Unknown Supplier
abb9815d-f7f3-4d91-96f6-72c598cdf2bd,2025-10-05,2025-10-05,de2aa412-e109-4bcf-b6e9-9d9ad0b05e22,3f776450-b3ca-43df-8944-9f345957258f,4c217f43-28fd-4cb7-8c35-463d5f5a847e,54.74,0.0,Unknown Supplier
1062f20c-e691-4514-83ad-8a144166153d,2025-10-09,2025-10-09,de2aa412-e109-4bcf-b6e9-9d9ad0b05e22,3f776450-b3ca-43df-8944-9f345957258f,4c217f43-28fd-4cb7-8c35-463d5f5a847e,71.51,0.0,Unknown Supplier
2e150730-db7b-4386-adfb-8a0935df5479,2025-10-16,2025-10-16,de2aa412-e109-4bcf-b6e9-9d9ad0b05e22,3f776450-b3ca-43df-8944-9f345957258f,4c217f43-28fd-4cb7-8c35-463d5f5a847e,86.22,0.0,Unknown Supplier
86968f2a-5f99-487d-83c3-f4ee5f41803d,2025-10-23,2025-10-23,de2aa412-e109-4bcf-b6e9-9d9ad0b05e22,3f776450-b3ca-43df-8944-9f345957258f,4c217f43-28fd-4cb7-8c35-463d5f5a847e,76.17,0.0,Unknown Supplier
992828a1-d0c8-494c-a349-106aadf70c52,2025-10-29,2025-10-29,de2aa412-e109-4bcf-b6e9-9d9ad0b05e22,3f776450-b3ca-43df-8944-9f345957258f,4c217f43-28fd-4cb7-8c35-463d5f5a847e,91.83,0.0,Unknown Supplier
c85e5e32-b088-4687-a349-0e5541292933,2025-11-05,2025-11-05,de2aa412-e109-4bcf-b6e9-9d9ad0b05e22,3f776450-b3ca-43df-8944-9f345957258f,4c217f43-28fd-4cb7-8c35-463d5f5a847e,62.41,0.0,Unknown Supplier
fa4b27fc-56aa-446e-97a1-afb519b7ffac,2025-11-10,2025-11-10,de2aa412-e109-4bcf-b6e9-9d9ad0b05e22,3f776450-b3ca-43df-8944-9f345957258f,4c217f43-28fd-4cb7-8c35-463d5f5a847e,72.59,0.0,Unknown Supplier
d7024b84-902a-4077-9eb3-5361ec293d38,2025-11-16,2025-11-16,de2aa412-e109-4bcf-b6e9-9d9ad0b05e22,3f776450-b3ca-43df-8944-9f345957258f,4c217f43-28fd-4cb7-8c35-463d5f5a847e,84.76,0.0,Unknown Supplier
67c352ab-3586-4ec7-83e7-2a6f1b7f59c7,2025-11-23,2025-11-23,de2aa412-e109-4bcf-b6e9-9d9ad0b05e22,3f776450-b3ca-43df-8944-9f345957258f,4c217f43-28fd-4cb7-8c35-463d5f5a847e,65.96,0.0,Unknown Supplier
87822f1e-c9da-4134-8c26-dc323b50e391,2025-11-28,2025-11-28,de2aa412-e109-4bcf-b6e9-9d9ad0b05e22,3f776450-b3ca-43df-8944-9f345957258f,4c217f43-28fd-4cb7-8c35-463d5f5a847e,52.6,0.0,Unknown Supplier
752fd77c-9fa8-48f5-87d4-efb89b5f99ce,2025-12-02,2025-12-02,de2aa412-e109-4bcf-b6e9-9d9ad0b05e22,3f776450-b3ca-43df-8944-9f345957258f,4c217f43-28fd-4cb7-8c35-463d5f5a847e,66.9,0.0,Unknown Supplier
df8888d7-9bdc-4ec3-bf22-04d4727d5760,2025-12-07,2025-12-07,de2aa412-e109-4bcf-b6e9-9d9ad0b05e22,3f776450-b3ca-43df-8944-9f345957258f,4c217f43-28fd-4cb7-8c35-463d5f5a847e,77.31,0.0,Unknown Supplier
c2778be6-dd6a-4a0d-a56f-ffdebcb2f3cd,2025-12-14,2025-12-14,de2aa412-e109-4bcf-b6e9-9d9ad0b05e22,3f776450-b3ca-43df-8944-9f345957258f,4c217f43-28fd-4cb7-8c35-463d5f5a847e,94.01,0.0,Unknown Supplier
81415972-6cb3-43fd-99b3-c3080c28c5f9,2025-12-20,2025-12-20,de2aa412-e109-4bcf-b6e9-9d9ad0b05e22,3f776450-b3ca-43df-8944-9f345957258f,4c217f43-28fd-4cb7-8c35-463d5f5a847e,75.58,0.0,Unknown Supplier
dea5df23-29e8-4331-a7c3-7f4dbbb33d93,2025-12-26,2025-12-26,de2aa412-e109-4bcf-b6e9-9d9ad0b05e22,3f776450-b3ca-43df-8944-9f345957258f,4c217f43-28fd-4cb7-8c35-463d5f5a847e,65.9,0.0,Unknown Supplier
c4895039-5273-41f9-b43d-5396d12e9606,2025-12-30,2025-12-30,de2aa412-e109-4bcf-b6e9-9d9ad0b05e22,3f776450-b3ca-43df-8944-9f345957258f,4c217f43-28fd-4cb7-8c35-463d5f5a847e,80.39,0.0,Unknown Supplier
0a2bce37-24cd-4ce0-bdfd-fb2a44b9cbba,2026-01-05,2026-01-05,de2aa412-e109-4bcf-b6e9-9d9ad0b05e22,3f776450-b3ca-43df-8944-9f345957258f,4c217f43-28fd-4cb7-8c35-463d5f5a847e,65.62,0.0,Unknown Supplier
9133ad7f-83ae-44c1-91e6-ec16fa0552ac,2026-01-10,2026-01-10,de2aa412-e109-4bcf-b6e9-9d9ad0b05e22,3f776450-b3ca-43df-8944-9f345957258f,4c217f43-28fd-4cb7-8c35-463d5f5a847e,63.58,0.0,Unknown Supplier
d2d334cc-2985-471c-a338-b20818590989,2026-01-14,2026-01-14,de2aa412-e109-4bcf-b6e9-9d9ad0b05e22,3f776450-b3ca-43df-8944-9f345957258f,4c217f43-28fd-4cb7-8c35-463d5f5a847e,82.89,0.0,Unknown Supplier
a90e5167-fad1-452e-a7d7-104187b912ee,2026-01-20,2026-01-20,de2aa412-e109-4bcf-b6e9-9d9ad0b05e22,3f776450-b3ca-43df-8944-9f345957258f,4c217f43-28fd-4cb7-8c35-463d5f5a847e,65.89,0.0,Unknown Supplier
cde864a1-b538-4ff0-890e-ba3b7638f5b8,2026-01-24,2026-01-24,de2aa412-e109-4bcf-b6e9-9d9ad0b05e22,3f776450-b3ca-43df-8944-9f345957258f,4c217f43-28fd-4cb7-8c35-463d5f5a847e,83.96,0.0,Unknown Supplier
3e8c9555-6bcb-47a3-a10f-6ca6df64a0f1,2026-01-30,2026-01-30,de2aa412-e109-4bcf-b6e9-9d9ad0b05e22,3f776450-b3ca-43df-8944-9f345957258f,4c217f43-28fd-4cb7-8c35-463d5f5a847e,72.67,0.0,Unknown Supplier
107b2e7e-b22c-46bc-b741-5d15080e6d88,2026-02-04,2026-02-04,de2aa412-e109-4bcf-b6e9-9d9ad0b05e22,3f776450-b3ca-43df-8944-9f345957258f,4c217f43-28fd-4cb7-8c35-463d5f5a847e,80.23,0.0,Unknown Supplier
b9cd94c5-62ad-4f70-af32-f34b81414337,2026-02-09,2026-02-09,de2aa412-e109-4bcf-b6e9-9d9ad0b05e22,3f776450-b3ca-43df-8944-9f345957258f,4c217f43-28fd-4cb7-8c35-463d5f5a847e,94.84,0.0,Unknown Supplier
77508e51-b18e-49ea-b8e3-2881c2e94c91,2026-02-16,2026-02-16,de2aa412-e109-4bcf-b6e9-9d9ad0b05e22,3f776450-b3ca-43df-8944-9f345957258f,4c217f43-28fd-4cb7-8c35-463d5f5a847e,64.35,0.0,Unknown Supplier
4f605867-0ce3-4b6a-ace2-74ea58b49150,2026-02-21,2026-02-21,de2aa412-e109-4bcf-b6e9-9d9ad0b05e22,3f776450-b3ca-43df-8944-9f345957258f,4c217f43-28fd-4cb7-8c35-463d5f5a847e,94.45,0.0,Unknown Supplier
c32bc737-1a13-42f6-bf13-ae620e342563,2026-02-26,2026-02-26,de2aa412-e109-4bcf-b6e9-9d9ad0b05e22,3f776450-b3ca-43df-8944-9f345957258f,4c217f43-28fd-4cb7-8c35-463d5f5a847e,77.99,0.0,Unknown Supplier
0f60ad26-4e52-47f4-89a6-4186d07402a8,2026-03-02,2026-03-02,de2aa412-e109-4bcf-b6e9-9d9ad0b05e22,3f776450-b3ca-43df-8944-9f345957258f,4c217f43-28fd-4cb7-8c35-463d5f5a847e,59.27,0.0,Unknown Supplier
6d37d476-337c-43e0-82f4-59be828cb64e,2026-03-06,2026-03-06,de2aa412-e109-4bcf-b6e9-9d9ad0b05e22,3f776450-b3ca-43df-8944-9f345957258f,4c217f43-28fd-4cb7-8c35-463d5f5a847e,56.57,0.0,Unknown Supplier
dc437f82-9159-48dc-a464-5d68a21d2d28,2026-03-10,2026-03-10,de2aa412-e109-4bcf-b6e9-9d9ad0b05e22,3f776450-b3ca-43df-8944-9f345957258f,4c217f43-28fd-4cb7-8c35-463d5f5a847e,63.33,0.0,Unknown Supplier
eb00ab96-e39d-444d-9d34-51c9ed443db6,2026-03-14,2026-03-14,de2aa412-e109-4bcf-b6e9-9d9ad0b05e22,3f776450-b3ca-43df-8944-9f345957258f,4c217f43-28fd-4cb7-8c35-463d5f5a847e,89.23,0.0,Unknown Supplier
e31b04df-5186-4d15-8333-d9e907850a8b,2026-03-20,2026-03-20,de2aa412-e109-4bcf-b6e9-9d9ad0b05e22,3f776450-b3ca-43df-8944-9f345957258f,4c217f43-28fd-4cb7-8c35-463d5f5a847e,66.4,0.0,Unknown Supplier
8cb92aab-382b-4dca-91a5-6b66ec3ac8d6,2026-03-24,2026-03-24,de2aa412-e109-4bcf-b6e9-9d9ad0b05e22,3f776450-b3ca-43df-8944-9f345957258f,4c217f43-28fd-4cb7-8c35-463d5f5a847e,76.78,0.0,Unknown Supplier
85280d5b-6cc7-45e0-a39e-456051d8924c,2026-03-29,2026-03-29,de2aa412-e109-4bcf-b6e9-9d9ad0b05e22,3f776450-b3ca-43df-8944-9f345957258f,4c217f43-28fd-4cb7-8c35-463d5f5a847e,79.4,0.0,Unknown Supplier
8bbf5fac-e1e9-4293-8282-ac55990a63e8,2026-04-03,2026-04-03,de2aa412-e109-4bcf-b6e9-9d9ad0b05e22,3f776450-b3ca-43df-8944-9f345957258f,4c217f43-28fd-4cb7-8c35-463d5f5a847e,62.06,0.0,Unknown Supplier
f26d2d97-a6a8-44c8-9a84-f613cb8f99af,2026-04-07,2026-04-07,de2aa412-e109-4bcf-b6e9-9d9ad0b05e22,3f776450-b3ca-43df-8944-9f345957258f,4c217f43-28fd-4cb7-8c35-463d5f5a847e,72.01,0.0,Unknown Supplier
45111822-9f99-483d-af96-13bf88e6ffd1,2026-04-12,2026-04-12,de2aa412-e109-4bcf-b6e9-9d9ad0b05e22,3f776450-b3ca-43df-8944-9f345957258f,4c217f43-28fd-4cb7-8c35-463d5f5a847e,89.62,0.0,Unknown Supplier
89ab0715-2d6d-42fb-a9ac-99b7ba3524bf,2026-04-18,2026-04-18,de2aa412-e109-4bcf-b6e9-9d9ad0b05e22,3f776450-b3ca-43df-8944-9f345957258f,4c217f43-28fd-4cb7-8c35-463d5f5a847e,82.85,0.0,Unknown Supplier
aeab5d92-235b-466b-b502-37ade848c8e4,2026-04-23,2026-04-23,de2aa412-e109-4bcf-b6e9-9d9ad0b05e22,3f776450-b3ca-43df-8944-9f345957258f,4c217f43-28fd-4cb7-8c35-463d5f5a847e,55.01,0.0,Unknown Supplier
bf5d0978-386e-42cb-b148-e310b60921fb,2026-04-27,2026-04-27,de2aa412-e109-4bcf-b6e9-9d9ad0b05e22,3f776450-b3ca-43df-8944-9f345957258f,4c217f43-28fd-4cb7-8c35-463d5f5a847e,86.19,0.0,Unknown Supplier
4afcc0ed-5fb8-432c-b7af-652539addd7c,2026-05-03,2026-05-03,de2aa412-e109-4bcf-b6e9-9d9ad0b05e22,3f776450-b3ca-43df-8944-9f345957258f,4c217f43-28fd-4cb7-8c35-463d5f5a847e,75.28,0.0,Unknown Supplier
40608b46-fb73-4974-8147-c1f0ca6f4d0a,2026-05-08,2026-05-08,de2aa412-e109-4bcf-b6e9-9d9ad0b05e22,3f776450-b3ca-43df-8944-9f345957258f,4c217f43-28fd-4cb7-8c35-463d5f5a847e,78.43,0.0,Unknown Supplier
46d40c88-7c31-4041-8774-3545c39622d6,2026-05-13,2026-05-13,de2aa412-e109-4bcf-b6e9-9d9ad0b05e22,3f776450-b3ca-43df-8944-9f345957258f,4c217f43-28fd-4cb7-8c35-463d5f5a847e,58.16,0.0,Unknown Supplier
65ba5826-ec9a-4a66-96ed-2db0b6091b92,2026-05-17,2026-05-17,de2aa412-e109-4bcf-b6e9-9d9ad0b05e22,3f776450-b3ca-43df-8944-9f345957258f,4c217f43-28fd-4cb7-8c35-463d5f5a847e,56.18,0.0,Unknown Supplier
ccbcf6de-01a8-4df3-98d4-51c3eadfc2b8,2026-05-20,2026-05-20,de2aa412-e109-4bcf-b6e9-9d9ad0b05e22,3f776450-b3ca-43df-8944-9f345957258f,4c217f43-28fd-4cb7-8c35-463d5f5a847e,71.29,0.0,Unknown Supplier
0191edf0-82c5-4857-bd9f-19db1a53a4cf,2026-05-25,2026-05-25,de2aa412-e109-4bcf-b6e9-9d9ad0b05e22,3f776450-b3ca-43df-8944-9f345957258f,4c217f43-28fd-4cb7-8c35-463d5f5a847e,85.34,0.0,Unknown Supplier
888ebb13-b242-497e-ae5b-6f1fdc1fcffe,2026-05-31,2026-05-31,de2aa412-e109-4bcf-b6e9-9d9ad0b05e22,3f776450-b3ca-43df-8944-9f345957258f,4c217f43-28fd-4cb7-8c35-463d5f5a847e,79.88,0.0,Unknown Supplier
1a2e3abb-c39c-4ed0-a1fa-104c387cf45d,2026-06-05,2026-06-05,de2aa412-e109-4bcf-b6e9-9d9ad0b05e22,3f776450-b3ca-43df-8944-9f345957258f,4c217f43-28fd-4cb7-8c35-463d5f5a847e,75.2,0.0,Unknown Supplier
71abd794-0692-4565-abdc-c09e178bedfd,2026-06-10,2026-06-10,de2aa412-e109-4bcf-b6e9-9d9ad0b05e22,3f776450-b3ca-43df-8944-9f345957258f,4c217f43-28fd-4cb7-8c35-463d5f5a847e,74.49,0.0,Unknown Supplier
a3cd7988-8db3-4765-ac19-b07896ce7cd1,2026-06-15,2026-06-15,de2aa412-e109-4bcf-b6e9-9d9ad0b05e22,3f776450-b3ca-43df-8944-9f345957258f,4c217f43-28fd-4cb7-8c35-463d5f5a847e,70.29,0.0,Unknown Supplier
7dcf5e2f-b247-451a-b8a7-8798f5ee51d3,2026-06-21,2026-06-21,de2aa412-e109-4bcf-b6e9-9d9ad0b05e22,3f776450-b3ca-43df-8944-9f345957258f,4c217f43-28fd-4cb7-8c35-463d5f5a847e,75.92,0.0,Unknown Supplier
eb64f734-9c9c-4145-b6a0-4fd4df3ed08c,2026-06-26,2026-06-26,de2aa412-e109-4bcf-b6e9-9d9ad0b05e22,3f776450-b3ca-43df-8944-9f345957258f,4c217f43-28fd-4cb7-8c35-463d5f5a847e,76.86,0.0,Unknown Supplier
c69e7a80-dc85-4da6-8174-35b3c7383a76,2026-07-01,2026-07-01,de2aa412-e109-4bcf-b6e9-9d9ad0b05e22,3f776450-b3ca-43df-8944-9f345957258f,4c217f43-28fd-4cb7-8c35-463d5f5a847e,62.82,0.0,Unknown Supplier
dea01981-c66f-4905-8730-489703458cbd,2026-07-05,2026-07-05,de2aa412-e109-4bcf-b6e9-9d9ad0b05e22,3f776450-b3ca-43df-8944-9f345957258f,4c217f43-28fd-4cb7-8c35-463d5f5a847e,51.15,0.0,Unknown Supplier
b5c41f41-cbaa-4d9d-aaf2-08aaa5bda71c,2026-07-10,2026-07-10,de2aa412-e109-4bcf-b6e9-9d9ad0b05e22,3f776450-b3ca-43df-8944-9f345957258f,4c217f43-28fd-4cb7-8c35-463d5f5a847e,72.09,0.0,Unknown Supplier
923597d7-2350-4f47-b845-3be2947ea274,2026-07-15,2026-07-15,de2aa412-e109-4bcf-b6e9-9d9ad0b05e22,3f776450-b3ca-43df-8944-9f345957258f,4c217f43-28fd-4cb7-8c35-463d5f5a847e,88.91,0.0,Unknown Supplier
f1f2b97a-043b-4f44-adc9-1afc04d1ebfc,2026-07-22,2026-07-22,de2aa412-e109-4bcf-b6e9-9d9ad0b05e22,3f776450-b3ca-43df-8944-9f345957258f,4c217f43-28fd-4cb7-8c35-463d5f5a847e,64.99,0.0,Unknown Supplier
420e39ec-1268-40d3-b4ee-858efc9a3106,2026-07-27,2026-07-27,de2aa412-e109-4bcf-b6e9-9d9ad0b05e22,3f776450-b3ca-43df-8944-9f345957258f,4c217f43-28fd-4cb7-8c35-463d5f5a847e,94.8,0.0,Unknown Supplier
b2aca9f1-d5a6-4543-8c85-6156d830f86f,2026-08-03,2026-08-03,de2aa412-e109-4bcf-b6e9-9d9ad0b05e22,3f776450-b3ca-43df-8944-9f345957258f,4c217f43-28fd-4cb7-8c35-463d5f5a847e,89.11,0.0,Unknown Supplier
88ba5f41-7d7d-418f-9bce-282b82543aca,2026-08-09,2026-08-09,de2aa412-e109-4bcf-b6e9-9d9ad0b05e22,3f776450-b3ca-43df-8944-9f345957258f,4c217f43-28fd-4cb7-8c35-463d5f5a847e,61.45,0.0,Unknown Supplier
c16a6769-d45d-4153-8e10-ce6c1783d574,2026-08-14,2026-08-14,de2aa412-e109-4bcf-b6e9-9d9ad0b05e22,3f776450-b3ca-43df-8944-9f345957258f,4c217f43-28fd-4cb7-8c35-463d5f5a847e,63.58,0.0,Unknown Supplier
bd9f5133-fe43-4d26-b3d7-5809a0aaa829,2026-08-19,2026-08-19,de2aa412-e109-4bcf-b6e9-9d9ad0b05e22,3f776450-b3ca-43df-8944-9f345957258f,4c217f43-28fd-4cb7-8c35-463d5f5a847e,60.51,0.0,Unknown Supplier
16933540-8764-4bb2-a569-b2cdf9c4cf1b,2026-08-24,2026-08-24,de2aa412-e109-4bcf-b6e9-9d9ad0b05e22,3f776450-b3ca-43df-8944-9f345957258f,4c217f43-28fd-4cb7-8c35-463d5f5a847e,69.4,0.0,Unknown Supplier
7e6e9a6c-a90d-4ece-b645-96b2f8869a8e,2026-08-30,2026-08-30,de2aa412-e109-4bcf-b6e9-9d9ad0b05e22,3f776450-b3ca-43df-8944-9f345957258f,4c217f43-28fd-4cb7-8c35-463d5f5a847e,67.02,0.0,Unknown Supplier
07c1cf85-ee81-48c0-9ac8-02426f5022ce,2026-09-04,2026-09-04,de2aa412-e109-4bcf-b6e9-9d9ad0b05e22,3f776450-b3ca-43df-8944-9f345957258f,4c217f43-28fd-4cb7-8c35-463d5f5a847e,85.93,0.0,Unknown Supplier
